taxon_id,scientific_name,common_name,iconic_taxon_name,species_guess,latitude,longitude,positional_accuracy,place_guess,observed_on,time_observed_at,time_zone,quality_grade,num_identification_agreements,num_identification_disagreements,captive_cultivated,coordinates_obscured,image_url,sound_url,description,tag_list
271451,Bombus crotchii,Crotch's Bumble Bee,Insecta,Crotch's Bumble Bee,32.8205,-117.0702433333,,"Mission Trails Regional Park, San Diego, California, United States",2017-04-09,2017-04-09 17:35:00 UTC,Pacific Time (US & Canada),research,5,0,False,False,https://inaturalist-open-data.s3.amazonaws.com/photos/6981559/medium.jpg,,,"BioBlitz, MTRP. Quarry Loop Trail"
271451,Bombus crotchii,Crotch's Bumble Bee,Insecta,Crotch's Bumble Bee,32.8205,-117.0702433333,,"Mission Trails Regional Park, San Diego, California, United States",2017-04-09,2017-04-09 17:35:00 UTC,Pacific Time (US & Canada),research,5,0,False,False,https://inaturalist-open-data.s3.amazonaws.com/photos/6981562/medium.jpg,,,"BioBlitz, MTRP. Quarry Loop Trail"
271451,Bombus crotchii,Crotch's Bumble Bee,Insecta,Crotch's Bumble Bee,32.9162783333,-116.460075,,"Cleveland National Forest, Julian, CA, US",2017-05-21,2017-05-21 17:59:00 UTC,Pacific Time (US & Canada),research,3,0,False,False,https://inaturalist-open-data.s3.amazonaws.com/photos/7941168/medium.jpg,,,
271451,Bombus crotchii,Crotch's Bumble Bee,Insecta,Crotch Bumble Bee,33.0578702072,-117.0874142647,15.0,"Rancho Bernardo, San Diego, CA, USA",2017-05-23,2017-05-23 17:21:00 UTC,Pacific Time (US & Canada),research,6,0,False,False,https://inaturalist-open-data.s3.amazonaws.com/photos/7987481/medium.jpeg,,,
271451,Bombus crotchii,Crotch's Bumble Bee,Insecta,Crotch's Bumble Bee,32.54152,-117.11453,3.0,"Border Field State Park; Tijuana River Valley, San Diego, California",2017-06-10,2017-06-10 18:48:00 UTC,Pacific Time (US & Canada),research,7,0,False,False,https://inaturalist-open-data.s3.amazonaws.com/photos/8378359/medium.jpeg,,,
271451,Bombus crotchii,Crotch's Bumble Bee,Insecta,Crotch's Bumble Bee,32.7132216667,-116.9320216667,,"San Diego National Wildlife Refuge, Spring Valley, CA, US",2017-06-21,2017-06-21 14:51:14 UTC,Pacific Time (US & Canada),research,5,0,False,False,https://inaturalist-open-data.s3.amazonaws.com/photos/8562729/medium.jpg,,,
271451,Bombus crotchii,Crotch's Bumble Bee,Insecta,Crotch's Bumble Bee,32.5727005005,-117.0254211426,,"1361-1375 Surfwood Lane San Diego, CA 92154",2017-06-25,2017-06-25 21:57:33 UTC,Pacific Time (US & Canada),research,4,0,False,False,https://inaturalist-open-data.s3.amazonaws.com/photos/8652588/medium.jpeg,,,
271451,Bombus crotchii,Crotch's Bumble Bee,Insecta,Crotch's Bumble Bee,32.7424400078,-116.9420251863,753.0,"Cuyamaca College, El Cajon, CA, US",2017-07-27,2017-07-27 18:27:56 UTC,Pacific Time (US & Canada),research,6,0,False,False,https://static.inaturalist.org/photos/9356141/medium.jpg,,,
271451,Bombus crotchii,Crotch's Bumble Bee,Insecta,Crotch's Bumble Bee,33.0480471158,-117.0793944597,8.0,"Rancho Bernardo, San Diego, CA, USA",2017-10-01,2017-10-01 16:14:00 UTC,Pacific Time (US & Canada),research,3,0,False,False,https://inaturalist-open-data.s3.amazonaws.com/photos/10882248/medium.jpeg,,,
271451,Bombus crotchii,Crotch's Bumble Bee,Insecta,Crotch's Bumble Bee,32.6874283333,-117.192995,5.0,"200–204 Sherman Rd, Coronado, CA, US",2018-07-20,2018-07-20 20:16:33 UTC,Pacific Time (US & Canada),research,4,0,False,False,https://static.inaturalist.org/photos/21677606/medium.jpg,,My first bumble bee for iNat; only got 2 poor pics before it flew off.,
271451,Bombus crotchii,Crotch's Bumble Bee,Insecta,Crotch's Bumble Bee,32.839688,-117.071019,,mission trails regional park,2017-05-17,2017-05-17 20:40:12 UTC,Pacific Time (US & Canada),research,4,0,False,False,https://static.inaturalist.org/photos/34145481/medium.jpg,,"Male.
On a California Buckwheat (Eriogonum fasciculatum)
Mission Trails Regional Park, San Diego, CA
P1040331",
271451,Bombus crotchii,Crotch's Bumble Bee,Insecta,Crotch's Bumble Bee,32.8409783333,-116.4493866667,5.0,"Cleveland National Forest, Pine Valley, CA, US",2019-08-08,2019-08-09 01:22:39 UTC,Pacific Time (US & Canada),research,2,0,False,False,https://inaturalist-open-data.s3.amazonaws.com/photos/47813251/medium.jpg,,,
271451,Bombus crotchii,Crotch's Bumble Bee,Insecta,Crotch's Bumble Bee,32.8687533333,-116.4602666667,5.0,"Cleveland National Forest, Descanso, CA, US",2019-08-09,2019-08-09 18:50:44 UTC,Pacific Time (US & Canada),research,4,0,False,False,https://static.inaturalist.org/photos/47921609/medium.jpg,,,
271451,Bombus crotchii,Crotch's Bumble Bee,Insecta,Crotch's Bumble Bee,32.9016560133,-116.5443467267,,"San Diego County, CA, USA",2019-09-11,2019-09-11 17:54:00 UTC,Pacific Time (US & Canada),research,4,0,False,False,https://inaturalist-open-data.s3.amazonaws.com/photos/52452037/medium.jpg,,,"Black-tailed Bumble Bee (Bombus melanopygus), Insects and other"
271451,Bombus crotchii,Crotch's Bumble Bee,Insecta,Crotch's Bumble Bee,32.723053,-116.986791,17.0,"Spring Valley, CA, USA",2020-02-04,,Pacific Time (US & Canada),casual,0,0,False,False,,,,
271451,Bombus crotchii,Crotch's Bumble Bee,Insecta,Crotch's Bumble Bee,33.1344445,-117.2991866667,,"Carlsbad, CA, US",2020-02-16,2020-02-16 13:57:31 UTC,UTC,research,4,0,False,False,https://static.inaturalist.org/photos/61610306/medium.jpg,,,
271451,Bombus crotchii,Crotch's Bumble Bee,Insecta,Crotch's Bumble Bee,32.709725,-116.9616305556,5.0,"Spring Valley, CA, USA",2020-02-25,2020-02-25 19:00:00 UTC,Pacific Time (US & Canada),research,5,0,False,False,https://inaturalist-open-data.s3.amazonaws.com/photos/62236260/medium.jpeg,,,
271451,Bombus crotchii,Crotch's Bumble Bee,Insecta,Crotch's Bumble Bee,32.8684495605,-116.997015439,11154.0,92071,2020-02-26,2020-02-26 15:34:55 UTC,UTC,research,4,0,False,False,https://static.inaturalist.org/photos/62263335/medium.jpeg,,,
271451,Bombus crotchii,Crotch's Bumble Bee,Insecta,Crotch's Bumble Bee,33.131971,-117.3132509722,,"San Diego, California, United States",2020-02-27,2020-02-27 20:31:00 UTC,Central Time (US & Canada),research,3,0,False,False,https://inaturalist-open-data.s3.amazonaws.com/photos/62336504/medium.jpg,,,
271451,Bombus crotchii,Crotch's Bumble Bee,Insecta,Crotch's Bumble Bee,32.86784667,-116.987045,12.0,"Santee, CA, US",2020-03-15,2020-03-15 22:17:23 UTC,Pacific Time (US & Canada),research,3,0,False,False,https://inaturalist-open-data.s3.amazonaws.com/photos/63604631/medium.jpg,,,
271451,Bombus crotchii,Crotch's Bumble Bee,Insecta,Crotch's Bumble Bee,33.1139356729,-116.4293493633,116.0,"Anza-Borrego Desert State Park, Julian, CA, US",2020-03-28,2020-03-28 21:21:10 UTC,Pacific Time (US & Canada),research,4,0,False,False,https://inaturalist-open-data.s3.amazonaws.com/photos/65038091/medium.png,,A large bumble bee. Orange abdomen tip.,
271451,Bombus crotchii,Crotch's Bumble Bee,Insecta,Crotch's Bumble Bee,33.0851838423,-117.0334958285,201.0,"San Pasqual Valley, San Diego, CA, USA",2020-04-05,2020-04-06 01:01:57 UTC,Pacific Time (US & Canada),research,3,0,False,False,https://inaturalist-open-data.s3.amazonaws.com/photos/65839787/medium.jpeg,,,
271451,Bombus crotchii,Crotch's Bumble Bee,Insecta,Crotch's Bumble Bee,33.3029116667,-117.0789721667,,"Lilac Rd, Valley Center, CA, US",2020-03-28,2020-03-28 17:44:41 UTC,Pacific Time (US & Canada),research,4,0,False,False,https://inaturalist-open-data.s3.amazonaws.com/photos/65847019/medium.jpg,,,
271451,Bombus crotchii,Crotch's Bumble Bee,Insecta,Crotch's Bumble Bee,32.6397150285,-117.110336197,22.0,"Living Coast Discovery Center, Chula Vista, CA, US",2017-06-02,2017-06-02 23:47:30 UTC,Pacific Time (US & Canada),research,3,0,False,False,https://static.inaturalist.org/photos/66632783/medium.jpg,,,
271451,Bombus crotchii,Crotch's Bumble Bee,Insecta,Crotch's Bumble Bee,33.1096746739,-117.2046672188,8.0,"San Marcos, CA, USA",2020-04-27,2020-04-27 18:33:00 UTC,Pacific Time (US & Canada),research,3,0,False,False,https://inaturalist-open-data.s3.amazonaws.com/photos/69907981/medium.jpeg,,On lupine. Pollen sac visible.,
271451,Bombus crotchii,Crotch's Bumble Bee,Insecta,Crotch's Bumble Bee,32.7957338276,-116.8193631079,,"Jamul, CA 91935, USA",2020-05-03,2020-05-03 18:44:48 UTC,Pacific Time (US & Canada),research,3,0,False,False,https://inaturalist-open-data.s3.amazonaws.com/photos/71036975/medium.jpeg,,,
271451,Bombus crotchii,Crotch's Bumble Bee,Insecta,Crotch's Bumble Bee,33.1326529722,-117.3130539722,,"San Diego, California, United States",2020-02-28,2020-02-28 19:16:00 UTC,Central Time (US & Canada),research,3,0,False,False,https://inaturalist-open-data.s3.amazonaws.com/photos/71037313/medium.jpg,,,
271451,Bombus crotchii,Crotch's Bumble Bee,Insecta,Crotch's Bumble Bee,33.1072112345,-116.7911139876,754.0,"Ramona, CA 92065, USA",2020-05-06,2020-05-06 15:34:22 UTC,Pacific Time (US & Canada),research,4,0,False,False,https://static.inaturalist.org/photos/71507630/medium.jpg,,,
271451,Bombus crotchii,Crotch's Bumble Bee,Insecta,Crotch's Bumble Bee,33.0890017762,-117.2185650405,31.0,"Carlsbad, CA, USA",2020-05-04,2020-05-04 21:18:00 UTC,Pacific Time (US & Canada),research,3,0,False,False,https://inaturalist-open-data.s3.amazonaws.com/photos/71877801/medium.jpg,,,
271451,Bombus crotchii,Crotch's Bumble Bee,Insecta,Bombus crotchii,32.6531876857,-116.895819227,31.0,"Otay Ranch, Chula Vista, CA, USA",2020-03-06,,UTC,research,5,0,False,False,https://static.inaturalist.org/photos/72654134/medium.jpg,,,
271451,Bombus crotchii,Crotch's Bumble Bee,Insecta,Crotch's Bumble Bee,32.6596320705,-116.9287552086,,United States,2020-05-20,2020-05-20 14:44:39 UTC,Pacific Time (US & Canada),research,5,0,False,True,https://static.inaturalist.org/photos/73920705/medium.jpeg,,,
271451,Bombus crotchii,Crotch's Bumble Bee,Insecta,Crotch's Bumble Bee,32.7242299179,-116.9918926533,4.0,"La Presa, CA, USA",2020-05-25,2020-05-25 17:30:00 UTC,Pacific Time (US & Canada),research,5,0,False,False,https://inaturalist-open-data.s3.amazonaws.com/photos/75045123/medium.jpeg,,,
271451,Bombus crotchii,Crotch's Bumble Bee,Insecta,Crotch's Bumble Bee,33.0537571998,-117.0792384127,280.0,"Rancho Bernardo, San Diego, CA, US",2020-06-01,2020-06-01 17:34:17 UTC,Pacific Time (US & Canada),research,5,0,False,False,https://inaturalist-open-data.s3.amazonaws.com/photos/76527343/medium.jpg,,,
271451,Bombus crotchii,Crotch's Bumble Bee,Insecta,Crotch's Bumble Bee,33.109498,-117.175905,,"San Marcos, California, United States",2020-06-15,2020-06-15 19:14:07 UTC,Pacific Time (US & Canada),research,4,0,False,False,https://static.inaturalist.org/photos/79047699/medium.jpg,,"On Weed's Mariposa Lily (Calochortus weedii var. weedii)
San Marcos, CA
IMG_5878",
271451,Bombus crotchii,Crotch's Bumble Bee,Insecta,Crotch's Bumble Bee,32.7739198645,-116.8495303007,5.0,"Sloane Canyon; Dehesa, California",2020-06-08,2020-06-08 18:12:00 UTC,Pacific Time (US & Canada),research,5,0,False,False,https://inaturalist-open-data.s3.amazonaws.com/photos/79485062/medium.jpeg,,,
271451,Bombus crotchii,Crotch's Bumble Bee,Insecta,Crotch's Bumble Bee,32.7739186488,-116.8495222289,5.0,"Sloane Canyon; Dehesa, California",2020-06-08,2020-06-08 18:12:00 UTC,Pacific Time (US & Canada),research,4,0,False,False,https://inaturalist-open-data.s3.amazonaws.com/photos/79485085/medium.jpeg,,,
271451,Bombus crotchii,Crotch's Bumble Bee,Insecta,Crotch's Bumble Bee,33.0378,-116.6735,2500.0,Eagle Peak Road,2020-06-20,2020-06-20 18:38:00 UTC,Pacific Time (US & Canada),research,5,0,False,False,https://inaturalist-open-data.s3.amazonaws.com/photos/79951257/medium.jpeg,,,
271451,Bombus crotchii,Crotch's Bumble Bee,Insecta,Crotch's Bumble Bee,33.0790441158,-116.6029375793,5.0,Julian,2020-06-28,2020-06-28 19:28:33 UTC,Pacific Time (US & Canada),research,4,0,False,False,https://inaturalist-open-data.s3.amazonaws.com/photos/81771314/medium.jpeg,,Found flying solo in a patch of Clarkia amoena.,
271451,Bombus crotchii,Crotch's Bumble Bee,Insecta,Crotch's Bumble Bee,33.0375133333,-116.9508816667,,"Ramona Grasslands Preserve, Ramona, CA",2020-06-30,2020-06-30 18:10:00 UTC,Pacific Time (US & Canada),research,6,0,False,False,https://inaturalist-open-data.s3.amazonaws.com/photos/81874533/medium.jpeg,,has yellow hair on face so I guess B. vosnesenskii?,
271451,Bombus crotchii,Crotch's Bumble Bee,Insecta,Crotch's Bumble Bee,33.0380222222,-116.951225,,"San Diego County, CA, USA",2020-06-30,2020-06-30 18:00:00 UTC,Pacific Time (US & Canada),research,4,0,False,False,https://inaturalist-open-data.s3.amazonaws.com/photos/81892603/medium.jpeg,,,
271451,Bombus crotchii,Crotch's Bumble Bee,Insecta,Crotch's Bumble Bee,32.65231333,-116.70768667,32.0,"Deerhorn Valley Rd, Jamul, CA, US",2020-07-15,2020-07-15 18:37:41 UTC,Pacific Time (US & Canada),research,3,0,False,False,https://inaturalist-open-data.s3.amazonaws.com/photos/84619579/medium.jpg,,,
271451,Bombus crotchii,Crotch's Bumble Bee,Insecta,Crotch's Bumble Bee,33.2716967177,-117.4421160091,2.0,"San Diego County, CA, USA",2020-07-15,2020-07-15 19:09:00 UTC,Pacific Time (US & Canada),research,5,0,False,False,https://inaturalist-open-data.s3.amazonaws.com/photos/84789427/medium.jpg,,This was a busy bee I had to chase around to get only halfway decent pictures. ,
271451,Bombus crotchii,Crotch's Bumble Bee,Insecta,Crotch's Bumble Bee,32.69407833,-116.87782167,6.0,"San Diego National Wildlife Refuge, Jamul, CA, US",2020-07-18,2020-07-19 01:36:16 UTC,Pacific Time (US & Canada),research,5,0,False,False,https://inaturalist-open-data.s3.amazonaws.com/photos/85196244/medium.jpg,,,
271451,Bombus crotchii,Crotch's Bumble Bee,Insecta,Crotch's Bumble Bee,32.74248,-116.939505,6.0,"Cuyamaca College, El Cajon, CA, US",2020-07-19,2020-07-19 19:07:48 UTC,Pacific Time (US & Canada),research,4,0,False,False,https://inaturalist-open-data.s3.amazonaws.com/photos/85391396/medium.jpg,,,
271451,Bombus crotchii,Crotch's Bumble Bee,Insecta,Crotch's Bumble Bee,32.821445,-117.05433617,5.0,"Mission Trails Regional Park, San Diego, CA, US",2020-07-18,2020-07-18 15:16:33 UTC,Pacific Time (US & Canada),research,4,0,False,False,https://inaturalist-open-data.s3.amazonaws.com/photos/85986254/medium.jpg,,,
271451,Bombus crotchii,Crotch's Bumble Bee,Insecta,Crotch's Bumble Bee,32.6725624605,-116.9908996921,1.0,"San Miguel Ranch, Chula Vista, CA, USA",2020-07-24,2020-07-24 20:19:00 UTC,Pacific Time (US & Canada),research,3,0,False,False,https://inaturalist-open-data.s3.amazonaws.com/photos/86262270/medium.jpeg,,"San Miguel Ranch, San Diego County, CA",
271451,Bombus crotchii,Crotch's Bumble Bee,Insecta,Crotch's Bumble Bee,32.6725361374,-116.9909123473,1.0,"San Miguel Ranch, Chula Vista, CA, USA",2020-07-25,2020-07-25 18:08:00 UTC,Pacific Time (US & Canada),research,4,0,False,False,https://inaturalist-open-data.s3.amazonaws.com/photos/86430754/medium.jpeg,,"San Miguel Ranch, San Diego County, CA",
271451,Bombus crotchii,Crotch's Bumble Bee,Insecta,Crotch's Bumble Bee,33.4623881482,-117.4802585593,,"Coto De Caza, CA 92679, USA",2020-07-24,2020-07-24 18:30:25 UTC,Pacific Time (US & Canada),research,5,0,False,False,https://inaturalist-open-data.s3.amazonaws.com/photos/86699486/medium.jpeg,,,
271451,Bombus crotchii,Crotch's Bumble Bee,Insecta,Crotch's Bumble Bee,32.8558195337,-117.0519272983,25.0,"Santee, CA 92071, USA",2020-07-26,2020-07-27 02:49:25 UTC,Pacific Time (US & Canada),research,5,0,False,False,https://inaturalist-open-data.s3.amazonaws.com/photos/86711871/medium.jpeg,,,
271451,Bombus crotchii,Crotch's Bumble Bee,Insecta,Crotch's Bumble Bee,32.8601432399,-117.0537719876,25.0,"Santee, CA 92071, USA",2020-07-26,2020-07-27 02:15:04 UTC,Pacific Time (US & Canada),research,4,0,False,False,https://inaturalist-open-data.s3.amazonaws.com/photos/86712365/medium.jpeg,,,
271451,Bombus crotchii,Crotch's Bumble Bee,Insecta,Crotch's Bumble Bee,32.828363725,-116.62167996,,"San Diego County, CA, USA",2020-08-22,2020-08-22 15:49:00 UTC,Pacific Time (US & Canada),research,5,0,False,False,https://inaturalist-open-data.s3.amazonaws.com/photos/91327406/medium.jpg,,,
271451,Bombus crotchii,Crotch's Bumble Bee,Insecta,Crotch's Bumble Bee,33.2534515084,-116.7931292934,102.0,San Luis Rey Picnic Area,2020-09-07,2020-09-07 17:32:00 UTC,Pacific Time (US & Canada),research,5,0,False,False,https://inaturalist-open-data.s3.amazonaws.com/photos/94098522/medium.jpg,,,
271451,Bombus crotchii,Crotch's Bumble Bee,Insecta,Crotch's Bumble Bee,33.0379546374,-116.9539578715,81.0,Ramona Grasslands ,2020-06-21,2020-06-22 00:47:00 UTC,Pacific Time (US & Canada),research,4,0,False,False,https://inaturalist-open-data.s3.amazonaws.com/photos/94221099/medium.jpg,,,
271451,Bombus crotchii,Crotch's Bumble Bee,Insecta,Crotch's Bumble Bee,33.4148868638,-117.2390649775,31.0,"San Diego County, CA, USA",2020-07-29,2020-07-29 18:48:00 UTC,Pacific Time (US & Canada),research,7,0,False,False,https://inaturalist-open-data.s3.amazonaws.com/photos/111134718/medium.jpg,,Hill-topping,
271451,Bombus crotchii,Crotch's Bumble Bee,Insecta,Crotch's Bumble Bee,32.6724952691,-117.2449825584,2.0,"Point Loma, San Diego, CA, USA",2021-02-23,2021-02-23 20:06:00 UTC,Pacific Time (US & Canada),research,5,0,False,False,https://inaturalist-open-data.s3.amazonaws.com/photos/113820018/medium.jpeg,,At Cabrillo National Monument tide pools.,
271451,Bombus crotchii,Crotch's Bumble Bee,Insecta,Crotch's Bumble Bee,32.7439002991,-116.4644012451,90.0,"San Diego County, Cleveland National Forest, US-CA, US",2021-03-20,2021-03-20 19:04:36 UTC,Pacific Time (US & Canada),research,5,1,False,False,https://static.inaturalist.org/photos/116700778/medium.jpeg,,,
271451,Bombus crotchii,Crotch's Bumble Bee,Insecta,Crotch's Bumble Bee,32.742395,-116.6628283333,5.0,"Cleveland National Forest, Alpine, CA, US",2021-04-12,2021-04-12 20:01:54 UTC,Pacific Time (US & Canada),research,4,0,False,False,https://inaturalist-open-data.s3.amazonaws.com/photos/120534573/medium.jpg,,,
271451,Bombus crotchii,Crotch's Bumble Bee,Insecta,Crotch's Bumble Bee,32.5860838332,-117.1104826555,1027.0,"Imperial Beach, CA, USA",2021-04-29,2021-04-29 19:04:00 UTC,Pacific Time (US & Canada),research,5,0,False,False,https://inaturalist-open-data.s3.amazonaws.com/photos/123935276/medium.jpg,,,
271451,Bombus crotchii,Crotch's Bumble Bee,Insecta,Crotch's Bumble Bee,32.9431083333,-117.065675,8.0,"Old Pomerado Rd, Poway, CA, US",2021-05-01,2021-05-01 18:02:25 UTC,Pacific Time (US & Canada),research,4,0,False,False,https://static.inaturalist.org/photos/125654489/medium.jpg,,,
271451,Bombus crotchii,Crotch's Bumble Bee,Insecta,Crotch's Bumble Bee,32.6252718739,-117.2867037516,4.0,United States,2021-05-03,2021-05-03 18:19:40 UTC,Pacific Time (US & Canada),research,4,0,False,True,https://inaturalist-open-data.s3.amazonaws.com/photos/125969305/medium.jpg,,"Huge (!) bumblebee with orange butt, foraging on Salvia ‘Pozo Blue’ in my native garden",
271451,Bombus crotchii,Crotch's Bumble Bee,Insecta,Crotch's Bumble Bee,32.7180333333,-117.2443083333,3.0,"Charles St, San Diego, CA, US",2021-05-05,2021-05-05 17:05:44 UTC,Pacific Time (US & Canada),research,4,0,False,False,https://inaturalist-open-data.s3.amazonaws.com/photos/126718024/medium.jpg,,This one was also huge but lacked the orange tail like the one seen 2 days ago on the same Salvia ‘Pozo Blue’ in my native garden. Two queens?,
271451,Bombus crotchii,Crotch's Bumble Bee,Insecta,Crotch's Bumble Bee,32.5543501108,-117.0857658959,66.0,"Tijuana River Valley, San Diego, CA, USA",2021-05-05,2021-05-05 17:04:00 UTC,Pacific Time (US & Canada),research,4,0,False,False,https://static.inaturalist.org/photos/126798593/medium.jpg,,,
271451,Bombus crotchii,Crotch's Bumble Bee,Insecta,Crotch's Bumble Bee,32.8438683243,-116.9966782324,4.0,"Santee, CA, USA",2021-06-03,2021-06-03 19:55:00 UTC,Hawaii,research,6,0,False,False,https://inaturalist-open-data.s3.amazonaws.com/photos/133661574/medium.jpeg,,,
271451,Bombus crotchii,Crotch's Bumble Bee,Insecta,Crotch's Bumble Bee,32.8779739482,-116.4620683679,135.0,Big Laguna Lake,2022-06-12,2022-06-12 20:37:00 UTC,Pacific Time (US & Canada),research,4,0,False,False,https://inaturalist-open-data.s3.amazonaws.com/photos/205936669/medium.jpeg,,,
271451,Bombus crotchii,Crotch's Bumble Bee,Insecta,Crotch's Bumble Bee,33.1188055,-116.67447,8.0,"Santa Ysabel Open Space Preserve West, Santa Ysabel, CA, US",2022-06-19,2022-06-20 00:15:39 UTC,Pacific Time (US & Canada),research,6,0,False,False,https://inaturalist-open-data.s3.amazonaws.com/photos/207588205/medium.jpg,,On Asclepias eriocarpa ,
271451,Bombus crotchii,Crotch's Bumble Bee,Insecta,Crotch's Bumble Bee,32.6711646382,-116.6632279619,3.0,United States,2022-07-12,2022-07-13 02:17:46 UTC,Pacific Time (US & Canada),research,4,0,False,True,https://inaturalist-open-data.s3.amazonaws.com/photos/214258752/medium.jpg,,,
271451,Bombus crotchii,Crotch's Bumble Bee,Insecta,Crotch's Bumble Bee,33.00892,-116.5584133333,,"San Diego County, CA, USA",2022-07-30,2022-07-31 01:56:00 UTC,Pacific Time (US & Canada),research,5,0,False,False,https://inaturalist-open-data.s3.amazonaws.com/photos/218875726/medium.jpeg,,,
271451,Bombus crotchii,Crotch's Bumble Bee,Insecta,Crotch's Bumble Bee,33.0649131457,-116.422085472,36.0,"San Diego County, US-CA, US",2022-07-30,2022-07-31 01:56:00 UTC,Pacific Time (US & Canada),research,5,0,False,True,https://inaturalist-open-data.s3.amazonaws.com/photos/218972200/medium.jpeg,,,
271451,Bombus crotchii,Crotch's Bumble Bee,Insecta,Crotch's Bumble Bee,33.1588851224,-116.4370472757,36.0,"San Diego County, US-CA, US",2022-07-30,2022-07-31 01:58:00 UTC,Pacific Time (US & Canada),research,5,0,False,True,https://inaturalist-open-data.s3.amazonaws.com/photos/218972291/medium.jpeg,,,
271451,Bombus crotchii,Crotch's Bumble Bee,Insecta,Crotch's Bumble Bee,33.0087694444,-116.5581472222,,"Anza-Borrego Desert, San Diego, California, United States",2022-07-30,2022-07-31 01:57:00 UTC,Pacific Time (US & Canada),research,5,0,False,False,https://inaturalist-open-data.s3.amazonaws.com/photos/218986999/medium.jpeg,,,
271451,Bombus crotchii,Crotch's Bumble Bee,Insecta,Crotch's Bumble Bee,33.0096083333,-116.5589133333,6.0,"Anza-Borrego Desert State Park, Julian, CA, US",2022-08-13,2022-08-13 19:24:15 UTC,Pacific Time (US & Canada),research,5,0,False,False,https://inaturalist-open-data.s3.amazonaws.com/photos/222385016/medium.jpg,,"On Asclepias fascicularis 
",
271451,Bombus crotchii,Crotch's Bumble Bee,Insecta,Crotch's Bumble Bee,33.0095361167,-116.5590283333,6.0,"Sunrise Hwy, Descanso, CA, US",2022-08-13,2022-08-13 19:15:47 UTC,Pacific Time (US & Canada),research,5,0,False,False,https://inaturalist-open-data.s3.amazonaws.com/photos/222385499/medium.jpg,,On Asclepias fascicularis ,
271451,Bombus crotchii,Crotch's Bumble Bee,Insecta,Crotch's Bumble Bee,33.0085666667,-116.5580716667,,"Anza-Borrego Desert, San Diego, California, United States",2022-07-30,2022-07-31 01:53:00 UTC,Pacific Time (US & Canada),research,4,0,False,False,https://inaturalist-open-data.s3.amazonaws.com/photos/225389157/medium.jpeg,,,
271451,Bombus crotchii,Crotch's Bumble Bee,Insecta,Crotch's Bumble Bee,32.9777127916,-116.5796282356,185.0,Rancho Cuyamaca SP Trout Pond,2022-07-30,2022-07-30 21:35:00 UTC,Pacific Time (US & Canada),research,4,0,False,False,https://inaturalist-open-data.s3.amazonaws.com/photos/253324861/medium.jpeg,,,
271451,Bombus crotchii,Crotch's Bumble Bee,Insecta,Crotch's Bumble Bee,32.6694101165,-117.2410281712,8.0,"Point Loma, San Diego, CA, USA",2023-05-30,2023-05-30 23:25:00 UTC,Pacific Time (US & Canada),research,7,0,False,False,https://inaturalist-open-data.s3.amazonaws.com/photos/285052146/medium.jpeg,,,"Cabrillo2023BeeSurvey, BST"
271451,Bombus crotchii,Crotch's Bumble Bee,Insecta,Crotch's Bumble Bee,33.0653045668,-117.0997179801,57.0,"San Dieguito River Park, San Diego, CA, US",2023-06-01,2023-06-01 20:16:36 UTC,Pacific Time (US & Canada),research,6,0,False,False,https://inaturalist-open-data.s3.amazonaws.com/photos/285685296/medium.jpg,,,
271451,Bombus crotchii,Crotch's Bumble Bee,Insecta,Crotch's Bumble Bee,32.8423991902,-117.0649458717,58.0,"San Diego, CA, USA",2023-06-04,2023-06-04 16:49:00 UTC,Pacific Time (US & Canada),research,5,0,False,False,https://inaturalist-open-data.s3.amazonaws.com/photos/286784171/medium.jpeg,,Released from sandwich bag after photos. Captured visiting Acmispon glaber.,
271451,Bombus crotchii,Crotch's Bumble Bee,Insecta,Crotch's Bumble Bee,32.8220216667,-117.0777805,4.0,"Mission Trails Regional Park, San Diego, CA, US",2023-06-06,2023-06-06 19:56:03 UTC,Pacific Time (US & Canada),research,5,0,False,False,https://inaturalist-open-data.s3.amazonaws.com/photos/287421622/medium.jpg,,"Flew by me, landed nearby but only long enough to get one shot off. ",
271451,Bombus crotchii,Crotch's Bumble Bee,Insecta,Crotch's Bumble Bee,33.3298116667,-116.9278416667,4.0,"Cleveland National Forest, Pauma Valley, CA, US",2023-06-23,2023-06-23 18:59:37 UTC,Pacific Time (US & Canada),research,5,0,False,False,https://static.inaturalist.org/photos/293665518/medium.jpg,,,
271451,Bombus crotchii,Crotch's Bumble Bee,Insecta,Crotch's Bumble Bee,33.38153964,-117.2958942198,29.0,"Marine Corps Base Camp Pendleton, Fallbrook, CA, US",2023-06-16,2023-06-16 14:22:00 UTC,Pacific Time (US & Canada),research,5,0,False,False,https://inaturalist-open-data.s3.amazonaws.com/photos/294577495/medium.jpg,,At least two workers and one gyne caste observed feeding on Salvia apiana.,
271451,Bombus crotchii,Crotch's Bumble Bee,Insecta,Crotch's Bumble Bee,33.3771047038,-117.3092442431,49.0,"Marine Corps Base Camp Pendleton, Fallbrook, CA, US",2023-06-16,2023-06-16 16:22:00 UTC,Pacific Time (US & Canada),research,4,0,False,False,https://inaturalist-open-data.s3.amazonaws.com/photos/294579682/medium.jpg,,Worker caste foraging on Hirschfeldia incana,
271451,Bombus crotchii,Crotch's Bumble Bee,Insecta,Crotch's Bumble Bee,33.3735688534,-116.8594665621,33.0,"San Diego County, US-CA, US",2023-06-06,2023-06-06 17:04:23 UTC,Pacific Time (US & Canada),research,4,0,False,True,https://inaturalist-open-data.s3.amazonaws.com/photos/408382807/medium.jpg,,At least two workers foraging on Salvia apiana,
271451,Bombus crotchii,Crotch's Bumble Bee,Insecta,Crotch's Bumble Bee,33.3764830217,-117.2816445478,34.0,"Marine Corps Base Camp Pendleton, Fallbrook, CA, US",2023-06-26,2023-06-26 19:36:00 UTC,Pacific Time (US & Canada),research,5,0,False,False,https://inaturalist-open-data.s3.amazonaws.com/photos/294582864/medium.jpg,,One gyne observed feeding on Salvia apiana ,
271451,Bombus crotchii,Crotch's Bumble Bee,Insecta,Crotch's Bumble Bee,33.3325624982,-117.3639177772,26.0,"Marine Corps Base Camp Pendleton, Fallbrook, CA, US",2023-06-28,2023-06-28 17:17:00 UTC,Pacific Time (US & Canada),research,4,0,False,False,https://inaturalist-open-data.s3.amazonaws.com/photos/294820403/medium.jpg,,"At least one each of male, worker, and gyne caste bees observed feeding on Salvia apiana.",
271451,Bombus crotchii,Crotch's Bumble Bee,Insecta,Crotch's Bumble Bee,33.3642569776,-117.1097926204,23.0,"Pala Del Norte Rd, Pala, CA, US",2023-06-29,2023-06-29 14:46:47 UTC,Pacific Time (US & Canada),research,4,0,False,False,https://inaturalist-open-data.s3.amazonaws.com/photos/295122136/medium.jpg,,Gyne caste bee foraging on Salvia apiana,
271451,Bombus crotchii,Crotch's Bumble Bee,Insecta,Crotch's Bumble Bee,32.5674499199,-117.1265278167,191.0,"Tijuana Slough National Wildlife Refuge, Imperial Beach, CA, US",2023-06-29,2023-06-29 17:40:22 UTC,Pacific Time (US & Canada),research,6,0,False,False,https://static.inaturalist.org/photos/295146368/medium.jpg,,,
271451,Bombus crotchii,Crotch's Bumble Bee,Insecta,Crotch's Bumble Bee,32.5369916667,-117.1063611667,10.0,"Tijuana River National Estuarine Research Reserve, San Diego, CA, US",2023-06-29,2023-06-29 17:36:39 UTC,Pacific Time (US & Canada),research,5,0,False,False,https://inaturalist-open-data.s3.amazonaws.com/photos/295481827/medium.jpg,,,
271451,Bombus crotchii,Crotch's Bumble Bee,Insecta,Crotch's Bumble Bee,32.8332216667,-117.0757305,4.0,"Mission Trails Regional Park, San Diego, CA, US",2023-07-01,2023-07-01 20:11:20 UTC,Pacific Time (US & Canada),research,6,0,False,False,https://inaturalist-open-data.s3.amazonaws.com/photos/295796997/medium.jpg,,Two bumble bees in a tangle fell from above in front me and the larger one landed on a laurel sumac leaf. I got a few pictures while it rested. I thought Crotch's but tentative enough to stick to Bombus for now.  ,
271451,Bombus crotchii,Crotch's Bumble Bee,Insecta,Crotch's Bumble Bee,33.28178,-117.3690116667,4.0,"Marine Corps Base Camp Pendleton, Fallbrook, CA, US",2023-07-08,2023-07-08 17:51:05 UTC,Pacific Time (US & Canada),research,6,0,False,False,https://inaturalist-open-data.s3.amazonaws.com/photos/298131742/medium.jpg,,Fresh gyne caste individual found dead on ground.,
271451,Bombus crotchii,Crotch's Bumble Bee,Insecta,Crotch's Bumble Bee,32.831725,-117.0769583333,4.0,"Mission Trails Regional Park, San Diego, CA, US",2023-07-12,2023-07-12 16:39:12 UTC,Pacific Time (US & Canada),research,7,0,False,False,https://inaturalist-open-data.s3.amazonaws.com/photos/299567885/medium.jpg,,"For 30 minutes, this individual circled (or patrolled?) a nearby Malosma laurina in peak bloom. It landed numerous times, mostly on the perimeter but only briefly and on several of the same plant perches. This behavior was repeated enough to get a variety of photos. ",
271451,Bombus crotchii,Crotch's Bumble Bee,Insecta,Crotch's Bumble Bee,33.3325487071,-116.9107539538,2.0,"San Diego County, CA, USA",2023-07-02,2023-07-02 15:41:00 UTC,Pacific Time (US & Canada),research,5,0,False,False,https://inaturalist-open-data.s3.amazonaws.com/photos/299976336/medium.jpg,,On lupinus bicolor,"July, Mount Palomar"
271451,Bombus crotchii,Crotch's Bumble Bee,Insecta,Crotch's Bumble Bee,33.3900226944,-117.2849117067,2.0,"San Diego County, CA, USA",2023-07-18,2023-07-18 18:05:00 UTC,Pacific Time (US & Canada),research,5,0,False,False,https://inaturalist-open-data.s3.amazonaws.com/photos/301629247/medium.jpg,,At least 5 males observed foraging in same small patch of Salvia apiana.,
271451,Bombus crotchii,Crotch's Bumble Bee,Insecta,Crotch's Bumble Bee,32.83537,-117.0747611667,4.0,"Mission Trails Regional Park, San Diego, CA, US",2023-07-24,2023-07-24 17:06:14 UTC,Pacific Time (US & Canada),research,6,0,False,False,https://inaturalist-open-data.s3.amazonaws.com/photos/303620939/medium.jpg,,Observed in the vegetation restoration   strip (w sprinklers) area on a robust mound of blooming Eriogonum fasciculatum.,
271451,Bombus crotchii,Crotch's Bumble Bee,Insecta,Crotch's Bumble Bee,33.0346416667,-116.9481611111,,"Ramona, CA 92065, USA",2023-07-21,2023-07-21 20:06:19 UTC,Pacific Time (US & Canada),research,5,0,False,False,https://inaturalist-open-data.s3.amazonaws.com/photos/303656551/medium.jpeg,,,
271451,Bombus crotchii,Crotch's Bumble Bee,Insecta,Crotch's Bumble Bee,33.0346333333,-116.9481527778,,"Ramona, CA 92065, USA",2023-07-21,2023-07-21 20:05:57 UTC,Pacific Time (US & Canada),research,5,0,False,False,https://inaturalist-open-data.s3.amazonaws.com/photos/303656745/medium.jpeg,,,
271451,Bombus crotchii,Crotch's Bumble Bee,Insecta,Crotch's Bumble Bee,33.336455,-117.259495,1.0,"Marine Corps Base Camp Pendleton, Fallbrook, CA, US",2023-07-27,2023-07-27 17:16:32 UTC,Pacific Time (US & Canada),research,4,0,False,False,https://inaturalist-open-data.s3.amazonaws.com/photos/304677316/medium.jpg,,Male observed perching on Eriogonum fasiculatum. ,
271451,Bombus crotchii,Crotch's Bumble Bee,Insecta,Crotch's Bumble Bee,33.2818833333,-117.3686533333,4.0,"Marine Corps Base Camp Pendleton, Fallbrook, CA, US",2023-07-28,2023-07-28 17:39:36 UTC,Pacific Time (US & Canada),research,5,0,False,False,https://inaturalist-open-data.s3.amazonaws.com/photos/304853134/medium.jpg,,,
271451,Bombus crotchii,Crotch's Bumble Bee,Insecta,Crotch's Bumble Bee,32.6054755997,-116.9752591997,,"Chula Vista, CA 91913, USA",2023-07-29,2023-07-30 00:56:48 UTC,Pacific Time (US & Canada),research,5,0,False,False,https://inaturalist-open-data.s3.amazonaws.com/photos/305461490/medium.jpeg,,,
271451,Bombus crotchii,Crotch's Bumble Bee,Insecta,Crotch's Bumble Bee,33.432475,-117.2464966667,10.0,"Sandia Creek Dr, Fallbrook, CA, US",2023-06-22,2023-06-22 19:35:13 UTC,Pacific Time (US & Canada),research,5,0,False,False,https://inaturalist-open-data.s3.amazonaws.com/photos/306353447/medium.jpg,,Bumble bee on Mariposa Lily,
271451,Bombus crotchii,Crotch's Bumble Bee,Insecta,Crotch's Bumble Bee,32.8318174238,-117.0761670792,9.0,"Mission Trails Regional Park, San Diego, CA, USA",2023-08-01,2023-08-01 18:14:00 UTC,Pacific Time (US & Canada),research,6,0,False,False,https://inaturalist-open-data.s3.amazonaws.com/photos/306662899/medium.jpg,,"Mission Trails Regional Park, Seda Trail",
271451,Bombus crotchii,Crotch's Bumble Bee,Insecta,Crotch's Bumble Bee,33.3337854085,-117.2536829013,5.0,"San Diego County, CA, USA",2023-07-28,2023-07-28 16:57:00 UTC,Pacific Time (US & Canada),research,4,0,False,False,https://inaturalist-open-data.s3.amazonaws.com/photos/307189567/medium.jpeg,,single male observed on stake and adjacent laurel sumac. Appeared to be chasing away other insects within the the vicinity of the laurel sumac.,
271451,Bombus crotchii,Crotch's Bumble Bee,Insecta,Crotch's Bumble Bee,32.9402032315,-117.046363391,212.0,Walter Andersen's Nursery,2023-08-06,2023-08-06 19:43:20 UTC,Pacific Time (US & Canada),research,5,0,False,False,https://inaturalist-open-data.s3.amazonaws.com/photos/307968509/medium.jpeg,,Multiple on Butterfly Bush (Buddleja sp.),
271451,Bombus crotchii,Crotch's Bumble Bee,Insecta,Crotch's Bumble Bee,32.940284268,-117.0463550091,212.0,"Poway, CA, USA",2023-08-06,2023-08-06 19:42:22 UTC,Pacific Time (US & Canada),research,5,0,False,False,https://inaturalist-open-data.s3.amazonaws.com/photos/307968792/medium.jpeg,,Multiple on Butterfly Bush (Buddleja sp.),
271451,Bombus crotchii,Crotch's Bumble Bee,Insecta,Crotch's Bumble Bee,32.815525,-117.238837,,"Pacific Beach, San Diego, CA, USA",2023-08-08,2023-08-08 17:40:44 UTC,Pacific Time (US & Canada),research,5,0,False,False,https://static.inaturalist.org/photos/308507573/medium.jpeg,,,
271451,Bombus crotchii,Crotch's Bumble Bee,Insecta,Crotch's Bumble Bee,32.8156757803,-117.2379605135,93.0,"Kate Sessions Neighborhood Park, San Diego, CA, US",2023-08-08,2023-08-08 17:40:37 UTC,Pacific Time (US & Canada),research,5,0,False,False,https://inaturalist-open-data.s3.amazonaws.com/photos/308571522/medium.jpg,,,
271451,Bombus crotchii,Crotch's Bumble Bee,Insecta,Crotch's Bumble Bee,32.8155666,-117.2388125467,,"Pacific Beach, San Diego, CA, USA",2023-08-08,2023-08-08 17:40:00 UTC,Pacific Time (US & Canada),research,5,0,False,False,https://inaturalist-open-data.s3.amazonaws.com/photos/308600866/medium.jpeg,,,
271451,Bombus crotchii,Crotch's Bumble Bee,Insecta,Crotch's Bumble Bee,32.8370333333,-117.0394888333,4.0,"Mission Trails Regional Park, San Diego, CA, US",2023-08-10,2023-08-10 17:30:34 UTC,Pacific Time (US & Canada),research,8,0,False,False,https://inaturalist-open-data.s3.amazonaws.com/photos/309140438/medium.jpg,,Found expired on the trail up Kwaypaay peak. ,
271451,Bombus crotchii,Crotch's Bumble Bee,Insecta,Crotch's Bumble Bee,32.8305366667,-117.1001666667,4.0,"Bengal Ct, San Diego, CA, US",2023-08-09,2023-08-09 14:51:26 UTC,Pacific Time (US & Canada),research,5,0,False,False,https://inaturalist-open-data.s3.amazonaws.com/photos/309546020/medium.jpg,,,
271451,Bombus crotchii,Crotch's Bumble Bee,Insecta,Crotch's Bumble Bee,32.65127,-116.7068783333,16.0,"Deerhorn Valley Rd, Jamul, CA, US",2023-08-15,2023-08-15 17:40:06 UTC,Pacific Time (US & Canada),research,5,0,False,False,https://inaturalist-open-data.s3.amazonaws.com/photos/311057967/medium.jpg,,,
271451,Bombus crotchii,Crotch's Bumble Bee,Insecta,Crotch's Bumble Bee,32.6512833333,-116.7069116667,16.0,"Deerhorn Valley Rd, Jamul, CA, US",2023-08-15,2023-08-15 17:42:04 UTC,Pacific Time (US & Canada),research,6,0,False,False,https://inaturalist-open-data.s3.amazonaws.com/photos/311085215/medium.jpg,,,
271451,Bombus crotchii,Crotch's Bumble Bee,Insecta,Crotch's Bumble Bee,32.6513383333,-116.7068716667,16.0,"Deerhorn Valley Rd, Jamul, CA, US",2023-08-15,2023-08-15 17:41:28 UTC,Pacific Time (US & Canada),research,5,0,False,False,https://inaturalist-open-data.s3.amazonaws.com/photos/311085589/medium.jpg,,,
271451,Bombus crotchii,Crotch's Bumble Bee,Insecta,Crotch's Bumble Bee,33.0670907152,-117.156383108,23.0,"Paseo Esplanada, Escondido, CA, US",2023-06-09,2023-06-09 15:55:02 UTC,Pacific Time (US & Canada),research,6,0,False,False,https://inaturalist-open-data.s3.amazonaws.com/photos/312690213/medium.jpg,,Worker,
271451,Bombus crotchii,Crotch's Bumble Bee,Insecta,Crotch's Bumble Bee,33.0432382511,-116.9501748694,510.0,"Ramona Grasslands County Preserve, Ramona, CA, US",2023-08-24,2023-08-25 01:58:40 UTC,Pacific Time (US & Canada),research,7,0,False,False,https://inaturalist-open-data.s3.amazonaws.com/photos/313613142/medium.jpg,,,
271451,Bombus crotchii,Crotch's Bumble Bee,Insecta,Crotch's Bumble Bee,33.042503245,-116.6542526361,42.0,"San Diego County, CA, USA",2023-08-25,2023-08-25 21:17:00 UTC,Pacific Time (US & Canada),research,6,0,False,False,https://inaturalist-open-data.s3.amazonaws.com/photos/314163271/medium.jpeg,,,
271451,Bombus crotchii,Crotch's Bumble Bee,Insecta,Crotch's Bumble Bee,33.3508554073,-116.9115388202,61.0,"San Diego County, CA, USA",2023-09-04,2023-09-04 19:35:00 UTC,Pacific Time (US & Canada),research,6,0,False,False,https://inaturalist-open-data.s3.amazonaws.com/photos/317114325/medium.jpeg,,Bear with me as I get brighter images,
271451,Bombus crotchii,Crotch's Bumble Bee,Insecta,Crotch's Bumble Bee,33.0428632097,-116.6535032732,5.0,"Eagle Peak Ranch (restricted access); San Diego County, California",2023-09-04,2023-09-04 17:28:00 UTC,Pacific Time (US & Canada),research,6,0,False,False,https://inaturalist-open-data.s3.amazonaws.com/photos/318936814/medium.jpeg,,,
271451,Bombus crotchii,Crotch's Bumble Bee,Insecta,Crotch's Bumble Bee,33.0428367123,-116.6534506256,5.0,"Eagle Peak Ranch (restricted access); San Diego County, California",2023-09-04,2023-09-04 17:45:00 UTC,Pacific Time (US & Canada),research,6,0,False,False,https://inaturalist-open-data.s3.amazonaws.com/photos/318937019/medium.jpeg,,,
271451,Bombus crotchii,Crotch's Bumble Bee,Insecta,Crotch's Bumble Bee,33.3395883333,-116.8978416667,4.0,"Palomar Mountain State Park, Palomar Mountain, CA, US",2023-09-05,2023-09-05 18:19:52 UTC,Pacific Time (US & Canada),research,7,0,False,False,https://static.inaturalist.org/photos/353731148/medium.jpg,,,
271451,Bombus crotchii,Crotch's Bumble Bee,Insecta,Crotch's Bumble Bee,32.6893,-116.8528966667,5.0,"Hollenbeck Canyon Wildlife Area, Jamul, CA, US",2024-03-09,2024-03-09 20:44:42 UTC,Pacific Time (US & Canada),research,4,0,False,False,https://static.inaturalist.org/photos/356352208/medium.jpg,,,
271451,Bombus crotchii,Crotch's Bumble Bee,Insecta,Crotch's Bumble Bee,32.67043,-117.2416783333,6.0,"Cabrillo National Monument, San Diego, CA, US",2024-03-14,2024-03-14 21:57:06 UTC,Pacific Time (US & Canada),research,4,0,False,False,https://inaturalist-open-data.s3.amazonaws.com/photos/357686532/medium.jpg,,Sizable queen. ,
271451,Bombus crotchii,Crotch's Bumble Bee,Insecta,Crotch's Bumble Bee,32.5671201151,-117.0085151131,4.0,United States,2024-03-15,2024-03-15 20:31:10 UTC,Pacific Time (US & Canada),research,4,0,False,True,https://inaturalist-open-data.s3.amazonaws.com/photos/357786383/medium.jpg,,,
271451,Bombus crotchii,Crotch's Bumble Bee,Insecta,Crotch's Bumble Bee,32.9339854997,-116.9950208,,"Rancho Encantada, San Diego, CA, USA",2024-03-17,2024-03-17 22:47:34 UTC,Pacific Time (US & Canada),research,5,1,False,False,https://inaturalist-open-data.s3.amazonaws.com/photos/359184824/medium.jpeg,,,
271451,Bombus crotchii,Crotch's Bumble Bee,Insecta,Crotch's Bumble Bee,32.7285083333,-116.9411944444,4.0,"San Diego County, CA, USA",2024-03-20,2024-03-20 18:39:00 UTC,Pacific Time (US & Canada),research,4,0,False,False,https://inaturalist-open-data.s3.amazonaws.com/photos/359202593/medium.jpeg,,gyne,
271451,Bombus crotchii,Crotch's Bumble Bee,Insecta,Crotch's Bumble Bee,32.7285055556,-116.9412,4.0,"San Diego County, CA, USA",2024-03-20,2024-03-20 18:40:00 UTC,Pacific Time (US & Canada),research,4,0,False,False,https://inaturalist-open-data.s3.amazonaws.com/photos/359202728/medium.jpeg,,gyne,
271451,Bombus crotchii,Crotch's Bumble Bee,Insecta,Crotch's Bumble Bee,32.7284861111,-116.9412,4.0,"San Diego County, CA, USA",2024-03-20,2024-03-20 18:48:00 UTC,Pacific Time (US & Canada),research,4,0,False,False,https://inaturalist-open-data.s3.amazonaws.com/photos/359202993/medium.jpeg,,gyne,
271451,Bombus crotchii,Crotch's Bumble Bee,Insecta,Crotch's Bumble Bee,33.390225,-117.5546633333,4.0,"Marine Corps Base Camp Pendleton, Camp Pendleton, CA, US",2024-03-21,2024-03-21 18:17:45 UTC,Pacific Time (US & Canada),research,6,0,False,False,https://static.inaturalist.org/photos/359322340/medium.jpg,,,
271451,Bombus crotchii,Crotch's Bumble Bee,Insecta,Crotch's Bumble Bee,33.347745,-117.2609166667,1.0,"Marine Corps Base Camp Pendleton, Fallbrook, CA, US",2024-03-19,2024-03-19 17:57:00 UTC,Pacific Time (US & Canada),research,4,0,False,False,https://inaturalist-open-data.s3.amazonaws.com/photos/359361389/medium.jpg,,Queen,
271451,Bombus crotchii,Crotch's Bumble Bee,Insecta,Crotch's Bumble Bee,33.3835,-117.276305,4.0,"Marine Corps Base Camp Pendleton, Fallbrook, CA, US",2024-03-21,2024-03-21 21:20:29 UTC,Pacific Time (US & Canada),research,4,0,False,False,https://inaturalist-open-data.s3.amazonaws.com/photos/359405040/medium.jpg,,Queen feeing on Acmispon glaber,
271451,Bombus crotchii,Crotch's Bumble Bee,Insecta,Crotch's Bumble Bee,32.9204262767,-117.2067007549,73.0,"Del Mar Mesa, San Diego, CA, US",2024-03-21,2024-03-21 21:40:14 UTC,Pacific Time (US & Canada),research,5,0,False,False,https://inaturalist-open-data.s3.amazonaws.com/photos/359416407/medium.jpg,,,
271451,Bombus crotchii,Crotch's Bumble Bee,Insecta,Crotch's Bumble Bee,32.8348444444,-117.0747138889,3.0,"San Diego, CA, USA",2024-03-22,2024-03-22 19:03:00 UTC,Pacific Time (US & Canada),research,4,0,False,False,https://inaturalist-open-data.s3.amazonaws.com/photos/359661443/medium.jpeg,,,
271451,Bombus crotchii,Crotch's Bumble Bee,Insecta,Crotch's Bumble Bee,32.9339854997,-116.9950208,,"Rancho Encantada, San Diego, CA, USA",2024-03-17,2024-03-17 22:47:34 UTC,Pacific Time (US & Canada),research,7,1,False,False,https://inaturalist-open-data.s3.amazonaws.com/photos/360075206/medium.jpeg,,,
271451,Bombus crotchii,Crotch's Bumble Bee,Insecta,Crotch's Bumble Bee,33.3907423224,-117.2659997934,8.0,"San Diego County, CA, USA",2024-03-23,2024-03-23 17:06:00 UTC,Pacific Time (US & Canada),research,5,0,False,False,https://inaturalist-open-data.s3.amazonaws.com/photos/360134128/medium.jpg,,Queen caste,
271451,Bombus crotchii,Crotch's Bumble Bee,Insecta,Crotch's Bumble Bee,33.3761134746,-117.2846943434,2.0,"San Diego County, CA, USA",2024-03-25,2024-03-25 19:53:00 UTC,Pacific Time (US & Canada),research,4,0,False,False,https://inaturalist-open-data.s3.amazonaws.com/photos/360453426/medium.jpg,,Queen caste,
271451,Bombus crotchii,Crotch's Bumble Bee,Insecta,Crotch's Bumble Bee,32.8998574617,-117.075734385,,"Scripps Ranch, San Diego, CA, USA",2024-03-25,2024-03-25 20:56:00 UTC,Pacific Time (US & Canada),research,6,0,False,False,https://inaturalist-open-data.s3.amazonaws.com/photos/360480175/medium.jpeg,,,Elliott Chaparral Reserve
271451,Bombus crotchii,Crotch's Bumble Bee,Insecta,Crotch's Bumble Bee,32.6959633791,-116.9108621933,80.0,United States,2024-03-26,2024-03-26 20:06:42 UTC,Pacific Time (US & Canada),research,5,0,False,True,https://inaturalist-open-data.s3.amazonaws.com/photos/360665484/medium.jpg,,,
271451,Bombus crotchii,Crotch's Bumble Bee,Insecta,Crotch's Bumble Bee,32.820520629,-117.0737635181,223.0,"San Diego, CA, USA",2024-03-25,2024-03-25 20:07:00 UTC,Pacific Time (US & Canada),research,5,0,False,False,https://inaturalist-open-data.s3.amazonaws.com/photos/360722277/medium.jpeg,,,
271451,Bombus crotchii,Crotch's Bumble Bee,Insecta,Crotch's Bumble Bee,32.8208333333,-117.0661111111,,"San Carlos, San Diego, CA, USA",2024-03-25,2024-03-25 20:35:00 UTC,Pacific Time (US & Canada),research,5,0,False,False,https://inaturalist-open-data.s3.amazonaws.com/photos/360723229/medium.jpeg,,,
271451,Bombus crotchii,Crotch's Bumble Bee,Insecta,Crotch's Bumble Bee,32.9664473997,-117.2236604997,,"North City, San Diego, CA, USA",2024-03-27,2024-03-27 18:23:40 UTC,Pacific Time (US & Canada),research,4,0,False,False,https://inaturalist-open-data.s3.amazonaws.com/photos/360843115/medium.jpeg,,,
271451,Bombus crotchii,Crotch's Bumble Bee,Insecta,Crotch's Bumble Bee,33.3627083333,-117.3428883333,4.0,"Marine Corps Base Camp Pendleton, Fallbrook, CA, US",2024-03-27,2024-03-27 18:12:16 UTC,Pacific Time (US & Canada),research,5,0,False,False,https://inaturalist-open-data.s3.amazonaws.com/photos/360867347/medium.jpg,,At least 3 queen caste bees observed foraging on deerweed within about 300ft of ridge line. ,
271451,Bombus crotchii,Crotch's Bumble Bee,Insecta,Bombus crotchii,33.1490638333,-117.1786633333,10.0,"W Mission Rd, San Marcos, CA, US",2024-03-26,2024-03-26 17:57:18 UTC,Pacific Time (US & Canada),research,4,0,False,False,https://static.inaturalist.org/photos/361028137/medium.jpg,,,
271451,Bombus crotchii,Crotch's Bumble Bee,Insecta,Crotch's Bumble Bee,32.7287633333,-116.9415583333,4.0,"San Diego National Wildlife Refuge, Spring Valley, CA, US",2024-03-28,2024-03-28 18:38:50 UTC,Pacific Time (US & Canada),research,4,0,False,False,https://inaturalist-open-data.s3.amazonaws.com/photos/361133793/medium.jpg,,,
271451,Bombus crotchii,Crotch's Bumble Bee,Insecta,Crotch's Bumble Bee,32.72853,-116.9411866667,4.0,"San Diego National Wildlife Refuge, Spring Valley, CA, US",2024-03-28,2024-03-28 18:36:00 UTC,Pacific Time (US & Canada),research,6,0,False,False,https://inaturalist-open-data.s3.amazonaws.com/photos/361151716/medium.jpg,,,
271451,Bombus crotchii,Crotch's Bumble Bee,Insecta,Crotch's Bumble Bee,32.822329363,-117.0746968731,4.0,"Mission Trails Regional Park, San Diego, CA, US",2024-04-02,2024-04-03 01:49:52 UTC,Pacific Time (US & Canada),research,4,0,False,False,https://inaturalist-open-data.s3.amazonaws.com/photos/362754229/medium.jpg,,,
271451,Bombus crotchii,Crotch's Bumble Bee,Insecta,Crotch's Bumble Bee,32.723125,-116.9867333333,4.0,"La Presa, CA, USA",2024-04-03,2024-04-03 22:50:00 UTC,Pacific Time (US & Canada),research,5,0,False,False,https://inaturalist-open-data.s3.amazonaws.com/photos/363133349/medium.jpeg,,,
271451,Bombus crotchii,Crotch's Bumble Bee,Insecta,Crotch's Bumble Bee,32.7241027778,-116.9845277778,4.0,"La Presa, CA, USA",2024-04-03,2024-04-03 23:45:00 UTC,Pacific Time (US & Canada),research,4,0,False,False,https://inaturalist-open-data.s3.amazonaws.com/photos/363137225/medium.jpeg,,,
271451,Bombus crotchii,Crotch's Bumble Bee,Insecta,Crotch's Bumble Bee,32.8223146548,-117.0744923875,97.0,"San Diego, CA 92124, USA",2024-04-04,2024-04-05 00:47:31 UTC,Pacific Time (US & Canada),research,5,0,False,False,https://inaturalist-open-data.s3.amazonaws.com/photos/363531001/medium.jpeg,,,
271451,Bombus crotchii,Crotch's Bumble Bee,Insecta,Crotch's Bumble Bee,32.82273,-117.0785916667,4.0,"Mission Trails Regional Park, San Diego, CA, US",2024-04-06,2024-04-06 18:44:56 UTC,Pacific Time (US & Canada),research,6,1,False,False,https://inaturalist-open-data.s3.amazonaws.com/photos/363886584/medium.jpg,,Photos are from a short distance - not ideal. ,
271451,Bombus crotchii,Crotch's Bumble Bee,Insecta,Crotch's Bumble Bee,33.2758383333,-117.4025116667,1.0,"Marine Corps Base Camp Pendleton, Camp Pendleton, CA, US",2024-04-07,2024-04-07 17:24:39 UTC,Pacific Time (US & Canada),research,3,0,False,False,https://inaturalist-open-data.s3.amazonaws.com/photos/364125211/medium.jpg,,Queen caste bee searching burrow locations.,
271451,Bombus crotchii,Crotch's Bumble Bee,Insecta,Crotch's Bumble Bee,33.275925,-117.40307,4.0,"Marine Corps Base Camp Pendleton, Camp Pendleton, CA, US",2024-04-07,2024-04-07 18:02:25 UTC,Pacific Time (US & Canada),research,3,0,False,False,https://inaturalist-open-data.s3.amazonaws.com/photos/364149681/medium.jpg,,Queen caste bee foraging on Salvia melifera,
271451,Bombus crotchii,Crotch's Bumble Bee,Insecta,Crotch's Bumble Bee,32.5957429782,-116.928473554,94.0,"Chula Vista, CA, US",2024-04-07,2024-04-07 21:59:09 UTC,Pacific Time (US & Canada),research,4,0,False,False,https://static.inaturalist.org/photos/364238317/medium.jpg,,,
271451,Bombus crotchii,Crotch's Bumble Bee,Insecta,Crotch's Bumble Bee,33.33098,-117.2827383333,1.0,"Marine Corps Base Camp Pendleton, Fallbrook, CA, US",2024-04-09,2024-04-09 17:14:26 UTC,Pacific Time (US & Canada),research,2,0,False,False,https://inaturalist-open-data.s3.amazonaws.com/photos/364821512/medium.jpg,,Queen caste bee observed searching for burrows beneath black sage  ,
271451,Bombus crotchii,Crotch's Bumble Bee,Insecta,Crotch's Bumble Bee,33.3410568056,-117.3486633056,,"Oceanside, CA 92058, USA",2024-04-09,2024-04-09 18:14:07 UTC,Pacific Time (US & Canada),research,4,1,False,False,https://static.inaturalist.org/photos/364910850/medium.jpeg,,,
271451,Bombus crotchii,Crotch's Bumble Bee,Insecta,Crotch's Bumble Bee,33.2868916667,-117.3135083333,44.0,"Marine Corps Base Camp Pendleton, Oceanside, CA, US",2024-04-10,2024-04-10 16:40:25 UTC,Pacific Time (US & Canada),research,2,0,False,False,https://inaturalist-open-data.s3.amazonaws.com/photos/365122937/medium.jpg,,Queen caste bee observed exploring different burrow locations.,
271451,Bombus crotchii,Crotch's Bumble Bee,Insecta,Crotch's Bumble Bee,32.635497706,-116.3861932958,54.0,United States,2024-04-10,2024-04-10 19:08:03 UTC,Pacific Time (US & Canada),research,4,0,False,True,https://inaturalist-open-data.s3.amazonaws.com/photos/365168745/medium.jpg,,"Queen nectaring on Amsinckia menziesii
",
271451,Bombus crotchii,Crotch's Bumble Bee,Insecta,Crotch's Bumble Bee,33.3851055556,-117.2823027778,7.0,"San Diego County, CA, USA",2024-04-10,2024-04-10 20:52:00 UTC,Pacific Time (US & Canada),research,3,0,False,False,https://inaturalist-open-data.s3.amazonaws.com/photos/365257940/medium.jpg,,,
271451,Bombus crotchii,Crotch's Bumble Bee,Insecta,Crotch's Bumble Bee,33.3878015329,-117.2825794338,23.0,"Marine Corps Base Camp Pendleton, Fallbrook, CA, US",2024-04-10,2024-04-10 20:49:00 UTC,Pacific Time (US & Canada),research,3,0,False,False,https://inaturalist-open-data.s3.amazonaws.com/photos/365259051/medium.jpg,,,
271451,Bombus crotchii,Crotch's Bumble Bee,Insecta,Crotch's Bumble Bee,33.383635,-117.276242,13.0,"San Diego County, CA, USA",2024-04-10,2024-04-10 20:06:00 UTC,Pacific Time (US & Canada),research,3,0,False,False,https://inaturalist-open-data.s3.amazonaws.com/photos/365260299/medium.jpg,,,
271451,Bombus crotchii,Crotch's Bumble Bee,Insecta,Crotch's Bumble Bee,33.391105,-117.2668216667,4.0,"Marine Corps Base Camp Pendleton, Fallbrook, CA, US",2024-04-11,2024-04-11 17:10:59 UTC,Pacific Time (US & Canada),research,4,0,False,False,https://inaturalist-open-data.s3.amazonaws.com/photos/365541911/medium.jpg,,,
271451,Bombus crotchii,Crotch's Bumble Bee,Insecta,Crotch's Bumble Bee,33.3904083333,-117.2673716667,4.0,"Marine Corps Base Camp Pendleton, Fallbrook, CA, US",2024-04-11,2024-04-11 17:46:12 UTC,Pacific Time (US & Canada),research,3,0,False,False,https://inaturalist-open-data.s3.amazonaws.com/photos/365543115/medium.jpg,,Queen caste foraging on Lupinus longifolius,
271451,Bombus crotchii,Crotch's Bumble Bee,Insecta,Crotch's Bumble Bee,33.376125,-117.2847133333,4.0,"Marine Corps Base Camp Pendleton, Fallbrook, CA, US",2024-04-11,2024-04-11 18:33:41 UTC,Pacific Time (US & Canada),research,5,0,False,False,https://inaturalist-open-data.s3.amazonaws.com/photos/365454615/medium.jpg,,,
271451,Bombus crotchii,Crotch's Bumble Bee,Insecta,Crotch's Bumble Bee,33.39095,-117.2669916667,4.0,"San Diego County, CA, USA",2024-04-11,2024-04-11 17:21:00 UTC,Pacific Time (US & Canada),research,2,0,False,False,https://inaturalist-open-data.s3.amazonaws.com/photos/365545646/medium.jpg,,At least 4 separate queen caste bees observed in 5ac plot over within 45min.,
271451,Bombus crotchii,Crotch's Bumble Bee,Insecta,Crotch's Bumble Bee,33.3838277778,-117.280875,4.0,"San Diego County, CA, USA",2024-04-11,2024-04-11 20:58:00 UTC,Pacific Time (US & Canada),research,3,0,False,False,https://inaturalist-open-data.s3.amazonaws.com/photos/365548074/medium.jpg,,Two queen caste bees foraging on Lupinus longifolius,
271451,Bombus crotchii,Crotch's Bumble Bee,Insecta,Crotch's Bumble Bee,33.0513195024,-117.2138883333,20.0,"Olivenhain, Encinitas, CA, US",2024-04-12,2024-04-13 01:46:29 UTC,Pacific Time (US & Canada),research,3,0,False,False,https://static.inaturalist.org/photos/365871908/medium.jpg,,,
271451,Bombus crotchii,Crotch's Bumble Bee,Insecta,Crotch's Bumble Bee,32.8267725283,-117.0671180533,,"San Diego, CA, USA",2024-04-11,2024-04-11 17:28:00 UTC,Pacific Time (US & Canada),research,6,0,False,False,https://inaturalist-open-data.s3.amazonaws.com/photos/366149427/medium.jpeg,,,
271451,Bombus crotchii,Crotch's Bumble Bee,Insecta,Crotch's Bumble Bee,32.8329583333,-117.0754695,4.0,"Tierrasanta, San Diego, CA, US",2024-04-13,2024-04-13 19:59:29 UTC,Pacific Time (US & Canada),research,3,0,False,False,https://inaturalist-open-data.s3.amazonaws.com/photos/366295433/medium.jpg,,,
271451,Bombus crotchii,Crotch's Bumble Bee,Insecta,Crotch's Bumble Bee,32.8219611111,-117.0755166667,4.0,"San Diego, CA, USA",2024-04-14,2024-04-14 18:53:00 UTC,Pacific Time (US & Canada),research,4,0,False,False,https://inaturalist-open-data.s3.amazonaws.com/photos/366719604/medium.jpeg,,,
271451,Bombus crotchii,Crotch's Bumble Bee,Insecta,Crotch's Bumble Bee,32.8347111111,-117.0748138889,2.0,"San Diego, CA, USA",2024-04-14,2024-04-14 20:16:00 UTC,Pacific Time (US & Canada),research,4,0,False,False,https://inaturalist-open-data.s3.amazonaws.com/photos/366721747/medium.jpeg,,,
271451,Bombus crotchii,Crotch's Bumble Bee,Insecta,Crotch's Bumble Bee,32.8347111111,-117.0748277778,4.0,"San Diego, CA, USA",2024-04-14,2024-04-14 20:16:00 UTC,Pacific Time (US & Canada),research,3,0,False,False,https://inaturalist-open-data.s3.amazonaws.com/photos/366722179/medium.jpeg,,,
271451,Bombus crotchii,Crotch's Bumble Bee,Insecta,Crotch's Bumble Bee,32.8346944444,-117.0748138889,4.0,"San Diego, CA, USA",2024-04-14,2024-04-14 20:17:00 UTC,Pacific Time (US & Canada),research,3,0,False,False,https://inaturalist-open-data.s3.amazonaws.com/photos/366722391/medium.jpeg,,,
271451,Bombus crotchii,Crotch's Bumble Bee,Insecta,Crotch's Bumble Bee,32.8344472222,-117.0748277778,2.0,"San Diego, CA, USA",2024-04-14,2024-04-14 20:30:00 UTC,Pacific Time (US & Canada),research,2,0,False,False,https://inaturalist-open-data.s3.amazonaws.com/photos/366723135/medium.jpeg,,,
271451,Bombus crotchii,Crotch's Bumble Bee,Insecta,Crotch's Bumble Bee,32.919175,-116.9988716667,4.0,"Scripps Ranch, San Diego, CA, US",2023-05-23,2023-05-23 21:13:44 UTC,Pacific Time (US & Canada),research,3,0,False,False,https://inaturalist-open-data.s3.amazonaws.com/photos/366783751/medium.jpg,,Worker caste foraging on Acmispon glaber,
271451,Bombus crotchii,Crotch's Bumble Bee,Insecta,Crotch's Bumble Bee,32.8007996149,-116.9478066925,4.0,"San Diego County, US-CA, US",2023-07-24,2023-07-24 17:18:00 UTC,Pacific Time (US & Canada),research,4,0,False,True,https://inaturalist-open-data.s3.amazonaws.com/photos/366787799/medium.jpg,,Worker caste bee leaving nest in old gopher burrow,
271451,Bombus crotchii,Crotch's Bumble Bee,Insecta,Crotch's Bumble Bee,33.3527333333,-117.29937,4.0,"Marine Corps Base Camp Pendleton, Fallbrook, CA, US",2024-04-12,2024-04-12 19:21:13 UTC,Pacific Time (US & Canada),research,4,0,False,False,https://inaturalist-open-data.s3.amazonaws.com/photos/366792058/medium.jpg,,Queen caste foraging on Acmispon glaber ,
271451,Bombus crotchii,Crotch's Bumble Bee,Insecta,Crotch's Bumble Bee,33.36395,-117.3079916667,4.0,"Marine Corps Base Camp Pendleton, Fallbrook, CA, US",2024-04-12,2024-04-12 16:16:59 UTC,Pacific Time (US & Canada),research,4,0,False,False,https://inaturalist-open-data.s3.amazonaws.com/photos/366792256/medium.jpg,,Posting this for a colleague. This bee was observed resting on a Artemisia californica during  heavy drizzle.,
271451,Bombus crotchii,Crotch's Bumble Bee,Insecta,Crotch's Bumble Bee,33.052400243,-116.8399845309,4.0,"San Diego County, US-CA, US",2023-07-26,2023-07-26 13:36:00 UTC,Pacific Time (US & Canada),research,2,0,False,True,https://inaturalist-open-data.s3.amazonaws.com/photos/366794355/medium.jpg,,Worker caste bee leaving nest in old gopher burrow.,
271451,Bombus crotchii,Crotch's Bumble Bee,Insecta,Crotch's Bumble Bee,33.2817833333,-117.369025,4.0,"Marine Corps Base Camp Pendleton, Camp Pendleton, CA, US",2023-07-14,2023-07-14 14:01:38 UTC,Pacific Time (US & Canada),research,2,0,False,False,https://inaturalist-open-data.s3.amazonaws.com/photos/366796003/medium.jpg,,,
271451,Bombus crotchii,Crotch's Bumble Bee,Insecta,Crotch's Bumble Bee,33.2071594865,-117.3736382471,4.0,"California, US",2023-07-08,2023-07-08 17:56:00 UTC,Pacific Time (US & Canada),research,3,0,False,True,https://inaturalist-open-data.s3.amazonaws.com/photos/366796485/medium.jpg,,Worker caste leaving nest in old gopher burrow obscured by dense grass.,
271451,Bombus crotchii,Crotch's Bumble Bee,Insecta,Crotch's Bumble Bee,32.83477565,-117.0746763,,"San Diego, CA, USA",2024-04-14,2024-04-14 20:22:00 UTC,Pacific Time (US & Canada),research,3,0,False,False,https://inaturalist-open-data.s3.amazonaws.com/photos/366880410/medium.jpeg,,,
271451,Bombus crotchii,Crotch's Bumble Bee,Insecta,Crotch's Bumble Bee,32.8836128045,-116.8598498086,26.0,"San Diego County, US-CA, US",2023-06-22,2023-06-23 00:41:31 UTC,Pacific Time (US & Canada),research,3,0,False,True,https://inaturalist-open-data.s3.amazonaws.com/photos/367092454/medium.jpg,,,
271451,Bombus crotchii,Crotch's Bumble Bee,Insecta,Crotch's Bumble Bee,32.8215745228,-116.8136879099,23.0,"San Diego County, US-CA, US",2023-06-22,2023-06-23 00:53:04 UTC,Pacific Time (US & Canada),research,3,0,False,True,https://inaturalist-open-data.s3.amazonaws.com/photos/367469356/medium.jpg,,Worker observed foraging on Calochortus weedii,
271451,Bombus crotchii,Crotch's Bumble Bee,Insecta,Crotch's Bumble Bee,32.9742873402,-116.8894572185,23.0,"San Diego County, US-CA, US",2023-06-22,2023-06-22 23:26:47 UTC,Pacific Time (US & Canada),research,4,0,False,True,https://inaturalist-open-data.s3.amazonaws.com/photos/367469913/medium.jpg,,Worker caste foraging on Salvia apiana,
271451,Bombus crotchii,Crotch's Bumble Bee,Insecta,Crotch's Bumble Bee,32.7876583333,-116.8689716667,10.0,"Sycuan Summit Drive, El Cajon, CA, US",2024-04-17,2024-04-17 14:49:19 UTC,Pacific Time (US & Canada),research,8,0,False,False,https://inaturalist-open-data.s3.amazonaws.com/photos/367531522/medium.jpg,,,
271451,Bombus crotchii,Crotch's Bumble Bee,Insecta,Crotch's Bumble Bee,33.3561283333,-117.2822583333,8.0,"Marine Corps Base Camp Pendleton, Fallbrook, CA, US",2024-04-18,2024-04-18 19:08:18 UTC,Pacific Time (US & Canada),research,4,0,False,False,https://inaturalist-open-data.s3.amazonaws.com/photos/367926707/medium.jpg,,,
271451,Bombus crotchii,Crotch's Bumble Bee,Insecta,Crotch's Bumble Bee,33.3603287864,-117.2866987188,23.0,"Marine Corps Base Camp Pendleton, Fallbrook, CA, US",2024-04-18,2024-04-18 16:27:17 UTC,Pacific Time (US & Canada),research,4,0,False,False,https://inaturalist-open-data.s3.amazonaws.com/photos/367991721/medium.jpg,,,
271451,Bombus crotchii,Crotch's Bumble Bee,Insecta,Crotch's Bumble Bee,33.301405,-117.32592,7.0,"Marine Corps Base Camp Pendleton, Camp Pendleton, CA, US",2024-04-17,2024-04-17 15:59:03 UTC,Pacific Time (US & Canada),research,3,0,False,False,https://inaturalist-open-data.s3.amazonaws.com/photos/367992933/medium.jpg,,Queen caste bee foraging on Astragalus trichopodus,
271451,Bombus crotchii,Crotch's Bumble Bee,Insecta,Crotch's Bumble Bee,33.301422734,-117.326037535,23.0,"Marine Corps Base Camp Pendleton, Camp Pendleton, CA, US",2024-04-17,2024-04-17 16:26:47 UTC,Pacific Time (US & Canada),research,4,0,False,False,https://inaturalist-open-data.s3.amazonaws.com/photos/367993833/medium.jpg,,,
271451,Bombus crotchii,Crotch's Bumble Bee,Insecta,Crotch's Bumble Bee,33.2825859504,-117.3599323156,4.0,"California, US",2024-04-17,2024-04-17 16:25:00 UTC,Pacific Time (US & Canada),research,3,0,False,True,https://inaturalist-open-data.s3.amazonaws.com/photos/367997194/medium.jpg,,Queen caste observed foraging on Salvia apiana then flying directly down to and beneath a dead Artemisa californica. She emerged about 5 min later and flew off. She did not appear to be searching for a burrow but making a predetermined visit to that location. She did not return for the next 15 min. I will follow up in a couple weeks to look for evidence of nesting activity,
271451,Bombus crotchii,Crotch's Bumble Bee,Insecta,Crotch's Bumble Bee,33.0945333333,-117.001494445,9.0,"San Diego Zoo Safari Park, San Diego, CA, US",2024-04-17,2024-04-17 19:55:24 UTC,Pacific Time (US & Canada),research,5,0,False,False,https://static.inaturalist.org/photos/368373126/medium.jpg,,,
271451,Bombus crotchii,Crotch's Bumble Bee,Insecta,Crotch's Bumble Bee,33.3469194444,-117.272675,4.0,"San Diego County, CA, USA",2024-04-19,2024-04-19 20:50:00 UTC,Pacific Time (US & Canada),research,3,0,False,False,https://inaturalist-open-data.s3.amazonaws.com/photos/368385022/medium.jpg,,,
271451,Bombus crotchii,Crotch's Bumble Bee,Insecta,Crotch's Bumble Bee,33.3476868809,-117.2704732104,15.0,"San Diego County, CA, USA",2024-04-19,2024-04-19 21:06:00 UTC,Pacific Time (US & Canada),research,4,0,False,False,https://inaturalist-open-data.s3.amazonaws.com/photos/368385872/medium.jpg,,,
271451,Bombus crotchii,Crotch's Bumble Bee,Insecta,Crotch's Bumble Bee,33.3470147751,-117.2724368768,8.0,"San Diego County, CA, USA",2024-04-19,2024-04-19 20:51:00 UTC,Pacific Time (US & Canada),research,4,0,False,False,https://inaturalist-open-data.s3.amazonaws.com/photos/368387023/medium.jpg,,At least 15 B. crotchii observed in two adjacent Lupinus longifolius patches within  grassland. ,
271451,Bombus crotchii,Crotch's Bumble Bee,Insecta,Crotch's Bumble Bee,33.3467462221,-117.2727227877,4.0,"San Diego County, CA, USA",2024-04-19,2024-04-19 20:43:00 UTC,Pacific Time (US & Canada),research,3,0,False,False,https://inaturalist-open-data.s3.amazonaws.com/photos/368387720/medium.jpg,,,
271451,Bombus crotchii,Crotch's Bumble Bee,Insecta,Crotch's Bumble Bee,33.34684666,-117.2725055406,4.0,"San Diego County, CA, USA",2024-04-19,2024-04-19 20:53:00 UTC,Pacific Time (US & Canada),research,2,0,False,False,https://inaturalist-open-data.s3.amazonaws.com/photos/368388160/medium.jpg,,,
271451,Bombus crotchii,Crotch's Bumble Bee,Insecta,Crotch's Bumble Bee,33.3471606347,-117.2722289839,8.0,"San Diego County, CA, USA",2024-04-19,2024-04-19 20:40:00 UTC,Pacific Time (US & Canada),research,2,0,False,False,https://inaturalist-open-data.s3.amazonaws.com/photos/368388587/medium.jpg,,,
271451,Bombus crotchii,Crotch's Bumble Bee,Insecta,Crotch's Bumble Bee,33.3478292038,-117.2702034087,4.0,"San Diego County, CA, USA",2024-04-19,2024-04-19 21:08:00 UTC,Pacific Time (US & Canada),research,2,0,False,False,https://inaturalist-open-data.s3.amazonaws.com/photos/368388890/medium.jpg,,,
271451,Bombus crotchii,Crotch's Bumble Bee,Insecta,Crotch's Bumble Bee,32.822105,-117.0757445,15.0,"Mission Trails Regional Park, San Diego, CA, US",2024-04-20,2024-04-20 18:27:15 UTC,Pacific Time (US & Canada),research,6,0,False,False,https://inaturalist-open-data.s3.amazonaws.com/photos/368662057/medium.jpg,,,
271451,Bombus crotchii,Crotch's Bumble Bee,Insecta,Crotch's Bumble Bee,32.8468599424,-117.0417504067,138.0,"Mission Trails Regional Park, San Diego, CA, US",2024-04-20,2024-04-21 00:23:39 UTC,Pacific Time (US & Canada),research,5,0,False,False,https://inaturalist-open-data.s3.amazonaws.com/photos/368699810/medium.jpg,,,
271451,Bombus crotchii,Crotch's Bumble Bee,Insecta,Crotch's Bumble Bee,33.3468833333,-117.2727833333,,"Marine Corps Base Camp Pendleton, Fallbrook, CA, US",2024-04-21,2024-04-21 19:02:05 UTC,Pacific Time (US & Canada),research,4,0,False,False,https://inaturalist-open-data.s3.amazonaws.com/photos/369163634/medium.jpg,,,
271451,Bombus crotchii,Crotch's Bumble Bee,Insecta,Crotch's Bumble Bee,33.3468033333,-117.2731633333,,"Marine Corps Base Camp Pendleton, Fallbrook, CA, US",2024-04-21,2024-04-21 18:45:09 UTC,Pacific Time (US & Canada),research,4,0,False,False,https://inaturalist-open-data.s3.amazonaws.com/photos/369176400/medium.jpg,,,
271451,Bombus crotchii,Crotch's Bumble Bee,Insecta,Crotch's Bumble Bee,33.2534378,-117.18281,,"Bonsall, CA, USA",2024-04-19,2024-04-19 22:52:01 UTC,Pacific Time (US & Canada),research,4,1,False,False,https://inaturalist-open-data.s3.amazonaws.com/photos/369182041/medium.jpeg,,,
271451,Bombus crotchii,Crotch's Bumble Bee,Insecta,Crotch's Bumble Bee,33.3468883333,-117.2727716667,,"Marine Corps Base Camp Pendleton, Fallbrook, CA, US",2024-04-21,2024-04-21 19:04:30 UTC,Pacific Time (US & Canada),research,3,0,False,False,https://inaturalist-open-data.s3.amazonaws.com/photos/369188162/medium.jpg,,,
271451,Bombus crotchii,Crotch's Bumble Bee,Insecta,Crotch's Bumble Bee,33.00424321,-117.15245649,8.0,"Black Mountain Ranch, San Diego, CA, USA",2024-04-22,2024-04-22 18:50:42 UTC,Pacific Time (US & Canada),research,6,0,False,False,https://inaturalist-open-data.s3.amazonaws.com/photos/369373121/medium.jpeg,,,
271451,Bombus crotchii,Crotch's Bumble Bee,Insecta,Crotch's Bumble Bee,32.67163,-117.2408,3.0,"Cabrillo National Monument, San Diego, CA, US",2024-04-22,2024-04-22 19:10:07 UTC,Pacific Time (US & Canada),research,6,0,False,False,https://inaturalist-open-data.s3.amazonaws.com/photos/369454259/medium.jpg,,,"Cabrillo2024BeeSurvey, UPMON"
271451,Bombus crotchii,Crotch's Bumble Bee,Insecta,Crotch's Bumble Bee,33.3625733333,-117.3437033333,,"San Diego County, CA, USA",2024-04-23,2024-04-23 17:58:00 UTC,Pacific Time (US & Canada),research,4,0,False,False,https://inaturalist-open-data.s3.amazonaws.com/photos/369791921/medium.jpg,,,
271451,Bombus crotchii,Crotch's Bumble Bee,Insecta,Crotch's Bumble Bee,32.6591500511,-116.8441814236,179.0,United States,2024-04-23,2024-04-23 22:54:57 UTC,Pacific Time (US & Canada),research,5,0,False,True,https://static.inaturalist.org/photos/369803753/medium.jpeg,,,
271451,Bombus crotchii,Crotch's Bumble Bee,Insecta,Crotch's Bumble Bee,33.2523240423,-116.4088829151,235.0,"Borrego Springs, CA 92004, USA",2024-04-23,2024-04-23 15:10:00 UTC,Pacific Time (US & Canada),research,4,0,False,False,https://inaturalist-open-data.s3.amazonaws.com/photos/369809285/medium.png,,,
271451,Bombus crotchii,Crotch's Bumble Bee,Insecta,Crotch's Bumble Bee,33.2524891553,-116.4086425876,61.0,"Borrego Springs, CA 92004, USA",2024-04-23,2024-04-23 15:10:00 UTC,Pacific Time (US & Canada),research,4,0,False,False,https://inaturalist-open-data.s3.amazonaws.com/photos/369809900/medium.png,,,
271451,Bombus crotchii,Crotch's Bumble Bee,Insecta,Crotch's Bumble Bee,33.2526906683,-116.4084966757,61.0,"Borrego Springs, CA 92004, USA",2024-04-23,2024-04-23 15:10:00 UTC,Pacific Time (US & Canada),research,4,0,False,False,https://inaturalist-open-data.s3.amazonaws.com/photos/369810747/medium.png,,"Queen foraging on flowers of Psorathamnus (Dalea) schottii, Indigobush.  yellow dorsum band on abdomen, and rufous tip to abdomen seem diagnostic.  Only 1 seen on 5 hour hike among lots of indigobush, which was today's favorite honeybee flower.
Note: two other photos of same individual submitted, should be with this one but I entered them separately.  the 3 photos collectively show the field marks mentioned above.",
271451,Bombus crotchii,Crotch's Bumble Bee,Insecta,Crotch's Bumble Bee,32.7243333333,-116.9921283333,3.0,"Spring Valley, CA, US",2024-04-25,2024-04-25 21:34:48 UTC,Pacific Time (US & Canada),research,5,0,False,False,https://inaturalist-open-data.s3.amazonaws.com/photos/370454522/medium.jpg,,,
271451,Bombus crotchii,Crotch's Bumble Bee,Insecta,Crotch's Bumble Bee,33.3762316667,-117.28431,,"San Diego County, CA, USA",2024-04-25,2024-04-25 17:45:00 UTC,Pacific Time (US & Canada),research,3,0,False,False,https://inaturalist-open-data.s3.amazonaws.com/photos/370581314/medium.jpg,,,
271451,Bombus crotchii,Crotch's Bumble Bee,Insecta,Crotch's Bumble Bee,33.3743966667,-117.2919883333,,"San Diego County, CA, USA",2024-04-25,2024-04-25 16:36:00 UTC,Pacific Time (US & Canada),research,3,0,False,False,https://inaturalist-open-data.s3.amazonaws.com/photos/370581412/medium.jpg,,,
271451,Bombus crotchii,Crotch's Bumble Bee,Insecta,Crotch's Bumble Bee,33.3677383333,-117.2982166667,,"San Diego County, CA, USA",2024-04-25,2024-04-25 14:30:00 UTC,Pacific Time (US & Canada),research,3,0,False,False,https://inaturalist-open-data.s3.amazonaws.com/photos/370581464/medium.jpg,,,
271451,Bombus crotchii,Crotch's Bumble Bee,Insecta,Crotch's Bumble Bee,33.3842233333,-117.2812933333,,"San Diego County, CA, USA",2024-04-25,2024-04-25 18:59:00 UTC,Pacific Time (US & Canada),research,2,0,False,False,https://inaturalist-open-data.s3.amazonaws.com/photos/370585066/medium.jpg,,,
271451,Bombus crotchii,Crotch's Bumble Bee,Insecta,Crotch's Bumble Bee,33.3840883333,-117.281085,,"San Diego County, CA, USA",2024-04-25,2024-04-25 19:01:00 UTC,Pacific Time (US & Canada),research,2,0,False,False,https://inaturalist-open-data.s3.amazonaws.com/photos/370585130/medium.jpg,,,
271451,Bombus crotchii,Crotch's Bumble Bee,Insecta,Crotch's Bumble Bee,33.3854766667,-117.28368,,"San Diego County, CA, USA",2024-04-25,2024-04-25 19:17:00 UTC,Pacific Time (US & Canada),research,2,0,False,False,https://inaturalist-open-data.s3.amazonaws.com/photos/370585201/medium.jpg,,,
271451,Bombus crotchii,Crotch's Bumble Bee,Insecta,Crotch's Bumble Bee,33.386045,-117.2827683333,,"San Diego County, CA, USA",2024-04-25,2024-04-25 18:46:00 UTC,Pacific Time (US & Canada),research,2,0,False,False,https://inaturalist-open-data.s3.amazonaws.com/photos/370585655/medium.jpg,,,
271451,Bombus crotchii,Crotch's Bumble Bee,Insecta,Crotch's Bumble Bee,33.3859716667,-117.2827816667,,"San Diego County, CA, USA",2024-04-25,2024-04-25 18:45:00 UTC,Pacific Time (US & Canada),research,2,0,False,False,https://inaturalist-open-data.s3.amazonaws.com/photos/370585782/medium.jpg,,,
271451,Bombus crotchii,Crotch's Bumble Bee,Insecta,Crotch's Bumble Bee,33.385535,-117.2824683333,,"San Diego County, CA, USA",2024-04-25,2024-04-25 17:56:00 UTC,Pacific Time (US & Canada),research,2,0,False,False,https://inaturalist-open-data.s3.amazonaws.com/photos/370585796/medium.jpg,,,
271451,Bombus crotchii,Crotch's Bumble Bee,Insecta,Crotch's Bumble Bee,33.3855333333,-117.2824683333,,"San Diego County, CA, USA",2024-04-25,2024-04-25 17:56:00 UTC,Pacific Time (US & Canada),research,2,0,False,False,https://inaturalist-open-data.s3.amazonaws.com/photos/370585822/medium.jpg,,,
271451,Bombus crotchii,Crotch's Bumble Bee,Insecta,Crotch's Bumble Bee,33.3855083333,-117.282525,,"San Diego County, CA, USA",2024-04-25,2024-04-25 17:55:00 UTC,Pacific Time (US & Canada),research,2,0,False,False,https://inaturalist-open-data.s3.amazonaws.com/photos/370585844/medium.jpg,,,
271451,Bombus crotchii,Crotch's Bumble Bee,Insecta,Crotch's Bumble Bee,33.3855083333,-117.282525,,"San Diego County, CA, USA",2024-04-25,2024-04-25 17:55:00 UTC,Pacific Time (US & Canada),research,2,0,False,False,https://inaturalist-open-data.s3.amazonaws.com/photos/370585868/medium.jpg,,,
271451,Bombus crotchii,Crotch's Bumble Bee,Insecta,Crotch's Bumble Bee,33.38463,-117.2820683333,,"San Diego County, CA, USA",2024-04-25,2024-04-25 19:03:00 UTC,Pacific Time (US & Canada),research,3,0,False,False,https://inaturalist-open-data.s3.amazonaws.com/photos/370587830/medium.jpg,,,
271451,Bombus crotchii,Crotch's Bumble Bee,Insecta,Crotch's Bumble Bee,33.3598403509,-117.2972953152,8.0,"San Diego County, CA, USA",2024-04-26,2024-04-26 16:39:00 UTC,Pacific Time (US & Canada),research,3,0,False,False,https://inaturalist-open-data.s3.amazonaws.com/photos/371255544/medium.jpg,,,
271451,Bombus crotchii,Crotch's Bumble Bee,Insecta,Crotch's Bumble Bee,33.3912266667,-117.2670383333,,"San Diego County, CA, USA",2024-04-26,2024-04-26 18:29:00 UTC,Pacific Time (US & Canada),research,4,0,False,False,https://inaturalist-open-data.s3.amazonaws.com/photos/371255704/medium.jpg,,,
271451,Bombus crotchii,Crotch's Bumble Bee,Insecta,Crotch's Bumble Bee,33.39116,-117.26703,,"San Diego County, CA, USA",2024-04-26,2024-04-26 18:21:00 UTC,Pacific Time (US & Canada),research,3,0,False,False,https://inaturalist-open-data.s3.amazonaws.com/photos/371255767/medium.jpg,,,
271451,Bombus crotchii,Crotch's Bumble Bee,Insecta,Crotch's Bumble Bee,33.390615,-117.26633,,"San Diego County, CA, USA",2024-04-26,2024-04-26 18:38:00 UTC,Pacific Time (US & Canada),research,4,0,False,False,https://inaturalist-open-data.s3.amazonaws.com/photos/371255845/medium.jpg,,,
271451,Bombus crotchii,Crotch's Bumble Bee,Insecta,Crotch's Bumble Bee,33.3909983333,-117.267045,,"San Diego County, CA, USA",2024-04-26,2024-04-26 18:49:00 UTC,Pacific Time (US & Canada),research,2,0,False,False,https://inaturalist-open-data.s3.amazonaws.com/photos/371256025/medium.jpg,,,
271451,Bombus crotchii,Crotch's Bumble Bee,Insecta,Crotch's Bumble Bee,33.3834966667,-117.27619,,"San Diego County, CA, USA",2024-04-26,2024-04-26 19:07:00 UTC,Pacific Time (US & Canada),research,3,0,False,False,https://inaturalist-open-data.s3.amazonaws.com/photos/371256497/medium.jpg,,,
271451,Bombus crotchii,Crotch's Bumble Bee,Insecta,Crotch's Bumble Bee,33.2579094,-116.4063983,,"Borrego Springs, CA 92004, USA",2024-04-26,2024-04-26 17:41:18 UTC,Pacific Time (US & Canada),research,5,0,False,False,https://inaturalist-open-data.s3.amazonaws.com/photos/371766461/medium.jpeg,,,
271451,Bombus crotchii,Crotch's Bumble Bee,Insecta,Crotch's Bumble Bee,32.6355160361,-116.922667815,103.0,Otay Lakes Rd.,2024-04-27,2024-04-27 20:28:00 UTC,Pacific Time (US & Canada),research,7,0,False,False,https://inaturalist-open-data.s3.amazonaws.com/photos/372560154/medium.jpeg,,,
271451,Bombus crotchii,Crotch's Bumble Bee,Insecta,克氏熊蜂,32.731737748,-116.9401999181,15.0,美国加利福尼亚圣迭戈县,2024-04-27,2024-04-27 23:37:00 UTC,Pacific Time (US & Canada),research,5,0,False,False,https://static.inaturalist.org/photos/372599241/medium.jpg,,,
271451,Bombus crotchii,Crotch's Bumble Bee,Insecta,Crotch's Bumble Bee,32.7242460274,-116.9920577276,372.0,"Spring Valley, CA, US",2024-04-28,2024-04-28 17:39:04 UTC,Pacific Time (US & Canada),research,5,0,False,False,https://inaturalist-open-data.s3.amazonaws.com/photos/373065834/medium.jpg,,,
271451,Bombus crotchii,Crotch's Bumble Bee,Insecta,Crotch's Bumble Bee,32.669425,-117.24105,4.0,"Naval Base Point Loma, San Diego, CA, US",2024-04-28,2024-04-28 18:09:20 UTC,Pacific Time (US & Canada),research,5,0,False,False,https://inaturalist-open-data.s3.amazonaws.com/photos/373424673/medium.jpg,,"Cabrillo Bee Survey MetaData

Start: 11:09am, sunny, 60F, windy
End: 1:30pm, sunny, 62F, 8mph (12mph gusts) 
Quite windy on the BST
","CabrilloBeeMetaData, Cabrillo2024BeeSurvey, BST"
271451,Bombus crotchii,Crotch's Bumble Bee,Insecta,Bombus crotchii,32.7242966667,-116.9921033333,6.0,"Spring Valley, CA, US",2024-04-28,2024-04-28 17:26:38 UTC,Pacific Time (US & Canada),research,4,0,False,False,https://inaturalist-open-data.s3.amazonaws.com/photos/373454522/medium.jpg,,,
271451,Bombus crotchii,Crotch's Bumble Bee,Insecta,Crotch's Bumble Bee,32.89285,-117.2222283333,15.0,"University City, San Diego, CA, US",2024-04-29,2024-04-29 16:28:41 UTC,Pacific Time (US & Canada),research,5,0,False,False,https://inaturalist-open-data.s3.amazonaws.com/photos/374331889/medium.jpg,,,
271451,Bombus crotchii,Crotch's Bumble Bee,Insecta,Crotch's Bumble Bee,32.7249866667,-116.9911033333,4.0,"Spring Valley, CA, US",2024-04-29,2024-04-29 22:32:43 UTC,Pacific Time (US & Canada),research,3,0,False,False,https://static.inaturalist.org/photos/374688292/medium.jpg,,,
271451,Bombus crotchii,Crotch's Bumble Bee,Insecta,Crotch's Bumble Bee,33.0774528333,-117.0114138833,9.0,"San Dieguito River Park, San Diego, CA, US",2024-04-27,2024-04-27 18:35:54 UTC,Pacific Time (US & Canada),research,4,0,False,False,https://inaturalist-open-data.s3.amazonaws.com/photos/374847102/medium.jpg,,,
271451,Bombus crotchii,Crotch's Bumble Bee,Insecta,Crotch's Bumble Bee,32.8269199722,-117.0701366667,,"San Diego, CA, USA",2024-04-29,2024-04-29 19:24:00 UTC,Pacific Time (US & Canada),research,7,0,False,False,https://inaturalist-open-data.s3.amazonaws.com/photos/375075047/medium.jpeg,,broad yellow band on 2d abdominal segment-- I think,
271451,Bombus crotchii,Crotch's Bumble Bee,Insecta,Crotch's Bumble Bee,33.2462578453,-116.6898798757,8.0,"CA-79, Warner Springs, CA, US",2024-04-30,2024-04-30 16:43:56 UTC,Pacific Time (US & Canada),research,4,0,False,False,https://static.inaturalist.org/photos/375184296/medium.jpg,,,
271451,Bombus crotchii,Crotch's Bumble Bee,Insecta,Crotch's Bumble Bee,32.5877519,-116.9654062,,"San Diego, CA 92179, USA",2024-05-02,2024-05-02 17:32:15 UTC,Pacific Time (US & Canada),research,3,0,False,False,https://inaturalist-open-data.s3.amazonaws.com/photos/376324039/medium.jpeg,,,
271451,Bombus crotchii,Crotch's Bumble Bee,Insecta,Crotch's Bumble Bee,33.334795,-117.28958,6.0,"Marine Corps Base Camp Pendleton, Fallbrook, CA, US",2024-05-02,2024-05-02 21:00:40 UTC,Pacific Time (US & Canada),research,3,0,False,False,https://inaturalist-open-data.s3.amazonaws.com/photos/376394247/medium.jpg,,Very small worker foraging on Salvia melifera. ,
271451,Bombus crotchii,Crotch's Bumble Bee,Insecta,Crotch's Bumble Bee,33.334467,-117.289194,,"Marine Corps Base Camp Pendleton, Fallbrook, CA, US",2024-05-02,2024-05-03 04:26:28 UTC,Pacific Time (US & Canada),research,3,0,False,False,https://inaturalist-open-data.s3.amazonaws.com/photos/376538929/medium.jpg,,Queen caste observed exploring potential nest locations.,
271451,Bombus crotchii,Crotch's Bumble Bee,Insecta,Crotch's Bumble Bee,32.6721626219,-117.2403825417,5.0,"Cabrillo National Monument; San Diego, California",2024-04-26,2024-04-26 21:44:00 UTC,Pacific Time (US & Canada),research,4,0,False,False,https://inaturalist-open-data.s3.amazonaws.com/photos/376539082/medium.jpeg,,,
271451,Bombus crotchii,Crotch's Bumble Bee,Insecta,Crotch's Bumble Bee,32.5629718712,-116.9737020081,,United States,2024-05-03,2024-05-03 16:25:07 UTC,Pacific Time (US & Canada),research,4,0,False,True,https://inaturalist-open-data.s3.amazonaws.com/photos/376737645/medium.jpeg,,,
271451,Bombus crotchii,Crotch's Bumble Bee,Insecta,Crotch's Bumble Bee,32.6718834299,-117.2408659422,5.0,"Cabrillo National Monument; San Diego, California",2024-04-26,2024-04-26 23:24:00 UTC,Pacific Time (US & Canada),research,4,0,False,False,https://inaturalist-open-data.s3.amazonaws.com/photos/376902775/medium.jpeg,,,
271451,Bombus crotchii,Crotch's Bumble Bee,Insecta,Crotch's Bumble Bee,33.3850083333,-117.2822283333,,"San Diego County, CA, USA",2024-05-02,2024-05-02 18:33:00 UTC,Pacific Time (US & Canada),research,3,0,False,False,https://inaturalist-open-data.s3.amazonaws.com/photos/376923617/medium.jpg,,,
271451,Bombus crotchii,Crotch's Bumble Bee,Insecta,Crotch's Bumble Bee,33.3845366667,-117.2819566667,,"San Diego County, CA, USA",2024-05-02,2024-05-02 18:31:00 UTC,Pacific Time (US & Canada),research,3,0,False,False,https://inaturalist-open-data.s3.amazonaws.com/photos/376923619/medium.jpg,,,
271451,Bombus crotchii,Crotch's Bumble Bee,Insecta,Crotch's Bumble Bee,33.3843333333,-117.2817583333,,"San Diego County, CA, USA",2024-05-02,2024-05-02 18:30:00 UTC,Pacific Time (US & Canada),research,3,0,False,False,https://inaturalist-open-data.s3.amazonaws.com/photos/376923614/medium.jpg,,,
271451,Bombus crotchii,Crotch's Bumble Bee,Insecta,Crotch's Bumble Bee,33.3826066667,-117.2802966667,,"San Diego County, CA, USA",2024-05-02,2024-05-02 18:25:00 UTC,Pacific Time (US & Canada),research,3,0,False,False,https://inaturalist-open-data.s3.amazonaws.com/photos/376923634/medium.jpg,,,
271451,Bombus crotchii,Crotch's Bumble Bee,Insecta,Crotch's Bumble Bee,33.3844866667,-117.2816966667,,"San Diego County, CA, USA",2024-05-02,2024-05-02 18:30:00 UTC,Pacific Time (US & Canada),research,3,0,False,False,https://inaturalist-open-data.s3.amazonaws.com/photos/376923641/medium.jpg,,,
271451,Bombus crotchii,Crotch's Bumble Bee,Insecta,Crotch's Bumble Bee,33.3830883333,-117.2798383333,,"San Diego County, CA, USA",2024-05-02,2024-05-02 18:19:00 UTC,Pacific Time (US & Canada),research,3,0,False,False,https://inaturalist-open-data.s3.amazonaws.com/photos/376923642/medium.jpg,,,
271451,Bombus crotchii,Crotch's Bumble Bee,Insecta,Crotch's Bumble Bee,33.3539616667,-117.3095083333,4.0,"Marine Corps Base Camp Pendleton, Fallbrook, CA, US",2024-05-06,2024-05-06 16:31:32 UTC,Pacific Time (US & Canada),research,6,0,False,False,https://inaturalist-open-data.s3.amazonaws.com/photos/378227128/medium.jpg,,,
271451,Bombus crotchii,Crotch's Bumble Bee,Insecta,Crotch's Bumble Bee,33.3639033333,-117.308525,4.0,"Marine Corps Base Camp Pendleton, Fallbrook, CA, US",2024-05-06,2024-05-06 19:39:02 UTC,Pacific Time (US & Canada),research,3,0,False,False,https://inaturalist-open-data.s3.amazonaws.com/photos/378295620/medium.jpg,,Worker on Salvia apiana,
271451,Bombus crotchii,Crotch's Bumble Bee,Insecta,Crotch's Bumble Bee,33.3639916667,-117.3089366667,4.0,"Marine Corps Base Camp Pendleton, Fallbrook, CA, US",2024-05-06,2024-05-06 20:17:56 UTC,Pacific Time (US & Canada),research,6,0,False,False,https://inaturalist-open-data.s3.amazonaws.com/photos/378309264/medium.jpg,,Flying around low to ground in different locations among grass.  ,
271451,Bombus crotchii,Crotch's Bumble Bee,Insecta,Crotch's Bumble Bee,33.349799,-117.311908,,"San Diego County, CA, USA",2024-05-06,2024-05-06 17:25:00 UTC,Pacific Time (US & Canada),research,4,0,False,False,https://inaturalist-open-data.s3.amazonaws.com/photos/378441812/medium.jpg,,Flying low beneath dense shrubs and brerifly foraging on Eriogonum fasciculatum,
271451,Bombus crotchii,Crotch's Bumble Bee,Insecta,Crotch's Bumble Bee,33.354044,-117.311135,,"San Diego County, CA, USA",2024-05-06,2024-05-06 16:45:00 UTC,Pacific Time (US & Canada),research,3,0,False,False,https://inaturalist-open-data.s3.amazonaws.com/photos/378441822/medium.jpg,,Foraging on Lupinus longifolius,
271451,Bombus crotchii,Crotch's Bumble Bee,Insecta,Crotch's Bumble Bee,33.3546716667,-117.31257,4.0,"Marine Corps Base Camp Pendleton, Fallbrook, CA, US",2024-05-06,2024-05-06 17:41:24 UTC,Pacific Time (US & Canada),research,4,0,False,False,https://inaturalist-open-data.s3.amazonaws.com/photos/378452693/medium.jpg,,,
271451,Bombus crotchii,Crotch's Bumble Bee,Insecta,Crotch's Bumble Bee,33.30143,-117.3258283333,4.0,"Marine Corps Base Camp Pendleton, Camp Pendleton, CA, US",2024-05-08,2024-05-08 16:29:47 UTC,Pacific Time (US & Canada),research,5,0,False,False,https://inaturalist-open-data.s3.amazonaws.com/photos/378983721/medium.jpg,,,
271451,Bombus crotchii,Crotch's Bumble Bee,Insecta,Crotch's Bumble Bee,33.0705556,-117.0438889,223.0,"San Pasqual Rd, Escondido, CA 92025, USA",2024-05-08,2024-05-08 23:50:00 UTC,Pacific Time (US & Canada),research,5,0,False,False,https://inaturalist-open-data.s3.amazonaws.com/photos/379521246/medium.jpeg,,,
271451,Bombus crotchii,Crotch's Bumble Bee,Insecta,Crotch's Bumble Bee,32.763913286,-116.9475449099,3898.0,United States,2024-05-03,2024-05-03 16:27:02 UTC,Pacific Time (US & Canada),research,3,0,False,True,https://inaturalist-open-data.s3.amazonaws.com/photos/379578384/medium.jpeg,,,
271451,Bombus crotchii,Crotch's Bumble Bee,Insecta,Crotch's Bumble Bee,33.3460966667,-117.2738,,"San Diego County, CA, USA",2024-05-10,2024-05-10 19:36:00 UTC,Pacific Time (US & Canada),research,3,0,False,False,https://inaturalist-open-data.s3.amazonaws.com/photos/379933483/medium.jpg,,Foraging on Lupinus longifolius ,
271451,Bombus crotchii,Crotch's Bumble Bee,Insecta,Crotch's Bumble Bee,33.3471216667,-117.2689716667,,"San Diego County, CA, USA",2024-05-10,2024-05-10 19:22:00 UTC,Pacific Time (US & Canada),research,3,0,False,False,https://inaturalist-open-data.s3.amazonaws.com/photos/379933482/medium.jpg,,Foraging on Lupinus longifolius ,
271451,Bombus crotchii,Crotch's Bumble Bee,Insecta,Crotch's Bumble Bee,32.8183283333,-117.0768833333,44.0,"Mission Trails Regional Park, San Diego, CA, US",2024-05-13,2024-05-13 15:36:31 UTC,Pacific Time (US & Canada),research,6,0,False,False,https://inaturalist-open-data.s3.amazonaws.com/photos/381225001/medium.jpg,,,
271451,Bombus crotchii,Crotch's Bumble Bee,Insecta,Crotch's Bumble Bee,33.38499,-117.2823783333,,"San Diego County, CA, USA",2024-05-13,2024-05-13 20:43:00 UTC,Pacific Time (US & Canada),research,4,0,False,False,https://inaturalist-open-data.s3.amazonaws.com/photos/381285716/medium.jpg,,,
271451,Bombus crotchii,Crotch's Bumble Bee,Insecta,Crotch's Bumble Bee,33.3846666667,-117.28213,,"San Diego County, CA, USA",2024-05-13,2024-05-13 20:37:00 UTC,Pacific Time (US & Canada),research,4,0,False,False,https://inaturalist-open-data.s3.amazonaws.com/photos/381287407/medium.jpg,,,
271451,Bombus crotchii,Crotch's Bumble Bee,Insecta,Crotch's Bumble Bee,32.6720066145,-117.2379465579,64.0,"Point Loma, San Diego, CA, USA",2024-05-12,2024-05-12 21:36:00 UTC,Pacific Time (US & Canada),research,5,0,False,False,https://inaturalist-open-data.s3.amazonaws.com/photos/381574079/medium.jpeg,,,"Cabrillo2024BeeSurvey, BST"
271451,Bombus crotchii,Crotch's Bumble Bee,Insecta,Crotch's Bumble Bee,33.3324633333,-117.2823266667,,"San Diego County, CA, USA",2024-05-14,2024-05-14 17:39:00 UTC,Pacific Time (US & Canada),research,4,0,False,False,https://inaturalist-open-data.s3.amazonaws.com/photos/381643273/medium.jpg,,Large queen sized bee flying low around grass and shrubs in seeming burrow searching behavior.,
271451,Bombus crotchii,Crotch's Bumble Bee,Insecta,Crotch's Bumble Bee,33.33237,-117.2822016667,,"San Diego County, CA, USA",2024-05-14,2024-05-14 17:33:00 UTC,Pacific Time (US & Canada),research,4,0,False,False,https://inaturalist-open-data.s3.amazonaws.com/photos/381643275/medium.jpg,,Worker foraging on Salvia melifera,
271451,Bombus crotchii,Crotch's Bumble Bee,Insecta,Crotch's Bumble Bee,33.3419966667,-117.2805883333,1.0,"Marine Corps Base Camp Pendleton, Fallbrook, CA, US",2024-05-02,2024-05-02 20:28:00 UTC,Pacific Time (US & Canada),research,5,0,False,False,https://inaturalist-open-data.s3.amazonaws.com/photos/381730896/medium.jpg,,Worker foraging on Salvia apiana,
271451,Bombus crotchii,Crotch's Bumble Bee,Insecta,Crotch's Bumble Bee,33.286805,-117.3133383333,12.0,"Marine Corps Base Camp Pendleton, Oceanside, CA, US",2024-05-16,2024-05-16 18:02:53 UTC,Pacific Time (US & Canada),research,3,0,False,False,https://inaturalist-open-data.s3.amazonaws.com/photos/382247966/medium.jpg,,Worker on Acmispon glaber,
271451,Bombus crotchii,Crotch's Bumble Bee,Insecta,Crotch's Bumble Bee,33.366755,-117.298425,4.0,"Marine Corps Base Camp Pendleton, Fallbrook, CA, US",2024-05-16,2024-05-16 19:57:23 UTC,Pacific Time (US & Canada),research,5,0,False,False,https://inaturalist-open-data.s3.amazonaws.com/photos/382286754/medium.jpg,,"Queen caste bee observed rather sluggishly foraging on Acmispon glaber then flying to the ground sitting motionless. Checked on her two hours later and she had moved about two feet away, still alive but inert.",
271451,Bombus crotchii,Crotch's Bumble Bee,Insecta,Crotch's Bumble Bee,33.3662583333,-117.2991916667,,"San Diego County, CA, USA",2024-05-16,2024-05-16 21:27:00 UTC,Pacific Time (US & Canada),research,4,0,False,False,https://inaturalist-open-data.s3.amazonaws.com/photos/382416571/medium.jpg,,On Salvia apiana,
271451,Bombus crotchii,Crotch's Bumble Bee,Insecta,Crotch's Bumble Bee,33.3669,-117.2984066667,,"San Diego County, CA, USA",2024-05-16,2024-05-16 19:43:00 UTC,Pacific Time (US & Canada),research,4,0,False,False,https://inaturalist-open-data.s3.amazonaws.com/photos/382416660/medium.jpg,,,
271451,Bombus crotchii,Crotch's Bumble Bee,Insecta,Crotch's Bumble Bee,32.8666083333,-117.0371028333,4.0,"Spring Canyon Road, San Diego, CA, US",2024-05-17,2024-05-17 21:02:43 UTC,Pacific Time (US & Canada),research,4,0,False,False,https://inaturalist-open-data.s3.amazonaws.com/photos/382709151/medium.jpg,,,
271451,Bombus crotchii,Crotch's Bumble Bee,Insecta,Crotch's Bumble Bee,32.82013,-117.0555805,4.0,"Mission Trails Regional Park, San Diego, CA, US",2024-05-16,2024-05-16 19:18:45 UTC,Pacific Time (US & Canada),research,5,0,False,False,https://static.inaturalist.org/photos/383658980/medium.jpg,,,
271451,Bombus crotchii,Crotch's Bumble Bee,Insecta,Crotch's Bumble Bee,33.384945,-117.2823216667,,"San Diego County, CA, USA",2024-05-20,2024-05-20 21:10:00 UTC,Pacific Time (US & Canada),research,4,0,False,False,https://inaturalist-open-data.s3.amazonaws.com/photos/384252233/medium.jpg,,On Lupinus  longifolius with a red-eared blister beetle (Lytta auriculata),
271451,Bombus crotchii,Crotch's Bumble Bee,Insecta,Crotch's Bumble Bee,33.385,-117.2825616667,,"San Diego County, CA, USA",2024-05-20,2024-05-20 21:08:00 UTC,Pacific Time (US & Canada),research,4,0,False,False,https://inaturalist-open-data.s3.amazonaws.com/photos/384252247/medium.jpg,,,
271451,Bombus crotchii,Crotch's Bumble Bee,Insecta,Crotch's Bumble Bee,33.3849966667,-117.2823183333,,"San Diego County, CA, USA",2024-05-20,2024-05-20 21:09:00 UTC,Pacific Time (US & Canada),research,4,0,False,False,https://inaturalist-open-data.s3.amazonaws.com/photos/384252244/medium.jpg,,,
271451,Bombus crotchii,Crotch's Bumble Bee,Insecta,Crotch's Bumble Bee,33.38543,-117.2763366667,4.0,"Marine Corps Base Camp Pendleton, Fallbrook, CA, US",2024-05-21,2024-05-21 16:40:04 UTC,Pacific Time (US & Canada),research,4,0,False,False,https://inaturalist-open-data.s3.amazonaws.com/photos/384441480/medium.jpg,,On Salvia apiana,
271451,Bombus crotchii,Crotch's Bumble Bee,Insecta,Crotch's Bumble Bee,33.0944055,-117.0012138883,3.0,"San Diego Zoo Safari Park, San Diego, CA, US",2024-05-21,2024-05-21 15:44:55 UTC,Pacific Time (US & Canada),research,4,0,False,False,https://inaturalist-open-data.s3.amazonaws.com/photos/384648444/medium.jpg,,,
271451,Bombus crotchii,Crotch's Bumble Bee,Insecta,Crotch's Bumble Bee,32.7445006716,-116.9846731344,3.0,United States,2024-05-14,2024-05-14 21:28:36 UTC,Pacific Time (US & Canada),research,4,0,False,True,https://inaturalist-open-data.s3.amazonaws.com/photos/385519582/medium.jpg,,,
271451,Bombus crotchii,Crotch's Bumble Bee,Insecta,Crotch's Bumble Bee,33.1568305,-117.1788466667,13.0,"W Borden Rd, San Marcos, CA, US",2024-05-23,2024-05-23 16:59:36 UTC,Pacific Time (US & Canada),research,3,0,False,False,https://inaturalist-open-data.s3.amazonaws.com/photos/385258994/medium.jpg,,,
271451,Bombus crotchii,Crotch's Bumble Bee,Insecta,Crotch's Bumble Bee,33.3576278906,-117.2316020491,32.0,"Palomares House & Park, Fallbrook, CA, US",2024-05-23,2024-05-23 20:52:25 UTC,Pacific Time (US & Canada),research,4,0,False,False,https://inaturalist-open-data.s3.amazonaws.com/photos/385282831/medium.jpg,,,
271451,Bombus crotchii,Crotch's Bumble Bee,Insecta,Crotch's Bumble Bee,32.8482671306,-116.9781802824,95.0,"Santee, CA, USA",2024-05-21,2024-05-21 18:29:00 UTC,Pacific Time (US & Canada),research,3,0,False,False,https://inaturalist-open-data.s3.amazonaws.com/photos/385616176/medium.jpeg,,"some of these Crotch's I saw this day could be repeats. I separated out the photos by how much pollen was on the leg. This one has not very much but could have got more 30 or 60 min later. Some of them had breaks in the lower band and some did not, so that shows me at least there were distinct individuals",
271451,Bombus crotchii,Crotch's Bumble Bee,Insecta,Crotch's Bumble Bee,32.8482671306,-116.9781802824,95.0,"Santee, CA, USA",2024-05-21,2024-05-21 18:30:00 UTC,Pacific Time (US & Canada),research,3,0,False,False,https://inaturalist-open-data.s3.amazonaws.com/photos/385616643/medium.jpeg,,,
271451,Bombus crotchii,Crotch's Bumble Bee,Insecta,Crotch's Bumble Bee,32.8482671306,-116.9781802824,95.0,"Santee, CA, USA",2024-05-21,2024-05-21 18:46:00 UTC,Pacific Time (US & Canada),research,3,0,False,False,https://inaturalist-open-data.s3.amazonaws.com/photos/385619173/medium.jpeg,,,
271451,Bombus crotchii,Crotch's Bumble Bee,Insecta,Crotch's Bumble Bee,32.8482671306,-116.9781802824,95.0,"Santee, CA, USA",2024-05-21,2024-05-21 18:48:00 UTC,Pacific Time (US & Canada),research,3,0,False,False,https://inaturalist-open-data.s3.amazonaws.com/photos/385619381/medium.jpeg,,,
271451,Bombus crotchii,Crotch's Bumble Bee,Insecta,Crotch's Bumble Bee,32.8482671306,-116.9781802824,95.0,"Santee, CA, USA",2024-05-21,2024-05-21 19:09:00 UTC,Pacific Time (US & Canada),research,3,0,False,False,https://inaturalist-open-data.s3.amazonaws.com/photos/385619939/medium.jpeg,,,
271451,Bombus crotchii,Crotch's Bumble Bee,Insecta,Crotch's Bumble Bee,32.8484619488,-116.9781470669,75.0,"Santee, CA, USA",2024-05-23,2024-05-23 18:47:00 UTC,Pacific Time (US & Canada),research,4,0,False,False,https://inaturalist-open-data.s3.amazonaws.com/photos/385780284/medium.jpeg,,,
271451,Bombus crotchii,Crotch's Bumble Bee,Insecta,Crotch's Bumble Bee,32.8407833333,-116.9076833333,4.0,"Ha Hana Rd, Lakeside, CA, US",2024-05-24,2024-05-24 22:55:31 UTC,Pacific Time (US & Canada),research,3,0,False,False,https://inaturalist-open-data.s3.amazonaws.com/photos/386127849/medium.jpg,,,
271451,Bombus crotchii,Crotch's Bumble Bee,Insecta,Crotch's Bumble Bee,33.3464733333,-117.2736583333,,"San Diego County, CA, USA",2024-05-24,2024-05-24 21:00:00 UTC,Pacific Time (US & Canada),research,3,0,False,False,https://inaturalist-open-data.s3.amazonaws.com/photos/386681030/medium.jpg,,,
271451,Bombus crotchii,Crotch's Bumble Bee,Insecta,Crotch's Bumble Bee,32.6744330633,-117.2396202783,,"Point Loma, San Diego, CA, USA",2024-05-18,2024-05-18 21:51:00 UTC,Pacific Time (US & Canada),research,2,0,False,False,https://inaturalist-open-data.s3.amazonaws.com/photos/387094776/medium.jpg,,,"Cabrillo2024InternBeeSurvey, UPMON"
271451,Bombus crotchii,Crotch's Bumble Bee,Insecta,Crotch's Bumble Bee,32.8411912551,-117.0432059465,115.0,"Mission Trails Regional Park, San Diego, CA, US",2024-05-27,2024-05-28 00:05:50 UTC,Pacific Time (US & Canada),research,3,0,False,False,https://inaturalist-open-data.s3.amazonaws.com/photos/387179719/medium.jpg,,,
271451,Bombus crotchii,Crotch's Bumble Bee,Insecta,Crotch's Bumble Bee,32.8481583333,-116.9785,,"Santee, CA, USA",2024-05-23,2024-05-23 21:51:00 UTC,Pacific Time (US & Canada),research,2,0,False,False,https://static.inaturalist.org/photos/387472701/medium.jpeg,,,
271451,Bombus crotchii,Crotch's Bumble Bee,Insecta,Crotch's Bumble Bee,32.8480992542,-116.978503841,8.0,"Santee, CA, USA",2024-05-23,2024-05-23 21:50:00 UTC,Pacific Time (US & Canada),research,3,0,False,False,https://static.inaturalist.org/photos/387472626/medium.jpeg,,,
271451,Bombus crotchii,Crotch's Bumble Bee,Insecta,Crotch's Bumble Bee,32.8481707697,-116.9784545523,8.0,"Santee, CA, USA",2024-05-23,2024-05-23 21:48:00 UTC,Pacific Time (US & Canada),research,3,0,False,False,https://static.inaturalist.org/photos/387473075/medium.jpeg,,,
271451,Bombus crotchii,Crotch's Bumble Bee,Insecta,Crotch's Bumble Bee,32.8481752764,-116.9784652812,8.0,"Santee, CA, USA",2024-05-23,2024-05-23 18:51:00 UTC,Pacific Time (US & Canada),research,2,0,False,False,https://static.inaturalist.org/photos/387473141/medium.jpeg,,,
271451,Bombus crotchii,Crotch's Bumble Bee,Insecta,Crotch's Bumble Bee,32.8425037738,-117.0374166423,20.0,"Mission Trails Regional Park, San Diego, CA, US",2024-05-29,2024-05-29 18:12:23 UTC,Pacific Time (US & Canada),research,3,0,False,False,https://inaturalist-open-data.s3.amazonaws.com/photos/387896172/medium.jpg,,,
271451,Bombus crotchii,Crotch's Bumble Bee,Insecta,Crotch's Bumble Bee,32.8427542282,-117.0374072875,44.0,"San Diego, CA, USA",2024-05-29,2024-05-29 15:14:00 UTC,Pacific Time (US & Canada),research,4,0,False,False,https://inaturalist-open-data.s3.amazonaws.com/photos/387967971/medium.jpeg,,,
271451,Bombus crotchii,Crotch's Bumble Bee,Insecta,Crotch's Bumble Bee,32.8502583333,-117.0441583333,4.0,"Mission Trails Regional Park, San Diego, CA, US",2024-05-29,2024-05-29 19:32:50 UTC,Pacific Time (US & Canada),research,3,0,False,False,https://static.inaturalist.org/photos/388011314/medium.jpg,,Chilled for processing and released where found ,
271451,Bombus crotchii,Crotch's Bumble Bee,Insecta,Crotch's Bumble Bee,32.6714783333,-117.2378833333,4.0,"Cabrillo National Monument, San Diego, CA, US",2024-05-30,2024-05-30 16:11:26 UTC,Pacific Time (US & Canada),research,4,0,False,False,https://static.inaturalist.org/photos/388271583/medium.jpg,,Specimen found deceased on the trail and was collected for NPS biologists. ,
271451,Bombus crotchii,Crotch's Bumble Bee,Insecta,Crotch's Bumble Bee,32.671475,-117.2379,4.0,"Cabrillo National Monument, San Diego, CA, US",2024-05-30,2024-05-30 16:11:56 UTC,Pacific Time (US & Canada),research,3,0,False,False,https://static.inaturalist.org/photos/388277116/medium.jpg,,"Larger bee near the individual found dead on trail. Was digging, possibly queen.",
271451,Bombus crotchii,Crotch's Bumble Bee,Insecta,Crotch's Bumble Bee,32.7279083333,-116.9906383333,3.0,"Spring Valley, CA, US",2024-06-01,2024-06-01 15:55:56 UTC,Pacific Time (US & Canada),research,2,0,False,False,https://inaturalist-open-data.s3.amazonaws.com/photos/389026140/medium.jpg,,,
271451,Bombus crotchii,Crotch's Bumble Bee,Insecta,Crotch's Bumble Bee,33.1592334944,-117.1406372399,13.0,"Richland Rd, San Marcos, CA, US",2024-06-02,2024-06-02 19:58:46 UTC,Pacific Time (US & Canada),research,4,0,False,False,https://inaturalist-open-data.s3.amazonaws.com/photos/389613902/medium.jpg,,,
271451,Bombus crotchii,Crotch's Bumble Bee,Insecta,Crotch's Bumble Bee,32.8502083333,-117.0476138333,4.0,"Mission Trails Regional Park, San Diego, CA, US",2024-06-02,2024-06-02 21:30:22 UTC,Pacific Time (US & Canada),research,3,0,False,False,https://static.inaturalist.org/photos/389660112/medium.jpg,,,
271451,Bombus crotchii,Crotch's Bumble Bee,Insecta,Crotch's Bumble Bee,32.8215133423,-117.0807028333,20.0,"Elanus Canyon Trail, San Diego, CA, US",2024-06-02,2024-06-02 20:02:30 UTC,Pacific Time (US & Canada),research,3,0,False,False,https://inaturalist-open-data.s3.amazonaws.com/photos/389705658/medium.jpg,,,
271451,Bombus crotchii,Crotch's Bumble Bee,Insecta,Crotch's Bumble Bee,32.7322055556,-116.9553527778,5.0,"Spring Valley, CA, USA",2024-06-02,2024-06-02 20:32:00 UTC,Pacific Time (US & Canada),research,4,0,False,False,https://inaturalist-open-data.s3.amazonaws.com/photos/389769645/medium.jpeg,,"released after photo
hilltopping on laurel sumac",
271451,Bombus crotchii,Crotch's Bumble Bee,Insecta,Crotch's Bumble Bee,33.2533499,-117.1828608,,"Bonsall, CA, USA",2024-06-03,2024-06-03 17:45:51 UTC,Pacific Time (US & Canada),research,3,0,False,False,https://inaturalist-open-data.s3.amazonaws.com/photos/390233149/medium.jpeg,,,
271451,Bombus crotchii,Crotch's Bumble Bee,Insecta,Crotch's Bumble Bee,32.7236656572,-116.9928114116,9.0,"La Presa, CA, USA",2024-06-04,2024-06-04 21:08:35 UTC,Pacific Time (US & Canada),research,3,0,False,False,https://inaturalist-open-data.s3.amazonaws.com/photos/390624334/medium.jpeg,,,
271451,Bombus crotchii,Crotch's Bumble Bee,Insecta,Bombus crotchii,32.72582,-116.994995,8.0,"Spring Valley, CA, US",2024-06-04,2024-06-05 01:26:02 UTC,Pacific Time (US & Canada),research,9,0,False,False,https://inaturalist-open-data.s3.amazonaws.com/photos/390769742/medium.jpg,,,
271451,Bombus crotchii,Crotch's Bumble Bee,Insecta,Crotch's Bumble Bee,33.385085,-117.2824016667,,"San Diego County, CA, USA",2024-06-06,2024-06-06 20:31:00 UTC,Pacific Time (US & Canada),research,2,0,False,False,https://inaturalist-open-data.s3.amazonaws.com/photos/391311772/medium.jpg,,,
271451,Bombus crotchii,Crotch's Bumble Bee,Insecta,Crotch's Bumble Bee,33.3847583333,-117.2818933333,,"San Diego County, CA, USA",2024-06-06,2024-06-06 20:26:00 UTC,Pacific Time (US & Canada),research,2,0,False,False,https://inaturalist-open-data.s3.amazonaws.com/photos/391311795/medium.jpg,,,
271451,Bombus crotchii,Crotch's Bumble Bee,Insecta,Crotch's Bumble Bee,33.3660133333,-117.26178,3.0,"Marine Corps Base Camp Pendleton, Fallbrook, CA, US",2024-06-07,2024-06-07 21:06:19 UTC,Pacific Time (US & Canada),research,2,0,False,False,https://inaturalist-open-data.s3.amazonaws.com/photos/391672988/medium.jpg,,On Phacelia ramosissima,
271451,Bombus crotchii,Crotch's Bumble Bee,Insecta,Crotch's Bumble Bee,33.0043880302,-117.0070625296,36.0,"Lake Poway, Poway, CA, US",2024-06-08,2024-06-08 18:35:24 UTC,Pacific Time (US & Canada),research,2,0,False,False,https://inaturalist-open-data.s3.amazonaws.com/photos/392067986/medium.jpg,,,
271451,Bombus crotchii,Crotch's Bumble Bee,Insecta,Crotch's Bumble Bee,32.6813540681,-116.2739586048,396.0,"Boulevard, CA, US",2024-06-09,2024-06-09 16:51:11 UTC,Pacific Time (US & Canada),research,4,0,False,False,https://inaturalist-open-data.s3.amazonaws.com/photos/392496966/medium.jpg,,,
271451,Bombus crotchii,Crotch's Bumble Bee,Insecta,Crotch's Bumble Bee,33.3069083333,-117.3226166667,3.0,"Marine Corps Base Camp Pendleton, Camp Pendleton, CA, US",2024-06-11,2024-06-11 16:35:01 UTC,Pacific Time (US & Canada),research,2,0,False,False,https://inaturalist-open-data.s3.amazonaws.com/photos/393315734/medium.jpg,,,
271451,Bombus crotchii,Crotch's Bumble Bee,Insecta,Crotch's Bumble Bee,33.307151806,-117.3225398486,102.0,"Marine Corps Base Camp Pendleton, Camp Pendleton, CA, US",2024-06-11,2024-06-11 16:44:27 UTC,Pacific Time (US & Canada),research,2,0,False,False,https://inaturalist-open-data.s3.amazonaws.com/photos/393315769/medium.jpg,,,
271451,Bombus crotchii,Crotch's Bumble Bee,Insecta,Crotch's Bumble Bee,33.3068425361,-117.3225481,24.0,"Marine Corps Base Camp Pendleton, Camp Pendleton, CA, US",2024-06-11,2024-06-11 17:29:30 UTC,Pacific Time (US & Canada),research,2,0,False,False,https://inaturalist-open-data.s3.amazonaws.com/photos/393331232/medium.jpg,,At least three workers foraging on Salvia apiana,
271451,Bombus crotchii,Crotch's Bumble Bee,Insecta,Crotch's Bumble Bee,33.3049514054,-117.3237446107,34.0,"Marine Corps Base Camp Pendleton, Camp Pendleton, CA, US",2024-06-11,2024-06-11 17:45:35 UTC,Pacific Time (US & Canada),research,2,0,False,False,https://inaturalist-open-data.s3.amazonaws.com/photos/393337166/medium.jpg,,Worker Salvia melifera,
271451,Bombus crotchii,Crotch's Bumble Bee,Insecta,Crotch's Bumble Bee,33.3013416667,-117.3281566667,,"Camp Pendleton North, CA, USA",2024-06-11,2024-06-11 20:07:00 UTC,Pacific Time (US & Canada),research,3,0,False,False,https://inaturalist-open-data.s3.amazonaws.com/photos/393480587/medium.jpg,,At least two males definitively observed at that same time but they were frequently chasing other Bombus flying by high in the air that I could not ID. ,
271451,Bombus crotchii,Crotch's Bumble Bee,Insecta,Crotch's Bumble Bee,33.30135,-117.3281633333,,"Camp Pendleton North, CA, USA",2024-06-11,2024-06-11 20:21:00 UTC,Pacific Time (US & Canada),research,3,0,False,False,https://inaturalist-open-data.s3.amazonaws.com/photos/393480787/medium.jpg,,,
271451,Bombus crotchii,Crotch's Bumble Bee,Insecta,Crotch's Bumble Bee,32.8403745104,-117.0383004631,27.0,"Lake Murray, San Diego, CA, USA",2024-06-12,2024-06-12 19:40:00 UTC,Pacific Time (US & Canada),research,4,0,False,False,https://inaturalist-open-data.s3.amazonaws.com/photos/393799026/medium.jpeg,,,
271451,Bombus crotchii,Crotch's Bumble Bee,Insecta,Crotch's Bumble Bee,33.3014483333,-117.3280166667,,"Camp Pendleton North, CA, USA",2024-06-12,2024-06-12 19:44:00 UTC,Pacific Time (US & Canada),research,2,0,False,False,https://inaturalist-open-data.s3.amazonaws.com/photos/393938403/medium.jpg,,,
271451,Bombus crotchii,Crotch's Bumble Bee,Insecta,Crotch's Bumble Bee,33.2804016667,-117.31718,,"San Diego County, CA, USA",2024-06-12,2024-06-12 18:58:00 UTC,Pacific Time (US & Canada),research,2,0,False,False,https://inaturalist-open-data.s3.amazonaws.com/photos/393938412/medium.jpg,,,
271451,Bombus crotchii,Crotch's Bumble Bee,Insecta,Crotch's Bumble Bee,33.2868866667,-117.31513,,"Camp Pendleton North, CA, USA",2024-06-12,2024-06-12 18:16:00 UTC,Pacific Time (US & Canada),research,2,0,False,False,https://inaturalist-open-data.s3.amazonaws.com/photos/393938516/medium.jpg,,,
271451,Bombus crotchii,Crotch's Bumble Bee,Insecta,Crotch's Bumble Bee,33.2879816667,-117.3164766667,,"Camp Pendleton North, CA, USA",2024-06-12,2024-06-12 16:21:00 UTC,Pacific Time (US & Canada),research,2,0,False,False,https://inaturalist-open-data.s3.amazonaws.com/photos/393941228/medium.jpg,,,
271451,Bombus crotchii,Crotch's Bumble Bee,Insecta,Crotch's Bumble Bee,33.2879683333,-117.3164333333,,"Camp Pendleton North, CA, USA",2024-06-12,2024-06-12 16:21:00 UTC,Pacific Time (US & Canada),research,2,0,False,False,https://inaturalist-open-data.s3.amazonaws.com/photos/393941340/medium.jpg,,,
271451,Bombus crotchii,Crotch's Bumble Bee,Insecta,Crotch's Bumble Bee,32.5370496921,-116.9525942161,5.0,United States,2024-06-14,2024-06-14 17:46:22 UTC,Pacific Time (US & Canada),research,3,0,False,True,https://inaturalist-open-data.s3.amazonaws.com/photos/394498449/medium.jpeg,,,
271451,Bombus crotchii,Crotch's Bumble Bee,Insecta,Crotch's Bumble Bee,32.88633,-117.0378888333,4.0,"Scripps Ranch, San Diego, CA, US",2024-06-14,2024-06-14 20:24:53 UTC,Pacific Time (US & Canada),research,3,0,False,False,https://static.inaturalist.org/photos/394555087/medium.jpg,,,
271451,Bombus crotchii,Crotch's Bumble Bee,Insecta,Crotch's Bumble Bee,32.6224633333,-116.865945,4.0,"Otay Ranch, Jamul, CA, US",2024-06-14,2024-06-14 18:00:38 UTC,Pacific Time (US & Canada),research,3,0,False,False,https://inaturalist-open-data.s3.amazonaws.com/photos/394694293/medium.jpg,,,
271451,Bombus crotchii,Crotch's Bumble Bee,Insecta,Crotch's Bumble Bee,32.8329916667,-117.0722805,3.0,"Mission Trails Regional Park, San Diego, CA, US",2024-06-15,2024-06-15 15:09:18 UTC,Pacific Time (US & Canada),research,2,0,False,False,https://static.inaturalist.org/photos/394836636/medium.jpg,,,
271451,Bombus crotchii,Crotch's Bumble Bee,Insecta,Crotch's Bumble Bee,32.8333133333,-117.0721666667,4.0,"Mission Trails Regional Park, San Diego, CA, US",2024-06-15,2024-06-15 18:23:10 UTC,Pacific Time (US & Canada),research,5,0,False,False,https://static.inaturalist.org/photos/394957338/medium.jpg,,,
271451,Bombus crotchii,Crotch's Bumble Bee,Insecta,Crotch's Bumble Bee,32.8333366667,-117.0721888333,4.0,"Mission Trails Regional Park, San Diego, CA, US",2024-06-15,2024-06-15 18:11:12 UTC,Pacific Time (US & Canada),research,2,0,False,False,https://static.inaturalist.org/photos/394971259/medium.jpg,,,
271451,Bombus crotchii,Crotch's Bumble Bee,Insecta,Crotch's Bumble Bee,33.0776888333,-117.1485221667,3.0,"Elfin Forest Recreational Reserve, Escondido, CA, US",2024-06-16,2024-06-16 14:49:24 UTC,Pacific Time (US & Canada),research,3,0,False,False,https://static.inaturalist.org/photos/395278985/medium.jpg,,,
271451,Bombus crotchii,Crotch's Bumble Bee,Insecta,Crotch's Bumble Bee,33.0482833333,-117.0895528333,4.0,"San Dieguito River Park, San Diego, CA, US",2024-06-16,2024-06-16 16:08:38 UTC,Pacific Time (US & Canada),research,3,0,False,False,https://static.inaturalist.org/photos/395366638/medium.jpg,,,
271451,Bombus crotchii,Crotch's Bumble Bee,Insecta,Crotch's Bumble Bee,32.9147216667,-116.8454283333,4.0,"El Cajon Mountain Summit Trail, Lakeside, CA, US",2024-06-16,2024-06-16 16:35:29 UTC,Pacific Time (US & Canada),research,4,0,False,False,https://inaturalist-open-data.s3.amazonaws.com/photos/395496266/medium.jpg,,,
271451,Bombus crotchii,Crotch's Bumble Bee,Insecta,Crotch's Bumble Bee,33.0324445,-116.91738,13.0,"Ramona, CA, US",2024-06-16,2024-06-16 18:03:22 UTC,Pacific Time (US & Canada),research,3,0,False,False,https://static.inaturalist.org/photos/395505076/medium.jpg,,,
271451,Bombus crotchii,Crotch's Bumble Bee,Insecta,Crotch's Bumble Bee,33.2857833333,-117.40729,,"San Diego County, CA, USA",2024-06-15,2024-06-15 18:07:00 UTC,Pacific Time (US & Canada),research,1,0,False,False,https://inaturalist-open-data.s3.amazonaws.com/photos/395578685/medium.jpg,,,
271451,Bombus crotchii,Crotch's Bumble Bee,Insecta,Crotch's Bumble Bee,33.228129,-117.372934,10.0,"Camp Pendleton South, CA 92058, USA",2024-06-17,2024-06-17 17:36:00 UTC,Pacific Time (US & Canada),research,3,0,False,False,https://inaturalist-open-data.s3.amazonaws.com/photos/395945826/medium.jpg,,,
271451,Bombus crotchii,Crotch's Bumble Bee,Insecta,Crotch's Bumble Bee,32.83318,-117.0757138333,4.0,"Mission Trails Regional Park, San Diego, CA, US",2024-06-18,2024-06-18 16:54:11 UTC,Pacific Time (US & Canada),research,2,0,False,False,https://inaturalist-open-data.s3.amazonaws.com/photos/396292237/medium.jpg,,,
271451,Bombus crotchii,Crotch's Bumble Bee,Insecta,Crotch's Bumble Bee,32.8346133333,-117.0759111667,4.0,"Mission Trails Regional Park, San Diego, CA, US",2024-06-18,2024-06-18 17:30:21 UTC,Pacific Time (US & Canada),research,3,0,False,False,https://inaturalist-open-data.s3.amazonaws.com/photos/396295059/medium.jpg,,"My second Bombus crotchii 35 minutes after the first one of the day was observed earlier on trail. Both exhibiting close fly arounds, landing briefly on various flowering plant perches, then off to only return and repeat same behavior.  Not foraging but just perching and remaining still. ",
271451,Bombus crotchii,Crotch's Bumble Bee,Insecta,Crotch's Bumble Bee,33.27979,-117.318105,,"San Diego County, CA, USA",2024-06-12,2024-06-12 15:28:00 UTC,Pacific Time (US & Canada),research,2,0,False,False,https://inaturalist-open-data.s3.amazonaws.com/photos/396375161/medium.jpg,,Definativly at  least 6 bees at within this patch of Salvia apiana. It's difficult to tell which are which from photos  but I tired to get pics of all of them and post the clearest ones.,
271451,Bombus crotchii,Crotch's Bumble Bee,Insecta,Crotch's Bumble Bee,33.2799,-117.3180516667,,"San Diego County, CA, USA",2024-06-12,2024-06-12 15:28:00 UTC,Pacific Time (US & Canada),research,2,0,False,False,https://inaturalist-open-data.s3.amazonaws.com/photos/396375166/medium.jpg,,,
271451,Bombus crotchii,Crotch's Bumble Bee,Insecta,Crotch's Bumble Bee,33.2796666667,-117.3180183333,,"San Diego County, CA, USA",2024-06-12,2024-06-12 15:23:00 UTC,Pacific Time (US & Canada),research,2,0,False,False,https://inaturalist-open-data.s3.amazonaws.com/photos/396375179/medium.jpg,,,
271451,Bombus crotchii,Crotch's Bumble Bee,Insecta,Crotch's Bumble Bee,33.27973,-117.3181933333,,"San Diego County, CA, USA",2024-06-12,2024-06-12 15:06:00 UTC,Pacific Time (US & Canada),research,1,0,False,False,https://inaturalist-open-data.s3.amazonaws.com/photos/396375190/medium.jpg,,,
271451,Bombus crotchii,Crotch's Bumble Bee,Insecta,Crotch's Bumble Bee,33.279865,-117.31801,,"San Diego County, CA, USA",2024-06-12,2024-06-12 15:01:00 UTC,Pacific Time (US & Canada),research,2,0,False,False,https://inaturalist-open-data.s3.amazonaws.com/photos/396375202/medium.jpg,,,
271451,Bombus crotchii,Crotch's Bumble Bee,Insecta,Crotch's Bumble Bee,33.2797483333,-117.31801,,"San Diego County, CA, USA",2024-06-12,2024-06-12 15:04:00 UTC,Pacific Time (US & Canada),research,1,0,False,False,https://inaturalist-open-data.s3.amazonaws.com/photos/396375192/medium.jpg,,,
271451,Bombus crotchii,Crotch's Bumble Bee,Insecta,Crotch's Bumble Bee,33.2798316667,-117.31812,,"San Diego, California, United States",2024-06-12,2024-06-12 15:21:00 UTC,Pacific Time (US & Canada),research,1,0,False,False,https://inaturalist-open-data.s3.amazonaws.com/photos/396375189/medium.jpg,,,
271451,Bombus crotchii,Crotch's Bumble Bee,Insecta,Crotch's Bumble Bee,33.285265,-117.31882,,"San Diego County, CA, USA",2024-06-12,2024-06-12 16:20:00 UTC,Pacific Time (US & Canada),research,2,0,False,False,https://inaturalist-open-data.s3.amazonaws.com/photos/396382582/medium.jpg,,,
271451,Bombus crotchii,Crotch's Bumble Bee,Insecta,Crotch's Bumble Bee,33.2851833333,-117.3189816667,,"San Diego County, CA, USA",2024-06-12,2024-06-12 16:10:00 UTC,Pacific Time (US & Canada),research,2,0,False,False,https://inaturalist-open-data.s3.amazonaws.com/photos/396382581/medium.jpg,,Definitively at least 4 bees between two patches of Salvia apiana.,
271451,Bombus crotchii,Crotch's Bumble Bee,Insecta,Crotch's Bumble Bee,33.2851766667,-117.3190333333,,"San Diego County, CA, USA",2024-06-12,2024-06-12 16:10:00 UTC,Pacific Time (US & Canada),research,2,0,False,False,https://inaturalist-open-data.s3.amazonaws.com/photos/396382579/medium.jpg,,,
271451,Bombus crotchii,Crotch's Bumble Bee,Insecta,Crotch's Bumble Bee,33.2853383333,-117.3188733333,,"San Diego County, CA, USA",2024-06-12,2024-06-12 16:08:00 UTC,Pacific Time (US & Canada),research,2,0,False,False,https://inaturalist-open-data.s3.amazonaws.com/photos/396382598/medium.jpg,,,
271451,Bombus crotchii,Crotch's Bumble Bee,Insecta,Crotch's Bumble Bee,33.28532,-117.3187933333,,"San Diego, California, United States",2024-06-12,2024-06-12 16:07:00 UTC,Pacific Time (US & Canada),research,1,0,False,False,https://inaturalist-open-data.s3.amazonaws.com/photos/396382607/medium.jpg,,,
271451,Bombus crotchii,Crotch's Bumble Bee,Insecta,Crotch's Bumble Bee,33.2880016667,-117.3164866667,,"Camp Pendleton North, CA, USA",2024-06-12,2024-06-12 16:22:00 UTC,Pacific Time (US & Canada),research,1,0,False,False,https://inaturalist-open-data.s3.amazonaws.com/photos/396386784/medium.jpg,,,
271451,Bombus crotchii,Crotch's Bumble Bee,Insecta,Crotch's Bumble Bee,33.2874866667,-117.3156483333,,"San Diego, California, United States",2024-06-12,2024-06-12 16:29:00 UTC,Pacific Time (US & Canada),research,1,0,False,False,https://inaturalist-open-data.s3.amazonaws.com/photos/396389992/medium.jpg,,,
271451,Bombus crotchii,Crotch's Bumble Bee,Insecta,Crotch's Bumble Bee,33.2874866667,-117.3156483333,,"San Diego, California, United States",2024-06-12,2024-06-12 16:29:00 UTC,Pacific Time (US & Canada),research,2,0,False,False,https://inaturalist-open-data.s3.amazonaws.com/photos/396389993/medium.jpg,,,
271451,Bombus crotchii,Crotch's Bumble Bee,Insecta,Crotch's Bumble Bee,33.2868883333,-117.3150866667,,"Camp Pendleton North, CA, USA",2024-06-12,2024-06-12 16:34:00 UTC,Pacific Time (US & Canada),research,1,0,False,False,https://inaturalist-open-data.s3.amazonaws.com/photos/396392673/medium.jpg,,,
271451,Bombus crotchii,Crotch's Bumble Bee,Insecta,Crotch's Bumble Bee,33.2867066667,-117.3150416667,,"Camp Pendleton North, CA, USA",2024-06-12,2024-06-12 17:16:00 UTC,Pacific Time (US & Canada),research,2,0,False,False,https://inaturalist-open-data.s3.amazonaws.com/photos/396393244/medium.jpg,,,
271451,Bombus crotchii,Crotch's Bumble Bee,Insecta,Crotch's Bumble Bee,33.3318716667,-116.901725,4.0,"Palomar Mountain State Park, Palomar Mountain, CA, US",2024-06-18,2024-06-18 21:17:24 UTC,Pacific Time (US & Canada),research,3,0,False,False,https://inaturalist-open-data.s3.amazonaws.com/photos/396734200/medium.jpg,,Visiting grape soda lupines,
271451,Bombus crotchii,Crotch's Bumble Bee,Insecta,Crotch's Bumble Bee,32.964822261,-116.8136774185,10.0,"San Diego County, US-CA, US",2024-06-20,2024-06-20 18:21:27 UTC,Pacific Time (US & Canada),research,4,0,False,True,https://inaturalist-open-data.s3.amazonaws.com/photos/397343784/medium.jpg,,Found foraging on Monardella viminea ,
271451,Bombus crotchii,Crotch's Bumble Bee,Insecta,Crotch's Bumble Bee,32.9766101173,-116.8267323468,10.0,"San Diego County, US-CA, US",2024-06-20,2024-06-20 14:58:21 UTC,Pacific Time (US & Canada),research,3,0,False,True,https://inaturalist-open-data.s3.amazonaws.com/photos/397352811/medium.jpg,,Unsure of the species.,
271451,Bombus crotchii,Crotch's Bumble Bee,Insecta,Crotch's Bumble Bee,32.6957727561,-116.8740969641,149.0,"Otay Ranch, Chula Vista, CA, USA",2024-06-21,2024-06-21 16:30:00 UTC,Pacific Time (US & Canada),research,4,0,False,False,https://inaturalist-open-data.s3.amazonaws.com/photos/397459586/medium.jpeg,,,
271451,Bombus crotchii,Crotch's Bumble Bee,Insecta,Crotch's Bumble Bee,32.6957185829,-116.8736678106,169.0,"Otay Ranch, Chula Vista, CA, USA",2024-06-21,2024-06-21 16:36:00 UTC,Pacific Time (US & Canada),research,3,0,False,False,https://inaturalist-open-data.s3.amazonaws.com/photos/397462368/medium.jpeg,,,
271451,Bombus crotchii,Crotch's Bumble Bee,Insecta,Crotch's Bumble Bee,33.105536051,-117.1695651733,23.0,"San Marcos, CA, US",2024-06-21,2024-06-21 15:00:00 UTC,Pacific Time (US & Canada),research,2,0,False,False,https://static.inaturalist.org/photos/397471204/medium.jpg,,,
271451,Bombus crotchii,Crotch's Bumble Bee,Insecta,Crotch's Bumble Bee,32.6575609037,-116.8322599998,2209.0,United States,2024-06-14,2024-06-14 18:01:32 UTC,Pacific Time (US & Canada),research,3,0,False,True,https://static.inaturalist.org/photos/397508158/medium.jpg,,,
271451,Bombus crotchii,Crotch's Bumble Bee,Insecta,Crotch's Bumble Bee,32.8351033333,-117.0749195,4.0,"Mission Trails Regional Park, San Diego, CA, US",2024-06-22,2024-06-22 15:18:01 UTC,Pacific Time (US & Canada),research,4,0,False,False,https://static.inaturalist.org/photos/397729542/medium.jpg,,Captured/released under CDFW SCP  ,
271451,Bombus crotchii,Crotch's Bumble Bee,Insecta,Crotch's Bumble Bee,33.0374583333,-116.9508888889,,"Ramona, CA 92065, USA",2024-06-19,2024-06-20 02:12:20 UTC,Pacific Time (US & Canada),research,4,0,False,False,https://inaturalist-open-data.s3.amazonaws.com/photos/398552136/medium.jpeg,,Biggest bumblebee I've seen. On milkweed.,
271451,Bombus crotchii,Crotch's Bumble Bee,Insecta,Crotch's Bumble Bee,32.8314083333,-117.077025,4.0,"Mission Trails Regional Park, San Diego, CA, US",2024-06-25,2024-06-25 16:39:15 UTC,Pacific Time (US & Canada),research,3,0,False,False,https://inaturalist-open-data.s3.amazonaws.com/photos/399268654/medium.jpg,,,
271451,Bombus crotchii,Crotch's Bumble Bee,Insecta,Crotch's Bumble Bee,32.8331666667,-117.0757611667,4.0,"Mission Trails Regional Park, San Diego, CA, US",2024-06-25,2024-06-25 17:18:15 UTC,Pacific Time (US & Canada),research,3,0,False,False,https://inaturalist-open-data.s3.amazonaws.com/photos/399269491/medium.jpg,,Seen perched on several bushes only to fly off in pursuit and return to same perches. ,
271451,Bombus crotchii,Crotch's Bumble Bee,Insecta,Crotch's Bumble Bee,32.8331833333,-117.0757528333,4.0,"Mission Trails Regional Park, San Diego, CA, US",2024-06-25,2024-06-25 18:26:48 UTC,Pacific Time (US & Canada),research,4,0,False,False,https://inaturalist-open-data.s3.amazonaws.com/photos/399279876/medium.jpg,,"Saw this same bee (I think!) an hour earlier: https://www.inaturalist.org/observations/225214426.  
On my return trip, this Bombus crotchii is still here, flying around a Malosma laurina bush and landing & perching on flower cluster buds. It appears to be pursuing other insects? Thought it warranted a second observation.",
271451,Bombus crotchii,Crotch's Bumble Bee,Insecta,Crotch's Bumble Bee,33.3901583333,-117.2850533333,,"San Diego County, CA, USA",2024-06-26,2024-06-26 20:07:00 UTC,Pacific Time (US & Canada),research,3,0,False,False,https://inaturalist-open-data.s3.amazonaws.com/photos/399672685/medium.jpg,,,
271451,Bombus crotchii,Crotch's Bumble Bee,Insecta,Crotch's Bumble Bee,33.39022,-117.2854216667,,"San Diego County, CA, USA",2024-06-26,2024-06-26 20:04:00 UTC,Pacific Time (US & Canada),research,3,0,False,False,https://inaturalist-open-data.s3.amazonaws.com/photos/399672686/medium.jpg,,,
271451,Bombus crotchii,Crotch's Bumble Bee,Insecta,Crotch's Bumble Bee,33.3901466667,-117.2855766667,,"San Diego County, CA, USA",2024-06-26,2024-06-26 20:01:00 UTC,Pacific Time (US & Canada),research,3,0,False,False,https://inaturalist-open-data.s3.amazonaws.com/photos/399672703/medium.jpg,,,
271451,Bombus crotchii,Crotch's Bumble Bee,Insecta,Crotch's Bumble Bee,33.384715,-117.2820916667,,"San Diego County, CA, USA",2024-06-26,2024-06-26 19:43:00 UTC,Pacific Time (US & Canada),research,3,0,False,False,https://inaturalist-open-data.s3.amazonaws.com/photos/399672720/medium.jpg,,Two males foraging together on Salvia apiana,
271451,Bombus crotchii,Crotch's Bumble Bee,Insecta,Crotch's Bumble Bee,33.384715,-117.2820916667,,"San Diego County, CA, USA",2024-06-26,2024-06-26 19:43:00 UTC,Pacific Time (US & Canada),research,3,0,False,False,https://inaturalist-open-data.s3.amazonaws.com/photos/399672735/medium.jpg,,Two males foraging together on Salvia apiana,
271451,Bombus crotchii,Crotch's Bumble Bee,Insecta,Crotch's Bumble Bee,33.3298566667,-117.2808483333,,"San Diego County, CA, USA",2024-06-26,2024-06-26 19:02:00 UTC,Pacific Time (US & Canada),research,3,0,False,False,https://inaturalist-open-data.s3.amazonaws.com/photos/399672737/medium.jpg,,,
271451,Bombus crotchii,Crotch's Bumble Bee,Insecta,Crotch's Bumble Bee,33.3850566667,-117.2822033333,,"San Diego, California, United States",2024-06-26,2024-06-26 19:48:00 UTC,Pacific Time (US & Canada),research,3,0,False,False,https://inaturalist-open-data.s3.amazonaws.com/photos/399672717/medium.jpg,,,
271451,Bombus crotchii,Crotch's Bumble Bee,Insecta,Crotch's Bumble Bee,33.3568933333,-117.2843616667,,"San Diego County, CA, USA",2024-06-27,2024-06-27 18:39:00 UTC,Pacific Time (US & Canada),research,3,0,False,False,https://inaturalist-open-data.s3.amazonaws.com/photos/400109386/medium.jpg,,,
271451,Bombus crotchii,Crotch's Bumble Bee,Insecta,Crotch's Bumble Bee,32.8220111111,-117.0756916667,4.0,"San Diego, CA, USA",2024-06-27,2024-06-27 20:33:00 UTC,Pacific Time (US & Canada),research,3,0,False,False,https://inaturalist-open-data.s3.amazonaws.com/photos/400109920/medium.jpeg,,,
271451,Bombus crotchii,Crotch's Bumble Bee,Insecta,Crotch's Bumble Bee,32.8460787293,-117.0427507291,374.0,"San Diego, CA, USA",2024-06-12,2024-06-12 21:13:00 UTC,Pacific Time (US & Canada),research,5,0,False,False,https://inaturalist-open-data.s3.amazonaws.com/photos/400124840/medium.jpeg,,,
271451,Bombus crotchii,Crotch's Bumble Bee,Insecta,Crotch's Bumble Bee,32.8310007541,-117.0768213272,16.0,"Mission Trails Regional Park, San Diego, CA, USA",2024-06-29,2024-06-29 20:35:00 UTC,Pacific Time (US & Canada),research,4,0,False,False,https://inaturalist-open-data.s3.amazonaws.com/photos/400843179/medium.jpg,,Sipping nectar on Laurel Sumac and sitting on spent plants beneath the sumac.,
271451,Bombus crotchii,Crotch's Bumble Bee,Insecta,Crotch's Bumble Bee,32.8301929403,-116.9980202595,,"San Diego County, US-CA, US",2024-06-28,2024-06-28 17:37:10 UTC,Pacific Time (US & Canada),research,3,0,False,True,https://inaturalist-open-data.s3.amazonaws.com/photos/400858603/medium.jpeg,,,
271451,Bombus crotchii,Crotch's Bumble Bee,Insecta,Crotch's Bumble Bee,32.831425,-117.0770416667,4.0,"Mission Trails Regional Park, San Diego, CA, US",2024-06-29,2024-06-29 20:23:51 UTC,Pacific Time (US & Canada),research,3,0,False,False,https://inaturalist-open-data.s3.amazonaws.com/photos/400875386/medium.jpg,,,
271451,Bombus crotchii,Crotch's Bumble Bee,Insecta,Crotch's Bumble Bee,32.8331533333,-117.0757833333,4.0,"Mission Trails Regional Park, San Diego, CA, US",2024-07-01,2024-07-01 18:00:08 UTC,Pacific Time (US & Canada),research,4,0,False,False,https://inaturalist-open-data.s3.amazonaws.com/photos/401793639/medium.jpg,,,
271451,Bombus crotchii,Crotch's Bumble Bee,Insecta,Crotch's Bumble Bee,33.0324445,-116.91738,13.0,"Ramona, CA, US",2024-06-16,2024-06-16 18:03:22 UTC,Pacific Time (US & Canada),research,5,0,False,False,https://static.inaturalist.org/photos/401853766/medium.jpg,,,
271451,Bombus crotchii,Crotch's Bumble Bee,Insecta,Crotch's Bumble Bee,32.989164015,-116.9754147545,5.0,"San Diego County, US-CA, US",2024-06-28,2024-06-28 17:36:18 UTC,Pacific Time (US & Canada),research,3,0,False,True,https://inaturalist-open-data.s3.amazonaws.com/photos/402241571/medium.jpg,,,
271451,Bombus crotchii,Crotch's Bumble Bee,Insecta,Crotch's Bumble Bee,32.9998162572,-116.5228448106,,"San Diego County, US-CA, US",2024-07-03,2024-07-03 16:00:49 UTC,Pacific Time (US & Canada),research,4,0,False,True,https://inaturalist-open-data.s3.amazonaws.com/photos/402563586/medium.jpeg,,,
271451,Bombus crotchii,Crotch's Bumble Bee,Insecta,Crotch's Bumble Bee,32.5883650557,-117.0692778379,250.0,"Otay Mesa West, San Diego, CA, USA",2024-05-29,,Pacific Time (US & Canada),research,4,0,False,False,https://static.inaturalist.org/photos/402619401/medium.jpeg,,,
271451,Bombus crotchii,Crotch's Bumble Bee,Insecta,Crotch's Bumble Bee,33.34472,-117.2595133333,4.0,"Marine Corps Base Camp Pendleton, Fallbrook, CA, US",2024-07-05,2024-07-05 16:57:23 UTC,Pacific Time (US & Canada),research,2,0,False,False,https://inaturalist-open-data.s3.amazonaws.com/photos/403281611/medium.jpg,,,
271451,Bombus crotchii,Crotch's Bumble Bee,Insecta,Crotch's Bumble Bee,33.3581834472,-117.1429811211,6.0,"San Diego County, CA, USA",2024-07-02,2024-07-02 19:48:00 UTC,Pacific Time (US & Canada),research,3,0,False,False,https://inaturalist-open-data.s3.amazonaws.com/photos/403344237/medium.png,,I did not see any pollen attached to back legs. ,
271451,Bombus crotchii,Crotch's Bumble Bee,Insecta,Crotch's Bumble Bee,33.3319966667,-117.2564466667,,"San Diego County, CA, USA",2024-07-05,2024-07-05 19:33:00 UTC,Pacific Time (US & Canada),research,2,0,False,False,https://inaturalist-open-data.s3.amazonaws.com/photos/403422817/medium.jpg,,Worker,
271451,Bombus crotchii,Crotch's Bumble Bee,Insecta,Crotch's Bumble Bee,33.3321633333,-117.2564183333,,"San Diego County, CA, USA",2024-07-05,2024-07-05 18:34:00 UTC,Pacific Time (US & Canada),research,2,0,False,False,https://inaturalist-open-data.s3.amazonaws.com/photos/403422816/medium.jpg,,Worker,
271451,Bombus crotchii,Crotch's Bumble Bee,Insecta,Crotch's Bumble Bee,33.332207,-117.256201,3.0,"San Diego County, CA, USA",2024-07-05,2024-07-05 18:29:00 UTC,Pacific Time (US & Canada),research,2,0,False,False,https://inaturalist-open-data.s3.amazonaws.com/photos/403422837/medium.jpg,,Male,
271451,Bombus crotchii,Crotch's Bumble Bee,Insecta,Crotch's Bumble Bee,32.5660903784,-117.1276148319,222.0,"Imperial Beach, CA, USA",2024-07-06,2024-07-06 20:53:00 UTC,Pacific Time (US & Canada),research,4,0,False,False,https://inaturalist-open-data.s3.amazonaws.com/photos/403977354/medium.jpeg,,,
271451,Bombus crotchii,Crotch's Bumble Bee,Insecta,Crotch's Bumble Bee,32.9350570366,-117.1729928047,7.0,"Los Peñasquitos Canyon Preserve, San Diego, CA, US",2024-07-10,2024-07-11 00:18:38 UTC,Pacific Time (US & Canada),research,4,0,False,False,https://inaturalist-open-data.s3.amazonaws.com/photos/405574799/medium.jpg,,,
271451,Bombus crotchii,Crotch's Bumble Bee,Insecta,Crotch's Bumble Bee,33.33868,-117.2803033333,,"San Diego County, CA, USA",2024-07-10,2024-07-10 22:34:00 UTC,Pacific Time (US & Canada),research,3,0,False,False,https://inaturalist-open-data.s3.amazonaws.com/photos/405596588/medium.jpg,,,
271451,Bombus crotchii,Crotch's Bumble Bee,Insecta,Crotch's Bumble Bee,33.3324616667,-117.299695,,"San Diego County, CA, USA",2024-07-10,2024-07-10 18:25:00 UTC,Pacific Time (US & Canada),research,2,0,False,False,https://inaturalist-open-data.s3.amazonaws.com/photos/405596599/medium.jpg,,,
271451,Bombus crotchii,Crotch's Bumble Bee,Insecta,Bombus crotchii,32.9230783333,-116.990745,4.0,"Sycamore Canyon/Goodan Ranch County Preserve, San Diego, CA, US",2024-07-11,2024-07-11 15:40:10 UTC,Pacific Time (US & Canada),research,3,0,False,False,https://static.inaturalist.org/photos/405908787/medium.jpeg,,,
271451,Bombus crotchii,Crotch's Bumble Bee,Insecta,Bombus crotchii,32.92312,-116.990745,4.0,"Sycamore Canyon/Goodan Ranch County Preserve, San Diego, CA, US",2024-07-11,2024-07-11 15:39:51 UTC,Pacific Time (US & Canada),research,2,0,False,False,https://static.inaturalist.org/photos/405922337/medium.jpeg,,,
271451,Bombus crotchii,Crotch's Bumble Bee,Insecta,Crotch's Bumble Bee,32.9230994997,-116.9907371,,"Rancho Encantada, San Diego, CA, USA",2024-07-11,2024-07-11 15:40:56 UTC,Pacific Time (US & Canada),research,4,0,False,False,https://inaturalist-open-data.s3.amazonaws.com/photos/405962041/medium.jpeg,,,
271451,Bombus crotchii,Crotch's Bumble Bee,Insecta,Crotch's Bumble Bee,32.9231000997,-116.9907393,,"Rancho Encantada, San Diego, CA, USA",2024-07-11,2024-07-11 15:39:47 UTC,Pacific Time (US & Canada),research,4,1,False,False,https://inaturalist-open-data.s3.amazonaws.com/photos/405962242/medium.jpeg,,,
271451,Bombus crotchii,Crotch's Bumble Bee,Insecta,Crotch's Bumble Bee,32.8633475997,-116.4620823,,"Mt Laguna, CA 91948, USA",2024-07-13,2024-07-13 21:07:46 UTC,Pacific Time (US & Canada),research,4,0,False,False,https://inaturalist-open-data.s3.amazonaws.com/photos/406750469/medium.jpeg,,,
271451,Bombus crotchii,Crotch's Bumble Bee,Insecta,Crotch's Bumble Bee,33.173255,-117.276725,7.0,"Carlsbad, CA, US",2024-07-15,2024-07-15 18:08:14 UTC,Pacific Time (US & Canada),research,3,0,False,False,https://static.inaturalist.org/photos/407520705/medium.jpeg,,,
271451,Bombus crotchii,Crotch's Bumble Bee,Insecta,Crotch's Bumble Bee,33.3524633333,-116.5663616667,26.0,"Warner Springs, CA, US",2024-07-16,2024-07-16 22:46:47 UTC,Pacific Time (US & Canada),research,3,0,False,False,https://inaturalist-open-data.s3.amazonaws.com/photos/407956526/medium.jpeg,,,
271451,Bombus crotchii,Crotch's Bumble Bee,Insecta,Crotch's Bumble Bee,33.1148219739,-117.0284411005,4.0,"San Diego County, US-CA, US",2024-07-16,2024-07-16 21:33:16 UTC,Pacific Time (US & Canada),research,3,0,False,True,https://inaturalist-open-data.s3.amazonaws.com/photos/408250599/medium.jpeg,,,
271451,Bombus crotchii,Crotch's Bumble Bee,Insecta,Crotch's Bumble Bee,33.109878558,-117.0740884862,4.0,"San Diego County, US-CA, US",2024-07-16,2024-07-16 21:27:29 UTC,Pacific Time (US & Canada),research,4,0,False,True,https://inaturalist-open-data.s3.amazonaws.com/photos/408250732/medium.jpeg,,,
271451,Bombus crotchii,Crotch's Bumble Bee,Insecta,Crotch's Bumble Bee,32.9230916667,-116.9907616667,3.0,"Sycamore Canyon/Goodan Ranch County Preserve, San Diego, CA, US",2024-07-11,2024-07-11 15:40:06 UTC,Pacific Time (US & Canada),research,3,0,False,False,https://inaturalist-open-data.s3.amazonaws.com/photos/408672761/medium.jpeg,,,
271451,Bombus crotchii,Crotch's Bumble Bee,Insecta,Crotch's Bumble Bee,32.8391383333,-117.0456,4.0,"Mission Trails Regional Park, San Diego, CA, US",2024-07-19,2024-07-19 18:33:08 UTC,Pacific Time (US & Canada),research,4,0,False,False,https://inaturalist-open-data.s3.amazonaws.com/photos/409065969/medium.jpeg,,"Alkali heliotrope (Heliotropium curassavicum) patch was in full bloom and attracted lots of attention from pollinators. 
Never seen Bombus on this flower before but this is the taller version not the creeper.",
271451,Bombus crotchii,Crotch's Bumble Bee,Insecta,Crotch's Bumble Bee,33.2943800228,-117.0679112524,1802.0,"Valley Center, CA 92082, USA",2024-07-20,2024-07-20 18:20:41 UTC,Pacific Time (US & Canada),research,4,0,False,False,https://inaturalist-open-data.s3.amazonaws.com/photos/409385784/medium.jpeg,,,
271451,Bombus crotchii,Crotch's Bumble Bee,Insecta,Crotch's Bumble Bee,32.7270354933,-116.6988223731,101.0,"Cleveland National Forest, Jamul, CA, US",2024-07-12,2024-07-12 21:36:00 UTC,Pacific Time (US & Canada),research,3,0,False,False,https://inaturalist-open-data.s3.amazonaws.com/photos/409468795/medium.jpeg,,,
271451,Bombus crotchii,Crotch's Bumble Bee,Insecta,Crotch's Bumble Bee,33.1216209478,-117.1800351808,175.0,Discovery Lake alternate trail,2024-07-27,2024-07-27 17:50:00 UTC,Pacific Time (US & Canada),research,4,0,False,False,https://inaturalist-open-data.s3.amazonaws.com/photos/412465345/medium.jpeg,,,
271451,Bombus crotchii,Crotch's Bumble Bee,Insecta,Crotch's Bumble Bee,32.835155,-117.0740445,4.0,"Mission Trails Regional Park, San Diego, CA, US",2024-07-28,2024-07-28 16:32:11 UTC,Pacific Time (US & Canada),research,5,0,False,False,https://inaturalist-open-data.s3.amazonaws.com/photos/412789397/medium.jpeg,,Observed on Salvia apiana. Yellow hair bands were sparse and patchy. ,
271451,Bombus crotchii,Crotch's Bumble Bee,Insecta,Crotch's Bumble Bee,32.78618,-116.9887166667,44.0,"Harry Griffen Regional Park, La Mesa, CA, US",2024-07-31,2024-07-31 20:12:45 UTC,Pacific Time (US & Canada),research,5,0,False,False,https://inaturalist-open-data.s3.amazonaws.com/photos/413967149/medium.jpeg,,Released after photos,
271451,Bombus crotchii,Crotch's Bumble Bee,Insecta,Crotch's Bumble Bee,33.2265058164,-117.2858100457,8.0,"Pomani Ct, Oceanside, CA, US",2024-08-01,2024-08-01 20:55:41 UTC,Pacific Time (US & Canada),research,5,0,False,False,https://inaturalist-open-data.s3.amazonaws.com/photos/414343539/medium.jpeg,,@jessmullans,
271451,Bombus crotchii,Crotch's Bumble Bee,Insecta,Crotch's Bumble Bee,32.8231866667,-117.0753778333,7.0,"Mission Trails Regional Park, San Diego, CA, US",2024-08-01,2024-08-01 17:38:35 UTC,Pacific Time (US & Canada),research,6,0,False,False,https://inaturalist-open-data.s3.amazonaws.com/photos/414377693/medium.jpeg,,,
271451,Bombus crotchii,Crotch's Bumble Bee,Insecta,Crotch's Bumble Bee,32.8927916667,-117.0914833333,3.0,"Scripps Ranch, San Diego, CA, US",2024-08-01,2024-08-01 18:10:11 UTC,Pacific Time (US & Canada),research,5,0,False,False,https://inaturalist-open-data.s3.amazonaws.com/photos/414469308/medium.jpeg,,Found dead,
271451,Bombus crotchii,Crotch's Bumble Bee,Insecta,Crotch's Bumble Bee,33.1000735423,-117.0956683785,24.0,"Felicita, Escondido, CA 92029, USA",2024-08-05,2024-08-06 02:48:00 UTC,Pacific Time (US & Canada),research,4,0,False,False,https://inaturalist-open-data.s3.amazonaws.com/photos/416108110/medium.jpg,,,Bumble Bee
271451,Bombus crotchii,Crotch's Bumble Bee,Insecta,Crotch's Bumble Bee,32.616068547,-116.5837920993,24.0,"Potrero, CA, US",2024-08-06,2024-08-07 00:13:06 UTC,Pacific Time (US & Canada),research,6,0,False,False,https://inaturalist-open-data.s3.amazonaws.com/photos/416467740/medium.jpeg,,,
271451,Bombus crotchii,Crotch's Bumble Bee,Insecta,Crotch's Bumble Bee,33.332066,-117.256367,3.0,"San Diego County, CA, USA",2024-07-18,2024-07-18 17:46:00 UTC,Pacific Time (US & Canada),research,3,0,False,False,https://inaturalist-open-data.s3.amazonaws.com/photos/417106566/medium.jpg,,,
271451,Bombus crotchii,Crotch's Bumble Bee,Insecta,Crotch's Bumble Bee,32.7608078,-116.9990221,187.0,"9246 Edgewood Dr, La Mesa, CA 91941, USA",2025-02-09,2025-02-09 23:12:00 UTC,Pacific Time (US & Canada),research,6,0,False,False,https://inaturalist-open-data.s3.amazonaws.com/photos/469189084/medium.jpeg,,on salvia mellifera and brandegeei. massive bee!,
271451,Bombus crotchii,Crotch's Bumble Bee,Insecta,Crotch's Bumble Bee,33.032641801,-116.9179049178,20.0,"Ramona, CA, US",2024-06-16,2024-06-16 17:24:00 UTC,Pacific Time (US & Canada),research,4,0,False,False,https://static.inaturalist.org/photos/476649705/medium.jpg,,,
271451,Bombus crotchii,Crotch's Bumble Bee,Insecta,Crotch's Bumble Bee,32.6736375422,-117.2421751591,3.0,"Point Loma, San Diego, CA, USA",2025-03-17,2025-03-17 18:03:00 UTC,Pacific Time (US & Canada),research,8,0,False,False,https://inaturalist-open-data.s3.amazonaws.com/photos/477435777/medium.jpg,,,
271451,Bombus crotchii,Crotch's Bumble Bee,Insecta,Crotch's Bumble Bee,33.3188527778,-117.4609111111,,"San Diego, California, United States",2025-03-20,2025-03-20 18:33:00 UTC,Pacific Time (US & Canada),research,5,0,False,False,https://inaturalist-open-data.s3.amazonaws.com/photos/478135484/medium.jpeg,,Foraging on Astragalus trichopodus,
271451,Bombus crotchii,Crotch's Bumble Bee,Insecta,Crotch's Bumble Bee,32.7287601101,-116.9935244572,180.0,"Ivy St, Spring Valley, CA, US",2025-03-28,2025-03-28 18:40:29 UTC,Pacific Time (US & Canada),research,8,0,False,False,https://static.inaturalist.org/photos/480505397/medium.jpg,,,
271451,Bombus crotchii,Crotch's Bumble Bee,Insecta,Crotch's Bumble Bee,32.6343275468,-116.9225171943,156.0,Otay Lakes Road,2025-04-06,2025-04-06 18:52:00 UTC,Pacific Time (US & Canada),research,5,0,False,False,https://inaturalist-open-data.s3.amazonaws.com/photos/483690864/medium.jpeg,,,
271451,Bombus crotchii,Crotch's Bumble Bee,Insecta,Crotch's Bumble Bee,32.6595492817,-116.9331494352,244.0,"San Diego County, CA, USA",2025-04-12,2025-04-12 20:28:00 UTC,Pacific Time (US & Canada),research,4,0,False,False,https://inaturalist-open-data.s3.amazonaws.com/photos/485658069/medium.jpg,,,
271451,Bombus crotchii,Crotch's Bumble Bee,Insecta,Crotch's Bumble Bee,32.9982725392,-117.10702135,3.0,"San Diego County, US-CA, US",2025-04-14,2025-04-14 20:38:42 UTC,Pacific Time (US & Canada),research,5,0,False,True,https://static.inaturalist.org/photos/486499963/medium.jpg,,Observed visiting the flowers of Eriodictyon crassifolium,"Eriodictyon crassifolium, Queen"
271451,Bombus crotchii,Crotch's Bumble Bee,Insecta,Crotch's Bumble Bee,32.7322650807,-117.1475641429,5.0,"Balboa Park, San Diego, CA, USA",2025-04-11,2025-04-12 02:42:26 UTC,Pacific Time (US & Canada),casual,2,0,True,False,https://static.inaturalist.org/photos/486543446/medium.jpeg,,,
271451,Bombus crotchii,Crotch's Bumble Bee,Insecta,Crotch's Bumble Bee,33.3555416667,-117.29338,62.0,"Marine Corps Base Camp Pendleton, Fallbrook, CA, US",2025-04-16,2025-04-16 16:50:51 UTC,Pacific Time (US & Canada),research,3,0,False,False,https://inaturalist-open-data.s3.amazonaws.com/photos/487143531/medium.jpg,,"Queen caste, observed flying low through CSS. Appeared to be searching for burrows. ",
271451,Bombus crotchii,Crotch's Bumble Bee,Insecta,Crotch's Bumble Bee,33.3850116667,-117.2824383333,8.0,"Marine Corps Base Camp Pendleton, Fallbrook, CA, US",2025-04-16,2025-04-16 18:48:01 UTC,Pacific Time (US & Canada),research,4,0,False,False,https://inaturalist-open-data.s3.amazonaws.com/photos/487303684/medium.jpg,,Queen caste individual observed investigating burrows.,
271451,Bombus crotchii,Crotch's Bumble Bee,Insecta,Crotch's Bumble Bee,32.641705,-116.8563889722,,"Otay Ranch, Chula Vista, CA, USA",2025-04-11,2025-04-11 18:06:54 UTC,Pacific Time (US & Canada),research,5,0,False,False,https://inaturalist-open-data.s3.amazonaws.com/photos/488880937/medium.jpeg,,,
271451,Bombus crotchii,Crotch's Bumble Bee,Insecta,Crotch's Bumble Bee,32.83595,-117.0744166667,2.0,"Mission Trails Regional Parl, San Diego, CA, US",2025-04-20,2025-04-20 18:06:55 UTC,Pacific Time (US & Canada),research,6,0,False,False,https://inaturalist-open-data.s3.amazonaws.com/photos/489026427/medium.jpg,,,
271451,Bombus crotchii,Crotch's Bumble Bee,Insecta,Crotch's Bumble Bee,32.83673,-117.0746,4.0,"Mission Trails Regional Park, San Diego, CA, US",2025-04-20,2025-04-20 18:17:09 UTC,Pacific Time (US & Canada),research,4,0,False,False,https://inaturalist-open-data.s3.amazonaws.com/photos/489031730/medium.jpg,,Could be same individual observed a short time earlier and about 50 yards away. ,
271451,Bombus crotchii,Crotch's Bumble Bee,Insecta,Crotch's Bumble Bee,32.8286533333,-117.0681445,4.0,"Mission Trails Regional Park, San Diego, CA, US",2025-04-21,2025-04-21 18:17:23 UTC,Pacific Time (US & Canada),research,3,0,False,False,https://inaturalist-open-data.s3.amazonaws.com/photos/489482562/medium.jpg,,,
271451,Bombus crotchii,Crotch's Bumble Bee,Insecta,Crotch's Bumble Bee,32.7608078,-116.9990221,187.0,"9246 Edgewood Dr, La Mesa, CA 91941, USA",2025-04-23,2025-04-23 23:34:00 UTC,Pacific Time (US & Canada),research,2,0,False,False,https://inaturalist-open-data.s3.amazonaws.com/photos/490472267/medium.jpeg,,on black sage,
271451,Bombus crotchii,Crotch's Bumble Bee,Insecta,Crotch's Bumble Bee,32.797244044,-116.9407769909,38.0,United States,2025-04-24,2025-04-24 19:26:54 UTC,Pacific Time (US & Canada),research,3,0,False,True,https://static.inaturalist.org/photos/490844563/medium.jpeg,,,
271451,Bombus crotchii,Crotch's Bumble Bee,Insecta,Crotch's Bumble Bee,32.8460638889,-117.0491444444,,"San Diego, CA 92119, USA",2025-04-25,2025-04-26 00:13:10 UTC,Pacific Time (US & Canada),research,3,0,False,False,https://inaturalist-open-data.s3.amazonaws.com/photos/491895499/medium.jpeg,,Deceased,
271451,Bombus crotchii,Crotch's Bumble Bee,Insecta,Crotch's Bumble Bee,33.3326260875,-117.3084131131,5.0,"San Diego County, CA, USA",2025-04-19,2025-04-19 16:21:00 UTC,Pacific Time (US & Canada),research,2,0,False,False,https://inaturalist-open-data.s3.amazonaws.com/photos/492039786/medium.jpg,,,
271451,Bombus crotchii,Crotch's Bumble Bee,Insecta,Crotch's Bumble Bee,33.3298916667,-117.2819883333,4.0,"Marine Corps Base Camp Pendleton, Fallbrook, CA, US",2025-04-26,2025-04-26 16:36:38 UTC,Pacific Time (US & Canada),research,4,0,False,False,https://inaturalist-open-data.s3.amazonaws.com/photos/492573772/medium.jpg,,Forging on Acmispon glaber ,
271451,Bombus crotchii,Crotch's Bumble Bee,Insecta,Crotch's Bumble Bee,33.3300583333,-117.2829366667,2.0,"Marine Corps Base Camp Pendleton, Fallbrook, CA, US",2025-04-26,2025-04-26 17:25:13 UTC,Pacific Time (US & Canada),research,4,0,False,False,https://inaturalist-open-data.s3.amazonaws.com/photos/492646986/medium.jpg,,Queen caste observed flying low to ground through CSS investigating multiple burrows. ,
271451,Bombus crotchii,Crotch's Bumble Bee,Insecta,Crotch's Bumble Bee,33.3464666667,-117.272885,,"San Diego County, CA, USA",2025-04-26,2025-04-26 19:16:00 UTC,Pacific Time (US & Canada),research,4,0,False,False,https://inaturalist-open-data.s3.amazonaws.com/photos/492923564/medium.jpg,,,
271451,Bombus crotchii,Crotch's Bumble Bee,Insecta,Crotch's Bumble Bee,32.822655,-117.0784083333,4.0,"Mission Trails Regional Park, San Diego, CA, US",2025-04-26,2025-04-26 18:52:59 UTC,Pacific Time (US & Canada),research,4,0,False,False,https://inaturalist-open-data.s3.amazonaws.com/photos/493144789/medium.jpg,,,
271451,Bombus crotchii,Crotch's Bumble Bee,Insecta,Crotch's Bumble Bee,32.8668533333,-116.8881383333,8.0,"Lakeside, CA, US",2025-04-27,2025-04-27 23:45:28 UTC,Pacific Time (US & Canada),research,3,0,False,False,https://inaturalist-open-data.s3.amazonaws.com/photos/497057784/medium.jpg,,,
271451,Bombus crotchii,Crotch's Bumble Bee,Insecta,Crotch's Bumble Bee,33.3434592801,-117.1936204582,58.0,"San Diego County, CA, USA",2025-04-29,2025-04-29 22:33:00 UTC,Pacific Time (US & Canada),research,1,0,False,False,https://inaturalist-open-data.s3.amazonaws.com/photos/497075188/medium.png,,I think this is Crotch's Bumblebee queen. She was moving very fast in the warm weather. ,
271451,Bombus crotchii,Crotch's Bumble Bee,Insecta,Crotch's Bumble Bee,33.2883233791,-116.9570801566,31.0,"San Diego County, CA, USA",2025-05-01,2025-05-01 18:33:00 UTC,Pacific Time (US & Canada),research,2,0,False,False,https://inaturalist-open-data.s3.amazonaws.com/photos/498800158/medium.jpeg,,,
271451,Bombus crotchii,Crotch's Bumble Bee,Insecta,Crotch's Bumble Bee,32.846395,-117.1391916667,12.0,"Miramar, San Diego, CA, US",2025-05-03,2025-05-03 17:18:30 UTC,Pacific Time (US & Canada),research,3,0,False,False,https://inaturalist-open-data.s3.amazonaws.com/photos/499927514/medium.jpg,,On Deerweed. So excited to find this species today!,
271451,Bombus crotchii,Crotch's Bumble Bee,Insecta,Crotch's Bumble Bee,32.8463722222,-117.1391666667,,"San Diego, California, United States",2025-05-03,2025-05-03 17:21:00 UTC,Pacific Time (US & Canada),research,4,0,False,False,https://inaturalist-open-data.s3.amazonaws.com/photos/499954389/medium.jpg,,,
271451,Bombus crotchii,Crotch's Bumble Bee,Insecta,Crotch's Bumble Bee,32.8425278918,-117.1463602243,1.0,"Miramar, San Diego, CA, USA",2025-05-03,2025-05-03 19:04:00 UTC,Pacific Time (US & Canada),research,5,0,False,False,https://inaturalist-open-data.s3.amazonaws.com/photos/499964109/medium.jpg,,One of two large queens foraging on this Lathryrus.,
271451,Bombus crotchii,Crotch's Bumble Bee,Insecta,Crotch's Bumble Bee,32.8424892707,-117.1463298872,1.0,"Miramar, San Diego, CA, USA",2025-05-03,2025-05-03 19:05:00 UTC,Pacific Time (US & Canada),research,5,0,False,False,https://inaturalist-open-data.s3.amazonaws.com/photos/499970355/medium.jpg,,One of two large queens foraging on this Lathryrus.,
271451,Bombus crotchii,Crotch's Bumble Bee,Insecta,Crotch's Bumble Bee,32.62283,-116.916345,13.0,"Chula Vista, CA, US",2025-05-06,2025-05-06 20:40:41 UTC,Pacific Time (US & Canada),research,2,0,False,False,https://inaturalist-open-data.s3.amazonaws.com/photos/501097569/medium.jpg,,,
271451,Bombus crotchii,Crotch's Bumble Bee,Insecta,Crotch's Bumble Bee,32.5666350428,-117.1232595444,61.0,"Imperial Beach, CA, USA",2025-05-10,2025-05-10 16:59:00 UTC,Pacific Time (US & Canada),research,3,0,False,False,https://inaturalist-open-data.s3.amazonaws.com/photos/502912246/medium.jpeg,,,
271451,Bombus crotchii,Crotch's Bumble Bee,Insecta,Crotch's Bumble Bee,32.8369633333,-117.0739666667,9.0,"Mission Trails Regional Park, San Diego, CA, US",2025-05-11,2025-05-11 17:30:54 UTC,Pacific Time (US & Canada),research,3,0,False,False,https://static.inaturalist.org/photos/503387803/medium.jpg,,Male,
271451,Bombus crotchii,Crotch's Bumble Bee,Insecta,Crotch's Bumble Bee,33.3309277108,-117.3270465061,6.0,"Camp Pendleton North, CA, USA",2025-05-12,2025-05-12 16:57:13 UTC,Pacific Time (US & Canada),research,3,0,False,False,https://inaturalist-open-data.s3.amazonaws.com/photos/503982924/medium.jpeg,,On Salvia in ornamental landscape,
271451,Bombus crotchii,Crotch's Bumble Bee,Insecta,Crotch's Bumble Bee,32.6027836709,-116.8369554823,24.0,United States,2025-05-15,2025-05-15 23:09:09 UTC,Pacific Time (US & Canada),research,1,0,False,True,https://static.inaturalist.org/photos/505434862/medium.jpg,,,
271451,Bombus crotchii,Crotch's Bumble Bee,Insecta,Crotch's Bumble Bee,32.6723131997,-116.9606493997,,"Chula Vista, CA 91914, USA",2025-05-02,2025-05-02 18:55:56 UTC,Pacific Time (US & Canada),research,2,0,False,False,https://static.inaturalist.org/photos/508420359/medium.jpg,,,
271451,Bombus crotchii,Crotch's Bumble Bee,Insecta,Crotch's Bumble Bee,33.357499313,-117.2315957068,18.0,"Fallbrook, CA 92028, USA",2025-05-22,2025-05-22 22:15:00 UTC,Pacific Time (US & Canada),research,2,0,False,False,https://inaturalist-open-data.s3.amazonaws.com/photos/508927457/medium.jpg,,Male?,
271451,Bombus crotchii,Crotch's Bumble Bee,Insecta,Crotch's Bumble Bee,33.3574913261,-117.2315908067,34.0,"Fallbrook, CA 92028, USA",2025-05-22,2025-05-22 22:26:00 UTC,Pacific Time (US & Canada),research,2,0,False,False,https://inaturalist-open-data.s3.amazonaws.com/photos/508931433/medium.jpg,,Native garden at Fallbrook Land Conservancy has more bumblebees and carpenter bees than honeybees!,
271451,Bombus crotchii,Crotch's Bumble Bee,Insecta,Crotch's Bumble Bee,32.73218,-117.1477445,5.0,"Balboa Park, San Diego, CA, US",2025-05-23,2025-05-23 20:53:42 UTC,Pacific Time (US & Canada),research,4,0,False,False,https://static.inaturalist.org/photos/509367555/medium.jpg,,,
271451,Bombus crotchii,Crotch's Bumble Bee,Insecta,Crotch's Bumble Bee,32.6827633106,-116.8344505618,60.0,"Jamul, CA, US",2025-05-16,2025-05-16 18:16:00 UTC,Pacific Time (US & Canada),research,4,0,False,False,https://inaturalist-open-data.s3.amazonaws.com/photos/510399683/medium.jpg,,,
271451,Bombus crotchii,Crotch's Bumble Bee,Insecta,Crotch's Bumble Bee,32.8205121,-117.0953343,,"Tierrasanta, San Diego, CA 92124, USA",2025-05-25,2025-05-25 23:13:34 UTC,Pacific Time (US & Canada),research,6,0,False,False,https://static.inaturalist.org/photos/511028834/medium.jpg,,"Just one organism observed at 32.8205121, -117.095334

Spotted in walkway bordering canyon",
271451,Bombus crotchii,Crotch's Bumble Bee,Insecta,Crotch's Bumble Bee,32.7319416667,-117.1469278333,3.0,"Balboa Park, San Diego, CA, US",2025-05-30,2025-05-30 20:37:19 UTC,Pacific Time (US & Canada),research,2,0,False,False,https://static.inaturalist.org/photos/513087513/medium.jpg,,Visiting flowers of Salvia clevelandii,
271451,Bombus crotchii,Crotch's Bumble Bee,Insecta,Crotch's Bumble Bee,32.8897093415,-117.1159514144,1.0,"Scripps Ranch, San Diego, CA, USA",2025-06-02,2025-06-02 16:45:00 UTC,Pacific Time (US & Canada),research,4,0,False,False,https://inaturalist-open-data.s3.amazonaws.com/photos/514862149/medium.jpg,,,
271451,Bombus crotchii,Crotch's Bumble Bee,Insecta,Crotch's Bumble Bee,32.7714972222,-116.9528805556,,"Casa De Oro-Mount Helix, CA, USA",2025-06-03,2025-06-03 19:42:53 UTC,Pacific Time (US & Canada),research,3,0,False,False,https://static.inaturalist.org/photos/515392242/medium.jpg,,,
271451,Bombus crotchii,Crotch's Bumble Bee,Insecta,Crotch's Bumble Bee,32.7720954776,-116.7952199072,369.0,"San Diego County, CA, USA",2025-06-04,2025-06-04 18:18:00 UTC,Pacific Time (US & Canada),research,6,0,False,False,https://inaturalist-open-data.s3.amazonaws.com/photos/515836009/medium.jpg,,male,
271451,Bombus crotchii,Crotch's Bumble Bee,Insecta,克氏熊蜂,32.731737748,-116.9401999181,,美国加利福尼亚圣迭戈县,2024-04-27,2024-04-27 22:07:00 UTC,Pacific Time (US & Canada),research,3,0,False,False,https://static.inaturalist.org/photos/516957384/medium.jpg,,,
271451,Bombus crotchii,Crotch's Bumble Bee,Insecta,Crotch's Bumble Bee,32.8518339252,-117.047035292,24.0,"CA-52 E, San Diego, CA, US",2025-06-07,2025-06-07 22:27:08 UTC,Pacific Time (US & Canada),research,5,0,False,False,https://static.inaturalist.org/photos/517349038/medium.jpg,,Caught/released during Xerces/Bumble Bee Atlas survey ,
271451,Bombus crotchii,Crotch's Bumble Bee,Insecta,Crotch's Bumble Bee,32.8441966667,-116.9966283333,4.0,"Mast Park, Santee, CA, US",2025-06-07,2025-06-07 22:25:15 UTC,Pacific Time (US & Canada),research,3,0,False,False,https://inaturalist-open-data.s3.amazonaws.com/photos/517369523/medium.jpg,,,
271451,Bombus crotchii,Crotch's Bumble Bee,Insecta,Crotch's Bumble Bee,32.8441966667,-116.996645,4.0,"Mast Park, Santee, CA, US",2025-06-07,2025-06-07 22:24:26 UTC,Pacific Time (US & Canada),research,3,0,False,False,https://inaturalist-open-data.s3.amazonaws.com/photos/517400091/medium.jpg,,,
271451,Bombus crotchii,Crotch's Bumble Bee,Insecta,Crotch's Bumble Bee,33.0168900715,-116.9118046583,27.0,"Highland Valley Rd, Ramona, CA, US",2025-06-11,2025-06-11 20:00:00 UTC,Pacific Time (US & Canada),research,3,0,False,False,https://static.inaturalist.org/photos/519558796/medium.jpg,,,
271451,Bombus crotchii,Crotch's Bumble Bee,Insecta,Crotch's Bumble Bee,33.1851630345,-116.8652139675,3.0,"San Diego County, US-CA, US",2025-06-16,2025-06-17 01:17:25 UTC,Pacific Time (US & Canada),research,3,0,False,True,https://static.inaturalist.org/photos/522295408/medium.jpg,,,
271451,Bombus crotchii,Crotch's Bumble Bee,Insecta,Crotch's Bumble Bee,33.357807,-117.231547,1.0,"Fallbrook, CA 92028, USA",2025-06-19,2025-06-19 19:23:00 UTC,Pacific Time (US & Canada),research,3,0,False,False,https://inaturalist-open-data.s3.amazonaws.com/photos/523788143/medium.jpg,,,
271451,Bombus crotchii,Crotch's Bumble Bee,Insecta,Crotch's Bumble Bee,33.3574179258,-117.2316379169,8.0,"S Stage Coach Ln, Fallbrook, CA, US",2025-06-19,2025-06-19 19:03:00 UTC,Pacific Time (US & Canada),research,2,0,False,False,https://inaturalist-open-data.s3.amazonaws.com/photos/523788196/medium.jpg,,,
271451,Bombus crotchii,Crotch's Bumble Bee,Insecta,Crotch's Bumble Bee,33.1374683959,-116.9868077021,36.0,"San Diego County, US-CA, US",2025-06-27,2025-06-28 00:04:03 UTC,Pacific Time (US & Canada),research,4,0,False,True,https://static.inaturalist.org/photos/529246620/medium.jpg,,,
271451,Bombus crotchii,Crotch's Bumble Bee,Insecta,Crotch's Bumble Bee,33.1494360993,-116.8108302957,4.0,"San Diego County, US-CA, US",2025-07-01,2025-07-01 16:22:38 UTC,Pacific Time (US & Canada),research,2,0,False,True,https://static.inaturalist.org/photos/529836061/medium.jpg,,,
271451,Bombus crotchii,Crotch's Bumble Bee,Insecta,Crotch's Bumble Bee,33.1579082868,-116.8142835765,4.0,"San Diego County, US-CA, US",2025-07-01,2025-07-01 16:18:37 UTC,Pacific Time (US & Canada),research,2,0,False,True,https://static.inaturalist.org/photos/529836523/medium.jpg,,,
271451,Bombus crotchii,Crotch's Bumble Bee,Insecta,Crotch's Bumble Bee,32.8447634651,-116.4431881301,4094.0,"San Diego County, CA, USA",2025-07-02,2025-07-02 19:08:00 UTC,Pacific Time (US & Canada),research,4,0,False,False,https://inaturalist-open-data.s3.amazonaws.com/photos/530830042/medium.jpg,,,
271451,Bombus crotchii,Crotch's Bumble Bee,Insecta,Crotch's Bumble Bee,33.3766033333,-117.2817533333,,"San Diego County, CA, USA",2025-07-09,2025-07-09 20:17:00 UTC,Pacific Time (US & Canada),research,3,0,False,False,https://inaturalist-open-data.s3.amazonaws.com/photos/534262258/medium.jpg,,,
271451,Bombus crotchii,Crotch's Bumble Bee,Insecta,Crotch's Bumble Bee,32.8673916667,-116.4187472222,1.0,"Mt Laguna, CA 91948, USA",2025-07-17,2025-07-17 21:21:00 UTC,Pacific Time (US & Canada),research,4,0,False,False,https://inaturalist-open-data.s3.amazonaws.com/photos/538368222/medium.jpg,,,
271451,Bombus crotchii,Crotch's Bumble Bee,Insecta,Crotch's Bumble Bee,32.847613,-117.0696154,,"San Diego, CA 92124, USA",2025-06-12,2025-06-12 18:24:03 UTC,Pacific Time (US & Canada),research,3,0,False,False,https://inaturalist-open-data.s3.amazonaws.com/photos/540353754/medium.jpg,,,
271451,Bombus crotchii,Crotch's Bumble Bee,Insecta,Crotch's Bumble Bee,32.8208091447,-117.0569365534,122.0,"San Carlos, San Diego, CA, USA",2021-05-07,2021-05-07 16:56:00 UTC,Pacific Time (US & Canada),research,3,0,False,False,https://inaturalist-open-data.s3.amazonaws.com/photos/561070462/medium.jpg,,,
271451,Bombus crotchii,Crotch's Bumble Bee,Insecta,Crotch's Bumble Bee,32.72410278,-116.98452778,,"San Diego, California, United States",2024-04-03,2024-04-03 23:45:00 UTC,Pacific Time (US & Canada),research,3,0,False,False,https://inaturalist-open-data.s3.amazonaws.com/photos/588155058/medium.jpg,,,
271451,Bombus crotchii,Crotch's Bumble Bee,Insecta,Crotch's Bumble Bee,32.8919666667,-117.018775,14.0,"Scripps Ranch, San Diego, CA, US",2024-06-21,2024-06-21 14:52:47 UTC,Pacific Time (US & Canada),research,4,0,False,False,https://inaturalist-open-data.s3.amazonaws.com/photos/618168625/medium.jpg,,,
271451,Bombus crotchii,Crotch's Bumble Bee,Insecta,Crotch's Bumble Bee,33.3472633333,-117.2694616667,,"San Diego County, CA, USA",2026-03-13,2026-03-13 20:20:00 UTC,Pacific Time (US & Canada),research,4,0,False,False,https://inaturalist-open-data.s3.amazonaws.com/photos/624334593/medium.jpg,,Queen caste foraging on Lupinus longifolius,
271451,Bombus crotchii,Crotch's Bumble Bee,Insecta,Crotch's Bumble Bee,33.0324244366,-116.9176174801,18.0,"Ramona, CA, US",2025-06-27,2025-06-28 00:04:03 UTC,Pacific Time (US & Canada),research,3,0,False,False,https://static.inaturalist.org/photos/624808473/medium.jpg,,,
271451,Bombus crotchii,Crotch's Bumble Bee,Insecta,Crotch's Bumble Bee,33.3840283333,-117.280865,,"San Diego County, CA, USA",2026-03-16,2026-03-16 16:18:00 UTC,Pacific Time (US & Canada),research,4,0,False,False,https://inaturalist-open-data.s3.amazonaws.com/photos/625580381/medium.jpg,,Foraging on Lupinus longifolius.,
271451,Bombus crotchii,Crotch's Bumble Bee,Insecta,Crotch's Bumble Bee,33.2937730827,-116.7098103644,,"California, US",2026-03-26,2026-03-26 18:27:00 UTC,Pacific Time (US & Canada),research,3,0,False,True,https://inaturalist-open-data.s3.amazonaws.com/photos/629442598/medium.jpg,,Foraging on Keckiella antirrhinoides,
271451,Bombus crotchii,Crotch's Bumble Bee,Insecta,Crotch's Bumble Bee,33.3791494942,-116.7527128225,,"California, US",2026-03-26,2026-03-26 18:05:00 UTC,Pacific Time (US & Canada),research,3,0,False,True,https://inaturalist-open-data.s3.amazonaws.com/photos/629442592/medium.jpg,,Briefly observed flying low to ground near multiple old gopher burrows. Possibly a queen caste individual searching for suitable nest site. ,
