taxon_id,scientific_name,common_name,iconic_taxon_name,species_guess,latitude,longitude,positional_accuracy,place_guess,observed_on,time_observed_at,time_zone,quality_grade,num_identification_agreements,num_identification_disagreements,captive_cultivated,coordinates_obscured,image_url,sound_url,description,tag_list
179819,Rallus obsoletus levipes,Light-footed Rail,Aves,Western Clapper Rail (Subspecies Rallus longirostris levipes),32.5702157239,-117.1265745163,,Tijuana River Estuary,2013-01-20,,Pacific Time (US & Canada),research,2,0,False,False,https://static.inaturalist.org/photos/256523/medium.jpg,,"I know them as ""Light-footed Clapper Rails"" but that doesn't seem to be an option. 

All pics taken at TRNERR, the head peaking out of the grass being the shot taken on January 20th, 2013.",birds
179819,Rallus obsoletus levipes,Light-footed Rail,Aves,Light-footed Rail,32.6196028,-117.1005798,,Chula Vista--J Street Marina,2012-07-15,2012-07-15 14:19:03 UTC,Pacific Time (US & Canada),research,1,0,False,False,https://inaturalist-open-data.s3.amazonaws.com/photos/282487/medium.jpg,,"San Diego County, California, US",
179819,Rallus obsoletus levipes,Light-footed Rail,Aves,Light-footed Rail,32.5729505,-117.1316451,,Imperial Beach--Seacoast Dr,2013-03-30,2013-03-30 16:06:22 UTC,Pacific Time (US & Canada),research,1,0,False,False,https://inaturalist-open-data.s3.amazonaws.com/photos/288335/medium.jpg,,"San Diego County, California, US",
179819,Rallus obsoletus levipes,Light-footed Rail,Aves,Light-footed Rail,32.5710707,-117.1290303,,Tijuana Slough NWR,2007-11-23,2007-11-23 15:17:53 UTC,Pacific Time (US & Canada),research,1,0,False,False,https://inaturalist-open-data.s3.amazonaws.com/photos/379339/medium.jpg,,"San Diego County, California, US",
179819,Rallus obsoletus levipes,Light-footed Rail,Aves,Light-footed Rail,32.5710707,-117.1290303,,Tijuana Slough NWR,2007-08-19,2007-08-19 16:14:22 UTC,Pacific Time (US & Canada),research,1,0,False,False,https://inaturalist-open-data.s3.amazonaws.com/photos/379344/medium.jpg,,"San Diego County, California, US",
179819,Rallus obsoletus levipes,Light-footed Rail,Aves,Light-footed Rail,32.57295,-117.131645,,Imperial Beach--Seacoast Dr,2008-12-13,2008-12-13 16:30:16 UTC,Pacific Time (US & Canada),research,1,0,False,False,https://static.inaturalist.org/photos/405330/medium.jpg,,"San Diego County, California, US",
179819,Rallus obsoletus levipes,Light-footed Rail,Aves,Light-footed Rail,32.57295,-117.131645,,Imperial Beach--Seacoast Dr,2009-12-31,2009-12-31 16:27:58 UTC,Pacific Time (US & Canada),research,1,0,False,False,https://static.inaturalist.org/photos/405337/medium.jpg,,"San Diego County, California, US",
179819,Rallus obsoletus levipes,Light-footed Rail,Aves,Light-footed Rail,32.57295,-117.131645,,Imperial Beach--Seacoast Dr,2009-04-19,2009-04-19 18:51:24 UTC,Pacific Time (US & Canada),research,1,0,False,False,https://static.inaturalist.org/photos/405341/medium.jpg,,"San Diego County, California, US",
179819,Rallus obsoletus levipes,Light-footed Rail,Aves,Light-footed Rail,32.751247,-117.228031,145.0,Famosa Slough,2013-09-04,2013-09-04 16:27:35 UTC,Pacific Time (US & Canada),research,1,0,False,False,https://static.inaturalist.org/photos/487396/medium.jpg,,"San Diego County, California, US",
367475,Rallus obsoletus,Ridgway's Rail,Aves,Ridgway's Rail,32.562363,-117.126777,,Tijuana Slough National Wildlife Refuge,2005-09-24,2005-09-24 23:23:00 UTC,Pacific Time (US & Canada),casual,0,0,False,False,,,A brief glance of a bird walking out into the open water before disappearing into more reeds.,
179819,Rallus obsoletus levipes,Light-footed Rail,Aves,Light-footed Rail,32.754834,-117.240472,346.0,Robb Field,2009-09-26,2009-09-27 00:16:40 UTC,Pacific Time (US & Canada),research,1,0,False,False,https://static.inaturalist.org/photos/565849/medium.jpg,,"San Diego County, California, US",
179819,Rallus obsoletus levipes,Light-footed Rail,Aves,Light-footed Rail,32.755845,-117.239785,236.0,Robb Field,2012-01-22,2012-01-22 17:52:24 UTC,Pacific Time (US & Canada),research,1,0,False,False,https://static.inaturalist.org/photos/573020/medium.jpg,,"San Diego County, California, US",
179819,Rallus obsoletus levipes,Light-footed Rail,Aves,Light-footed Rail,32.755845,-117.239785,236.0,Robb Field,2012-03-31,2012-03-31 16:07:01 UTC,Pacific Time (US & Canada),research,1,0,False,False,https://static.inaturalist.org/photos/573112/medium.jpg,,"San Diego County, California, US",
179819,Rallus obsoletus levipes,Light-footed Rail,Aves,Light-footed Rail,32.755845,-117.239785,236.0,Robb Field,2012-03-31,2012-03-31 16:06:51 UTC,Pacific Time (US & Canada),research,1,0,False,False,https://static.inaturalist.org/photos/573113/medium.jpg,,"San Diego County, California, US",
179819,Rallus obsoletus levipes,Light-footed Rail,Aves,Light-footed Rail,33.012112,-117.273028,200.0,San Elijo Lagoon,2009-08-23,2009-08-23 15:44:18 UTC,Pacific Time (US & Canada),research,1,0,False,False,https://static.inaturalist.org/photos/574147/medium.jpg,,"San Diego County, California, US",
179819,Rallus obsoletus levipes,Light-footed Rail,Aves,Light-footed Rail,33.012112,-117.273028,200.0,San Elijo Lagoon,2010-04-10,2010-04-10 14:44:48 UTC,Pacific Time (US & Canada),research,1,0,False,False,https://static.inaturalist.org/photos/574211/medium.jpg,,"San Diego County, California, US",
179819,Rallus obsoletus levipes,Light-footed Rail,Aves,Light-footed Rail,32.921682,-117.239968,156.0,Sorrento Valley--Pump Station 65,2009-07-25,2009-07-25 15:09:44 UTC,Pacific Time (US & Canada),research,1,0,False,False,https://static.inaturalist.org/photos/583011/medium.jpg,,"San Diego County, California, US",
179819,Rallus obsoletus levipes,Light-footed Rail,Aves,Light-footed Rail,32.921682,-117.239968,156.0,Sorrento Valley--Pump Station 65,2010-08-21,2010-08-21 16:11:00 UTC,Pacific Time (US & Canada),research,1,0,False,False,https://static.inaturalist.org/photos/583057/medium.jpg,,"San Diego County, California, US",
179819,Rallus obsoletus levipes,Light-footed Rail,Aves,Light-footed Rail,32.921682,-117.239968,156.0,Sorrento Valley--Pump Station 65,2011-07-31,2011-07-31 16:22:32 UTC,Pacific Time (US & Canada),research,1,0,False,False,https://static.inaturalist.org/photos/583075/medium.jpg,,"San Diego County, California, US",
179819,Rallus obsoletus levipes,Light-footed Rail,Aves,Light-footed Rail,32.56818,-117.131997,41.0,Imperial Beach--Seacoast Dr,2014-01-01,2014-01-01 19:37:00 UTC,Pacific Time (US & Canada),research,1,0,False,False,https://static.inaturalist.org/photos/622654/medium.jpg,,"San Diego County, California, US",
179819,Rallus obsoletus levipes,Light-footed Rail,Aves,Light-footed Rail,32.565094,-117.132306,170.0,Seacoast Dr--Oneota Slough,2014-03-03,2014-03-03 15:17:40 UTC,Pacific Time (US & Canada),research,1,0,False,False,https://static.inaturalist.org/photos/709231/medium.jpg,,"San Diego County, California, US",
367475,Rallus obsoletus,Ridgway's Rail,Aves,Ridgway's Rail,33.006975,-117.274139,111.0,San Elijo Lagoon,2014-10-11,,Pacific Time (US & Canada),research,1,0,False,False,https://inaturalist-open-data.s3.amazonaws.com/photos/1174362/medium.JPG,,,
367475,Rallus obsoletus,Ridgway's Rail,Aves,Ridgway's Rail,32.753095,-117.229535,,Famosa Slough,2012-10-04,2012-10-04 22:44:06 UTC,Pacific Time (US & Canada),research,2,0,False,False,https://inaturalist-open-data.s3.amazonaws.com/photos/1282495/medium.JPG,,,
367475,Rallus obsoletus,Ridgway's Rail,Aves,Ridgway's Rail,32.753095,-117.229535,,"San Diego County, US-CA, US",2012-10-18,2012-10-19 01:16:06 UTC,Pacific Time (US & Canada),research,1,0,False,False,https://inaturalist-open-data.s3.amazonaws.com/photos/1282500/medium.JPG,,,
367475,Rallus obsoletus,Ridgway's Rail,Aves,Ridgway's Rail,32.752317,-117.229014,,Famosa Slough,2012-10-18,2012-10-18 16:16:16 UTC,Pacific Time (US & Canada),research,1,0,False,False,https://inaturalist-open-data.s3.amazonaws.com/photos/1282815/medium.JPG,,,
367475,Rallus obsoletus,Ridgway's Rail,Aves,Ridgway's Rail,32.753409,-117.22969,,Famosa Slough,2013-01-17,2013-01-18 01:14:06 UTC,Pacific Time (US & Canada),research,1,0,False,False,https://inaturalist-open-data.s3.amazonaws.com/photos/1285798/medium.JPG,,,
367475,Rallus obsoletus,Ridgway's Rail,Aves,Ridgway's Rail,32.753142,-117.229545,,Famosa Slough,2013-02-26,2013-02-27 01:05:08 UTC,Pacific Time (US & Canada),research,1,0,False,False,https://inaturalist-open-data.s3.amazonaws.com/photos/1286153/medium.JPG,,,
367475,Rallus obsoletus,Ridgway's Rail,Aves,Ridgway's Rail,32.752988,-117.229502,,Famosa Slough,2012-02-28,2012-02-29 01:22:12 UTC,Pacific Time (US & Canada),research,1,0,False,False,https://inaturalist-open-data.s3.amazonaws.com/photos/1286207/medium.JPG,,,
367475,Rallus obsoletus,Ridgway's Rail,Aves,Ridgway's Rail,32.576443,-117.129021,1101.0,"Imperial Beach, CA",2011-12-24,2011-12-24 16:27:12 UTC,Pacific Time (US & Canada),research,3,0,False,False,https://static.inaturalist.org/photos/1480663/medium.jpg,,,
367475,Rallus obsoletus,Ridgway's Rail,Aves,Ridgway's Rail,33.003635,-117.275028,4.0,San Elijo lagoon,2015-01-18,,Pacific Time (US & Canada),research,3,1,False,False,https://inaturalist-open-data.s3.amazonaws.com/photos/1548199/medium.png,,,
367475,Rallus obsoletus,Ridgway's Rail,Aves,Ridgway's Rail,33.014086,-117.2767,,"California, United States",2015-04-05,2015-04-05 22:00:42 UTC,Pacific Time (US & Canada),research,1,0,False,False,https://inaturalist-open-data.s3.amazonaws.com/photos/1700949/medium.jpg,,,
367475,Rallus obsoletus,Ridgway's Rail,Aves,Ridgway's Rail,33.003468,-117.275011,4.0,San Elijo lagoon,2015-05-10,,Pacific Time (US & Canada),research,1,0,False,False,https://inaturalist-open-data.s3.amazonaws.com/photos/1833731/medium.JPG,,,
367475,Rallus obsoletus,Ridgway's Rail,Aves,Ridgway's Rail,33.003564,-117.27482,9.0,San Elijo lagoon,2015-05-10,,Pacific Time (US & Canada),research,1,0,False,False,https://inaturalist-open-data.s3.amazonaws.com/photos/1844236/medium.JPG,,baby ridgeways rails,
367475,Rallus obsoletus,Ridgway's Rail,Aves,Ridgway's Rail,33.011448,-117.274423,77.0,"San Diego, California",2014-10-01,,Eastern Time (US & Canada),research,1,0,False,False,https://inaturalist-open-data.s3.amazonaws.com/photos/2425296/medium.JPG,,,
367475,Rallus obsoletus,Ridgway's Rail,Aves,Ridgway's Rail,32.573275,-117.128059,545.0,Tijuana Slough National Wildlife Refuge,2015-10-24,2015-10-24 23:08:23 UTC,Pacific Time (US & Canada),research,2,0,False,False,https://inaturalist-open-data.s3.amazonaws.com/photos/2584811/medium.JPG,,"FYI.  From what I have read, as of July 2015, the Light-Footed Clapper rail in coastal Southern California (LA & San Diego) is now considered a sub-species of the Ridgway's rail and renamed the Light-footed Ridgway's Rail (Rallus longirostris levipes).  It is listed as endangered.",
367475,Rallus obsoletus,Ridgway's Rail,Aves,Ridgway's Rail,32.573029,-117.126566,437.0,Tijuana Slough National Wildlife Refuge,2015-10-24,2015-10-24 23:26:45 UTC,Pacific Time (US & Canada),research,2,0,False,False,https://inaturalist-open-data.s3.amazonaws.com/photos/2586681/medium.JPG,,Rallus longirostris levipes,
367475,Rallus obsoletus,Ridgway's Rail,Aves,Ridgway's Rail,32.573319,-117.126308,400.0,Tijuana Slough National Wildlife Refuge,2015-10-24,2015-10-24 23:34:20 UTC,Pacific Time (US & Canada),research,2,0,False,False,https://inaturalist-open-data.s3.amazonaws.com/photos/2586734/medium.JPG,,Rallus longirostris levipes,
367475,Rallus obsoletus,Ridgway's Rail,Aves,Ridgway's Rail,32.57274,-117.126609,421.0,Tijuana Slough National Wildlife Refuge,2015-10-24,2015-10-25 00:00:10 UTC,Pacific Time (US & Canada),research,2,0,False,False,https://inaturalist-open-data.s3.amazonaws.com/photos/2586766/medium.JPG,,Rallus longirostris levipes,
367475,Rallus obsoletus,Ridgway's Rail,Aves,Ridgway's Rail,32.573499,-117.125589,30.0,"Tiajana River Estuary Park, CA",2015-11-08,,Pacific Time (US & Canada),research,1,0,False,False,https://inaturalist-open-data.s3.amazonaws.com/photos/2649792/medium.jpg,,,
367475,Rallus obsoletus,Ridgway's Rail,Aves,Ridgway's Rail,32.571004,-117.127047,275.0,"Tijuana Slough, Imperial Beach, CA",2015-11-26,2015-11-26 19:46:33 UTC,Pacific Time (US & Canada),research,3,0,False,False,https://static.inaturalist.org/photos/2710060/medium.jpg,,,
367475,Rallus obsoletus,Ridgway's Rail,Aves,Ridgway's Rail,32.571004,-117.127047,275.0,"Tijuana Slough, Imperial Beach, CA",2015-11-26,2015-11-26 20:03:02 UTC,Pacific Time (US & Canada),research,3,0,False,False,https://static.inaturalist.org/photos/2710062/medium.jpg,,,
179819,Rallus obsoletus levipes,Light-footed Rail,Aves,Western Clapper Rail (Light-footed Clapper Rail),32.556017,-117.127858,196.0,"Tijuana Slough National Wildlife Refuge, Imperial Beach, California",2015-12-12,2015-12-12 17:27:48 UTC,Pacific Time (US & Canada),research,1,0,False,False,https://inaturalist-open-data.s3.amazonaws.com/photos/2772316/medium.JPG,,,
367475,Rallus obsoletus,Ridgway's Rail,Aves,Ridgway's Rail,32.571176,-117.125844,,"San Diego, California, United States",2015-12-27,2015-12-27 18:08:22 UTC,Pacific Time (US & Canada),research,2,0,False,False,https://static.inaturalist.org/photos/2821224/medium.jpg,,Tijuana Slough NWR,
179819,Rallus obsoletus levipes,Light-footed Rail,Aves,Western Clapper Rail (Rallus longirostris levipes),32.75375,-117.229581,356.0,Famosa Slough,2015-12-20,2015-12-21 00:16:11 UTC,Pacific Time (US & Canada),research,2,0,False,False,https://inaturalist-open-data.s3.amazonaws.com/photos/2857321/medium.JPG,,,
367475,Rallus obsoletus,Ridgway's Rail,Aves,Ridgway's Rail,33.014058,-117.252914,,San Elijo Lagoon,2016-02-20,2016-02-21 00:54:23 UTC,Pacific Time (US & Canada),research,3,0,False,False,https://inaturalist-open-data.s3.amazonaws.com/photos/3087134/medium.JPG,,,
367475,Rallus obsoletus,Ridgway's Rail,Aves,Ridgway's Rail,32.573362,-117.131467,38.0,"Seacoast Drive, Imperial Beach, CA",2015-11-25,2015-11-25 18:39:42 UTC,Pacific Time (US & Canada),research,1,0,False,False,https://inaturalist-open-data.s3.amazonaws.com/photos/3252064/medium.jpg,,"Never seen a leucistic rail before! Probably just because it's so hard to see them well, usually. There was at least 10 of these guys walking along the edge of the sidewalk because they had no where else to go! Even the sidewalk was flooded in some spots. They let you walk right up to you! ",
367475,Rallus obsoletus,Ridgway's Rail,Aves,Ridgway's Rail,32.559502,-117.127979,,"San Diego, California, United States",2016-04-17,2016-04-17 08:33:44 UTC,Pacific Time (US & Canada),research,1,0,False,False,https://inaturalist-open-data.s3.amazonaws.com/photos/3413321/medium.jpg,,,
367475,Rallus obsoletus,Ridgway's Rail,Aves,Ridgway's Rail,32.559502,-117.127979,,"San Diego, California, United States",2016-04-17,2016-04-17 08:32:47 UTC,Pacific Time (US & Canada),research,1,0,False,False,https://inaturalist-open-data.s3.amazonaws.com/photos/3413322/medium.jpg,,Male &amp; female.  I watched them mate just before this photo,
179819,Rallus obsoletus levipes,Light-footed Rail,Aves,Western Clapper Rail,33.014058,-117.252914,,San Elijo Lagoon,2016-04-12,2016-04-12 22:38:27 UTC,Pacific Time (US & Canada),research,2,0,False,False,https://inaturalist-open-data.s3.amazonaws.com/photos/3506098/medium.JPG,,,
179819,Rallus obsoletus levipes,Light-footed Rail,Aves,Light-footed Rail,33.014058,-117.252914,,San Elijo Lagoon,2016-04-12,2016-04-12 22:45:51 UTC,Pacific Time (US & Canada),research,2,0,False,False,https://inaturalist-open-data.s3.amazonaws.com/photos/3506112/medium.JPG,,,
179819,Rallus obsoletus levipes,Light-footed Rail,Aves,Western Clapper Rail,32.7555322444,-117.2465100482,120.0,"San Diego River, San Diego, CA, US",2016-01-15,2016-01-15 19:00:45 UTC,Pacific Time (US & Canada),research,1,0,False,False,https://static.inaturalist.org/photos/3816810/medium.jpg,,"[My first post! :)] 2 western clapper rail spotted at dog beach chasing each other around the marsh. I was very excited to finally make this find and get a photo.
",
367475,Rallus obsoletus,Ridgway's Rail,Aves,Ridgway's Rail,32.4918155788,-117.1163787238,20.0,United States,2010-09-09,,Pacific Time (US & Canada),research,1,0,False,True,https://static.inaturalist.org/photos/4185318/medium.jpg,,"Imperial Beach, California",
367475,Rallus obsoletus,Ridgway's Rail,Aves,Ridgway's Rail,32.7550584555,-117.2476655245,8.0,"Ocean Beach, San Diego, CA, USA",2016-09-03,2016-09-03 16:34:00 UTC,Pacific Time (US & Canada),research,3,0,False,False,https://inaturalist-open-data.s3.amazonaws.com/photos/4759078/medium.jpeg,,,
367475,Rallus obsoletus,Ridgway's Rail,Aves,Ridgway's Rail,33.0049476242,-117.2733771801,15.0,"San Elijo Lagoon, San Diego County, CA, USA",2016-09-10,2016-09-10 15:29:00 UTC,Pacific Time (US & Canada),research,1,0,False,False,https://inaturalist-open-data.s3.amazonaws.com/photos/4841850/medium.jpeg,,,
367475,Rallus obsoletus,Ridgway's Rail,Aves,Ridgway's Rail,32.575195,-117.131647,10.0,Seacoast Drive,2016-11-12,2016-11-12 17:39:19 UTC,Pacific Time (US & Canada),research,2,0,False,False,https://inaturalist-open-data.s3.amazonaws.com/photos/5615584/medium.jpg,,"Taken at the Tijuana Slough NWR along Seacoast Drive. I was hoping the tide would be high enough to try for Nelson's Sparrow, but it wasn't quite high enough for that. It was high enough to push this rail out of hiding, though! It came even closer to me than this, eventually coming too close to focus. ",
179819,Rallus obsoletus levipes,Light-footed Rail,Aves,Western Clapper Rail,32.5595972222,-117.1278861111,,"Imperial Beach, CA, USA",2016-12-26,2016-12-26 23:10:00 UTC,Pacific Time (US & Canada),research,1,0,False,False,https://inaturalist-open-data.s3.amazonaws.com/photos/5890943/medium.jpeg,,,
367475,Rallus obsoletus,Ridgway's Rail,Aves,Ridgway's Rail,32.75502,-117.2457416667,,"Ocean Beach Athletic Area, San Diego, CA, US",2016-12-27,2016-12-28 01:09:24 UTC,Pacific Time (US & Canada),research,2,0,False,False,https://static.inaturalist.org/photos/5897938/medium.jpg,,Clapper rail? Ridgeway rail? I don't know what they are called in CA any more.,
367475,Rallus obsoletus,Ridgway's Rail,Aves,Ridgway's Rail,32.5699263272,-117.1263599992,110.0,"Imperial Beach, CA, USA",2016-06-08,2016-06-08 15:38:00 UTC,Eastern Time (US & Canada),research,1,0,False,False,https://inaturalist-open-data.s3.amazonaws.com/photos/6133005/medium.jpg,,,
179819,Rallus obsoletus levipes,Light-footed Rail,Aves,Light-footed Rail,32.75523,-117.2446583333,,"San Diego River, San Diego, CA, US",2017-01-31,2017-01-31 20:20:32 UTC,Pacific Time (US & Canada),research,2,0,False,False,https://static.inaturalist.org/photos/6166526/medium.jpg,,,
367475,Rallus obsoletus,Ridgway's Rail,Aves,Ridgway's Rail,32.5752977301,-117.1316331625,4.0,"Imperial Beach, CA, USA",2017-02-11,2017-02-11 18:46:00 UTC,Pacific Time (US & Canada),research,1,0,False,False,https://inaturalist-open-data.s3.amazonaws.com/photos/6256936/medium.jpeg,,,
367475,Rallus obsoletus,Ridgway's Rail,Aves,Ridgway's Rail,33.0113625759,-117.2741174698,31.0,"Cardiff, Encinitas, CA 92007, USA",2015-11-14,2015-11-14 17:53:00 UTC,Pacific Time (US & Canada),research,1,0,False,False,https://inaturalist-open-data.s3.amazonaws.com/photos/6284706/medium.jpg,,,
367475,Rallus obsoletus,Ridgway's Rail,Aves,Ridgway's Rail,33.0117044536,-117.2727012634,31.0,"Cardiff, Encinitas, CA 92007, USA",2016-07-30,2016-07-30 15:55:00 UTC,Central Time (US & Canada),research,1,0,False,False,https://inaturalist-open-data.s3.amazonaws.com/photos/7926987/medium.jpg,,No photo geodata - location manually input from memory 1 year later. ,
367475,Rallus obsoletus,Ridgway's Rail,Aves,Ridgway's Rail,33.0114833333,-117.2740783333,,"San Elijo Lagoon County Park, Encinitas, CA, US",2017-08-08,2017-08-08 18:00:13 UTC,Pacific Time (US & Canada),research,1,0,False,False,https://static.inaturalist.org/photos/9724215/medium.jpg,,,
367475,Rallus obsoletus,Ridgway's Rail,Aves,Ridgway's Rail,32.5735166667,-117.1255166667,,"Imperial Beach, CA, USA",2017-08-21,2017-08-21 21:31:00 UTC,Pacific Time (US & Canada),research,2,0,False,False,https://inaturalist-open-data.s3.amazonaws.com/photos/9931187/medium.jpeg,,,
367475,Rallus obsoletus,Ridgway's Rail,Aves,Light-footed Rail,32.57468,-117.1272666667,,"Tijuana Slough National Wildlife Refuge, Imperial Beach, CA, US",2017-09-17,2017-09-17 18:28:07 UTC,Pacific Time (US & Canada),research,2,0,False,False,https://inaturalist-open-data.s3.amazonaws.com/photos/10563710/medium.jpg,,,
367475,Rallus obsoletus,Ridgway's Rail,Aves,Ridgway's Rail,32.5476813833,-117.1207809448,488.0,"Imperial Beach, CA, USA",2016-03-30,2016-03-30 14:08:00 UTC,Central Time (US & Canada),research,1,0,False,False,https://inaturalist-open-data.s3.amazonaws.com/photos/11125185/medium.jpeg,,,
367475,Rallus obsoletus,Ridgway's Rail,Aves,Ridgway's Rail,33.0097640944,-117.2742429226,793.0,"Cardiff, Encinitas, CA 92007, USA",2016-08-22,2016-08-22 11:23:00 UTC,Paris,research,2,0,False,False,https://inaturalist-open-data.s3.amazonaws.com/photos/11624831/medium.jpeg,,,eBird
367475,Rallus obsoletus,Ridgway's Rail,Aves,Ridgway's Rail,32.5570545,-117.1259238,1861.0,"Tijuana Slough National Wildlife Refuge, California, USA",2016-08-22,2016-08-22 06:35:00 UTC,Paris,research,2,0,False,False,https://inaturalist-open-data.s3.amazonaws.com/photos/11624889/medium.jpeg,,,eBird
367475,Rallus obsoletus,Ridgway's Rail,Aves,Ridgway's Rail,32.605749,-117.12725,55.0,"San Diego Bay National Wildlife Refuge, Imperial Beach, California",2017-12-16,2017-12-16 19:11:14 UTC,Pacific Time (US & Canada),research,2,0,False,False,https://inaturalist-open-data.s3.amazonaws.com/photos/12452161/medium.jpeg,,,
367475,Rallus obsoletus,Ridgway's Rail,Aves,Ridgway's Rail,33.00722,-117.2715,,Ejido Lagoon,2007-04-10,,Pacific Time (US & Canada),casual,0,0,False,False,,,See http://www.planetscott.com/speciesdetail/2850/ridgways-rail-(rallus-obsoletus) for more info,
367475,Rallus obsoletus,Ridgway's Rail,Aves,Ridgway's Rail,32.5914083333,-117.11815,,"Egger Highlands, San Diego, CA, USA",2018-01-03,2018-01-03 17:44:00 UTC,Central Time (US & Canada),research,1,0,False,False,https://inaturalist-open-data.s3.amazonaws.com/photos/13573514/medium.jpg,,,
367475,Rallus obsoletus,Ridgway's Rail,Aves,Ridgway's Rail,32.5718966667,-117.12618,,"Imperial Beach, CA, USA",2018-01-03,2018-01-03 20:12:00 UTC,Central Time (US & Canada),research,1,0,False,False,https://inaturalist-open-data.s3.amazonaws.com/photos/13573543/medium.jpg,,,
367475,Rallus obsoletus,Ridgway's Rail,Aves,Ridgway's Rail,32.7169133333,-117.1471916667,10.0,"C St, San Diego, CA, US",2017-01-24,2017-01-24 18:46:36 UTC,Pacific Time (US & Canada),casual,3,0,False,False,https://inaturalist-open-data.s3.amazonaws.com/photos/14116549/medium.jpg,,,
367475,Rallus obsoletus,Ridgway's Rail,Aves,Ridgway's Rail,32.755383,-117.244656,68.0,"san diego river, ocean beach, ca",2017-11-04,2017-11-04 18:01:00 UTC,Pacific Time (US & Canada),research,2,0,False,False,https://inaturalist-open-data.s3.amazonaws.com/photos/14575777/medium.jpg,,,
367475,Rallus obsoletus,Ridgway's Rail,Aves,Ridgway's Rail,32.5741551859,-117.1264779568,15.0,"Imperial Beach, CA, USA",2015-11-25,2015-11-25 18:42:00 UTC,Pacific Time (US & Canada),research,1,0,False,False,https://inaturalist-open-data.s3.amazonaws.com/photos/14816887/medium.jpeg,,,
367475,Rallus obsoletus,Ridgway's Rail,Aves,Ridgway's Rail,32.5675619029,-117.1319151166,15.0,"Imperial Beach, CA, USA",2015-11-26,2015-11-26 22:34:00 UTC,Hawaii,research,2,0,False,False,https://inaturalist-open-data.s3.amazonaws.com/photos/14884987/medium.jpeg,,,
367475,Rallus obsoletus,Ridgway's Rail,Aves,Ridgway's Rail,32.5668149563,-117.1317863703,15.0,"Imperial Beach, CA, USA",2015-11-26,2015-11-26 22:57:00 UTC,Hawaii,research,1,0,False,False,https://inaturalist-open-data.s3.amazonaws.com/photos/14885087/medium.jpeg,,Partially leucistic. ,
367475,Rallus obsoletus,Ridgway's Rail,Aves,Ridgway's Rail,33.0058802674,-117.2674562037,4.0,"Encinitas, CA, USA",2016-12-09,2016-12-09 20:10:00 UTC,Pacific Time (US & Canada),research,1,0,False,False,https://inaturalist-open-data.s3.amazonaws.com/photos/15542100/medium.jpeg,,,
367475,Rallus obsoletus,Ridgway's Rail,Aves,Ridgway's Rail,33.0118279353,-117.2743119299,2.0,"Cardiff, Encinitas, CA 92007, USA",2018-04-07,2018-04-07 23:19:00 UTC,Hawaii,research,2,0,False,False,https://inaturalist-open-data.s3.amazonaws.com/photos/15548208/medium.jpeg,,Two Ridgway's Rails hunting fiddler crabs at low tide.,
367475,Rallus obsoletus,Ridgway's Rail,Aves,Ridgway's Rail,32.560839493,-117.1066325377,740.0,"Tijuana River National Estuary, Imperial Beach, CA, US",2018-04-28,2018-04-28 22:27:22 UTC,Pacific Time (US & Canada),research,1,0,False,False,https://inaturalist-open-data.s3.amazonaws.com/photos/17127974/medium.jpg,,Tijuana Slough NWR,
367475,Rallus obsoletus,Ridgway's Rail,Aves,Ridgway's Rail,32.5718009748,-117.1253466624,59.0,"Tijuana Slough National Wildlife Refuge, Imperial Beach, CA, US",2018-05-05,2018-05-06 00:12:44 UTC,Pacific Time (US & Canada),research,1,0,False,False,https://static.inaturalist.org/photos/17567639/medium.jpg,,,
367475,Rallus obsoletus,Ridgway's Rail,Aves,Ridgway's Rail,32.5708312988,-117.1320495605,,"Imperial Beach, CA, USA",2017-02-12,2017-02-12 19:14:00 UTC,Pacific Time (US & Canada),research,1,0,False,False,https://inaturalist-open-data.s3.amazonaws.com/photos/19693635/medium.jpeg,,,
367475,Rallus obsoletus,Ridgway's Rail,Aves,Ridgway's Rail,32.5719382362,-117.1318409129,31.0,"Imperial Beach, CA, USA",2016-01-10,2016-01-10 18:25:00 UTC,Pacific Time (US & Canada),research,1,0,False,False,https://inaturalist-open-data.s3.amazonaws.com/photos/20895144/medium.jpg,,,
367475,Rallus obsoletus,Ridgway's Rail,Aves,Ridgway's Rail,33.014058,-117.252914,,san elijo lagoon,2009-08-06,2009-08-06 21:17:00 UTC,Hawaii,research,1,0,False,False,https://inaturalist-open-data.s3.amazonaws.com/photos/21682493/medium.jpg,,,
367475,Rallus obsoletus,Ridgway's Rail,Aves,Ridgway's Rail,32.5708318744,-117.1319568211,15.0,"Imperial Beach, CA, USA",2016-04-10,2016-04-10 18:26:00 UTC,Pacific Time (US & Canada),research,1,0,False,False,https://inaturalist-open-data.s3.amazonaws.com/photos/22240404/medium.jpg,,,
367475,Rallus obsoletus,Ridgway's Rail,Aves,Ridgway's Rail,33.0115774027,-117.2735974609,31.0,"Cardiff, Encinitas, CA 92007, USA",2016-09-04,2016-09-04 21:54:00 UTC,Pacific Time (US & Canada),research,3,0,False,False,https://inaturalist-open-data.s3.amazonaws.com/photos/22452967/medium.jpeg,,,
367475,Rallus obsoletus,Ridgway's Rail,Aves,Ridgway's Rail,32.5588932396,-117.1224187289,3112.0,"Imperial Beach, CA, USA",2011-02-21,,Eastern Time (US & Canada),research,1,0,False,False,https://inaturalist-open-data.s3.amazonaws.com/photos/23570616/medium.jpg,,,
367475,Rallus obsoletus,Ridgway's Rail,Aves,Ridgway's Rail,32.643146,-117.110575,,"Chula Vista, CA, USA",2018-08-05,2018-08-05 15:24:00 UTC,Pacific Time (US & Canada),research,1,0,False,False,https://inaturalist-open-data.s3.amazonaws.com/photos/23822456/medium.jpg,,,"FZ300, Long-billed Curlew, Numenius americanus, Pepper Park Launch, Rallus obsoletus, Ridgway's Rail, kayak"
367475,Rallus obsoletus,Ridgway's Rail,Aves,Ridgway's Rail,32.5728398594,-117.1253331477,65.0,"Tijuana Slough NWR, Imperial Beach, CA, USA",2018-08-24,2018-08-24 18:39:00 UTC,Arizona,research,2,0,False,False,https://inaturalist-open-data.s3.amazonaws.com/photos/23922446/medium.jpg,,,
367475,Rallus obsoletus,Ridgway's Rail,Aves,Ridgway's Rail,32.7608878716,-117.2140192746,23.0,"Mission Bay, San Diego, CA, USA",2018-08-31,2018-08-31 14:34:00 UTC,Pacific Time (US & Canada),research,1,0,False,False,https://inaturalist-open-data.s3.amazonaws.com/photos/24088623/medium.jpg,,,
367475,Rallus obsoletus,Ridgway's Rail,Aves,Ridgway's Rail,32.5702634039,-117.1258893707,61.0,"Imperial Beach, CA, USA",2018-01-03,2018-01-03 20:12:00 UTC,Pacific Time (US & Canada),research,1,0,False,False,https://inaturalist-open-data.s3.amazonaws.com/photos/24543651/medium.jpeg,,,
367475,Rallus obsoletus,Ridgway's Rail,Aves,Ridgway's Rail,32.7554436691,-117.2457410431,15.0,"Ocean Beach, San Diego, CA, USA",2018-10-10,2018-10-10 22:38:00 UTC,Pacific Time (US & Canada),research,1,0,False,False,https://inaturalist-open-data.s3.amazonaws.com/photos/26435160/medium.jpg,,,
367475,Rallus obsoletus,Ridgway's Rail,Aves,Ridgway's Rail,32.5913111111,-117.1171944444,,"Egger Highlands, San Diego, CA, USA",2018-10-24,2018-10-24 17:29:00 UTC,Pacific Time (US & Canada),research,1,0,False,False,https://inaturalist-open-data.s3.amazonaws.com/photos/27259505/medium.jpeg,,,
367475,Rallus obsoletus,Ridgway's Rail,Aves,Ridgway's Rail,33.0112546992,-117.2739394302,13.0,"Cardiff, Encinitas, CA 92007, USA",2016-09-04,2016-09-04 21:54:00 UTC,Pacific Time (US & Canada),research,4,0,False,False,https://inaturalist-open-data.s3.amazonaws.com/photos/27938250/medium.jpeg,,,
367475,Rallus obsoletus,Ridgway's Rail,Aves,Ridgway's Rail,32.5900812498,-117.1134020457,4.0,"Egger Highlands, San Diego, CA, USA",2018-11-18,2018-11-19 00:16:00 UTC,Pacific Time (US & Canada),research,1,0,False,False,https://inaturalist-open-data.s3.amazonaws.com/photos/28270357/medium.jpeg,,,
367475,Rallus obsoletus,Ridgway's Rail,Aves,Ridgway's Rail,32.5899816667,-117.113395,,"Egger Highlands, San Diego, CA, USA",2018-11-20,2018-11-20 16:03:00 UTC,Pacific Time (US & Canada),research,2,0,False,False,https://inaturalist-open-data.s3.amazonaws.com/photos/28335499/medium.jpeg,,,
367475,Rallus obsoletus,Ridgway's Rail,Aves,Ridgway's Rail,32.58994,-117.1134533333,,"Egger Highlands, San Diego, CA, USA",2018-11-20,2018-11-20 16:01:00 UTC,Pacific Time (US & Canada),research,1,0,False,False,https://inaturalist-open-data.s3.amazonaws.com/photos/28360765/medium.jpg,,,
179819,Rallus obsoletus levipes,Light-footed Rail,Aves,Light-footed Rail,32.5720729003,-117.125571181,15.0,"Imperial Beach, CA, USA",2011-10-30,2011-10-30 23:54:00 UTC,Hawaii,research,1,0,False,False,https://static.inaturalist.org/photos/28739281/medium.jpg,,"R. o. levipes Bangs, 1899. Resident in coastal salt marshes from Santa Barbara, California, south to at least Estero de Punta Banda, Baja California [type locality = Newport Bay, Orange County, California]. Similar to R. o. obsoletus, but breast pinkish cinnamon, dorsum darker, and body size averages smaller.",
367475,Rallus obsoletus,Ridgway's Rail,Aves,Ridgway's Rail,33.0122141961,-117.2728305375,,"San Elijo Lagoon Ecological Reserve, San Diego, California, United States",2015-08-15,2015-08-16 01:32:00 UTC,Pacific Time (US & Canada),research,2,0,False,False,https://inaturalist-open-data.s3.amazonaws.com/photos/29360094/medium.jpeg,,,
367475,Rallus obsoletus,Ridgway's Rail,Aves,Ridgway's Rail,32.7548,-117.2456972222,,"Ocean Beach, San Diego, CA, USA",2019-01-04,2019-01-04 20:07:00 UTC,Pacific Time (US & Canada),research,1,0,False,False,https://inaturalist-open-data.s3.amazonaws.com/photos/29886623/medium.jpg,,,
367475,Rallus obsoletus,Ridgway's Rail,Aves,Ridgway's Rail,32.7549966667,-117.2449866667,,"Ocean Beach, San Diego, CA, USA",2019-01-04,2019-01-04 19:10:00 UTC,Pacific Time (US & Canada),research,2,0,False,False,https://inaturalist-open-data.s3.amazonaws.com/photos/29890608/medium.jpeg,,,
367475,Rallus obsoletus,Ridgway's Rail,Aves,Ridgway's Rail,32.7551108802,-117.2458868986,6.0,"San Diego River, San Diego, CA, US",2019-01-02,2019-01-02 19:44:55 UTC,Mountain Time (US & Canada),research,2,0,False,False,https://inaturalist-open-data.s3.amazonaws.com/photos/30616008/medium.jpg,,,
367475,Rallus obsoletus,Ridgway's Rail,Aves,Ridgway's Rail,32.7551458027,-117.2456669249,20.0,"San Diego River, San Diego, CA, US",2018-12-20,2018-12-20 22:34:59 UTC,Pacific Time (US & Canada),research,2,0,False,False,https://static.inaturalist.org/photos/30661812/medium.jpg,,,
367475,Rallus obsoletus,Ridgway's Rail,Aves,Ridgway's Rail,32.7564488058,-117.2443175077,400.0,"Ocean Beach, San Diego, CA, USA",2019-01-25,2019-01-26 01:36:00 UTC,Hawaii,research,1,0,False,False,https://inaturalist-open-data.s3.amazonaws.com/photos/30766525/medium.jpeg,,,
367475,Rallus obsoletus,Ridgway's Rail,Aves,Ridgway's Rail,32.7548966667,-117.24663,,"Ocean Beach, San Diego, CA, USA",2019-02-12,,UTC,research,1,0,False,False,https://static.inaturalist.org/photos/31364264/medium.jpg,,,
367475,Rallus obsoletus,Ridgway's Rail,Aves,Ridgway's Rail,33.0114,-117.2738055556,,"Cardiff, Encinitas, CA 92007, USA",2015-03-14,2015-03-14 16:29:00 UTC,Arizona,research,2,0,False,False,https://inaturalist-open-data.s3.amazonaws.com/photos/31369609/medium.jpg,,,
367475,Rallus obsoletus,Ridgway's Rail,Aves,Ridgway's Rail,32.7554588623,-117.243625162,15.0,"Ocean Beach, San Diego, CA, USA",2019-02-11,2019-02-12 06:27:00 UTC,Pacific Time (US & Canada),research,4,0,False,False,https://inaturalist-open-data.s3.amazonaws.com/photos/31393031/medium.jpeg,,,
367475,Rallus obsoletus,Ridgway's Rail,Aves,Ridgway's Rail,33.0034527778,-117.27505,,"Solana Beach, CA, USA",2015-12-19,2015-12-19 17:06:00 UTC,Arizona,research,2,0,False,False,https://inaturalist-open-data.s3.amazonaws.com/photos/31404260/medium.jpg,,,
367475,Rallus obsoletus,Ridgway's Rail,Aves,Ridgway's Rail,32.755303375,-117.2448330553,4.0,"Ocean Beach, San Diego, CA, USA",2019-02-16,2019-02-16 20:43:00 UTC,Pacific Time (US & Canada),research,2,0,False,False,https://inaturalist-open-data.s3.amazonaws.com/photos/31605046/medium.jpg,,,
367475,Rallus obsoletus,Ridgway's Rail,Aves,Ridgway's Rail,32.5722333333,-117.1256305556,,"Tijuana Slough National Wildlife Refuge, Tijuana Slough National Wildlife Refuge, San Diego, California, United States",2019-03-08,2019-03-08 19:19:00 UTC,Pacific Time (US & Canada),research,1,0,False,False,https://inaturalist-open-data.s3.amazonaws.com/photos/32546852/medium.jpeg,,,
367475,Rallus obsoletus,Ridgway's Rail,Aves,Ridgway's Rail,32.5923541972,-117.1148256528,62.0,"Egger Highlands, San Diego, CA, USA",2019-03-02,2019-03-02 17:25:00 UTC,Arizona,research,1,0,False,False,https://inaturalist-open-data.s3.amazonaws.com/photos/32850815/medium.jpeg,,,
179819,Rallus obsoletus levipes,Light-footed Rail,Aves,Light-footed Rail,32.5716464847,-117.1259614342,8.0,"Imperial Beach, CA, USA",2019-04-03,2019-04-03 21:17:00 UTC,Pacific Time (US & Canada),research,1,0,False,False,https://inaturalist-open-data.s3.amazonaws.com/photos/34049612/medium.jpg,,,"300mm f/4 PF ED VR, California, D500, Light-footed Ridgway's Rail, Rallus longirostris levipes, Tijuana River National Estuarine Research Reserve, Tijuana Slough National Wildlife Refuge"
367475,Rallus obsoletus,Ridgway's Rail,Aves,Ridgway's Rail,32.6392902267,-117.1107778833,64.0,"Living Coast Discovery Center, Chula Vista, CA, US",2019-04-08,2019-04-09 00:16:29 UTC,Pacific Time (US & Canada),research,1,0,False,False,https://static.inaturalist.org/photos/34589996/medium.jpg,,"Light-footed Ridgeway’s Rail @ Sweetwater Marsh Unit, San Diego Bay National Wildlife Refuge.",
367475,Rallus obsoletus,Ridgway's Rail,Aves,Ridgway's Rail,32.7563569073,-117.2411493263,2.0,"Ocean Beach, San Diego, CA, USA",2016-09-03,2016-09-03 16:29:00 UTC,Pacific Time (US & Canada),research,2,0,False,False,https://inaturalist-open-data.s3.amazonaws.com/photos/34912006/medium.jpeg,,,
367475,Rallus obsoletus,Ridgway's Rail,Aves,Ridgway's Rail,33.0053890399,-117.2688872698,8.0,"California, USA",2016-09-10,2016-09-10 17:01:00 UTC,Pacific Time (US & Canada),research,2,0,False,False,https://inaturalist-open-data.s3.amazonaws.com/photos/34952794/medium.jpeg,,,
367475,Rallus obsoletus,Ridgway's Rail,Aves,Ridgway's Rail,32.5701452872,-117.1265320119,31.0,"Imperial Beach, CA, USA",2011-07-05,2011-07-05 18:24:00 UTC,Pacific Time (US & Canada),research,1,0,False,False,https://inaturalist-open-data.s3.amazonaws.com/photos/35068691/medium.jpeg,,,
367475,Rallus obsoletus,Ridgway's Rail,Aves,Ridgway's Rail,32.5693225843,-117.1305364403,147.0,"Tijuana Slough National Wildlife Refuge, Imperial Beach, CA, US",2019-04-29,2019-04-29 19:54:52 UTC,Pacific Time (US & Canada),research,3,0,False,False,https://inaturalist-open-data.s3.amazonaws.com/photos/37231377/medium.jpg,,,
367475,Rallus obsoletus,Ridgway's Rail,Aves,Ridgway's Rail,32.549815633,-117.1015204162,554.0,"Tijuana River Valley, San Diego, CA, USA",2017-06-04,2017-06-04 17:16:00 UTC,Central Time (US & Canada),research,1,0,False,False,https://inaturalist-open-data.s3.amazonaws.com/photos/37869465/medium.jpeg,,,
179819,Rallus obsoletus levipes,Light-footed Rail,Aves,Ridgway's Rail,33.2454101861,-117.2770518708,8.0,"Guajome, Oceanside, CA, USA",2019-05-16,2019-05-16 23:45:00 UTC,Hawaii,research,0,0,False,False,https://static.inaturalist.org/photos/39078561/medium.jpg,,,
367475,Rallus obsoletus,Ridgway's Rail,Aves,Ridgway's Rail,33.0619472822,-117.2213914579,4.0,"San Diego County, US-CA, US",2019-05-24,2019-05-24 14:57:24 UTC,Pacific Time (US & Canada),research,1,0,False,True,https://static.inaturalist.org/photos/39817334/medium.jpg,,,
367475,Rallus obsoletus,Ridgway's Rail,Aves,Ridgway's Rail,32.5668244876,-117.1314533347,8.0,"Imperial Beach, CA, USA",2019-06-29,2019-06-29 15:02:00 UTC,Pacific Time (US & Canada),research,3,0,False,False,https://static.inaturalist.org/photos/43628572/medium.jpg,,,
367475,Rallus obsoletus,Ridgway's Rail,Aves,Ridgway's Rail,32.570801,-117.125837,8.0,Tijuana Slough National Wildlife Refuge,2019-07-09,2019-07-09 17:31:00 UTC,Pacific Time (US & Canada),research,1,0,False,False,https://inaturalist-open-data.s3.amazonaws.com/photos/44469033/medium.jpeg,,"This was one of two Ridgway's Rails seen at the Tijuana Slough NWR. A complete checklist of birds seen can be found here:

https://ebird.org/view/checklist/S58058252",
179819,Rallus obsoletus levipes,Light-footed Rail,Aves,Light-footed Rail,32.5726127625,-117.1253585815,,"Imperial Beach, CA, USA",2019-05-27,2019-05-27 12:13:00 UTC,Mountain Time (US & Canada),research,1,0,False,False,https://inaturalist-open-data.s3.amazonaws.com/photos/44534862/medium.jpeg,,,
367475,Rallus obsoletus,Ridgway's Rail,Aves,Ridgway's Rail,32.572605,-117.125375,5.0,"Tijuana Slough National Wildlife Refuge, Imperial Beach, CA, US",2019-07-09,2019-07-09 14:52:22 UTC,Pacific Time (US & Canada),research,3,0,False,False,https://inaturalist-open-data.s3.amazonaws.com/photos/44645875/medium.jpg,,,
367475,Rallus obsoletus,Ridgway's Rail,Aves,Ridgway's Rail,32.7931559615,-117.2289994355,48.0,"Mission Bay, San Diego, CA, USA",2019-08-06,2019-08-06 17:41:00 UTC,Pacific Time (US & Canada),research,1,0,False,False,https://inaturalist-open-data.s3.amazonaws.com/photos/47369835/medium.jpg,,USFWS releasing eight (8) captive bred Ridgway's Rails into Kendall Frost Marsh.,"Kendall-Frost Mission Bay Marsh Reserve, San Diego Audubon Society"
367475,Rallus obsoletus,Ridgway's Rail,Aves,Ridgway's Rail,32.6057615236,-117.1277031788,8.0,"Coronado, CA, USA",2019-08-05,2019-08-06 01:12:00 UTC,Pacific Time (US & Canada),research,1,0,False,False,https://static.inaturalist.org/photos/49594894/medium.jpg,,,
367475,Rallus obsoletus,Ridgway's Rail,Aves,Ridgway's Rail,32.5597716667,-117.1278166667,,"Imperial Beach, CA, USA",2019-09-05,,UTC,research,3,0,False,False,https://static.inaturalist.org/photos/50445925/medium.jpg,,,
367475,Rallus obsoletus,Ridgway's Rail,Aves,Ridgway's Rail,32.5727305556,-117.1256638889,,"Tijuana Slough National Wildlife Refuge, Tijuana Slough National Wildlife Refuge, San Diego, California, United States",2019-07-09,2019-07-09 14:49:00 UTC,Pacific Time (US & Canada),research,2,0,False,False,https://inaturalist-open-data.s3.amazonaws.com/photos/50591771/medium.jpg,,,
367475,Rallus obsoletus,Ridgway's Rail,Aves,Ridgway's Rail,32.7552727377,-117.2459719527,25.0,"San Diego River, San Diego, CA, US",2019-09-05,2019-09-05 18:06:34 UTC,Pacific Time (US & Canada),research,2,0,False,False,https://static.inaturalist.org/photos/51213763/medium.jpg,,,
367475,Rallus obsoletus,Ridgway's Rail,Aves,Ridgway's Rail,32.5702665825,-117.1267646179,9.0,"Imperial Beach, CA, USA",2019-10-01,2019-10-01 16:52:54 UTC,Pacific Time (US & Canada),research,2,0,False,False,https://inaturalist-open-data.s3.amazonaws.com/photos/52993472/medium.jpeg,,Seven captive-bred individuals were released at the Tijuana estuary,
367475,Rallus obsoletus,Ridgway's Rail,Aves,Ridgway's Rail,32.7555833333,-117.2412805556,,"Ocean Beach, San Diego, CA, USA",2019-11-08,2019-11-08 19:15:00 UTC,Pacific Time (US & Canada),research,1,0,False,False,https://inaturalist-open-data.s3.amazonaws.com/photos/55918210/medium.jpeg,,,
367475,Rallus obsoletus,Ridgway's Rail,Aves,Ridgway's Rail,32.7555433333,-117.2412866667,,"Ocean Beach, San Diego, CA, USA",2019-11-08,2019-11-08 17:21:00 UTC,Pacific Time (US & Canada),research,1,0,False,False,https://inaturalist-open-data.s3.amazonaws.com/photos/55925126/medium.jpeg,,,
367475,Rallus obsoletus,Ridgway's Rail,Aves,Ridgway's Rail,32.5704521726,-117.1262179298,24.0,"Tijuana Slough National Wildlife Refuge, Imperial Beach, CA, US",2019-12-29,2019-12-29 20:03:26 UTC,Pacific Time (US & Canada),research,1,0,False,False,https://inaturalist-open-data.s3.amazonaws.com/photos/58914064/medium.jpg,,,
367475,Rallus obsoletus,Ridgway's Rail,Aves,Ridgway's Rail,32.5703133333,-117.1265028333,,"Tijuana Slough National Wildlife Refuge, Imperial Beach, CA, US",2019-12-29,2019-12-29 21:41:47 UTC,Hawaii,research,1,0,False,False,https://static.inaturalist.org/photos/59927370/medium.jpg,,,
179819,Rallus obsoletus levipes,Light-footed Rail,Aves,Ridgway's Rail (Light-footed),32.5748253,-117.1264572,233.0,"301 Caspian Way, Imperial Beach, CA 91932, USA",2019-12-13,,Pacific Time (US & Canada),research,3,0,False,False,https://inaturalist-open-data.s3.amazonaws.com/photos/59941733/medium.png,,,
179819,Rallus obsoletus levipes,Light-footed Rail,Aves,Ridgway's Rail,32.5731741956,-117.1265603364,387.0,"Imperial Beach, CA, USA",2020-01-29,2020-01-29 21:47:00 UTC,Central Time (US & Canada),research,0,0,False,False,https://static.inaturalist.org/photos/60534716/medium.jpeg,,,
367475,Rallus obsoletus,Ridgway's Rail,Aves,Ridgway's Rail,32.573947,-117.127373,111.0,"Coronado, CA, USA",2020-02-29,2020-02-29 22:40:00 UTC,Pacific Time (US & Canada),casual,3,0,False,False,https://inaturalist-open-data.s3.amazonaws.com/photos/62643087/medium.jpg,,,
367475,Rallus obsoletus,Ridgway's Rail,Aves,Ridgway's Rail,32.5739727986,-117.1307231988,59.0,"Imperial Beach, CA, USA",2020-03-07,2020-03-07 20:22:00 UTC,Pacific Time (US & Canada),research,2,0,False,False,https://inaturalist-open-data.s3.amazonaws.com/photos/62952794/medium.jpg,,,
179819,Rallus obsoletus levipes,Light-footed Rail,Aves,Light-footed Rail,32.5558277,-117.1287847,,Tijuana River mouth,2011-10-07,,Pacific Time (US & Canada),research,1,0,False,False,https://static.inaturalist.org/photos/164235241/medium.jpg,,eBird import | https://ebird.org/checklist/S9078439,class-bulkobservationfile-user_id-541847-filename-20200301_ca2-ready-csv-project_id-2020-03-21 11:26:20 -0700.csv
367475,Rallus obsoletus,Ridgway's Rail,Aves,Ridgway's Rail,32.5748253,-117.1264572,233.0,"301 Caspian Way, Imperial Beach, CA 91932, USA",2016-06-26,2016-06-26 19:27:00 UTC,Eastern Time (US & Canada),research,1,0,False,False,https://inaturalist-open-data.s3.amazonaws.com/photos/64920184/medium.jpg,,,
367475,Rallus obsoletus,Ridgway's Rail,Aves,Ridgway's Rail,32.76054142,-117.2148673037,8.0,"Mission Bay, San Diego, CA, USA",2015-01-23,2015-01-23 19:46:00 UTC,Pacific Time (US & Canada),research,2,0,False,False,https://inaturalist-open-data.s3.amazonaws.com/photos/66138731/medium.jpeg,,,
367475,Rallus obsoletus,Ridgway's Rail,Aves,Ridgway's Rail,32.7564723371,-117.2420037142,8.0,"Ocean Beach, San Diego, CA, USA",2015-04-24,2015-04-24 22:42:00 UTC,Pacific Time (US & Canada),research,3,0,False,False,https://inaturalist-open-data.s3.amazonaws.com/photos/68666779/medium.jpeg,,,
179819,Rallus obsoletus levipes,Light-footed Rail,Aves,Ridgway's Rail (Light-footed),32.7946851959,-117.2295639624,202.0,kendall-frost marsh,2020-04-26,,UTC,research,1,0,False,False,https://static.inaturalist.org/photos/69539386/medium.png,,raft camera,
367475,Rallus obsoletus,Ridgway's Rail,Aves,Ridgway's Rail,32.91478333,-117.20293333,5.0,"Los Peñasquitos Canyon Preserve, San Diego, CA, US",2020-04-27,2020-04-27 17:38:29 UTC,Pacific Time (US & Canada),research,1,0,False,False,https://static.inaturalist.org/photos/69842381/medium.jpg,,,
367475,Rallus obsoletus,Ridgway's Rail,Aves,Ridgway's Rail,32.5726191662,-117.1251831889,8.0,"Imperial Beach, CA, USA",2015-10-03,2015-10-03 18:39:00 UTC,Pacific Time (US & Canada),research,1,0,False,False,https://inaturalist-open-data.s3.amazonaws.com/photos/74821943/medium.jpeg,,,
367475,Rallus obsoletus,Ridgway's Rail,Aves,Ridgway's Rail,32.5707805556,-117.1320638889,,"Imperial Beach, CA, USA",2015-11-26,2015-11-26 18:36:00 UTC,Pacific Time (US & Canada),research,1,0,False,False,https://inaturalist-open-data.s3.amazonaws.com/photos/76550957/medium.jpeg,,,
367475,Rallus obsoletus,Ridgway's Rail,Aves,Ridgway's Rail,32.5708388889,-117.1319972222,,"Imperial Beach, CA, USA",2015-11-26,2015-11-26 18:40:00 UTC,Pacific Time (US & Canada),research,1,0,False,False,https://inaturalist-open-data.s3.amazonaws.com/photos/76550978/medium.jpeg,,,
367475,Rallus obsoletus,Ridgway's Rail,Aves,Ridgway's Rail,32.5711527778,-117.1319583333,,"Imperial Beach, CA, USA",2015-11-26,2015-11-26 18:41:00 UTC,Pacific Time (US & Canada),research,1,0,False,False,https://inaturalist-open-data.s3.amazonaws.com/photos/76551006/medium.jpeg,,,
367475,Rallus obsoletus,Ridgway's Rail,Aves,Ridgway's Rail,32.5731416667,-117.1317,,"Imperial Beach, CA, USA",2015-11-26,2015-11-26 18:55:00 UTC,Pacific Time (US & Canada),research,1,0,False,False,https://inaturalist-open-data.s3.amazonaws.com/photos/76551039/medium.jpeg,,,
367475,Rallus obsoletus,Ridgway's Rail,Aves,Ridgway's Rail,32.5734111111,-117.1316138889,,"Imperial Beach, CA, USA",2015-11-26,2015-11-26 19:04:00 UTC,Pacific Time (US & Canada),research,1,0,False,False,https://inaturalist-open-data.s3.amazonaws.com/photos/76551154/medium.jpeg,,,
367475,Rallus obsoletus,Ridgway's Rail,Aves,Ridgway's Rail,32.57208,-117.1258116667,,"Imperial Beach, CA, USA",2015-11-26,2015-11-26 19:38:00 UTC,Pacific Time (US & Canada),research,1,0,False,False,https://inaturalist-open-data.s3.amazonaws.com/photos/76555563/medium.jpg,,,
367475,Rallus obsoletus,Ridgway's Rail,Aves,Ridgway's Rail,32.57073,-117.1319216667,,"Imperial Beach, CA, USA",2015-11-29,2015-11-29 20:04:00 UTC,Pacific Time (US & Canada),research,1,0,False,False,https://inaturalist-open-data.s3.amazonaws.com/photos/76569520/medium.jpg,,,
367475,Rallus obsoletus,Ridgway's Rail,Aves,Ridgway's Rail,32.57047,-117.1316633333,,"Imperial Beach, CA, USA",2015-11-29,2015-11-29 20:08:00 UTC,Pacific Time (US & Canada),research,1,0,False,False,https://inaturalist-open-data.s3.amazonaws.com/photos/76569568/medium.jpg,,Leucistic.,
367475,Rallus obsoletus,Ridgway's Rail,Aves,Ridgway's Rail,32.5716683333,-117.13075,,"Imperial Beach, CA, USA",2015-11-29,2015-11-29 20:20:00 UTC,Pacific Time (US & Canada),research,1,0,False,False,https://inaturalist-open-data.s3.amazonaws.com/photos/76569619/medium.jpg,,,
367475,Rallus obsoletus,Ridgway's Rail,Aves,Ridgway's Rail,32.569637,-117.1269263,554.0,"301 Caspian Way, Imperial Beach, CA 91932, USA",2020-06-07,2020-06-07 20:55:00 UTC,Hawaii,research,1,0,False,False,https://static.inaturalist.org/photos/77563438/medium.jpg,,,
367475,Rallus obsoletus,Ridgway's Rail,Aves,Ridgway's Rail,32.5744838891,-117.1316449609,22.0,"Tijuana Slough National Wildlife Refuge, Imperial Beach, CA, US",2019-01-06,2019-01-06 08:55:01 UTC,UTC,research,1,0,False,False,https://inaturalist-open-data.s3.amazonaws.com/photos/78723580/medium.jpg,,High tide drove R. obsoletus out of cover and close to seacoast drive,
179819,Rallus obsoletus levipes,Light-footed Rail,Aves,Light-footed Rail,32.5725339298,-117.1253068005,37.0,"Tijuana Slough National Wildlife Refuge, Imperial Beach, CA, US",2020-06-20,2020-06-20 18:04:26 UTC,Pacific Time (US & Canada),research,1,0,False,False,https://inaturalist-open-data.s3.amazonaws.com/photos/79868745/medium.jpg,,,
367475,Rallus obsoletus,Ridgway's Rail,Aves,Ridgway's Rail,32.55945833,-117.1281445,4.0,"Tijuana Slough National Wildlife Refuge, Imperial Beach, CA, US",2020-06-27,2020-06-27 19:56:20 UTC,Pacific Time (US & Canada),research,5,1,False,False,https://inaturalist-open-data.s3.amazonaws.com/photos/81232736/medium.jpg,,,
367475,Rallus obsoletus,Ridgway's Rail,Aves,Ridgway's Rail,32.5704337099,-117.1262220189,1.0,"Imperial Beach, CA, USA",2014-07-06,2014-07-06 17:10:00 UTC,Pacific Time (US & Canada),research,2,0,False,False,https://inaturalist-open-data.s3.amazonaws.com/photos/82002101/medium.jpeg,,,
367475,Rallus obsoletus,Ridgway's Rail,Aves,Ridgway's Rail,32.5702556819,-117.126182807,1.0,"Imperial Beach, CA, USA",2014-07-06,2014-07-06 17:10:00 UTC,Pacific Time (US & Canada),research,2,0,False,False,https://inaturalist-open-data.s3.amazonaws.com/photos/82002121/medium.jpeg,,,
367475,Rallus obsoletus,Ridgway's Rail,Aves,Ridgway's Rail,32.5733559371,-117.1253913855,2.0,"Imperial Beach, CA, USA",2013-02-16,2013-02-16 16:36:00 UTC,Pacific Time (US & Canada),research,2,0,False,False,https://inaturalist-open-data.s3.amazonaws.com/photos/84427082/medium.jpeg,,,
367475,Rallus obsoletus,Ridgway's Rail,Aves,Ridgway's Rail,32.5704117521,-117.1262922894,15.0,"Imperial Beach, CA, USA",2013-02-16,2013-02-16 16:39:00 UTC,Pacific Time (US & Canada),research,2,0,False,False,https://inaturalist-open-data.s3.amazonaws.com/photos/84427118/medium.jpeg,,,
367475,Rallus obsoletus,Ridgway's Rail,Aves,Ridgway's Rail,32.550380555,-117.0827398035,244.0,"Tijuana River Valley, San Diego, CA, USA",2012-03-23,2012-03-23 23:06:00 UTC,Central Time (US & Canada),research,1,0,False,False,https://inaturalist-open-data.s3.amazonaws.com/photos/86867483/medium.jpg,,,
367475,Rallus obsoletus,Ridgway's Rail,Aves,Ridgway's Rail,32.5722493,-117.1229132997,,"Imperial Beach, CA, USA",2020-07-26,2020-07-27 02:21:44 UTC,Pacific Time (US & Canada),research,2,0,False,False,https://static.inaturalist.org/photos/88088019/medium.jpeg,,Not sure if they're Virginia or Ridgway's rails ,
367475,Rallus obsoletus,Ridgway's Rail,Aves,Ridgway's Rail,32.5730516667,-117.1254733333,,"Tijuana Slough National Wildlife Refuge, Imperial Beach, CA, USA",2020-08-10,2020-08-10 17:49:00 UTC,Pacific Time (US & Canada),research,2,0,False,False,https://inaturalist-open-data.s3.amazonaws.com/photos/89326098/medium.jpeg,,,
367475,Rallus obsoletus,Ridgway's Rail,Aves,Ridgway's Rail,32.57058,-117.1265183333,,"Tijuana Slough National Wildlife Refuge, Imperial Beach, CA, USA",2020-08-10,2020-08-10 18:01:00 UTC,Pacific Time (US & Canada),research,1,0,False,False,https://inaturalist-open-data.s3.amazonaws.com/photos/89326202/medium.jpeg,,,
367475,Rallus obsoletus,Ridgway's Rail,Aves,Ridgway's Rail,32.5706428184,-117.125948624,8.0,"Tijuana Slough National Wildlife Refuge, Imperial Beach, CA, USA",2020-08-10,2020-08-10 18:08:00 UTC,Pacific Time (US & Canada),research,1,0,False,False,https://inaturalist-open-data.s3.amazonaws.com/photos/89326365/medium.jpeg,,,
367475,Rallus obsoletus,Ridgway's Rail,Aves,Ridgway's Rail,32.5733638889,-117.1255527778,,"Imperial Beach, CA, USA",2020-08-10,2020-08-10 17:38:00 UTC,Pacific Time (US & Canada),research,1,0,False,False,https://inaturalist-open-data.s3.amazonaws.com/photos/89453128/medium.jpeg,,,
367475,Rallus obsoletus,Ridgway's Rail,Aves,Ridgway's Rail,32.5706555556,-117.1263972222,,"Imperial Beach, CA, USA",2020-08-10,2020-08-10 17:51:00 UTC,Pacific Time (US & Canada),research,1,0,False,False,https://inaturalist-open-data.s3.amazonaws.com/photos/89454592/medium.jpeg,,,
367475,Rallus obsoletus,Ridgway's Rail,Aves,Ridgway's Rail,33.0100571868,-117.2433049232,89.0,"RCHO SANTA FE, CA 92091, USA",2020-08-13,2020-08-13 16:44:00 UTC,Pacific Time (US & Canada),research,1,0,False,False,,https://static.inaturalist.org/sounds/130553.wav?1597606866,,
367475,Rallus obsoletus,Ridgway's Rail,Aves,Ridgway's Rail,33.0060062768,-117.2738038059,31.0,"Encinitas, CA, USA",2020-08-13,2020-08-13 17:26:00 UTC,Hawaii,research,1,0,False,False,https://inaturalist-open-data.s3.amazonaws.com/photos/90319145/medium.jpg,,"San Elijo Lagoon, Rio trail",
367475,Rallus obsoletus,Ridgway's Rail,Aves,Ridgway's Rail,33.0133714,-117.2742627,206.0,"2710 Manchester Ave, Cardiff, CA 92007, USA",2020-08-17,2020-08-17 15:15:00 UTC,Pacific Time (US & Canada),research,3,0,False,False,https://static.inaturalist.org/photos/90820342/medium.jpeg,,,
367475,Rallus obsoletus,Ridgway's Rail,Aves,Ridgway's Rail,33.005385,-117.27373667,,"Northeastern San Diego, Solana Beach, CA, US",2020-08-27,2020-08-27 15:04:20 UTC,Pacific Time (US & Canada),research,3,0,False,False,https://inaturalist-open-data.s3.amazonaws.com/photos/92138402/medium.jpg,,,
367475,Rallus obsoletus,Ridgway's Rail,Aves,Ridgway's Rail,32.5598786224,-117.127836991,51.0,"Imperial Beach, CA, USA",2020-08-25,2020-08-25 15:48:00 UTC,New Delhi,research,1,0,False,False,https://inaturalist-open-data.s3.amazonaws.com/photos/92153635/medium.jpeg,,,
367475,Rallus obsoletus,Ridgway's Rail,Aves,Ridgway's Rail,32.5701633138,-117.1263812566,73.0,"Tijuana Slough National Wildlife Refuge, Imperial Beach, CA, US",2020-09-04,2020-09-05 01:04:49 UTC,Pacific Time (US & Canada),research,1,0,False,False,https://inaturalist-open-data.s3.amazonaws.com/photos/93532273/medium.jpg,,,
367475,Rallus obsoletus,Ridgway's Rail,Aves,Ridgway's Rail,33.0029505009,-117.3835859632,184.0,"California, US",2020-09-13,2020-09-13 14:04:00 UTC,Pacific Time (US & Canada),research,1,0,False,True,https://inaturalist-open-data.s3.amazonaws.com/photos/95014988/medium.jpg,,,
367475,Rallus obsoletus,Ridgway's Rail,Aves,Ridgway's Rail,33.1541185121,-117.3075360948,184.0,"California, US",2020-09-13,2020-09-13 14:24:00 UTC,Pacific Time (US & Canada),research,1,0,False,True,https://inaturalist-open-data.s3.amazonaws.com/photos/95015060/medium.jpg,,,
367475,Rallus obsoletus,Ridgway's Rail,Aves,Ridgway's Rail,32.5727981911,-117.1231952707,22.0,"Fifth St, Imperial Beach, CA, US",2020-09-20,2020-09-20 13:42:47 UTC,Pacific Time (US & Canada),research,2,0,False,False,https://inaturalist-open-data.s3.amazonaws.com/photos/96352947/medium.jpg,,,
367475,Rallus obsoletus,Ridgway's Rail,Aves,Ridgway's Rail,32.57222965,-117.1259775666,395.0,"Imperial Beach, CA, USA",2020-09-27,2020-09-27 15:37:00 UTC,Pacific Time (US & Canada),research,1,0,False,False,https://inaturalist-open-data.s3.amazonaws.com/photos/97631737/medium.jpg,,,
367475,Rallus obsoletus,Ridgway's Rail,Aves,Ridgway's Rail,32.5705659577,-117.1259953065,500.0,"Tijuana Slough National Wildlife Refuge, Imperial Beach, CA, US",2020-10-07,2020-10-08 00:30:17 UTC,Pacific Time (US & Canada),research,1,0,False,False,https://inaturalist-open-data.s3.amazonaws.com/photos/99288074/medium.jpg,,,
367475,Rallus obsoletus,Ridgway's Rail,Aves,Ridgway's Rail,32.571071,-117.12903,,"Imperial Beach, CA, USA",2012-09-14,2012-09-14 16:56:00 UTC,Pacific Time (US & Canada),research,1,0,False,False,https://inaturalist-open-data.s3.amazonaws.com/photos/102455283/medium.jpeg,,,
367475,Rallus obsoletus,Ridgway's Rail,Aves,Ridgway's Rail,32.5726377457,-117.1251531112,1.0,"Imperial Beach, CA, USA",2012-10-18,2012-10-18 17:25:00 UTC,Pacific Time (US & Canada),research,2,0,False,False,https://inaturalist-open-data.s3.amazonaws.com/photos/102903987/medium.jpeg,,,
367475,Rallus obsoletus,Ridgway's Rail,Aves,Ridgway's Rail,32.5706066667,-117.12643,,"Imperial Beach, CA, USA",2014-12-29,2014-12-29 19:48:00 UTC,Pacific Time (US & Canada),research,2,0,False,False,https://inaturalist-open-data.s3.amazonaws.com/photos/103706893/medium.jpeg,,,
367475,Rallus obsoletus,Ridgway's Rail,Aves,Ridgway's Rail,32.571893825,-117.1276499235,230.0,"Imperial Beach, CA, USA",2018-01-01,2018-01-02 03:41:00 UTC,Mountain Time (US & Canada),research,1,0,False,False,https://inaturalist-open-data.s3.amazonaws.com/photos/103825688/medium.jpg,,,
367475,Rallus obsoletus,Ridgway's Rail,Aves,Ridgway's Rail,32.5710642968,-117.1273855901,31.0,"Imperial Beach, CA, USA",2018-01-02,2018-01-02 18:22:00 UTC,Mountain Time (US & Canada),research,1,0,False,False,https://inaturalist-open-data.s3.amazonaws.com/photos/103825739/medium.jpg,,,
367475,Rallus obsoletus,Ridgway's Rail,Aves,Ridgway's Rail,33.0093555237,-117.260310172,211.0,"San Elijo Lagoon, Encinitas, CA, US",2020-11-27,2020-11-27 23:53:14 UTC,UTC,research,3,0,False,False,https://inaturalist-open-data.s3.amazonaws.com/photos/105920979/medium.jpg,,,
367475,Rallus obsoletus,Ridgway's Rail,Aves,Ridgway's Rail,32.5901250038,-117.113453145,43.0,"Silver Strand Bike Path, San Diego, CA, US",2020-11-28,2020-11-28 14:06:54 UTC,UTC,research,1,0,False,False,https://inaturalist-open-data.s3.amazonaws.com/photos/105961878/medium.jpg,,,
367475,Rallus obsoletus,Ridgway's Rail,Aves,Ridgway's Rail,32.5703307778,-117.1262542211,8.0,"Imperial Beach, CA, USA",2011-01-19,2011-01-19 09:49:00 UTC,Pacific Time (US & Canada),research,2,0,False,False,https://inaturalist-open-data.s3.amazonaws.com/photos/106142719/medium.jpeg,,,
367475,Rallus obsoletus,Ridgway's Rail,Aves,Ridgway's Rail,32.5900565756,-117.11351949,1.0,"Silver Strand Bike Path, San Diego, CA, US",2020-11-28,2020-11-28 20:55:05 UTC,Arizona,research,1,0,False,False,https://inaturalist-open-data.s3.amazonaws.com/photos/106286667/medium.jpg,,,
367475,Rallus obsoletus,Ridgway's Rail,Aves,Ridgway's Rail,32.5927471675,-117.1219468331,24.0,"Silver Strand Bike Path, Coronado, CA, US",2020-12-06,2020-12-06 08:52:04 UTC,UTC,research,1,0,False,False,https://inaturalist-open-data.s3.amazonaws.com/photos/106800347/medium.jpg,,Strutting across bike path and down to the pond 10a spill way. ,
367475,Rallus obsoletus,Ridgway's Rail,Aves,Ridgway's Rail,33.0109447681,-117.2760465923,15.0,"Cardiff, Encinitas, CA 92007, USA",2020-12-16,2020-12-16 23:29:00 UTC,Pacific Time (US & Canada),research,2,0,False,False,https://inaturalist-open-data.s3.amazonaws.com/photos/107603111/medium.jpg,,Fortunately there were some experienced birders nearby who pointed this guy/gal out to me.,
367475,Rallus obsoletus,Ridgway's Rail,Aves,Ridgway's Rail,32.5900501308,-117.1135005181,4.0,"Egger Highlands, San Diego, CA, USA",2020-11-28,2020-11-28 22:59:00 UTC,Pacific Time (US & Canada),research,2,0,False,False,https://inaturalist-open-data.s3.amazonaws.com/photos/108117312/medium.jpeg,,,
367475,Rallus obsoletus,Ridgway's Rail,Aves,Ridgeway’s Rail,32.5955017739,-117.1224445157,124.0,"Silver Strand Bike Path, Coronado, CA, US",2020-12-28,2020-12-28 13:16:00 UTC,UTC,needs_id,0,0,False,False,https://inaturalist-open-data.s3.amazonaws.com/photos/108554805/medium.jpg,,"Ebb tide, rail slipped out of bank cover and probed around in the mud. Non definitive picture, confident of species; recent sighting and better picture of RR  taken in the vicinity a few weeks back.",
367475,Rallus obsoletus,Ridgway's Rail,Aves,Ridgway's Rail,33.1423567255,-117.3196240775,22.0,"Carlsbad, CA, USA",2020-12-26,2020-12-26 17:29:00 UTC,Pacific Time (US & Canada),research,2,0,False,False,https://inaturalist-open-data.s3.amazonaws.com/photos/108674894/medium.jpeg,,,
367475,Rallus obsoletus,Ridgway's Rail,Aves,Ridgway's Rail,33.0089917189,-117.2765660232,22.0,"Cardiff, Encinitas, CA 92007, USA",2020-12-22,2020-12-22 17:30:00 UTC,Pacific Time (US & Canada),research,2,0,False,False,https://inaturalist-open-data.s3.amazonaws.com/photos/108737259/medium.jpeg,,,
367475,Rallus obsoletus,Ridgway's Rail,Aves,Ridgway's Rail,33.0129101641,-117.2747176412,30.0,"San Elijo Lagoon, Encinitas, CA, US",2020-12-31,2020-12-31 09:30:00 UTC,UTC,research,2,0,False,False,https://static.inaturalist.org/photos/108896055/medium.jpg,,,
367475,Rallus obsoletus,Ridgway's Rail,Aves,Ridgway's Rail,33.0097766667,-117.2768683333,,"San Elijo Lagoon Ecological Reserve, San Diego, California, United States",2021-01-02,2021-01-02 16:41:00 UTC,Pacific Time (US & Canada),research,2,0,False,False,https://inaturalist-open-data.s3.amazonaws.com/photos/109178286/medium.jpg,,,
367475,Rallus obsoletus,Ridgway's Rail,Aves,Ridgway's Rail,32.5731171687,-117.1259074386,635.0,"Tijuana Slough National Wildlife Refuge, Imperial Beach, CA, US",2021-01-03,2021-01-03 23:04:12 UTC,Pacific Time (US & Canada),research,1,0,False,False,https://inaturalist-open-data.s3.amazonaws.com/photos/109218832/medium.jpg,,,
367475,Rallus obsoletus,Ridgway's Rail,Aves,Ridgway's Rail,32.6730842017,-117.023099528,8.0,Morrison Pond,2021-01-04,2021-01-04 23:59:00 UTC,Pacific Time (US & Canada),research,2,0,False,False,https://inaturalist-open-data.s3.amazonaws.com/photos/109250530/medium.jpeg,,"Very rare away from the ocean.

Morrison Pond, San Diego County, CA",
367475,Rallus obsoletus,Ridgway's Rail,Aves,Ridgway's Rail,33.0105051059,-117.2763849939,15.0,"Cardiff, Encinitas, CA 92007, USA",2021-01-06,2021-01-06 21:39:00 UTC,Pacific Time (US & Canada),research,1,0,False,False,https://inaturalist-open-data.s3.amazonaws.com/photos/109463049/medium.jpg,,three different individuals seen,
367475,Rallus obsoletus,Ridgway's Rail,Aves,Ridgway's Rail,33.0072143955,-117.271734624,2.0,"Encinitas, CA, USA",2011-09-04,2011-09-04 17:13:00 UTC,Pacific Time (US & Canada),research,1,0,False,False,https://inaturalist-open-data.s3.amazonaws.com/photos/109787848/medium.jpeg,,,
367475,Rallus obsoletus,Ridgway's Rail,Aves,Ridgway's Rail,32.571915,-117.12584,,"Tijuana Estuary National Wildlife Refuge, CA, USA",2021-01-14,2021-01-14 17:49:00 UTC,Pacific Time (US & Canada),research,1,0,False,False,https://inaturalist-open-data.s3.amazonaws.com/photos/110146616/medium.jpeg,,,
367475,Rallus obsoletus,Ridgway's Rail,Aves,Ridgway's Rail,32.571235,-117.126145,,"Tijuana Estuary National Wildlife Refuge, CA, USA",2021-01-14,2021-01-14 17:51:00 UTC,Pacific Time (US & Canada),research,1,0,False,False,https://inaturalist-open-data.s3.amazonaws.com/photos/110146639/medium.jpeg,,,
367475,Rallus obsoletus,Ridgway's Rail,Aves,Ridgway's Rail,32.571235,-117.126145,,"Tijuana Estuary National Wildlife Refuge, CA, USA",2021-01-14,2021-01-14 17:51:00 UTC,Pacific Time (US & Canada),research,1,0,False,False,https://inaturalist-open-data.s3.amazonaws.com/photos/110146648/medium.jpeg,,,
367475,Rallus obsoletus,Ridgway's Rail,Aves,Ridgway's Rail,32.570515,-117.1265033333,,"Tijuana Estuary National Wildlife Refuge, CA, USA",2021-01-14,2021-01-14 17:55:00 UTC,Pacific Time (US & Canada),research,1,0,False,False,https://inaturalist-open-data.s3.amazonaws.com/photos/110146680/medium.jpeg,,,
367475,Rallus obsoletus,Ridgway's Rail,Aves,Ridgway's Rail,32.5720611111,-117.1253805556,,"Imperial Beach, CA, USA",2021-01-14,2021-01-14 18:48:00 UTC,Pacific Time (US & Canada),research,1,0,False,False,https://inaturalist-open-data.s3.amazonaws.com/photos/110150856/medium.jpeg,,,
367475,Rallus obsoletus,Ridgway's Rail,Aves,Ridgway's Rail,32.5714777778,-117.1258888889,,"Imperial Beach, CA, USA",2021-01-14,2021-01-14 18:51:00 UTC,Pacific Time (US & Canada),research,1,0,False,False,https://inaturalist-open-data.s3.amazonaws.com/photos/110150861/medium.jpeg,,,
367475,Rallus obsoletus,Ridgway's Rail,Aves,Ridgway's Rail,32.5651293074,-117.1311270957,177.0,"Tijuana Slough National Wildlife Refuge, Imperial Beach, CA, US",2021-01-30,2021-01-31 01:53:19 UTC,Pacific Time (US & Canada),research,2,0,False,False,https://inaturalist-open-data.s3.amazonaws.com/photos/111579316/medium.jpg,,,
367475,Rallus obsoletus,Ridgway's Rail,Aves,Ridgway's Rail,32.5728225702,-117.1251694354,25.0,"Tijuana Slough National Wildlife Refuge, Imperial Beach, CA, US",2021-01-31,2021-01-31 01:14:23 UTC,UTC,research,1,0,False,False,https://inaturalist-open-data.s3.amazonaws.com/photos/111633311/medium.jpg,,"Got good view stalking the marsh edge, entered water near Pintails and swam for a twenty to thirty foot dash and back into vegetation. Poor pictures, confident sighting.",
367475,Rallus obsoletus,Ridgway's Rail,Aves,Ridgway's Rail,32.57268,-117.12544,40.0,"Imperial Beach, CA, USA",2021-01-31,2021-01-31 17:42:00 UTC,Pacific Time (US & Canada),research,1,0,False,False,https://inaturalist-open-data.s3.amazonaws.com/photos/111682034/medium.jpeg,,,
367475,Rallus obsoletus,Ridgway's Rail,Aves,Ridgway's Rail,32.5704299009,-117.1262528186,100.0,"Tijuana Slough National Wildlife Refuge, Imperial Beach, CA, US",2021-02-10,2021-02-10 03:42:32 UTC,UTC,research,1,0,False,False,https://inaturalist-open-data.s3.amazonaws.com/photos/112572720/medium.jpg,,,
367475,Rallus obsoletus,Ridgway's Rail,Aves,Ridgway's Rail,32.5730552697,-117.1254965803,2.0,"Imperial Beach, CA, USA",2011-12-25,2011-12-25 20:39:00 UTC,Pacific Time (US & Canada),research,2,0,False,False,https://inaturalist-open-data.s3.amazonaws.com/photos/112827879/medium.jpeg,,,
367475,Rallus obsoletus,Ridgway's Rail,Aves,Ridgway's Rail,32.570384064,-117.126261239,4.0,"Imperial Beach, CA, USA",2011-12-25,2011-12-25 20:50:00 UTC,Pacific Time (US & Canada),research,2,0,False,False,https://inaturalist-open-data.s3.amazonaws.com/photos/112827909/medium.jpeg,,,
367475,Rallus obsoletus,Ridgway's Rail,Aves,Ridgway's Rail,33.0094835567,-117.2764426537,45.0,"San Elijo Lagoon, Encinitas, CA, US",2021-03-04,2021-03-04 11:29:42 UTC,UTC,research,1,0,False,False,https://inaturalist-open-data.s3.amazonaws.com/photos/114793702/medium.jpg,,,
179819,Rallus obsoletus levipes,Light-footed Rail,Aves,Light-footed Rail,32.5513044858,-117.1145089343,197.0,Tijuana River National Estuarine Research Reserve,2021-02-27,2021-02-27 23:44:57 UTC,UTC,research,1,0,False,False,https://static.inaturalist.org/photos/115269430/medium.jpeg,,,
367475,Rallus obsoletus,Ridgway's Rail,Aves,Ridgway's Rail,33.0119679435,-117.2741389431,23.0,"San Elijo Lagoon County Park, Encinitas, CA, US",2021-03-14,2021-03-14 17:10:58 UTC,Pacific Time (US & Canada),research,2,0,False,False,https://static.inaturalist.org/photos/115957763/medium.jpg,,,
367475,Rallus obsoletus,Ridgway's Rail,Aves,Ridgway's Rail,33.0097613833,-117.2768366667,,"Cardiff by the Sea, Encinitas, CA, US",2021-03-17,2021-03-18 01:21:41 UTC,Pacific Time (US & Canada),research,1,0,False,False,https://static.inaturalist.org/photos/116472972/medium.jpg,,,
367475,Rallus obsoletus,Ridgway's Rail,Aves,Ridgway's Rail,33.0112109861,-117.2755755524,31.0,"Cardiff, Encinitas, CA 92007, USA",2021-03-17,2021-03-17 21:15:00 UTC,Pacific Time (US & Canada),research,1,0,False,False,https://inaturalist-open-data.s3.amazonaws.com/photos/116510123/medium.jpg,,,
367475,Rallus obsoletus,Ridgway's Rail,Aves,Ridgway's Rail,33.0108325464,-117.2761884472,61.0,"Cardiff, Encinitas, CA 92007, USA",2021-03-16,2021-03-16 15:06:00 UTC,Pacific Time (US & Canada),research,1,0,False,False,https://inaturalist-open-data.s3.amazonaws.com/photos/116633036/medium.jpg,,,
367475,Rallus obsoletus,Ridgway's Rail,Aves,Ridgway's Rail,32.765336,-117.219657,,"San Diego, California, United States",2011-06-16,2011-06-17 01:39:27 UTC,Hawaii,research,1,0,False,False,https://static.inaturalist.org/photos/117616717/medium.jpg,,"St Diego ,USA.","Rallus obsoletus, Birds, usa, St Diego, Flickr Birds, ridgway's rail"
367475,Rallus obsoletus,Ridgway's Rail,Aves,Ridgway's Rail,33.0120861481,-117.2744575549,69.0,"San Elijo Lagoon, Encinitas, CA, US",2021-03-28,2021-03-28 19:45:00 UTC,Pacific Time (US & Canada),research,1,0,False,False,https://inaturalist-open-data.s3.amazonaws.com/photos/118053244/medium.jpg,,,
367475,Rallus obsoletus,Ridgway's Rail,Aves,Ridgway's Rail,32.5741865606,-117.1264865188,8.0,"Caspian Way, Imperial Beach, CA, US",2021-04-07,2021-04-08 02:19:46 UTC,Pacific Time (US & Canada),research,1,0,False,False,,https://static.inaturalist.org/sounds/183635.m4a?1617848417,,
367475,Rallus obsoletus,Ridgway's Rail,Aves,Ridgway's Rail,32.5702527778,-117.1263583333,,"Imperial Beach, CA, USA",2021-04-07,2021-04-07 20:49:00 UTC,Pacific Time (US & Canada),research,1,0,False,False,https://inaturalist-open-data.s3.amazonaws.com/photos/119839966/medium.jpeg,,,
367475,Rallus obsoletus,Ridgway's Rail,Aves,Ridgway's Rail,32.5703166667,-117.12645,4.0,"Tijuana Slough National Wildlife Refuge, Imperial Beach, CA, US",2021-04-09,2021-04-09 16:52:05 UTC,Pacific Time (US & Canada),research,1,0,False,False,https://static.inaturalist.org/photos/119829683/medium.jpg,,Seen well with binoculars ,
367475,Rallus obsoletus,Ridgway's Rail,Aves,Ridgway's Rail,32.5700025369,-117.1262000674,10.0,Tijuana Slough National Wildlife Refuge; California,2021-04-07,2021-04-07 19:17:00 UTC,Pacific Time (US & Canada),research,2,0,False,False,https://inaturalist-open-data.s3.amazonaws.com/photos/119912344/medium.jpeg,,,
367475,Rallus obsoletus,Ridgway's Rail,Aves,Ridgway's Rail,33.0104908589,-117.2763853838,15.0,"Cardiff, Encinitas, CA 92007, USA",2021-04-07,2021-04-07 20:24:00 UTC,Pacific Time (US & Canada),research,1,0,False,False,https://inaturalist-open-data.s3.amazonaws.com/photos/120005355/medium.jpg,,,
367475,Rallus obsoletus,Ridgway's Rail,Aves,Ridgway's Rail,32.5722480619,-117.1255975705,50.0,"Tijuana Slough National Wildlife Refuge, Imperial Beach, CA, US",2021-04-10,2021-04-10 15:22:48 UTC,Pacific Time (US & Canada),research,1,0,False,False,https://inaturalist-open-data.s3.amazonaws.com/photos/120010840/medium.jpg,,Saw at least 3 pairs stalking today,
367475,Rallus obsoletus,Ridgway's Rail,Aves,Ridgway's Rail,32.5725800316,-117.1252713223,25.0,"Tijuana Slough National Wildlife Refuge, Imperial Beach, CA, US",2021-04-10,2021-04-10 15:14:19 UTC,Pacific Time (US & Canada),research,1,0,False,False,https://inaturalist-open-data.s3.amazonaws.com/photos/120011102/medium.jpg,,Separate individual ,
367475,Rallus obsoletus,Ridgway's Rail,Aves,Ridgway's Rail,32.5729096078,-117.1253179625,63.0,"Tijuana Slough National Wildlife Refuge, Imperial Beach, CA, US",2021-04-10,2021-04-10 15:12:45 UTC,Pacific Time (US & Canada),research,1,0,False,False,https://inaturalist-open-data.s3.amazonaws.com/photos/120011284/medium.jpg,,"Another, separate individual ",
367475,Rallus obsoletus,Ridgway's Rail,Aves,Ridgway's Rail,33.047508627,-117.3647948299,,"San Diego County, US-CA, US",2021-04-11,2021-04-11 15:29:59 UTC,Pacific Time (US & Canada),research,1,0,False,True,https://inaturalist-open-data.s3.amazonaws.com/photos/120246258/medium.jpeg,,,
367475,Rallus obsoletus,Ridgway's Rail,Aves,Ridgway's Rail,33.008442152,-117.2725932192,1343.0,"San Elijo Lagoon, Encinitas, CA, US",2021-04-11,2021-04-11 15:29:31 UTC,Pacific Time (US & Canada),research,1,0,False,False,https://inaturalist-open-data.s3.amazonaws.com/photos/120247180/medium.jpg,,,
367475,Rallus obsoletus,Ridgway's Rail,Aves,Ridgway's Rail,32.5884243843,-117.1063187958,5.0,"Otay River; Imperial Beach, California ",2021-04-25,2021-04-25 16:11:00 UTC,Pacific Time (US & Canada),research,2,0,False,False,https://inaturalist-open-data.s3.amazonaws.com/photos/123103360/medium.jpeg,,,
367475,Rallus obsoletus,Ridgway's Rail,Aves,Ridgway's Rail,32.573246,-117.125291,23.0,"Imperial Beach, CA, USA",2021-04-18,2021-04-18 23:24:00 UTC,Pacific Time (US & Canada),research,1,0,False,False,https://inaturalist-open-data.s3.amazonaws.com/photos/124089762/medium.jpeg,,Non banded ,
367475,Rallus obsoletus,Ridgway's Rail,Aves,Ridgway's Rail,32.5592532057,-117.1277314256,4.0,"Imperial Beach, CA, USA",2021-04-30,2021-04-30 18:26:00 UTC,Pacific Time (US & Canada),research,1,0,False,False,https://inaturalist-open-data.s3.amazonaws.com/photos/124401901/medium.jpeg,,,"300mm f/4 PF ED VR, City Nature Challenge 2021, D500, Imperial Beach, TC-14E III, Tijuana River National Estuarine Research Reserve, Tijuana Slough National Wildlife Refuge"
367475,Rallus obsoletus,Ridgway's Rail,Aves,Ridgway's Rail,32.569637,-117.1269263,376.0,"Tijuana River Estuary, 301 Caspian Way, Imperial Beach, CA 91932, USA",2021-04-30,2021-04-30 17:08:00 UTC,UTC,research,1,0,False,False,https://static.inaturalist.org/photos/124401224/medium.jpeg,,,
367475,Rallus obsoletus,Ridgway's Rail,Aves,Ridgway's Rail,32.572284218,-117.1255403354,19.0,"Tijuana Slough National Wildlife Refuge, Imperial Beach, CA, US",2021-04-24,2021-04-24 18:37:16 UTC,Pacific Time (US & Canada),research,1,0,False,False,https://inaturalist-open-data.s3.amazonaws.com/photos/125392782/medium.jpg,,,
367475,Rallus obsoletus,Ridgway's Rail,Aves,Ridgway's Rail,33.01146945,-117.2741166667,5.0,"San Elijo Lagoon County Park, Encinitas, CA, US",2015-11-30,2015-11-30 10:14:51 UTC,UTC,research,1,0,False,False,https://static.inaturalist.org/photos/127954504/medium.jpg,,,
367475,Rallus obsoletus,Ridgway's Rail,Aves,Ridgway's Rail,32.5700482338,-117.126302075,20.0,"Imperial Beach, CA, USA",2021-05-10,2021-05-10 22:00:00 UTC,Pacific Time (US & Canada),research,2,0,False,False,https://inaturalist-open-data.s3.amazonaws.com/photos/128100958/medium.jpeg,,,
367475,Rallus obsoletus,Ridgway's Rail,Aves,Ridgway's Rail,33.01079445,-117.2764133333,5.0,"San Elijo Lagoon, Encinitas, CA, US",2021-05-19,2021-05-19 21:50:57 UTC,Pacific Time (US & Canada),needs_id,0,0,False,False,https://static.inaturalist.org/photos/130148697/medium.jpg,,,
367475,Rallus obsoletus,Ridgway's Rail,Aves,Ridgway's Rail,33.0157934,-117.2503046,471.0,"2710 Manchester Ave, Cardiff, CA 92007, USA",2021-05-21,2021-05-21 09:46:00 UTC,Eastern Time (US & Canada),research,3,1,False,False,https://inaturalist-open-data.s3.amazonaws.com/photos/131975742/medium.jpeg,,,
367475,Rallus obsoletus,Ridgway's Rail,Aves,Ridgway's Rail,33.0097130674,-117.2762792603,206.0,"San Elijo Lagoon, Encinitas, CA, US",2021-06-02,2021-06-03 00:04:16 UTC,Pacific Time (US & Canada),research,2,0,False,False,https://inaturalist-open-data.s3.amazonaws.com/photos/133514312/medium.jpg,,,
367475,Rallus obsoletus,Ridgway's Rail,Aves,Ridgway's Rail,33.0133598429,-117.2742435336,4.0,"Cardiff, Encinitas, CA 92007, USA",2021-06-02,2021-06-02 22:08:00 UTC,Hawaii,research,1,0,False,False,https://inaturalist-open-data.s3.amazonaws.com/photos/133950705/medium.jpeg,,,
367475,Rallus obsoletus,Ridgway's Rail,Aves,Ridgway's Rail,32.5521601845,-117.1144650108,1612.0,"Tijuana River Valley, San Diego, CA, USA",2021-06-08,2021-06-08 19:33:00 UTC,Pacific Time (US & Canada),research,1,0,False,False,https://inaturalist-open-data.s3.amazonaws.com/photos/134972773/medium.jpg,,,
367475,Rallus obsoletus,Ridgway's Rail,Aves,Ridgway's Rail,32.5718138889,-117.1229222222,,"Imperial Beach, CA, USA",2021-06-09,2021-06-09 17:29:19 UTC,Pacific Time (US & Canada),research,1,0,False,False,https://inaturalist-open-data.s3.amazonaws.com/photos/135760232/medium.jpeg,,,
367475,Rallus obsoletus,Ridgway's Rail,Aves,Ridgway's Rail,33.0091865288,-117.2732977449,713.0,"Cardiff, Encinitas, CA 92007, USA",2021-06-15,2021-06-15 10:59:00 UTC,UTC,research,1,0,False,False,https://inaturalist-open-data.s3.amazonaws.com/photos/136585996/medium.jpeg,,,
367475,Rallus obsoletus,Ridgway's Rail,Aves,Ridgway's Rail,33.0109906137,-117.277386412,157.0,"Cardiff, CA 92007, USA",2021-06-20,2021-06-20 18:07:11 UTC,Pacific Time (US & Canada),research,1,0,False,False,https://inaturalist-open-data.s3.amazonaws.com/photos/137881350/medium.jpeg,,,
367475,Rallus obsoletus,Ridgway's Rail,Aves,Ridgway's Rail,32.5738983333,-117.1253883333,,"Tijuana Estuary, Imperial Beach, CA, USA",2021-06-23,2021-06-23 17:58:00 UTC,Pacific Time (US & Canada),research,1,0,False,False,https://inaturalist-open-data.s3.amazonaws.com/photos/138419624/medium.jpeg,,,
367475,Rallus obsoletus,Ridgway's Rail,Aves,Ridgway's Rail,32.5734333333,-117.1254883333,,"Tijuana Estuary, Imperial Beach, CA, USA",2021-06-23,2021-06-23 18:00:00 UTC,Pacific Time (US & Canada),research,1,0,False,False,https://inaturalist-open-data.s3.amazonaws.com/photos/138419755/medium.jpeg,,,
367475,Rallus obsoletus,Ridgway's Rail,Aves,Ridgway's Rail,32.5734333333,-117.1254883333,,"Tijuana Estuary, Imperial Beach, CA, USA",2021-06-23,2021-06-23 18:01:00 UTC,Pacific Time (US & Canada),research,1,0,False,False,https://inaturalist-open-data.s3.amazonaws.com/photos/138419882/medium.jpeg,,,
367475,Rallus obsoletus,Ridgway's Rail,Aves,Ridgway's Rail,32.5647305556,-117.1255361111,,"Imperial Beach, CA, USA",2021-06-23,2021-06-23 17:56:00 UTC,Pacific Time (US & Canada),research,1,0,False,False,https://inaturalist-open-data.s3.amazonaws.com/photos/138462950/medium.jpeg,,,
367475,Rallus obsoletus,Ridgway's Rail,Aves,Ridgway's Rail,32.5640833333,-117.1253066667,,"Imperial Beach, CA, USA",2021-06-23,2021-06-23 17:58:00 UTC,Pacific Time (US & Canada),research,1,0,False,False,https://inaturalist-open-data.s3.amazonaws.com/photos/138463062/medium.jpeg,,,
179819,Rallus obsoletus levipes,Light-footed Rail,Aves,Light-footed Rail,32.5726680181,-117.1256169601,61.0,Tijuana Slough National Wildlife Refuge,2021-06-21,2021-06-21 12:51:00 UTC,Pacific Time (US & Canada),research,1,0,False,False,https://inaturalist-open-data.s3.amazonaws.com/photos/138466082/medium.jpeg,,,Tijuana Slough National Wildlife Refuge
367475,Rallus obsoletus,Ridgway's Rail,Aves,Light-footed Rail,32.5702833333,-117.1264305556,,"Imperial Beach, CA, USA",2021-06-25,2021-06-25 22:51:00 UTC,Pacific Time (US & Canada),research,2,0,False,False,https://inaturalist-open-data.s3.amazonaws.com/photos/138890958/medium.jpeg,,,Adults with juveniles in separate observation
367475,Rallus obsoletus,Ridgway's Rail,Aves,Ridgway's Rail,32.5703194444,-117.1264055556,,"Imperial Beach, CA, USA",2021-06-25,2021-06-25 22:52:00 UTC,Pacific Time (US & Canada),research,1,0,False,False,https://inaturalist-open-data.s3.amazonaws.com/photos/138891930/medium.jpeg,,,
367475,Rallus obsoletus,Ridgway's Rail,Aves,Ridgway's Rail,32.570375,-117.1264944444,,"Imperial Beach, CA, USA",2021-06-25,2021-06-25 22:54:00 UTC,Pacific Time (US & Canada),research,1,0,False,False,https://inaturalist-open-data.s3.amazonaws.com/photos/138892370/medium.jpeg,,,
367475,Rallus obsoletus,Ridgway's Rail,Aves,Ridgway's Rail,32.5703111111,-117.1263111111,,"Tijuana Slough National Wildlife Refuge, Tijuana Slough National Wildlife Refuge, San Diego, California, United States",2021-06-25,2021-06-25 22:51:00 UTC,Pacific Time (US & Canada),research,1,0,False,False,https://inaturalist-open-data.s3.amazonaws.com/photos/138892554/medium.jpeg,,,4 juveniles and 2 adults bathing
367475,Rallus obsoletus,Ridgway's Rail,Aves,Ridgway's Rail,32.5703416667,-117.1264416667,,"Imperial Beach, CA, USA",2021-06-25,2021-06-25 22:46:00 UTC,Pacific Time (US & Canada),research,1,0,False,False,https://inaturalist-open-data.s3.amazonaws.com/photos/138893404/medium.jpeg,,,
179819,Rallus obsoletus levipes,Light-footed Rail,Aves,Light-footed Rail,32.572651979,-117.125282514,8.0,"Imperial Beach, CA, USA",2021-06-26,2021-06-26 16:28:00 UTC,Pacific Time (US & Canada),research,1,0,False,False,https://inaturalist-open-data.s3.amazonaws.com/photos/139242771/medium.jpg,,,
367475,Rallus obsoletus,Ridgway's Rail,Aves,Ridgway's Rail,32.5702745788,-117.1264030532,10.0,"Tijuana Estuary Visitor Center; San Diego, California",2021-06-25,2021-06-25 19:13:00 UTC,Pacific Time (US & Canada),research,2,0,False,False,https://inaturalist-open-data.s3.amazonaws.com/photos/139407434/medium.jpeg,,,
367475,Rallus obsoletus,Ridgway's Rail,Aves,Ridgway's Rail,33.004,-117.1439,,"San Elijo Lagoon, Stonebridge, San Diego, CA",1980-01-01,1980-01-01 08:04:00 UTC,Pacific Time (US & Canada),research,1,0,False,False,https://inaturalist-open-data.s3.amazonaws.com/photos/139810576/medium.jpeg,,Juvenile,
367475,Rallus obsoletus,Ridgway's Rail,Aves,Ridgway's Rail,33.0131183333,-117.2496583333,,"Encinitas, CA, USA",2021-07-01,2021-07-01 15:14:00 UTC,Pacific Time (US & Canada),research,1,0,False,False,https://static.inaturalist.org/photos/140521639/medium.jpeg,,,
367475,Rallus obsoletus,Ridgway's Rail,Aves,Ridgway's Rail,32.5726,-117.12535,25.0,"Imperial Beach, CA, USA",2021-07-03,2021-07-03 15:25:00 UTC,Pacific Time (US & Canada),research,1,0,False,False,https://inaturalist-open-data.s3.amazonaws.com/photos/140739701/medium.jpeg,,,
179819,Rallus obsoletus levipes,Light-footed Rail,Aves,Light-footed Rail,32.5748283333,-117.1259195,,"Caspian Way, Imperial Beach, CA, US",2021-07-05,2021-07-05 18:53:53 UTC,Pacific Time (US & Canada),research,1,0,False,False,https://inaturalist-open-data.s3.amazonaws.com/photos/141369454/medium.jpg,,,
179819,Rallus obsoletus levipes,Light-footed Rail,Aves,Light-footed Rail,32.5748283333,-117.1259195,,"Caspian Way, Imperial Beach, CA, US",2021-07-05,2021-07-05 18:50:01 UTC,Pacific Time (US & Canada),casual,1,0,False,False,https://inaturalist-open-data.s3.amazonaws.com/photos/141369630/medium.jpg,,,
367475,Rallus obsoletus,Ridgway's Rail,Aves,Ridgway's Rail,32.4943259169,-117.1858787439,2340.0,United States,2020-06-20,2020-06-20 21:14:45 UTC,Pacific Time (US & Canada),research,1,0,False,True,https://static.inaturalist.org/photos/142223726/medium.jpeg,,,
367475,Rallus obsoletus,Ridgway's Rail,Aves,Ridgway's Rail,32.7559360284,-117.2414861686,2.0,"Ocean Beach, San Diego, CA, USA",2010-11-23,2010-11-23 09:03:00 UTC,Pacific Time (US & Canada),research,1,0,False,False,https://inaturalist-open-data.s3.amazonaws.com/photos/142442293/medium.jpeg,,,
367475,Rallus obsoletus,Ridgway's Rail,Aves,Rascón Costero del Pacífico,32.572751837,-117.1251444001,4.0,"Imperial Beach, CA, USA",2021-07-11,2021-07-11 15:45:00 UTC,Pacific Time (US & Canada),research,2,0,False,False,https://inaturalist-open-data.s3.amazonaws.com/photos/142733615/medium.jpeg,,,
367475,Rallus obsoletus,Ridgway's Rail,Aves,Ridgway's Rail,32.573001738,-117.1252382405,15.0,"Imperial Beach, CA, USA",2021-07-05,2021-07-05 12:02:00 UTC,UTC,research,2,0,False,False,https://static.inaturalist.org/photos/143081410/medium.jpeg,,,
367475,Rallus obsoletus,Ridgway's Rail,Aves,Rascón Costero del Pacífico,32.715738,-117.1610838,50209.0,"San Diego, CA, USA",2018-03-03,2018-03-04 01:28:00 UTC,Central Time (US & Canada),research,1,0,False,False,https://inaturalist-open-data.s3.amazonaws.com/photos/143445115/medium.jpg,,,
367475,Rallus obsoletus,Ridgway's Rail,Aves,Ridgway's Rail,32.572565588,-117.1251163822,8.0,"Imperial Beach, CA, USA",2010-12-03,2010-12-03 20:20:00 UTC,Pacific Time (US & Canada),research,2,0,False,False,https://inaturalist-open-data.s3.amazonaws.com/photos/143523994/medium.jpeg,,,
179819,Rallus obsoletus levipes,Light-footed Rail,Aves,Light-footed Rail,32.5719786526,-117.1254645635,200.0,"Tijuana Slough National Wildlife Refuge, Imperial Beach, CA, US",2021-07-24,2021-07-24 21:07:17 UTC,Pacific Time (US & Canada),research,1,0,False,False,https://inaturalist-open-data.s3.amazonaws.com/photos/146029202/medium.jpg,,,
179819,Rallus obsoletus levipes,Light-footed Rail,Aves,Light-footed Rail,32.4180582445,-117.0136578672,125.0,United States,2021-07-24,2021-07-24 21:03:00 UTC,Pacific Time (US & Canada),research,1,0,False,True,https://inaturalist-open-data.s3.amazonaws.com/photos/146307814/medium.jpeg,,,
179819,Rallus obsoletus levipes,Light-footed Rail,Aves,Light-footed Rail,32.5085319542,-117.1492765484,125.0,United States,2021-07-24,2021-07-24 21:03:00 UTC,Pacific Time (US & Canada),research,1,0,False,True,https://inaturalist-open-data.s3.amazonaws.com/photos/146307838/medium.jpeg,,,
367475,Rallus obsoletus,Ridgway's Rail,Aves,Ridgway's Rail,32.5705262099,-117.1264343931,208.0,"Imperial Beach, CA, USA",2009-01-24,2009-01-24 19:30:00 UTC,Pacific Time (US & Canada),research,3,0,False,False,https://inaturalist-open-data.s3.amazonaws.com/photos/147081279/medium.jpeg,,,
367475,Rallus obsoletus,Ridgway's Rail,Aves,Ridgway's Rail,32.5513045,-117.114509,196.0,"301 Caspian Way, Imperial Beach, CA 91932, USA",2021-07-05,2021-07-05 12:02:00 UTC,UTC,research,2,0,False,False,https://static.inaturalist.org/photos/147862604/medium.jpeg,,,
367475,Rallus obsoletus,Ridgway's Rail,Aves,Ridgway's Rail,32.5513044858,-117.1145089343,196.0,Tijuana River National Estuarine Research Reserve,2021-07-17,,Eastern Time (US & Canada),research,1,0,False,False,https://inaturalist-open-data.s3.amazonaws.com/photos/148198147/medium.jpeg,,,
367475,Rallus obsoletus,Ridgway's Rail,Aves,Ridgway's Rail,32.5513044858,-117.1145089343,196.0,Tijuana River National Estuarine Research Reserve,2021-07-17,,Eastern Time (US & Canada),research,1,0,False,False,https://inaturalist-open-data.s3.amazonaws.com/photos/148198238/medium.jpeg,,,
367475,Rallus obsoletus,Ridgway's Rail,Aves,Ridgway's Rail,32.5727005842,-117.1251164981,5.0,"Tijuana River National Estuarine Research Reserve; San Diego, California ",2021-07-31,2021-07-31 16:36:00 UTC,Pacific Time (US & Canada),research,2,0,False,False,https://inaturalist-open-data.s3.amazonaws.com/photos/148625797/medium.jpeg,,,
367475,Rallus obsoletus,Ridgway's Rail,Aves,Ridgway's Rail,32.5699347056,-117.1266303056,15.0,"Imperial Beach, CA, USA",2021-08-16,2021-08-16 16:28:00 UTC,Pacific Time (US & Canada),research,1,0,False,False,https://static.inaturalist.org/photos/151739250/medium.jpeg,,,
367475,Rallus obsoletus,Ridgway's Rail,Aves,Ridgway's Rail,32.5594237866,-117.1280290816,31.0,"Imperial Beach, CA, USA",2021-08-16,2021-08-16 17:54:00 UTC,Pacific Time (US & Canada),research,1,0,False,False,https://static.inaturalist.org/photos/151740297/medium.jpeg,,,
367475,Rallus obsoletus,Ridgway's Rail,Aves,Ridgway's Rail,32.572575,-117.1253971667,8.0,"Tijuana Slough National Wildlife Refuge, Imperial Beach, CA, US",2021-08-20,2021-08-20 22:32:03 UTC,Pacific Time (US & Canada),research,1,0,False,False,https://static.inaturalist.org/photos/152109557/medium.jpg,,,
179819,Rallus obsoletus levipes,Light-footed Rail,Aves,Rascón picudo,32.5216957181,-117.1220010014,376.0,United States,2021-08-22,2021-08-23 00:18:00 UTC,Pacific Time (US & Canada),research,1,0,False,True,https://inaturalist-open-data.s3.amazonaws.com/photos/152627438/medium.jpeg,,,
179819,Rallus obsoletus levipes,Light-footed Rail,Aves,Light-footed Rail,32.5694724387,-117.0400272797,,United States,2021-08-22,2021-08-23 00:28:00 UTC,Pacific Time (US & Canada),research,1,0,False,True,https://inaturalist-open-data.s3.amazonaws.com/photos/152824731/medium.jpeg,,,
367475,Rallus obsoletus,Ridgway's Rail,Aves,Ridgway's Rail,32.57261,-117.12531,20.0,"Imperial Beach, CA, USA",2021-08-28,2021-08-28 16:48:00 UTC,Pacific Time (US & Canada),research,1,0,False,False,https://inaturalist-open-data.s3.amazonaws.com/photos/153793095/medium.jpeg,,Note silver band on right leg.,
367475,Rallus obsoletus,Ridgway's Rail,Aves,Ridgway's Rail,32.57261,-117.12531,20.0,"Imperial Beach, CA, USA",2021-08-28,2021-08-28 17:02:00 UTC,Pacific Time (US & Canada),research,1,0,False,False,https://inaturalist-open-data.s3.amazonaws.com/photos/153793592/medium.jpeg,,Note marker on left wing.,
367475,Rallus obsoletus,Ridgway's Rail,Aves,Ridgway's Rail,32.57027,-117.12644,25.0,"Imperial Beach, CA, USA",2021-08-28,2021-08-28 17:07:00 UTC,Pacific Time (US & Canada),research,1,0,False,False,https://inaturalist-open-data.s3.amazonaws.com/photos/153794072/medium.jpeg,,Note marker on left wing.,
367475,Rallus obsoletus,Ridgway's Rail,Aves,Пастушок Риджуэйя,33.0023,-117.1558,1000000.0,San Elijo Lagoon Nature Center,2021-08-28,2021-08-28 15:50:00 UTC,Pacific Time (US & Canada),research,2,0,False,False,https://inaturalist-open-data.s3.amazonaws.com/photos/153799881/medium.jpeg,,,
367475,Rallus obsoletus,Ridgway's Rail,Aves,Ridgway's Rail,32.570278,-117.126438,,"Imperial Beach, CA, USA",2021-08-21,2021-08-21 19:21:00 UTC,Pacific Time (US & Canada),research,2,0,False,False,https://inaturalist-open-data.s3.amazonaws.com/photos/154471101/medium.jpg,,,
367475,Rallus obsoletus,Ridgway's Rail,Aves,Ridgway's Rail,32.5723848274,-117.1252701254,36.0,"Tijuana Slough National Wildlife Refuge, Imperial Beach, CA, US",2021-09-05,2021-09-06 01:16:44 UTC,Pacific Time (US & Canada),research,1,0,False,False,https://inaturalist-open-data.s3.amazonaws.com/photos/155549917/medium.jpg,,,
367475,Rallus obsoletus,Ridgway's Rail,Aves,Ridgway's Rail,32.5551600018,-117.1419876054,,United States,2021-09-05,2021-09-05 23:07:38 UTC,Pacific Time (US & Canada),research,1,0,False,True,https://inaturalist-open-data.s3.amazonaws.com/photos/155642103/medium.jpeg,,,
367475,Rallus obsoletus,Ridgway's Rail,Aves,Ridgway's Rail,32.5725715973,-117.1251493465,24.0,"Tijuana Slough National Wildlife Refuge, Imperial Beach, CA, US",2021-09-07,2021-09-08 01:40:53 UTC,Pacific Time (US & Canada),research,1,0,False,False,https://inaturalist-open-data.s3.amazonaws.com/photos/156023987/medium.jpg,,,
367475,Rallus obsoletus,Ridgway's Rail,Aves,Ridgway's Rail,32.5725209311,-117.1251976829,24.0,"Tijuana Slough National Wildlife Refuge, Imperial Beach, CA, US",2021-09-07,2021-09-08 01:42:30 UTC,Pacific Time (US & Canada),research,1,0,False,False,https://inaturalist-open-data.s3.amazonaws.com/photos/156024145/medium.jpg,,,
367475,Rallus obsoletus,Ridgway's Rail,Aves,Ridgway's Rail,32.570061413,-117.1261728691,43.0,"Tijuana Slough National Wildlife Refuge, Imperial Beach, CA, US",2021-09-07,2021-09-08 02:01:22 UTC,Pacific Time (US & Canada),research,1,0,False,False,https://inaturalist-open-data.s3.amazonaws.com/photos/156024268/medium.jpg,,,
367475,Rallus obsoletus,Ridgway's Rail,Aves,Ridgway's Rail,32.5699471137,-117.1263450878,10.0,"Tijuana River National Estuarine Research Reserve; San Diego, California",2021-09-06,2021-09-06 19:17:00 UTC,Pacific Time (US & Canada),research,2,0,False,False,https://inaturalist-open-data.s3.amazonaws.com/photos/156297382/medium.jpeg,,,
367475,Rallus obsoletus,Ridgway's Rail,Aves,Ridgway's Rail,33.01387,-117.27507,,"San Elijo Lagoon Ecological Reserve, San Diego, California, United States",2021-09-09,2021-09-09 13:44:00 UTC,Pacific Time (US & Canada),research,1,0,False,False,https://static.inaturalist.org/photos/156537339/medium.jpeg,,,
367475,Rallus obsoletus,Ridgway's Rail,Aves,Ridgway's Rail,33.0117060666,-117.2773733992,4.0,"Cardiff, Encinitas, CA 92007, USA",2021-09-12,2021-09-12 14:24:00 UTC,Pacific Time (US & Canada),research,1,0,False,False,https://inaturalist-open-data.s3.amazonaws.com/photos/157050131/medium.jpg,,,
179819,Rallus obsoletus levipes,Light-footed Rail,Aves,Light-footed Rail,32.5744055556,-117.1241666667,,"San Diego, California, United States",2021-09-22,2021-09-22 23:19:00 UTC,Pacific Time (US & Canada),casual,1,0,False,False,https://inaturalist-open-data.s3.amazonaws.com/photos/159321357/medium.jpeg,,,
179819,Rallus obsoletus levipes,Light-footed Rail,Aves,Light-footed Rail,32.5725533333,-117.1256766667,,"Tijuana Slough National Wildlife Refuge, Tijuana Slough National Wildlife Refuge, San Diego, California, United States",2021-09-22,2021-09-22 23:15:00 UTC,Pacific Time (US & Canada),research,1,0,False,False,https://inaturalist-open-data.s3.amazonaws.com/photos/159527699/medium.jpeg,,,
367475,Rallus obsoletus,Ridgway's Rail,Aves,Ridgway's Rail,32.5734758562,-117.1255625443,5.0,Tijuana River National Estuarine Research Reserve; California,2021-09-25,2021-09-25 16:28:00 UTC,Pacific Time (US & Canada),research,1,0,False,False,https://inaturalist-open-data.s3.amazonaws.com/photos/159818791/medium.jpeg,,,
179819,Rallus obsoletus levipes,Light-footed Rail,Aves,Light-footed Rail,32.4491855776,-117.1096728706,414.0,United States,2021-09-22,2021-09-22 23:12:00 UTC,Pacific Time (US & Canada),research,1,0,False,True,https://inaturalist-open-data.s3.amazonaws.com/photos/161830007/medium.jpeg,,,
367475,Rallus obsoletus,Ridgway's Rail,Aves,Ridgway's Rail,32.5699813629,-117.1263362954,18.0,"Tijuana Slough National Wildlife Refuge, Imperial Beach, CA, US",2021-10-11,2021-10-11 19:18:02 UTC,Pacific Time (US & Canada),research,1,0,False,False,https://inaturalist-open-data.s3.amazonaws.com/photos/163021637/medium.jpg,,,
367475,Rallus obsoletus,Ridgway's Rail,Aves,Rascón Costero del Pacífico,32.62032591,-117.0975124756,4.0,"Chula Vista, CA, USA",2009-02-22,2009-02-22 19:18:00 UTC,Pacific Time (US & Canada),research,2,0,False,False,https://inaturalist-open-data.s3.amazonaws.com/photos/165866848/medium.jpeg,,,
179819,Rallus obsoletus levipes,Light-footed Rail,Aves,Light-footed Rail,32.559605,-117.1278266667,,"Imperial Beach, CA, USA",2021-11-03,2021-11-04 00:45:00 UTC,Pacific Time (US & Canada),research,1,0,False,False,https://inaturalist-open-data.s3.amazonaws.com/photos/167214172/medium.jpeg,,,
367475,Rallus obsoletus,Ridgway's Rail,Aves,Rascón Costero del Pacífico,32.5697540862,-117.126914973,23.0,"Tijuana Slough National Wildlife Refuge, Imperial Beach, CA, US",2021-11-06,2021-11-06 19:17:10 UTC,Pacific Time (US & Canada),research,2,0,False,False,https://static.inaturalist.org/photos/167649255/medium.jpg,,,
367475,Rallus obsoletus,Ridgway's Rail,Aves,Ridgway's Rail,32.5702666667,-117.1265555,5.0,"Tijuana Slough National Wildlife Refuge, Imperial Beach, CA, US",2021-11-07,2021-11-07 17:14:36 UTC,Central Time (US & Canada),research,1,0,False,False,https://static.inaturalist.org/photos/167826468/medium.jpg,,,
367475,Rallus obsoletus,Ridgway's Rail,Aves,Ridgway's Rail,32.5703963903,-117.1262741571,93.0,"Tijuana Slough National Wildlife Refuge, Imperial Beach, CA, US",2021-11-07,2021-11-07 12:40:38 UTC,UTC,research,1,0,False,False,https://inaturalist-open-data.s3.amazonaws.com/photos/167829399/medium.jpg,,4,
367475,Rallus obsoletus,Ridgway's Rail,Aves,Ridgway's Rail,32.5701571733,-117.1264063133,1.0,"Imperial Beach, CA, USA",2021-11-07,2021-11-07 20:15:00 UTC,Pacific Time (US & Canada),research,1,0,False,False,https://static.inaturalist.org/photos/168189751/medium.jpeg,,,
367475,Rallus obsoletus,Ridgway's Rail,Aves,Ridgway's Rail,32.58954,-117.10406,20.0,"Egger Highlands, San Diego, CA, USA",2021-11-13,2021-11-13 19:59:00 UTC,Pacific Time (US & Canada),research,1,0,False,False,https://inaturalist-open-data.s3.amazonaws.com/photos/168885579/medium.jpeg,,,
367475,Rallus obsoletus,Ridgway's Rail,Aves,Ridgway's Rail,33.0082577818,-117.2720206529,1774.0,San Elijo Lagoon State Marine Conservation Area,2021-11-14,2021-11-15 00:08:34 UTC,Pacific Time (US & Canada),research,1,0,False,False,https://inaturalist-open-data.s3.amazonaws.com/photos/169294448/medium.jpeg,,,
367475,Rallus obsoletus,Ridgway's Rail,Aves,Rascón Costero del Pacífico,33.01123055,-117.2761216667,7.0,"San Elijo Lagoon, Encinitas, CA, US",2021-11-19,2021-11-19 22:30:37 UTC,Pacific Time (US & Canada),research,1,0,False,False,https://static.inaturalist.org/photos/169550932/medium.jpg,,I thought this was a sora until I started seeing ridgway rail posters everywhere and remembered this species exists. so sad.,
367475,Rallus obsoletus,Ridgway's Rail,Aves,Ridgway's Rail,32.5704179327,-117.13195431,8.0,"Tijuana Slough Refuge, Imperial Beach, CA, USA",2021-11-16,2021-11-16 22:10:00 UTC,Pacific Time (US & Canada),research,1,0,False,False,https://inaturalist-open-data.s3.amazonaws.com/photos/169640998/medium.jpeg,,The Rail appeared for the shortest moment... and then was gone from sight.,
179819,Rallus obsoletus levipes,Light-footed Rail,Aves,Light-footed Rail,32.5733883347,-117.1254207524,8.0,"Imperial Beach, CA, USA",2021-11-26,2021-11-26 23:04:00 UTC,Pacific Time (US & Canada),research,1,0,False,False,https://inaturalist-open-data.s3.amazonaws.com/photos/170409546/medium.jpg,,,
367475,Rallus obsoletus,Ridgway's Rail,Aves,Ridgway's Rail,33.0109033882,-117.2756702372,206.0,"Cardiff, Encinitas, CA 92007, USA",2021-11-28,2021-11-29 02:13:00 UTC,Pacific Time (US & Canada),research,2,0,False,False,https://static.inaturalist.org/photos/170693814/medium.jpg,,,
367475,Rallus obsoletus,Ridgway's Rail,Aves,Ridgway's Rail,33.0105347724,-117.276477804,7.0,"Cardiff, Encinitas, CA 92007, USA",2021-12-04,2021-12-04 22:47:00 UTC,Pacific Time (US & Canada),research,1,0,False,False,https://inaturalist-open-data.s3.amazonaws.com/photos/171381993/medium.jpg,,Individual #1,
367475,Rallus obsoletus,Ridgway's Rail,Aves,Ridgway's Rail,33.0105321298,-117.2764781271,6.0,"Cardiff, Encinitas, CA 92007, USA",2021-12-04,2021-12-04 22:47:00 UTC,Pacific Time (US & Canada),research,1,0,False,False,https://inaturalist-open-data.s3.amazonaws.com/photos/171382005/medium.jpg,,Individual #2 - not a duplicate.  Seen at the same time as the other submission and across the water by about 30ft,
367475,Rallus obsoletus,Ridgway's Rail,Aves,Ridgway's Rail,33.0059868354,-117.2670737708,82.0,"Encinitas, CA, USA",2021-12-11,2021-12-11 18:30:00 UTC,Pacific Time (US & Canada),research,1,0,False,False,https://inaturalist-open-data.s3.amazonaws.com/photos/172129088/medium.jpeg,,,
367475,Rallus obsoletus,Ridgway's Rail,Aves,Ridgway's Rail,33.0114527778,-117.2739527778,,"Cardiff, Encinitas, CA 92007, USA",2021-11-07,2021-11-07 10:42:00 UTC,UTC,research,1,0,False,False,https://inaturalist-open-data.s3.amazonaws.com/photos/172383102/medium.jpeg,,,
367475,Rallus obsoletus,Ridgway's Rail,Aves,Ridgway's Rail,32.5710866667,-117.12628,,"Imperial Beach, CA, USA",2021-11-05,2021-11-05 09:55:00 UTC,UTC,research,2,0,False,False,https://static.inaturalist.org/photos/172426440/medium.jpg,,,
367475,Rallus obsoletus,Ridgway's Rail,Aves,Ridgway's Rail,33.0100652226,-117.2533840667,31.0,"Encinitas, CA, USA",2021-12-18,2021-12-18 10:25:00 UTC,Paris,research,1,0,False,False,https://static.inaturalist.org/photos/172831658/medium.jpg,,,"California, Solana Beach, San Elijo Lagoon, Ridgway's Rail, Bird"
367475,Rallus obsoletus,Ridgway's Rail,Aves,Ridgway's Rail,32.5627675,-117.1164055,1678.0,"Naval Outlying Landing Field Imperial Beach, Imperial Beach, CA, US",2014-12-23,2014-12-23 15:28:00 UTC,Arizona,research,1,0,False,False,https://inaturalist-open-data.s3.amazonaws.com/photos/173349656/medium.jpg,,,
367475,Rallus obsoletus,Ridgway's Rail,Aves,Ridgway's Rail,32.572605,-117.1253445,4.0,"Tijuana Slough National Wildlife Refuge, Imperial Beach, CA, US",2021-12-04,2021-12-04 21:09:31 UTC,Eastern Time (US & Canada),research,1,0,False,False,https://static.inaturalist.org/photos/173817536/medium.jpg,,,
367475,Rallus obsoletus,Ridgway's Rail,Aves,Ridgway's Rail,32.5752596974,-117.1315351389,138.0,"Tijuana Slough National Wildlife Refuge, Imperial Beach, CA, US",2022-01-05,2022-01-05 05:58:21 UTC,UTC,research,1,0,False,False,https://inaturalist-open-data.s3.amazonaws.com/photos/174998251/medium.jpg,,1,
367475,Rallus obsoletus,Ridgway's Rail,Aves,Ridgway's Rail,32.7614756522,-117.2131203442,25.0,"Mission Bay, San Diego, CA, USA",2014-10-10,2014-10-10 15:13:00 UTC,Pacific Time (US & Canada),research,1,0,False,False,https://inaturalist-open-data.s3.amazonaws.com/photos/175345736/medium.jpeg,,,
367475,Rallus obsoletus,Ridgway's Rail,Aves,Ridgway's Rail,32.573363,-117.12549,,"Imperial Beach, Californie, États-Unis",2018-01-25,2018-01-25 19:12:00 UTC,Eastern Time (US & Canada),research,1,0,False,False,https://inaturalist-open-data.s3.amazonaws.com/photos/175779185/medium.jpeg,,,
367475,Rallus obsoletus,Ridgway's Rail,Aves,Ridgway's Rail,32.5726166667,-117.1253278333,4.0,"Tijuana Slough National Wildlife Refuge, Imperial Beach, CA, US",2022-01-14,2022-01-15 00:33:36 UTC,Pacific Time (US & Canada),research,1,0,False,False,https://static.inaturalist.org/photos/176536878/medium.jpg,,,
367475,Rallus obsoletus,Ridgway's Rail,Aves,Ridgway's Rail,32.5652699864,-117.1268518994,1087.0,"Imperial Beach, CA, USA",2022-01-06,2022-01-06 17:40:00 UTC,Pacific Time (US & Canada),research,1,0,False,False,https://inaturalist-open-data.s3.amazonaws.com/photos/176690873/medium.jpg,,,
367475,Rallus obsoletus,Ridgway's Rail,Aves,Ridgway's Rail,33.0089638916,-117.2759382977,61.0,"Cardiff, Encinitas, CA 92007, USA",2021-02-16,2021-02-16 10:31:00 UTC,UTC,research,2,0,False,False,https://inaturalist-open-data.s3.amazonaws.com/photos/176810771/medium.jpeg,,,
367475,Rallus obsoletus,Ridgway's Rail,Aves,,32.5705216667,-117.12645,4.0,"Tijuana Slough National Wildlife Refuge, Imperial Beach, CA, US",2022-01-29,2022-01-29 13:13:30 UTC,UTC,casual,0,0,False,False,https://static.inaturalist.org/photos/177592897/medium.jpg,,,
179819,Rallus obsoletus levipes,Light-footed Rail,Aves,Light-footed Rail,32.5715103243,-117.125819222,8.0,"Imperial Beach, CA, USA",2022-01-22,2022-01-22 16:04:00 UTC,Eastern Time (US & Canada),research,1,0,False,False,https://inaturalist-open-data.s3.amazonaws.com/photos/177874733/medium.jpeg,,,
367475,Rallus obsoletus,Ridgway's Rail,Aves,Ridgway's Rail,32.5702615326,-117.126196367,51.0,"Tijuana Slough National Wildlife Refuge, Imperial Beach, CA, US",2022-02-01,2022-02-01 10:06:56 UTC,UTC,research,3,0,False,False,https://static.inaturalist.org/photos/177943860/medium.jpg,,,
367475,Rallus obsoletus,Ridgway's Rail,Aves,Ridgway's Rail,33.0103535183,-117.276689847,15.0,"Cardiff, Encinitas, CA 92007, USA",2022-02-17,2022-02-17 19:50:00 UTC,Pacific Time (US & Canada),research,1,0,False,False,https://inaturalist-open-data.s3.amazonaws.com/photos/179770267/medium.jpg,,,
367475,Rallus obsoletus,Ridgway's Rail,Aves,Ridgway's Rail,32.5706416667,-117.1264283333,,"Imperial Beach, CA, USA",2022-01-31,2022-01-31 09:56:00 UTC,UTC,research,2,0,False,False,https://static.inaturalist.org/photos/180379443/medium.jpg,,,
367475,Rallus obsoletus,Ridgway's Rail,Aves,Ridgway's Rail,32.5548405413,-117.0949314328,15.0,"Tijuana River Valley, San Diego, Californie, États-Unis",2009-11-30,2009-11-30 19:02:00 UTC,Eastern Time (US & Canada),research,1,0,False,False,https://inaturalist-open-data.s3.amazonaws.com/photos/182012874/medium.jpeg,,,
367475,Rallus obsoletus,Ridgway's Rail,Aves,Ridgway's Rail,32.5636040221,-117.1164589913,733.0,"Naval Outlying Landing Field Imperial Beach, Imperial Beach, CA, US",2022-02-19,2022-02-19 19:59:45 UTC,Pacific Time (US & Canada),research,2,0,False,False,https://inaturalist-open-data.s3.amazonaws.com/photos/182257719/medium.jpg,,,
367475,Rallus obsoletus,Ridgway's Rail,Aves,Ridgway's Rail,32.5590394,-117.1233437,2944.0,"301 Caspian Wy, Imperial Beach, CA 91932, USA",2018-04-29,2018-04-29 16:51:00 UTC,UTC,research,2,0,False,False,https://inaturalist-open-data.s3.amazonaws.com/photos/182485704/medium.jpg,,,
367475,Rallus obsoletus,Ridgway's Rail,Aves,Ridgway's Rail,32.57346,-117.1254733333,,"Imperial Beach, CA, USA",2022-03-25,2022-03-25 17:55:00 UTC,Pacific Time (US & Canada),research,1,0,False,False,https://inaturalist-open-data.s3.amazonaws.com/photos/184541113/medium.jpeg,,,
367475,Rallus obsoletus,Ridgway's Rail,Aves,Ridgway's Rail,32.5724830781,-117.1260972021,318.0,"Imperial Beach, CA, USA",2022-03-25,2022-03-25 18:52:00 UTC,Pacific Time (US & Canada),research,1,0,False,False,https://inaturalist-open-data.s3.amazonaws.com/photos/184567588/medium.jpeg,,,
367475,Rallus obsoletus,Ridgway's Rail,Aves,Ridgway's Rail,32.5725198507,-117.125630572,15.0,"Imperial Beach, CA, USA",2017-11-12,2017-11-12 19:58:00 UTC,Pacific Time (US & Canada),research,1,0,False,False,https://inaturalist-open-data.s3.amazonaws.com/photos/184690558/medium.jpeg,,,
367475,Rallus obsoletus,Ridgway's Rail,Aves,Ridgway's Rail,32.5708003358,-117.1307033658,31.0,"Imperial Beach, CA, USA",2022-03-29,2022-03-29 21:32:00 UTC,Hawaii,research,1,0,False,False,https://static.inaturalist.org/photos/185276408/medium.jpg,,,
367475,Rallus obsoletus,Ridgway's Rail,Aves,Ridgway's Rail,32.5745742864,-117.1273426575,25.0,"Tijuana Slough National Wildlife Refuge, Imperial Beach, CA, US",2022-03-30,2022-03-30 18:33:31 UTC,Pacific Time (US & Canada),research,2,0,False,False,https://inaturalist-open-data.s3.amazonaws.com/photos/185441246/medium.jpg,https://static.inaturalist.org/sounds/382005.m4a?1648689896,,
367475,Rallus obsoletus,Ridgway's Rail,Aves,Ridgway's Rail,32.56371635,-117.1166846,992.0,"Naval Outlying Landing Field Imperial Beach, Imperial Beach, CA, US",2022-03-30,2022-03-31 01:04:35 UTC,Pacific Time (US & Canada),research,1,0,False,False,https://inaturalist-open-data.s3.amazonaws.com/photos/185467466/medium.jpg,,,
367475,Rallus obsoletus,Ridgway's Rail,Aves,Ridgway's Rail,32.56371635,-117.1166846,992.0,"Naval Outlying Landing Field Imperial Beach, Imperial Beach, CA, US",2022-03-30,2022-03-31 01:04:32 UTC,Pacific Time (US & Canada),research,1,0,False,False,https://inaturalist-open-data.s3.amazonaws.com/photos/185467527/medium.jpg,,,
367475,Rallus obsoletus,Ridgway's Rail,Aves,Rascón Costero del Pacífico,33.1695133333,-117.3561333333,3.0,"S Coast Hwy, Oceanside, CA, US",2022-04-04,2022-04-04 17:04:13 UTC,Pacific Time (US & Canada),research,1,0,False,False,https://inaturalist-open-data.s3.amazonaws.com/photos/186244410/medium.jpg,,Spotted two,
367475,Rallus obsoletus,Ridgway's Rail,Aves,Ridgway's Rail,32.5698176128,-117.1269708127,1.0,"Imperial Beach, CA, USA",2022-04-09,2022-04-09 15:25:53 UTC,Pacific Time (US & Canada),research,1,0,False,False,https://static.inaturalist.org/photos/187070772/medium.jpeg,,,
367475,Rallus obsoletus,Ridgway's Rail,Aves,Ridgway's Rail,32.5901448061,-117.113374027,15.0,"Egger Highlands, San Diego, CA, USA",2022-04-09,2022-04-09 19:13:00 UTC,Hawaii,research,1,0,False,False,https://static.inaturalist.org/photos/187382146/medium.jpg,,,
367475,Rallus obsoletus,Ridgway's Rail,Aves,Ridgway's Rail,32.5654533333,-117.1324278333,,"Tijuana Slough National Wildlife Refuge, Imperial Beach, CA, US",2022-04-11,2022-04-11 18:03:27 UTC,Pacific Time (US & Canada),research,1,0,False,False,https://static.inaturalist.org/photos/187632516/medium.jpg,,,
367475,Rallus obsoletus,Ridgway's Rail,Aves,Ridgway's Rail,32.569496158,-117.1273728126,25.0,"Tijuana Slough National Wildlife Refuge, Imperial Beach, CA, US",2022-04-11,2022-04-11 18:10:54 UTC,Arizona,research,1,0,False,False,https://inaturalist-open-data.s3.amazonaws.com/photos/187973897/medium.jpg,,,
367475,Rallus obsoletus,Ridgway's Rail,Aves,Ridgway's Rail,32.5725875566,-117.1251818589,5.0,"Tijuana River National Estuarine Research Reserve; San Diego, California",2022-04-14,2022-04-14 15:55:00 UTC,Pacific Time (US & Canada),research,2,0,False,False,https://inaturalist-open-data.s3.amazonaws.com/photos/188157565/medium.jpeg,,,
424534,Rallus obsoletus obsoletus,San Francisco Bay Ridgway's Rail,Aves,,32.5987950425,-117.0110443332,9.0,United States,2022-04-30,2022-04-30 19:14:24 UTC,Pacific Time (US & Canada),casual,0,0,False,True,,,,
367475,Rallus obsoletus,Ridgway's Rail,Aves,Ridgway's Rail,32.5710023561,-117.125788327,31.0,"Imperial Beach, CA, USA",2008-02-07,2008-02-08 01:14:00 UTC,Pacific Time (US & Canada),research,2,0,False,False,https://inaturalist-open-data.s3.amazonaws.com/photos/196859622/medium.jpeg,,,
367475,Rallus obsoletus,Ridgway's Rail,Aves,Ridgway's Rail,32.5724775175,-117.1252072034,8.0,"Imperial Beach, CA, USA",2008-02-09,2008-02-09 19:11:00 UTC,Pacific Time (US & Canada),research,1,0,False,False,https://inaturalist-open-data.s3.amazonaws.com/photos/196861924/medium.jpeg,,,
367475,Rallus obsoletus,Ridgway's Rail,Aves,Ridgway's Rail,32.5435932345,-117.1193719425,673.0,"Imperial Beach, CA, USA",2010-03-02,2010-03-02 23:06:00 UTC,Pacific Time (US & Canada),casual,0,0,False,False,,,#403,
367475,Rallus obsoletus,Ridgway's Rail,Aves,Ridgway's Rail,32.5726280212,-117.1253356934,4.0,Imperial Beach,2022-05-24,2022-05-24 16:38:56 UTC,Pacific Time (US & Canada),research,2,0,False,False,https://inaturalist-open-data.s3.amazonaws.com/photos/200290487/medium.jpg,,,
367475,Rallus obsoletus,Ridgway's Rail,Aves,Ridgway's Rail,32.5702633333,-117.1265805,4.0,"Tijuana Slough National Wildlife Refuge, Imperial Beach, CA, US",2022-06-11,2022-06-11 15:56:57 UTC,Pacific Time (US & Canada),research,2,0,False,False,https://inaturalist-open-data.s3.amazonaws.com/photos/205258990/medium.jpg,,,
367475,Rallus obsoletus,Ridgway's Rail,Aves,Ridgway's Rail,32.7157305,-117.1610966,133505.0,"San Diego County, CA, USA",2022-06-02,2022-06-02 12:56:00 UTC,Pacific Time (US & Canada),research,1,0,False,False,https://inaturalist-open-data.s3.amazonaws.com/photos/206300816/medium.jpg,,"1 of 3 observed by audio, this sole chick by photo. ",
367475,Rallus obsoletus,Ridgway's Rail,Aves,Rascón Costero del Pacífico,32.5698017955,-117.1267419513,5.0,"Tijuana River National Estuarine Research Reserve; San Diego, California",2022-06-11,2022-06-11 15:58:00 UTC,Pacific Time (US & Canada),research,1,0,False,False,https://inaturalist-open-data.s3.amazonaws.com/photos/206410470/medium.jpeg,,,
367475,Rallus obsoletus,Ridgway's Rail,Aves,Ridgway's Rail,32.571779493,-117.1258638846,99.0,"Tijuana Slough National Wildlife Refuge, Imperial Beach, CA, US",2022-06-17,2022-06-17 14:04:42 UTC,Pacific Time (US & Canada),research,1,0,False,False,https://inaturalist-open-data.s3.amazonaws.com/photos/206950007/medium.jpg,,,
367475,Rallus obsoletus,Ridgway's Rail,Aves,Ridgway's Rail,33.0104871102,-117.2765421225,2.0,"Cardiff, Encinitas, CA 92007, USA",2022-06-10,2022-06-10 16:24:00 UTC,Pacific Time (US & Canada),research,1,0,False,False,https://inaturalist-open-data.s3.amazonaws.com/photos/207823293/medium.jpeg,,,
367475,Rallus obsoletus,Ridgway's Rail,Aves,Ridgway's Rail,32.5722965387,-117.1256110042,343.0,"Imperial Beach, CA, USA",2008-07-26,2008-07-26 19:47:00 UTC,Pacific Time (US & Canada),research,2,0,False,False,https://inaturalist-open-data.s3.amazonaws.com/photos/207825456/medium.jpeg,,,
367475,Rallus obsoletus,Ridgway's Rail,Aves,Ridgway's Rail,32.5701414873,-117.1255525638,5.0,"Tijuana River National Estuarine Research Reserve; San Diego, California",2022-06-17,2022-06-17 14:39:00 UTC,Pacific Time (US & Canada),research,1,0,False,False,https://inaturalist-open-data.s3.amazonaws.com/photos/208239702/medium.jpeg,,,
367475,Rallus obsoletus,Ridgway's Rail,Aves,Ridgway's Rail,33.0927451081,-117.3023152966,113.0,"Batiquitos Lagoon, Carlsbad, CA, US",2022-07-02,2022-07-02 13:50:00 UTC,Pacific Time (US & Canada),research,1,0,False,False,https://static.inaturalist.org/photos/211210428/medium.jpg,,Observed from the western side of the Lagoon trail,
179819,Rallus obsoletus levipes,Light-footed Rail,Aves,Rascón picudo,32.5722115822,-117.1254890672,11.0,"Tijuana Slough National Wildlife Refuge, Imperial Beach, CA, US",2022-07-03,2022-07-03 18:24:10 UTC,Pacific Time (US & Canada),research,1,0,False,False,https://static.inaturalist.org/photos/211307611/medium.jpg,,,
367475,Rallus obsoletus,Ridgway's Rail,Aves,Ridgway's Rail,32.7157305,-117.1610966,133505.0,"San Diego County, CA, USA",2022-07-02,2022-07-02 13:48:00 UTC,Pacific Time (US & Canada),research,1,0,False,False,https://inaturalist-open-data.s3.amazonaws.com/photos/211723786/medium.jpg,,A pair of Ridgway's Rail foraging during low tide. This was an absolutely beautiful experience.,
367475,Rallus obsoletus,Ridgway's Rail,Aves,Ridgway's Rail,32.572645,-117.1254133333,,"Tijuana Slough National Wildlife Refuge, Tijuana Slough National Wildlife Refuge, San Diego, California, United States",2022-06-25,2022-06-25 21:11:00 UTC,Pacific Time (US & Canada),research,2,0,False,False,https://inaturalist-open-data.s3.amazonaws.com/photos/212327254/medium.jpg,,,"Animalia, Animals, Birds, Gallinules and Coots, Rails, Rallidae, Rallus obsoletus, Ridgway's Rail, Vertebrates"
367475,Rallus obsoletus,Ridgway's Rail,Aves,Ridgway's Rail,33.0103980419,-117.2763565872,31.0,"Cardiff, Encinitas, CA 92007, USA",2022-07-09,2022-07-09 16:27:00 UTC,Pacific Time (US & Canada),research,1,0,False,False,https://inaturalist-open-data.s3.amazonaws.com/photos/212870248/medium.jpeg,,,
367475,Rallus obsoletus,Ridgway's Rail,Aves,Ridgway's Rail,33.0083241992,-117.2761517638,24.0,"San Elijo Lagoon, Encinitas, CA, US",2022-07-09,2022-07-09 22:09:10 UTC,Pacific Time (US & Canada),research,2,0,False,False,https://inaturalist-open-data.s3.amazonaws.com/photos/212949393/medium.jpg,,,
367475,Rallus obsoletus,Ridgway's Rail,Aves,Clapper Rail,32.5699644,-117.126301288,15.0,"Tijuana River National Estuarine Research Reserve; San Diego, California",2022-07-08,2022-07-08 16:20:00 UTC,Pacific Time (US & Canada),research,3,0,False,False,https://inaturalist-open-data.s3.amazonaws.com/photos/214207504/medium.jpeg,,,
367475,Rallus obsoletus,Ridgway's Rail,Aves,Rascón Costero del Pacífico,32.5605495193,-117.1248457402,399.0,"Imperial Beach, CA, USA",2022-07-16,2022-07-16 18:26:00 UTC,Pacific Time (US & Canada),research,1,0,False,False,https://inaturalist-open-data.s3.amazonaws.com/photos/214813240/medium.jpg,,,
367475,Rallus obsoletus,Ridgway's Rail,Aves,Ridgway's Rail,32.5739083761,-117.1315219893,204.0,"Imperial Beach, CA, USA",2008-12-14,2008-12-14 20:54:00 UTC,Pacific Time (US & Canada),research,1,0,False,False,https://inaturalist-open-data.s3.amazonaws.com/photos/215058082/medium.jpeg,,,
367475,Rallus obsoletus,Ridgway's Rail,Aves,Ridgway's Rail,32.5725763748,-117.1251746003,2.0,"Imperial Beach, CA, USA",2022-07-18,,Pacific Time (US & Canada),research,2,0,False,False,https://inaturalist-open-data.s3.amazonaws.com/photos/215362316/medium.jpeg,,,
367475,Rallus obsoletus,Ridgway's Rail,Aves,Ridgway's Rail,32.572595,-117.1253483333,,"Imperial Beach, CA, USA",2022-07-18,2022-07-18 14:05:00 UTC,Pacific Time (US & Canada),research,1,0,False,False,https://inaturalist-open-data.s3.amazonaws.com/photos/215427337/medium.jpeg,,,
367475,Rallus obsoletus,Ridgway's Rail,Aves,Ridgway's Rail,32.5726366667,-117.1255583333,,"Imperial Beach, CA, USA",2022-07-18,2022-07-18 14:33:00 UTC,Pacific Time (US & Canada),research,1,0,False,False,https://inaturalist-open-data.s3.amazonaws.com/photos/215427767/medium.jpeg,,,
367475,Rallus obsoletus,Ridgway's Rail,Aves,Ridgway's Rail,32.5726283333,-117.1253445,4.0,"Tijuana Slough National Wildlife Refuge, Imperial Beach, CA, US",2022-07-22,2022-07-22 20:02:30 UTC,Pacific Time (US & Canada),research,2,0,False,False,https://inaturalist-open-data.s3.amazonaws.com/photos/216322883/medium.jpg,,,
367475,Rallus obsoletus,Ridgway's Rail,Aves,Rascón Costero del Pacífico,33.0081505323,-117.275196232,556.0,"Cardiff, Encinitas, CA 92007, USA",2022-07-02,2022-07-02 19:07:00 UTC,Pacific Time (US & Canada),research,1,0,False,False,https://inaturalist-open-data.s3.amazonaws.com/photos/218934067/medium.jpeg,,,
367475,Rallus obsoletus,Ridgway's Rail,Aves,Rascón Costero del Pacífico,33.0093722353,-117.2761159784,443.0,"Cardiff, Encinitas, CA 92007, USA",2022-07-30,2022-07-30 21:57:00 UTC,Pacific Time (US & Canada),research,1,0,False,False,https://inaturalist-open-data.s3.amazonaws.com/photos/219058586/medium.jpeg,,With 3 chicks following behind,
367475,Rallus obsoletus,Ridgway's Rail,Aves,Ridgway's Rail,33.0088343215,-117.2769128715,528.0,"Cardiff, Encinitas, CA 92007, USA",2022-07-30,2022-07-30 22:18:00 UTC,Pacific Time (US & Canada),research,2,0,False,False,https://inaturalist-open-data.s3.amazonaws.com/photos/219059258/medium.jpeg,,With single chick following behind,
367475,Rallus obsoletus,Ridgway's Rail,Aves,Ridgway's Rail,33.0080065783,-117.2763978528,592.0,"Cardiff, Encinitas, CA 92007, USA",2022-07-30,2022-07-30 22:25:00 UTC,Pacific Time (US & Canada),research,2,0,False,False,https://inaturalist-open-data.s3.amazonaws.com/photos/219059632/medium.jpeg,,Single adult. ,
367475,Rallus obsoletus,Ridgway's Rail,Aves,Rascón Costero del Pacífico,32.5721804945,-117.125638159,171.0,"Imperial Beach, CA, USA",2007-04-10,2007-04-10 23:23:00 UTC,Pacific Time (US & Canada),research,1,0,False,False,https://inaturalist-open-data.s3.amazonaws.com/photos/220497047/medium.jpeg,,,
367475,Rallus obsoletus,Ridgway's Rail,Aves,Ridgway's Rail,33.0114221,-117.2739223333,,"San Elijo Lagoon Ecological Reserve, San Diego, California, United States",2022-08-07,2022-08-07 12:29:00 UTC,Pacific Time (US & Canada),research,2,0,False,False,https://inaturalist-open-data.s3.amazonaws.com/photos/220696184/medium.jpg,,,
367475,Rallus obsoletus,Ridgway's Rail,Aves,Ridgway's Rail,32.5725509838,-117.1252770845,5.0,"Tijuana River National Estuarine Research Reserve; San Diego, California",2022-07-29,2022-07-29 17:56:00 UTC,Pacific Time (US & Canada),research,2,0,False,False,https://inaturalist-open-data.s3.amazonaws.com/photos/220939808/medium.jpeg,,,
367475,Rallus obsoletus,Ridgway's Rail,Aves,Rascón Costero del Pacífico,32.5732287429,-117.1252906916,8.0,"Imperial Beach, CA, USA",2007-05-13,2007-05-13 22:57:00 UTC,Pacific Time (US & Canada),research,1,0,False,False,https://inaturalist-open-data.s3.amazonaws.com/photos/222019902/medium.png,,,
367475,Rallus obsoletus,Ridgway's Rail,Aves,Ridgway's Rail,32.572535258,-117.125195447,5.0,"Tijuana River National Estuarine Research Reserve; San Diego, California",2022-08-21,2022-08-21 17:11:00 UTC,Pacific Time (US & Canada),research,2,0,False,False,https://inaturalist-open-data.s3.amazonaws.com/photos/226454556/medium.jpeg,,,
179819,Rallus obsoletus levipes,Light-footed Rail,Aves,Light-footed Rail,32.5677431119,-117.1313086152,1049.0,"Imperial Beach, CA, USA",2011-10-07,,Pacific Time (US & Canada),research,1,0,False,False,https://inaturalist-open-data.s3.amazonaws.com/photos/226697271/medium.jpeg,,,
367475,Rallus obsoletus,Ridgway's Rail,Aves,Ridgway's Rail,32.57247182,-117.125292633,5.0,"Tijuana River National Estuarine Research Reserve; San Diego, California",2022-08-28,2022-08-28 17:30:00 UTC,Pacific Time (US & Canada),research,1,0,False,False,https://inaturalist-open-data.s3.amazonaws.com/photos/226992012/medium.jpeg,,,
367475,Rallus obsoletus,Ridgway's Rail,Aves,Ridgway's Rail,33.0107320432,-117.2765009448,9.0,"San Elijo Lagoon, Encinitas, CA, US",2022-09-10,2022-09-10 21:46:22 UTC,Pacific Time (US & Canada),research,3,0,False,False,https://inaturalist-open-data.s3.amazonaws.com/photos/229247763/medium.jpg,,,
367475,Rallus obsoletus,Ridgway's Rail,Aves,Ridgway's Rail,33.0105638833,-117.2767416667,8.0,"San Elijo Lagoon, Encinitas, CA, US",2022-09-13,2022-09-13 18:39:53 UTC,Pacific Time (US & Canada),research,1,0,False,False,https://static.inaturalist.org/photos/230005797/medium.jpg,,,
179819,Rallus obsoletus levipes,Light-footed Rail,Aves,Rascón picudo,32.5698477193,-117.1267560997,37.0,"Tijuana Slough National Wildlife Refuge, Imperial Beach, CA, US",2022-09-13,2022-09-13 14:48:40 UTC,Pacific Time (US & Canada),research,2,0,False,False,https://inaturalist-open-data.s3.amazonaws.com/photos/230008299/medium.jpg,,,
367475,Rallus obsoletus,Ridgway's Rail,Aves,Ridgway's Rail,32.5750656,-117.1264523,216.0,"301 Caspian Wy, Coronado, CA 92118, USA",2007-01-02,2007-01-03 00:50:00 UTC,Pacific Time (US & Canada),research,2,0,False,False,https://static.inaturalist.org/photos/231969822/medium.jpeg,,,
367475,Rallus obsoletus,Ridgway's Rail,Aves,Ridgway's Rail,32.5725633333,-117.125565,,"McCoy Trail, Tijuana Estuary Visitor Center, Imperial Beach, CA, USA",2022-09-27,2022-09-27 18:01:00 UTC,Pacific Time (US & Canada),research,1,0,False,False,https://inaturalist-open-data.s3.amazonaws.com/photos/233427233/medium.jpeg,,with tracking device on back,
367475,Rallus obsoletus,Ridgway's Rail,Aves,Ridgway's Rail,32.572396996,-117.1256275786,169.0,"Imperial Beach, CA, USA",2022-09-27,2022-09-27 17:57:00 UTC,Pacific Time (US & Canada),research,2,0,False,False,https://inaturalist-open-data.s3.amazonaws.com/photos/233454188/medium.jpeg,,,
367475,Rallus obsoletus,Ridgway's Rail,Aves,Ridgway's Rail,33.0105525409,-117.2741370662,1389.0,"San Elijo Lagoon, Encinitas, CA, US",2022-09-17,2022-09-18 03:53:29 UTC,Pacific Time (US & Canada),research,2,0,False,False,https://inaturalist-open-data.s3.amazonaws.com/photos/233525940/medium.jpg,,,
367475,Rallus obsoletus,Ridgway's Rail,Aves,Rascón Costero del Pacífico,32.5725136918,-117.1251870162,4.0,"Imperial Beach, CA, USA",2022-10-01,2022-10-01 16:07:00 UTC,Pacific Time (US & Canada),research,2,0,False,False,https://inaturalist-open-data.s3.amazonaws.com/photos/234511731/medium.jpeg,,Metal service band on lower right leg,
367475,Rallus obsoletus,Ridgway's Rail,Aves,Ridgway's Rail,32.5649111742,-117.1264880612,90.0,"Tijuana Slough National Wildlife Refuge, Imperial Beach, CA, US",2022-10-01,2022-10-01 20:16:20 UTC,Pacific Time (US & Canada),research,2,0,False,False,https://static.inaturalist.org/photos/234611707/medium.jpg,,,
179819,Rallus obsoletus levipes,Light-footed Rail,Aves,Rascón picudo,32.5614748212,-117.1306802803,36.0,"Imperial Beach, CA, USA",2022-10-01,2022-10-01 15:12:00 UTC,Pacific Time (US & Canada),research,1,0,False,False,https://inaturalist-open-data.s3.amazonaws.com/photos/234803117/medium.jpg,,Duck mode activated,
179819,Rallus obsoletus levipes,Light-footed Rail,Aves,Light-footed Rail,32.5725434323,-117.1251988626,5.0,"Imperial Beach, CA, USA",2022-10-01,2022-10-01 15:57:00 UTC,Pacific Time (US & Canada),research,1,0,False,False,https://inaturalist-open-data.s3.amazonaws.com/photos/234829704/medium.jpg,,"Banded, code 1215-xxx14",
179819,Rallus obsoletus levipes,Light-footed Rail,Aves,Light-footed Rail,32.5726078595,-117.125153419,8.0,"Imperial Beach, CA, USA",2022-10-01,2022-10-01 16:03:00 UTC,Pacific Time (US & Canada),research,1,0,False,False,https://inaturalist-open-data.s3.amazonaws.com/photos/234829719/medium.jpg,,,
179819,Rallus obsoletus levipes,Light-footed Rail,Aves,Light-footed Rail,32.5725618511,-117.1253259105,5.0,"Imperial Beach, CA, USA",2022-10-01,2022-10-01 16:11:00 UTC,Pacific Time (US & Canada),research,1,0,False,False,https://inaturalist-open-data.s3.amazonaws.com/photos/234829776/medium.jpg,,,
367475,Rallus obsoletus,Ridgway's Rail,Aves,Ridgway's Rail,32.57188137,-117.12582314,4.0,"Imperial Beach, CA, USA",2022-10-05,2022-10-05 15:31:28 UTC,Pacific Time (US & Canada),research,2,0,False,False,,https://static.inaturalist.org/sounds/545299.m4a?1664983995,,
367475,Rallus obsoletus,Ridgway's Rail,Aves,Rascón Costero del Pacífico,32.5723516087,-117.1253515694,37.0,"Tijuana Slough National Wildlife Refuge, Imperial Beach, CA, US",2022-10-08,2022-10-08 15:29:28 UTC,Pacific Time (US & Canada),research,1,0,False,False,https://inaturalist-open-data.s3.amazonaws.com/photos/235799621/medium.jpg,,3,
367475,Rallus obsoletus,Ridgway's Rail,Aves,Rascón Costero del Pacífico,32.5726166667,-117.1254195,3.0,"Tijuana Slough National Wildlife Refuge, Imperial Beach, CA, US",2022-10-10,2022-10-10 16:14:43 UTC,Pacific Time (US & Canada),research,1,0,False,False,https://static.inaturalist.org/photos/236394978/medium.jpg,,Suboptimal photo ,
367475,Rallus obsoletus,Ridgway's Rail,Aves,Rascón Costero del Pacífico,32.5724574,-117.1229755,78.0,"Imperial Beach, CA, USA",2022-10-12,2022-10-12 19:34:22 UTC,Pacific Time (US & Canada),research,1,0,False,False,https://static.inaturalist.org/photos/236806579/medium.jpeg,,,
367475,Rallus obsoletus,Ridgway's Rail,Aves,Rascón Costero del Pacífico,32.5725230624,-117.1252207232,5.0,"Tijuana River National Estuarine Research Reserve; San Diego, California",2022-10-16,2022-10-16 16:59:00 UTC,Pacific Time (US & Canada),research,1,0,False,False,https://inaturalist-open-data.s3.amazonaws.com/photos/238122443/medium.jpeg,,,
367475,Rallus obsoletus,Ridgway's Rail,Aves,Ridgway's Rail,32.5728350297,-117.1251667216,5.0,"Tijuana River National Estuarine Research Reserve; San Diego, California",2022-10-29,2022-10-29 16:29:00 UTC,Pacific Time (US & Canada),research,1,0,False,False,https://inaturalist-open-data.s3.amazonaws.com/photos/241098832/medium.jpeg,,,
367475,Rallus obsoletus,Ridgway's Rail,Aves,Ridgway's Rail,32.8440814,-116.9896627,,"100 River Rock Ct, Santee, CA 92071, USA",2022-11-05,2022-11-05 23:13:00 UTC,Pacific Time (US & Canada),research,2,0,False,False,https://static.inaturalist.org/photos/241923169/medium.jpeg,,,
367475,Rallus obsoletus,Ridgway's Rail,Aves,Ridgway's Rail,32.7591866667,-117.2110333056,,"Midway District, San Diego, CA 92110, USA",2022-11-06,2022-11-06 18:41:00 UTC,Pacific Time (US & Canada),research,1,0,False,False,https://inaturalist-open-data.s3.amazonaws.com/photos/242134301/medium.jpeg,,,
367475,Rallus obsoletus,Ridgway's Rail,Aves,Rascón Costero del Pacífico,32.5702679635,-117.1261171348,4.0,"Imperial Beach, CA, USA",2022-11-16,2022-11-16 23:38:00 UTC,Pacific Time (US & Canada),research,1,0,False,False,https://inaturalist-open-data.s3.amazonaws.com/photos/243735603/medium.jpeg,,,
367475,Rallus obsoletus,Ridgway's Rail,Aves,Rascón Costero del Pacífico,32.5739382339,-117.1264307527,143.0,"Imperial Beach, CA, USA",2022-11-18,2022-11-18 19:26:00 UTC,Pacific Time (US & Canada),research,1,0,False,False,https://inaturalist-open-data.s3.amazonaws.com/photos/244140765/medium.jpeg,,,
367475,Rallus obsoletus,Ridgway's Rail,Aves,Ridgway's Rail,32.5704811408,-117.126228732,25.0,"Tijuana Slough National Wildlife Refuge, Imperial Beach, CA, US",2022-11-19,2022-11-19 21:08:45 UTC,Pacific Time (US & Canada),research,2,0,False,False,https://inaturalist-open-data.s3.amazonaws.com/photos/244458862/medium.jpg,,2,
367475,Rallus obsoletus,Ridgway's Rail,Aves,Ridgway's Rail,32.5726852323,-117.1251175802,26.0,"Tijuana Slough National Wildlife Refuge, Imperial Beach, CA, US",2022-11-22,2022-11-22 21:03:17 UTC,Pacific Time (US & Canada),research,2,0,False,False,https://inaturalist-open-data.s3.amazonaws.com/photos/244593808/medium.jpg,,2,
367475,Rallus obsoletus,Ridgway's Rail,Aves,Ridgway's Rail,32.5730802822,-117.1252293734,29.0,"Tijuana Slough National Wildlife Refuge, Imperial Beach, CA, US",2022-11-24,2022-11-24 20:06:20 UTC,Pacific Time (US & Canada),research,1,0,False,False,https://inaturalist-open-data.s3.amazonaws.com/photos/244860980/medium.jpg,,4,
367475,Rallus obsoletus,Ridgway's Rail,Aves,Ridgway's Rail,33.0106111111,-117.2766388889,,"Cardiff, Encinitas, CA 92007, USA",2022-11-25,2022-11-26 00:13:42 UTC,Pacific Time (US & Canada),research,2,0,False,False,https://inaturalist-open-data.s3.amazonaws.com/photos/245021283/medium.jpeg,,,
367475,Rallus obsoletus,Ridgway's Rail,Aves,Rascón Costero del Pacífico,32.5733133333,-117.1254888333,4.0,"Tijuana Slough National Wildlife Refuge, Imperial Beach, CA, US",2022-11-27,2022-11-27 22:25:24 UTC,Pacific Time (US & Canada),research,1,0,False,False,https://inaturalist-open-data.s3.amazonaws.com/photos/245399623/medium.jpg,,,
367475,Rallus obsoletus,Ridgway's Rail,Aves,Ridgway's Rail,32.5704433333,-117.12649,,"Imperial Beach, CA, USA",2022-11-27,2022-11-27 18:13:00 UTC,Pacific Time (US & Canada),research,2,0,False,False,https://inaturalist-open-data.s3.amazonaws.com/photos/245605725/medium.jpeg,,,
367475,Rallus obsoletus,Ridgway's Rail,Aves,Rascón Costero del Pacífico,32.5711466389,-117.126185,,"Imperial Beach, CA, USA",2022-11-27,2022-11-27 18:14:00 UTC,Pacific Time (US & Canada),research,1,0,False,False,https://inaturalist-open-data.s3.amazonaws.com/photos/245606157/medium.jpeg,,,
367475,Rallus obsoletus,Ridgway's Rail,Aves,Ridgway's Rail,32.5718561115,-117.1253867837,4.0,"Imperial Beach, CA, USA",2009-09-23,2009-09-23 12:14:00 UTC,Pacific Time (US & Canada),research,4,0,False,False,https://inaturalist-open-data.s3.amazonaws.com/photos/245629049/medium.jpeg,,,
367475,Rallus obsoletus,Ridgway's Rail,Aves,Rascón Costero del Pacífico,32.5702988089,-117.1262546627,5.0,"Tijuana River National Estuarine Research Reserve; San Diego, California",2022-11-18,2022-11-18 18:10:00 UTC,Pacific Time (US & Canada),research,1,0,False,False,https://inaturalist-open-data.s3.amazonaws.com/photos/245744789/medium.jpeg,,,
367475,Rallus obsoletus,Ridgway's Rail,Aves,Ridgway's Rail,32.5739098,-117.1253912,,"Tijuana Slough National Wildlife Refuge, San Diego, California, United States",2017-04-19,2017-04-20 01:18:00 UTC,Pacific Time (US & Canada),research,3,0,False,False,https://inaturalist-open-data.s3.amazonaws.com/photos/246222458/medium.jpg,,,"2017 Spring Repositioning Cruise, BIRDING TRIPS, Ridgway's Rail (Rallus obsoletus), ~Submitted to iNaturalist"
367475,Rallus obsoletus,Ridgway's Rail,Aves,Ridgway's Rail,33.0112236297,-117.276408638,191.0,"San Elijo Lagoon, Encinitas, CA, US",2022-12-03,2022-12-03 17:12:20 UTC,Pacific Time (US & Canada),research,2,0,False,False,https://static.inaturalist.org/photos/246287220/medium.jpg,,,
367475,Rallus obsoletus,Ridgway's Rail,Aves,Ridgway's Rail,32.571071,-117.12903,,"Imperial Beach, CA, USA",2006-11-25,,Pacific Time (US & Canada),research,2,0,False,False,https://inaturalist-open-data.s3.amazonaws.com/photos/246702588/medium.png,,,
367475,Rallus obsoletus,Ridgway's Rail,Aves,Ridgway's Rail,33.0109649915,-117.2732493118,671.0,"San Elijo Lagoon, Encinitas, CA, US",2022-12-06,2022-12-07 06:09:52 UTC,Pacific Time (US & Canada),research,2,0,False,False,https://inaturalist-open-data.s3.amazonaws.com/photos/246822005/medium.jpg,,,
367475,Rallus obsoletus,Ridgway's Rail,Aves,Rascón Costero del Pacífico,32.57252,-117.12554,20.0,"Imperial Beach, CA, USA",2022-12-10,2022-12-10 19:00:00 UTC,Pacific Time (US & Canada),research,1,0,False,False,https://inaturalist-open-data.s3.amazonaws.com/photos/247373939/medium.jpeg,,,
367475,Rallus obsoletus,Ridgway's Rail,Aves,Ridgway's Rail,32.5727848263,-117.1259480302,305.0,"Imperial Beach, CA, USA",2022-12-04,2022-12-04 17:17:00 UTC,Pacific Time (US & Canada),research,1,0,False,False,https://inaturalist-open-data.s3.amazonaws.com/photos/247413351/medium.jpeg,,,
367475,Rallus obsoletus,Ridgway's Rail,Aves,Ridgway's Rail,32.5697894359,-117.1269459019,55.0,"Imperial Beach, CA, USA",2022-09-15,2022-09-15 22:24:00 UTC,Pacific Time (US & Canada),research,2,0,False,False,https://inaturalist-open-data.s3.amazonaws.com/photos/247429976/medium.jpeg,,,
367475,Rallus obsoletus,Ridgway's Rail,Aves,Ridgway's Rail,32.5746527778,-117.1273722222,5.0,"Tijuana Slough National Wildlife Refuge, San Diego, California, United States",2017-09-17,2017-09-17 18:27:00 UTC,Pacific Time (US & Canada),research,2,0,False,False,https://inaturalist-open-data.s3.amazonaws.com/photos/248018645/medium.jpeg,,,
367475,Rallus obsoletus,Ridgway's Rail,Aves,Ridgway's Rail,32.5726540195,-117.125554408,102.0,"Tijuana Slough National Wildlife Refuge, Imperial Beach, CA, US",2022-12-17,2022-12-18 01:41:23 UTC,Pacific Time (US & Canada),research,2,0,False,False,https://static.inaturalist.org/photos/248166379/medium.jpg,,,
367475,Rallus obsoletus,Ridgway's Rail,Aves,Ridgway's Rail,32.5733752,-117.1255070997,,"Imperial Beach, CA, USA",2022-12-22,2022-12-22 17:51:54 UTC,Pacific Time (US & Canada),research,2,0,False,False,https://inaturalist-open-data.s3.amazonaws.com/photos/248734473/medium.jpeg,,,
367475,Rallus obsoletus,Ridgway's Rail,Aves,Ridgway's Rail,33.0103474375,-117.2766840872,31.0,"Cardiff, Encinitas, CA 92007, USA",2022-12-21,2022-12-21 20:14:00 UTC,Pacific Time (US & Canada),research,2,0,False,False,https://inaturalist-open-data.s3.amazonaws.com/photos/248735160/medium.jpg,,,
367475,Rallus obsoletus,Ridgway's Rail,Aves,Ridgway's Rail,32.5736647215,-117.1254536882,36.0,"Imperial Beach, CA, USA",2022-12-26,2022-12-26 22:10:06 UTC,Pacific Time (US & Canada),research,2,0,False,False,https://inaturalist-open-data.s3.amazonaws.com/photos/249283682/medium.jpeg,,,
367475,Rallus obsoletus,Ridgway's Rail,Aves,Ridgway's Rail,33.0060149923,-117.267426373,31.0,"Encinitas, CA, USA",2022-12-27,2022-12-27 18:22:00 UTC,Pacific Time (US & Canada),research,2,0,False,False,https://inaturalist-open-data.s3.amazonaws.com/photos/249456916/medium.jpg,,,
367475,Rallus obsoletus,Ridgway's Rail,Aves,Ridgway's Rail,33.010757539,-117.2765150294,206.0,"Cardiff, Encinitas, CA 92007, USA",2022-12-30,2022-12-31 00:38:15 UTC,Pacific Time (US & Canada),research,2,0,False,False,https://inaturalist-open-data.s3.amazonaws.com/photos/250151620/medium.jpeg,,,
367475,Rallus obsoletus,Ridgway's Rail,Aves,Ridgway's Rail,32.6198566793,-117.0992855366,10.0,"'J' Street Marina; Chula Vista, California",2022-12-27,2022-12-27 16:54:00 UTC,Pacific Time (US & Canada),research,2,0,False,False,https://inaturalist-open-data.s3.amazonaws.com/photos/250151427/medium.jpeg,,,
367475,Rallus obsoletus,Ridgway's Rail,Aves,Ridgway's Rail,32.5694261677,-117.1275361285,16.0,"Imperial Beach, CA, USA",2022-12-30,2022-12-30 20:40:00 UTC,Pacific Time (US & Canada),research,2,0,False,False,https://inaturalist-open-data.s3.amazonaws.com/photos/250379594/medium.jpg,,,
367475,Rallus obsoletus,Ridgway's Rail,Aves,Rascón Costero del Pacífico,32.5702656641,-117.1262294309,5.0,"Tijuana River National Estuarine Research Reserve; San Diego, California",2022-12-31,2022-12-31 17:00:00 UTC,Pacific Time (US & Canada),research,2,0,False,False,https://inaturalist-open-data.s3.amazonaws.com/photos/250405327/medium.jpeg,,,
367475,Rallus obsoletus,Ridgway's Rail,Aves,Ridgway's Rail,32.5733777,-117.1255028,,"Imperial Beach, CA, USA",2023-01-06,2023-01-06 17:37:07 UTC,Pacific Time (US & Canada),research,2,0,False,False,https://inaturalist-open-data.s3.amazonaws.com/photos/250856733/medium.jpeg,,,
367475,Rallus obsoletus,Ridgway's Rail,Aves,Ridgway's Rail,33.01029345,-117.2768268398,157.0,"San Elijo Lagoon, Encinitas, CA, US",2023-01-06,2023-01-06 20:56:19 UTC,Pacific Time (US & Canada),research,2,0,False,False,https://static.inaturalist.org/photos/251042642/medium.jpg,,,
367475,Rallus obsoletus,Ridgway's Rail,Aves,Ridgway's Rail,32.5738583333,-117.1249471667,,"Tijuana Slough National Wildlife Refuge, Imperial Beach, CA, US",2023-01-06,2023-01-06 22:15:16 UTC,Pacific Time (US & Canada),research,1,0,False,False,https://inaturalist-open-data.s3.amazonaws.com/photos/251230442/medium.jpg,,,
367475,Rallus obsoletus,Ridgway's Rail,Aves,Ridgway's Rail,33.0122709051,-117.2740394521,206.0,"Cardiff, Encinitas, CA 92007, USA",2023-01-06,2023-01-06 20:50:00 UTC,Pacific Time (US & Canada),research,2,0,False,False,https://inaturalist-open-data.s3.amazonaws.com/photos/251353766/medium.jpeg,,,
367475,Rallus obsoletus,Ridgway's Rail,Aves,Ridgway's Rail,32.5705162399,-117.1262070493,61.0,"Imperial Beach, CA, USA",2023-01-06,2023-01-06 18:06:00 UTC,Pacific Time (US & Canada),research,1,0,False,False,https://static.inaturalist.org/photos/251395213/medium.jpg,,,
367475,Rallus obsoletus,Ridgway's Rail,Aves,Rascón Costero del Pacífico,32.5703083333,-117.1264583333,4.0,"Tijuana Slough National Wildlife Refuge, Imperial Beach, CA, US",2023-01-15,2023-01-15 19:29:56 UTC,Pacific Time (US & Canada),research,1,0,False,False,https://static.inaturalist.org/photos/252142253/medium.jpg,,,
367475,Rallus obsoletus,Ridgway's Rail,Aves,Ridgway's Rail,32.5733996,-117.1254854,,"Imperial Beach, CA, USA",2023-01-17,2023-01-17 16:27:32 UTC,Pacific Time (US & Canada),research,4,0,False,False,https://inaturalist-open-data.s3.amazonaws.com/photos/252407334/medium.jpeg,,,
179819,Rallus obsoletus levipes,Light-footed Rail,Aves,Light-footed Rail,32.5734465171,-117.1254768652,58.0,"Tijuana Slough National Wildlife Refuge, Imperial Beach, CA, US",2023-01-20,2023-01-20 20:34:47 UTC,Pacific Time (US & Canada),research,2,0,False,False,https://inaturalist-open-data.s3.amazonaws.com/photos/252822239/medium.jpg,,,
367475,Rallus obsoletus,Ridgway's Rail,Aves,Ridgway's Rail,32.5702777778,-117.1264555556,,"Imperial Beach, CA, USA",2023-01-22,2023-01-23 02:06:00 UTC,Pacific Time (US & Canada),research,2,0,False,False,https://inaturalist-open-data.s3.amazonaws.com/photos/253196295/medium.jpeg,,,
367475,Rallus obsoletus,Ridgway's Rail,Aves,Rascón Costero del Pacífico,32.5704784159,-117.1262341123,25.0,"Tijuana Slough National Wildlife Refuge, Imperial Beach, CA, US",2023-01-28,2023-01-28 20:19:30 UTC,Pacific Time (US & Canada),research,1,0,False,False,https://inaturalist-open-data.s3.amazonaws.com/photos/253984603/medium.jpg,,2 but only able to get a picture of one of them,
367475,Rallus obsoletus,Ridgway's Rail,Aves,Ridgway's Rail,32.5620711517,-117.1262618578,1764.0,Tijuana Slough NWR,2023-01-28,2023-01-28 19:04:00 UTC,Pacific Time (US & Canada),research,2,0,False,False,https://inaturalist-open-data.s3.amazonaws.com/photos/254061607/medium.jpeg,,,
179819,Rallus obsoletus levipes,Light-footed Rail,Aves,Rascón picudo,32.5703554419,-117.126224611,5.0,"Tijuana River National Estuarine Research Reserve; San Diego, California",2023-01-22,2023-01-22 17:30:00 UTC,Pacific Time (US & Canada),research,2,0,False,False,https://inaturalist-open-data.s3.amazonaws.com/photos/254212952/medium.jpeg,,,
367475,Rallus obsoletus,Ridgway's Rail,Aves,Rascón Costero del Pacífico,32.5701759066,-117.1260871485,5.0,"Tijuana River National Estuarine Research Reserve; San Diego, California",2023-01-28,2023-01-28 17:51:00 UTC,Pacific Time (US & Canada),research,1,0,False,False,https://inaturalist-open-data.s3.amazonaws.com/photos/254457974/medium.jpeg,,,
367475,Rallus obsoletus,Ridgway's Rail,Aves,Ridgway's Rail,33.0106166667,-117.276725,4.0,"San Elijo Lagoon, Encinitas, CA, US",2022-08-14,2022-08-14 14:05:10 UTC,Pacific Time (US & Canada),research,3,0,False,False,https://static.inaturalist.org/photos/255508324/medium.jpg,,,
367475,Rallus obsoletus,Ridgway's Rail,Aves,Ridgway's Rail,32.5703097,-117.1264409997,,"Imperial Beach, CA, USA",2023-02-09,2023-02-09 21:02:27 UTC,Pacific Time (US & Canada),research,2,0,False,False,https://static.inaturalist.org/photos/255557653/medium.jpeg,,,
367475,Rallus obsoletus,Ridgway's Rail,Aves,Ridgway's Rail,33.0097657,-117.2622589,1819.0,"San Elijo Lagoon, Encinitas, CA 92075, USA",2023-02-08,2023-02-08 20:03:00 UTC,Pacific Time (US & Canada),research,1,0,False,False,https://inaturalist-open-data.s3.amazonaws.com/photos/255610518/medium.jpeg,,,
367475,Rallus obsoletus,Ridgway's Rail,Aves,Rascón Costero del Pacífico,33.0711576182,-117.3657127426,86.0,"San Diego County, US-CA, US",2023-02-12,2023-02-12 20:38:21 UTC,Pacific Time (US & Canada),research,2,0,False,True,https://static.inaturalist.org/photos/256022214/medium.jpg,,,
367475,Rallus obsoletus,Ridgway's Rail,Aves,Rascón Costero del Pacífico,32.5703308,-117.1264398997,,"Imperial Beach, CA, USA",2023-02-16,2023-02-16 16:45:34 UTC,Pacific Time (US & Canada),research,1,0,False,False,https://inaturalist-open-data.s3.amazonaws.com/photos/256511126/medium.jpeg,,,
367475,Rallus obsoletus,Ridgway's Rail,Aves,Ridgway's Rail,32.5919602499,-117.0768915692,3906.0,"Chula Vista, CA, USA",2023-01-23,2023-01-23 20:07:00 UTC,Pacific Time (US & Canada),research,1,0,False,False,https://inaturalist-open-data.s3.amazonaws.com/photos/256856983/medium.jpeg,,,
179819,Rallus obsoletus levipes,Light-footed Rail,Aves,Light-footed Rail,32.5929994468,-117.1064244459,2253.0,"Salt Evaporators, San Diego, CA, US",2023-02-18,2023-02-18 17:20:00 UTC,Pacific Time (US & Canada),research,1,0,False,False,https://inaturalist-open-data.s3.amazonaws.com/photos/256947535/medium.jpg,,Light footed,
367475,Rallus obsoletus,Ridgway's Rail,Aves,Rascón Costero del Pacífico,33.1420247402,-117.3185824776,195.0,"Agua Hedionda Lagoon Carlsbad Blvd Trailhead, Carlsbad, CA 92008, USA",2023-02-19,2023-02-19 21:40:00 UTC,Pacific Time (US & Canada),research,1,0,False,False,https://inaturalist-open-data.s3.amazonaws.com/photos/257035327/medium.jpeg,,,
367475,Rallus obsoletus,Ridgway's Rail,Aves,Ridgway's Rail,32.5734118155,-117.125487055,20.0,"Imperial Beach, CA, USA",2023-02-19,2023-02-19 20:47:00 UTC,Pacific Time (US & Canada),research,1,0,False,False,https://inaturalist-open-data.s3.amazonaws.com/photos/257083851/medium.jpg,,,
367475,Rallus obsoletus,Ridgway's Rail,Aves,Rascón Costero del Pacífico,32.5734662997,-117.1255919997,,"Imperial Beach, CA, USA",2023-02-23,2023-02-23 16:40:58 UTC,Pacific Time (US & Canada),research,2,0,False,False,https://inaturalist-open-data.s3.amazonaws.com/photos/257596276/medium.jpeg,,,
367475,Rallus obsoletus,Ridgway's Rail,Aves,Rallus obsoletus,32.570100806,-117.1262874005,23.0,"Tijuana Slough National Wildlife Refuge, Imperial Beach, CA, US",2023-02-11,2023-02-11 17:22:00 UTC,Pacific Time (US & Canada),research,2,0,False,False,https://inaturalist-open-data.s3.amazonaws.com/photos/287129391/medium.jpg,,,
367475,Rallus obsoletus,Ridgway's Rail,Aves,Ridgway's Rail,33.0112580724,-117.2751165049,359.0,"San Elijo Lagoon, Encinitas, CA, US",2023-03-03,2023-03-03 18:09:10 UTC,Pacific Time (US & Canada),research,4,0,False,False,https://inaturalist-open-data.s3.amazonaws.com/photos/258915230/medium.jpg,,,
367475,Rallus obsoletus,Ridgway's Rail,Aves,Rascón Costero del Pacífico,32.5727783333,-117.1255195,5.0,"Tijuana Slough National Wildlife Refuge, Imperial Beach, CA, US",2023-03-06,2023-03-06 18:24:33 UTC,Pacific Time (US & Canada),research,1,0,False,False,https://inaturalist-open-data.s3.amazonaws.com/photos/259401158/medium.jpg,,,
367475,Rallus obsoletus,Ridgway's Rail,Aves,Rascón Costero del Pacífico,32.5726495379,-117.1254160036,50.0,"Tijuana Slough National Wildlife Refuge, Imperial Beach, CA, US",2023-02-25,2023-02-25 20:19:11 UTC,Pacific Time (US & Canada),research,1,0,False,False,https://inaturalist-open-data.s3.amazonaws.com/photos/259589525/medium.jpg,,,
367475,Rallus obsoletus,Ridgway's Rail,Aves,Ridgway's Rail,32.5703216667,-117.12646,,"Imperial Beach, CA, USA",2023-03-07,2023-03-07 22:44:00 UTC,Pacific Time (US & Canada),research,3,0,False,False,https://inaturalist-open-data.s3.amazonaws.com/photos/259618680/medium.jpeg,,,
367475,Rallus obsoletus,Ridgway's Rail,Aves,Ridgway's Rail,32.5702657348,-117.1264833212,,"Imperial Beach, CA, USA",2023-03-09,2023-03-09 16:38:10 UTC,Pacific Time (US & Canada),research,1,0,False,False,https://inaturalist-open-data.s3.amazonaws.com/photos/259836294/medium.jpeg,,,
367475,Rallus obsoletus,Ridgway's Rail,Aves,Ridgway's Rail,32.57191041,-117.12585996,5.0,"Imperial Beach, CA, USA",2023-03-10,2023-03-10 15:56:32 UTC,Pacific Time (US & Canada),research,2,0,False,False,https://inaturalist-open-data.s3.amazonaws.com/photos/259978651/medium.jpeg,,,
367475,Rallus obsoletus,Ridgway's Rail,Aves,Ridgway's Rail,32.5710974628,-117.1261431772,4.0,"Imperial Beach, CA, USA",2023-03-11,2023-03-11 17:30:00 UTC,Pacific Time (US & Canada),research,4,0,False,False,https://inaturalist-open-data.s3.amazonaws.com/photos/260221128/medium.jpeg,,,
367475,Rallus obsoletus,Ridgway's Rail,Aves,Ridgway's Rail,32.5733859777,-117.1254430011,23.0,"Tijuana Slough National Wildlife Refuge, Imperial Beach, CA, US",2023-03-18,2023-03-18 18:31:30 UTC,Pacific Time (US & Canada),research,3,0,False,False,https://static.inaturalist.org/photos/261838941/medium.jpg,,Vocalizations also heard in the vicinity ,
367475,Rallus obsoletus,Ridgway's Rail,Aves,Ridgway's Rail,32.5735185576,-117.1255424393,23.0,"Tijuana Slough National Wildlife Refuge, Imperial Beach, CA, US",2023-03-18,2023-03-18 18:33:08 UTC,Pacific Time (US & Canada),research,3,0,False,False,https://static.inaturalist.org/photos/261843666/medium.jpg,,These 2 walked together weaving in and out of the vegetation before they made a match. Hopefully a clutch of eggs to follow. ,
367475,Rallus obsoletus,Ridgway's Rail,Aves,Rascón Costero del Pacífico,32.5734047601,-117.1254534572,9.0,"Caspian Way, Imperial Beach, CA, US",2023-03-24,2023-03-24 16:58:06 UTC,Pacific Time (US & Canada),research,1,0,False,False,https://inaturalist-open-data.s3.amazonaws.com/photos/262619120/medium.jpg,,,
367475,Rallus obsoletus,Ridgway's Rail,Aves,Ridgway's Rail,33.0121411829,-117.2747609352,8.0,"Cardiff, Encinitas, CA 92007, USA",2023-03-14,2023-03-14 16:24:00 UTC,Pacific Time (US & Canada),research,1,0,False,False,https://inaturalist-open-data.s3.amazonaws.com/photos/263145250/medium.jpeg,,,
367475,Rallus obsoletus,Ridgway's Rail,Aves,Ridgway's Rail,33.0070293946,-117.274875904,687.0,"Encinitas, CA, USA",2023-03-27,2023-03-27 23:22:00 UTC,Pacific Time (US & Canada),research,1,0,False,False,https://static.inaturalist.org/photos/263428920/medium.jpg,,,
367475,Rallus obsoletus,Ridgway's Rail,Aves,Ridgway's Rail,33.166475473,-117.354890265,61.0,"Carlsbad Village, Carlsbad, CA, USA",2023-03-28,2023-03-28 14:14:00 UTC,Pacific Time (US & Canada),research,4,0,False,False,https://inaturalist-open-data.s3.amazonaws.com/photos/263720303/medium.jpeg,,Found dead at the roadside,
367475,Rallus obsoletus,Ridgway's Rail,Aves,Ridgway's Rail,32.5725543674,-117.1252907251,25.0,"Tijuana Slough National Wildlife Refuge, Imperial Beach, CA, US",2023-03-29,2023-03-29 21:33:55 UTC,Pacific Time (US & Canada),research,1,0,False,False,,https://static.inaturalist.org/sounds/627179.m4a?1680125789,,
367475,Rallus obsoletus,Ridgway's Rail,Aves,Rascón Costero del Pacífico,33.012049743,-117.2743240838,3.0,"San Elijo Lagoon Ecological Reserve, Encinitas, CA, US",2023-03-31,2023-03-31 21:24:16 UTC,Pacific Time (US & Canada),research,2,0,False,False,https://inaturalist-open-data.s3.amazonaws.com/photos/264142558/medium.jpg,,,
367475,Rallus obsoletus,Ridgway's Rail,Aves,Ridgway's Rail,32.5712493997,-117.126193,,"Imperial Beach, CA, USA",2023-04-04,2023-04-04 16:18:33 UTC,Pacific Time (US & Canada),research,3,0,False,False,https://inaturalist-open-data.s3.amazonaws.com/photos/265048269/medium.jpeg,,,
367475,Rallus obsoletus,Ridgway's Rail,Aves,Rascón Costero del Pacífico,32.5701725725,-117.1253778538,5.0,"Tijuana River National Estuarine Research Reserve; San Diego, California",2023-04-04,2023-04-04 23:43:00 UTC,Pacific Time (US & Canada),research,2,0,False,False,https://inaturalist-open-data.s3.amazonaws.com/photos/266558727/medium.jpeg,,,
367475,Rallus obsoletus,Ridgway's Rail,Aves,Ridgway's Rail,32.5711905941,-117.126202547,57.0,"Imperial Beach, CA, USA",2023-02-18,2023-02-18 18:26:00 UTC,Pacific Time (US & Canada),research,2,0,False,False,https://inaturalist-open-data.s3.amazonaws.com/photos/266565761/medium.jpeg,,,
367475,Rallus obsoletus,Ridgway's Rail,Aves,Ridgway's Rail,32.5738788123,-117.1253842505,41.0,"Tijuana Slough National Wildlife Refuge, Imperial Beach, CA, US",2023-04-13,2023-04-13 17:52:15 UTC,Pacific Time (US & Canada),research,3,0,False,False,https://inaturalist-open-data.s3.amazonaws.com/photos/267431893/medium.jpg,,,
367475,Rallus obsoletus,Ridgway's Rail,Aves,Ridgway's Rail,32.57031,-117.12641,20.0,"Imperial Beach, CA, USA",2023-04-15,2023-04-15 16:06:00 UTC,Pacific Time (US & Canada),research,1,0,False,False,https://inaturalist-open-data.s3.amazonaws.com/photos/267977678/medium.jpeg,,,
367475,Rallus obsoletus,Ridgway's Rail,Aves,Ridgway's Rail,32.5709449,-117.12629506,3.0,"Imperial Beach, CA, USA",2023-04-17,2023-04-17 15:47:43 UTC,Pacific Time (US & Canada),research,2,0,False,False,https://inaturalist-open-data.s3.amazonaws.com/photos/268499975/medium.jpeg,https://static.inaturalist.org/sounds/646951.m4a?1681746572,,
367475,Rallus obsoletus,Ridgway's Rail,Aves,Rascón Costero del Pacífico,32.5511187951,-117.0943988596,122.0,"Tijuana River Valley, San Diego, CA, USA",2023-04-03,2023-04-03 18:19:00 UTC,Pacific Time (US & Canada),research,1,0,False,False,https://inaturalist-open-data.s3.amazonaws.com/photos/268754941/medium.jpeg,,,
367475,Rallus obsoletus,Ridgway's Rail,Aves,Ridgway's Rail,32.5714211717,-117.1259681648,5.0,"Tijuana River National Estuarine Research Reserve; San Diego, California",2023-04-09,2023-04-09 16:13:00 UTC,Pacific Time (US & Canada),research,2,0,False,False,https://inaturalist-open-data.s3.amazonaws.com/photos/268863085/medium.jpeg,,,
367475,Rallus obsoletus,Ridgway's Rail,Aves,Rascón Costero del Pacífico,32.5734136989,-117.1254734663,24.0,"Tijuana Slough National Wildlife Refuge, Imperial Beach, CA, US",2023-04-21,2023-04-22 00:13:00 UTC,Pacific Time (US & Canada),research,1,0,False,False,https://static.inaturalist.org/photos/270652079/medium.jpg,,,
367475,Rallus obsoletus,Ridgway's Rail,Aves,Rascón Costero del Pacífico,32.57337,-117.1254721667,4.0,"Tijuana Slough National Wildlife Refuge, Imperial Beach, CA, US",2023-04-21,2023-04-22 01:05:36 UTC,Pacific Time (US & Canada),research,1,0,False,False,https://static.inaturalist.org/photos/270652479/medium.jpg,,,
367475,Rallus obsoletus,Ridgway's Rail,Aves,Ridgway's Rail,33.0103900228,-117.2765238478,31.0,"Cardiff, Encinitas, CA 92007, USA",2023-04-26,2023-04-26 18:26:00 UTC,Pacific Time (US & Canada),research,2,0,False,False,https://inaturalist-open-data.s3.amazonaws.com/photos/271347437/medium.jpg,,One seen.,
367475,Rallus obsoletus,Ridgway's Rail,Aves,Rascón Costero del Pacífico,33.0124888833,-117.2750033333,4.0,"San Elijo Lagoon, Encinitas, CA, US",2023-04-29,2023-04-29 15:49:31 UTC,Pacific Time (US & Canada),research,1,0,False,False,https://static.inaturalist.org/photos/272644431/medium.jpg,,,
367475,Rallus obsoletus,Ridgway's Rail,Aves,Ridgway's Rail,32.5702972222,-117.1266416667,,"Imperial Beach, CA, USA",2023-04-29,2023-04-29 15:59:00 UTC,Pacific Time (US & Canada),research,1,0,False,False,https://inaturalist-open-data.s3.amazonaws.com/photos/272657601/medium.jpeg,,,
367475,Rallus obsoletus,Ridgway's Rail,Aves,Rascón Costero del Pacífico,32.5702555556,-117.1266527778,,"Imperial Beach, CA, USA",2023-04-29,2023-04-29 15:58:00 UTC,Pacific Time (US & Canada),research,1,0,False,False,https://inaturalist-open-data.s3.amazonaws.com/photos/272663537/medium.jpeg,,,
367475,Rallus obsoletus,Ridgway's Rail,Aves,Ridgway's Rail,32.57065,-117.1264388889,,"Tijuana Slough National Wildlife Refuge, San Diego, California, United States",2023-04-29,2023-04-29 16:04:00 UTC,Pacific Time (US & Canada),research,2,0,False,False,https://inaturalist-open-data.s3.amazonaws.com/photos/272713142/medium.jpeg,,,
367475,Rallus obsoletus,Ridgway's Rail,Aves,Ridgway's Rail,32.5706882533,-117.1264038317,,"Imperial Beach, CA, USA",2023-04-29,2023-04-29 16:58:00 UTC,Pacific Time (US & Canada),research,1,0,False,False,https://inaturalist-open-data.s3.amazonaws.com/photos/272820574/medium.jpeg,,,"300mm f/4 PF ED VR, D500, TC-14E III, Tijuana River National Estuarine Research Reserve, Tijuana Slough National Wildlife Refuge"
367475,Rallus obsoletus,Ridgway's Rail,Aves,Ridgway's Rail,32.57030303,-117.1264627383,,"Imperial Beach, CA, USA",2023-04-29,2023-04-29 17:05:00 UTC,Pacific Time (US & Canada),research,3,0,False,False,https://inaturalist-open-data.s3.amazonaws.com/photos/272827874/medium.jpeg,,,"300mm f/4 PF ED VR, D500, TC-14E III, Tijuana River National Estuarine Research Reserve, Tijuana Slough National Wildlife Refuge"
179819,Rallus obsoletus levipes,Light-footed Rail,Aves,Rascón picudo,33.0124388833,-117.2751166667,4.0,"San Elijo Lagoon, Encinitas, CA, US",2023-04-30,2023-04-30 19:13:03 UTC,Pacific Time (US & Canada),research,1,0,False,False,https://inaturalist-open-data.s3.amazonaws.com/photos/273614858/medium.jpg,,,
367475,Rallus obsoletus,Ridgway's Rail,Aves,Ridgway's Rail,32.5733021042,-117.1254321282,17.0,"Tijuana Slough National Wildlife Refuge, Imperial Beach, CA, US",2023-04-29,2023-04-29 19:11:00 UTC,Pacific Time (US & Canada),research,2,0,False,False,https://static.inaturalist.org/photos/274848830/medium.jpg,,,
367475,Rallus obsoletus,Ridgway's Rail,Aves,Ridgway's Rail,33.0100271171,-117.2767173277,26.0,"Cardiff, Encinitas, CA 92007, USA",2023-05-01,2023-05-01 23:44:00 UTC,Pacific Time (US & Canada),research,2,0,False,False,https://inaturalist-open-data.s3.amazonaws.com/photos/274859289/medium.jpg,,,
367475,Rallus obsoletus,Ridgway's Rail,Aves,Ridgway's Rail,32.572403702,-117.1263176711,268.0,TJ Estuary and Nature Center,2023-04-29,2023-04-29 22:44:00 UTC,Pacific Time (US & Canada),research,2,0,False,False,https://inaturalist-open-data.s3.amazonaws.com/photos/275331621/medium.jpg,,,"INAT 23 Border Bio Blitz, TJ Estuary 23"
367475,Rallus obsoletus,Ridgway's Rail,Aves,Ridgway's Rail,32.5714651852,-117.1260336824,5.0,"Tijuana River National Estuarine Research Reserve; San Diego, California",2023-04-28,2023-04-28 23:27:00 UTC,Pacific Time (US & Canada),research,2,0,False,False,https://inaturalist-open-data.s3.amazonaws.com/photos/276033707/medium.jpeg,,,
367475,Rallus obsoletus,Ridgway's Rail,Aves,Ridgway's Rail,33.0109843334,-117.2739214396,206.0,"Cardiff, Encinitas, CA 92007, USA",2023-05-07,2023-05-07 16:56:00 UTC,Pacific Time (US & Canada),research,2,0,False,False,https://inaturalist-open-data.s3.amazonaws.com/photos/277248250/medium.jpg,,"I think this is a Ridgway's Rail, but I'm not sure.  I'm also reporting this on Ebird.",
367475,Rallus obsoletus,Ridgway's Rail,Aves,Rascón Costero del Pacífico,32.5703487566,-117.1264433917,4.0,"Tijuana Slough National Wildlife Refuge, Imperial Beach, CA, US",2023-05-07,2023-05-07 23:28:18 UTC,Pacific Time (US & Canada),research,1,0,False,False,,https://static.inaturalist.org/sounds/687002.m4a?1683502446,,
367475,Rallus obsoletus,Ridgway's Rail,Aves,Rascón Costero del Pacífico,33.0086494291,-117.2725802698,1003.0,"Cardiff, Encinitas, CA 92007, USA",2016-03-21,2016-03-22 00:11:00 UTC,Pacific Time (US & Canada),research,1,0,False,False,https://inaturalist-open-data.s3.amazonaws.com/photos/279926436/medium.jpeg,,,
367475,Rallus obsoletus,Ridgway's Rail,Aves,Ridgway's Rail,33.012391,-117.275152,,"Cardiff, Encinitas, CA 92007, USA",2023-04-30,2023-04-30 19:12:50 UTC,Pacific Time (US & Canada),research,1,0,False,False,https://static.inaturalist.org/photos/280525174/medium.jpeg,,,
367475,Rallus obsoletus,Ridgway's Rail,Aves,Ridgway's Rail,32.5712975938,-117.1256907284,54.0,"Imperial Beach, CA, USA",2023-05-19,2023-05-19 19:14:35 UTC,Pacific Time (US & Canada),research,3,0,False,False,https://inaturalist-open-data.s3.amazonaws.com/photos/281147386/medium.jpeg,https://static.inaturalist.org/sounds/704352.mp3?1684549648,"endangered ssp. 
Lifer!",
367475,Rallus obsoletus,Ridgway's Rail,Aves,Ridgway's Rail,33.0101741,-117.2769140997,,"Cardiff, CA 92007, USA",2023-05-27,2023-05-27 22:10:12 UTC,Pacific Time (US & Canada),research,2,0,False,False,https://static.inaturalist.org/photos/283941398/medium.jpeg,,,
367475,Rallus obsoletus,Ridgway's Rail,Aves,Ridgway's Rail,32.5726010483,-117.1253301193,8.0,"Imperial Beach, CA, USA",2023-05-29,2023-05-29 17:42:00 UTC,Pacific Time (US & Canada),research,1,0,False,False,https://inaturalist-open-data.s3.amazonaws.com/photos/284653507/medium.jpeg,,,
367475,Rallus obsoletus,Ridgway's Rail,Aves,Ridgway's Rail,32.5728262483,-117.123199731,2.0,"Imperial Beach, CA, USA",2023-05-29,2023-05-29 19:34:00 UTC,Pacific Time (US & Canada),research,2,0,False,False,https://inaturalist-open-data.s3.amazonaws.com/photos/284673339/medium.jpeg,,,
367475,Rallus obsoletus,Ridgway's Rail,Aves,Ridgway's Rail,32.5666013905,-117.1285354021,1453.0,"Tijuana Slough National Wildlife Refuge, Imperial Beach, CA, US",2023-05-29,2023-05-29 19:08:44 UTC,Pacific Time (US & Canada),research,2,0,False,False,https://inaturalist-open-data.s3.amazonaws.com/photos/285117752/medium.jpg,,,
367475,Rallus obsoletus,Ridgway's Rail,Aves,Ridgway's Rail,32.587515,-117.0504739722,,"Otay Mesa West, San Diego, CA, USA",2023-05-06,2023-05-06 18:52:27 UTC,Pacific Time (US & Canada),research,2,0,False,False,https://static.inaturalist.org/photos/285260647/medium.jpeg,,lightfooted ridgways rail,
367475,Rallus obsoletus,Ridgway's Rail,Aves,Rascón Costero del Pacífico,32.5711804469,-117.1260866797,90.0,"Tijuana Slough National Wildlife Refuge, Imperial Beach, CA, US",2023-05-31,2023-05-31 21:39:03 UTC,Pacific Time (US & Canada),research,1,0,False,False,https://inaturalist-open-data.s3.amazonaws.com/photos/285344825/medium.jpg,,,
179819,Rallus obsoletus levipes,Light-footed Rail,Aves,Light-footed Rail,32.5734225497,-117.1255146565,23.0,"Tijuana Slough National Wildlife Refuge, Imperial Beach, CA, US",2023-06-03,2023-06-03 21:59:37 UTC,Pacific Time (US & Canada),research,2,0,False,False,https://inaturalist-open-data.s3.amazonaws.com/photos/286340144/medium.jpg,,,
367475,Rallus obsoletus,Ridgway's Rail,Aves,Ridgway's Rail,33.0111361167,-117.2761616667,4.0,"San Elijo Lagoon, Encinitas, CA, US",2023-06-04,2023-06-04 19:24:08 UTC,Pacific Time (US & Canada),research,2,0,False,False,https://inaturalist-open-data.s3.amazonaws.com/photos/286804291/medium.jpg,,,
367475,Rallus obsoletus,Ridgway's Rail,Aves,Ridgway's Rail,32.57259675,-117.12532432,5.0,"Imperial Beach, CA, USA",2023-06-06,2023-06-06 16:00:27 UTC,Pacific Time (US & Canada),research,3,0,False,False,https://inaturalist-open-data.s3.amazonaws.com/photos/287262323/medium.jpeg,,,
367475,Rallus obsoletus,Ridgway's Rail,Aves,Rascón Costero del Pacífico,32.5733503949,-117.1254541158,5.0,"Tijuana River National Estuarine Research Reserve; San Diego, California",2023-06-04,2023-06-04 15:36:00 UTC,Pacific Time (US & Canada),research,1,0,False,False,https://inaturalist-open-data.s3.amazonaws.com/photos/287285031/medium.jpeg,,,
367475,Rallus obsoletus,Ridgway's Rail,Aves,Ridgway's Rail,33.0107103231,-117.276304086,8.0,"Cardiff, Encinitas, CA 92007, USA",2023-06-06,2023-06-06 15:54:00 UTC,Pacific Time (US & Canada),research,2,0,False,False,https://inaturalist-open-data.s3.amazonaws.com/photos/287339092/medium.jpeg,,,
367475,Rallus obsoletus,Ridgway's Rail,Aves,Rascón Costero del Pacífico,32.5728342997,-117.1255072,,"Imperial Beach, CA, USA",2023-06-08,2023-06-08 16:23:51 UTC,Pacific Time (US & Canada),research,1,0,False,False,https://inaturalist-open-data.s3.amazonaws.com/photos/287900025/medium.jpeg,,,
367475,Rallus obsoletus,Ridgway's Rail,Aves,Rascón Costero del Pacífico,32.570325,-117.1264195,4.0,"Tijuana Slough National Wildlife Refuge, Imperial Beach, CA, US",2023-06-07,2023-06-07 18:02:51 UTC,Pacific Time (US & Canada),research,1,0,False,False,https://static.inaturalist.org/photos/288055437/medium.jpg,,,
367475,Rallus obsoletus,Ridgway's Rail,Aves,Rascón Costero del Pacífico,32.57295,-117.1254933333,,"Imperial Beach, CA, USA",2023-06-08,2023-06-08 15:19:00 UTC,Pacific Time (US & Canada),research,2,0,False,False,https://static.inaturalist.org/photos/288369259/medium.jpg,,Just bathed,
367475,Rallus obsoletus,Ridgway's Rail,Aves,Ridgway's Rail,32.5746155091,-117.1261505143,5.0,"Tijuana River National Estuarine Research Reserve; San Diego, California",2023-06-17,2023-06-17 15:02:00 UTC,Pacific Time (US & Canada),research,2,0,False,False,https://inaturalist-open-data.s3.amazonaws.com/photos/291068741/medium.jpeg,,,
367475,Rallus obsoletus,Ridgway's Rail,Aves,Ridgway's Rail,32.5701388165,-117.1261306988,24.0,"Tijuana Slough National Wildlife Refuge, Imperial Beach, CA, US",2023-06-21,2023-06-21 18:54:48 UTC,Pacific Time (US & Canada),research,2,0,False,False,https://static.inaturalist.org/photos/292500277/medium.jpg,,,
367475,Rallus obsoletus,Ridgway's Rail,Aves,Ridgway's Rail,33.011125,-117.2761833333,4.0,"San Elijo Lagoon, Encinitas, CA, US",2023-06-24,2023-06-24 18:54:24 UTC,Pacific Time (US & Canada),research,2,0,False,False,https://inaturalist-open-data.s3.amazonaws.com/photos/293381868/medium.jpg,,,
367475,Rallus obsoletus,Ridgway's Rail,Aves,Rascón Costero del Pacífico,32.5702368417,-117.1261816799,5.0,"Tijuana River National Estuarine Research Reserve; San Diego, California",2023-06-17,2023-06-17 15:15:00 UTC,Pacific Time (US & Canada),research,1,0,False,False,https://inaturalist-open-data.s3.amazonaws.com/photos/294523247/medium.jpeg,,,
367475,Rallus obsoletus,Ridgway's Rail,Aves,Ridgway's Rail,32.570133535,-117.1252401046,5.0,"Tijuana River National Estuarine Research Reserve; San Diego, California",2023-06-25,2023-06-25 17:27:00 UTC,Pacific Time (US & Canada),research,2,0,False,False,https://inaturalist-open-data.s3.amazonaws.com/photos/295972991/medium.jpeg,,,
179819,Rallus obsoletus levipes,Light-footed Rail,Aves,Rascón picudo,32.5729396962,-117.125332819,8.0,"Tijuana Slough National Wildlife Refuge, Imperial Beach, CA, US",2023-07-02,2023-07-02 16:47:10 UTC,Pacific Time (US & Canada),research,1,0,False,False,https://static.inaturalist.org/photos/296211757/medium.jpg,,,
367475,Rallus obsoletus,Ridgway's Rail,Aves,Ridgway's Rail,33.0104534861,-117.276491341,183.0,"San Elijo Lagoon, Encinitas, CA, US",2023-07-11,2023-07-12 06:31:14 UTC,Pacific Time (US & Canada),research,2,0,False,False,https://inaturalist-open-data.s3.amazonaws.com/photos/299651531/medium.jpg,,,
367475,Rallus obsoletus,Ridgway's Rail,Aves,Ridgway's Rail,33.012198994,-117.2761477861,671.0,"San Elijo Lagoon, Encinitas, CA, US",2023-07-12,2023-07-12 07:29:33 UTC,Pacific Time (US & Canada),research,2,0,False,False,https://inaturalist-open-data.s3.amazonaws.com/photos/299652122/medium.jpg,,,
367475,Rallus obsoletus,Ridgway's Rail,Aves,Ridgway's Rail,32.574849,-117.1258707,,Tijuana Slough NWR--visitor center/North McCoy Trail,2022-06-22,2022-06-22 19:00:00 UTC,Pacific Time (US & Canada),research,1,0,False,False,https://static.inaturalist.org/photos/299769244/medium.jpg,,470886581,class-bulkobservationfile-user_id-759683-filename-inat_ebird-csv-project_id-2023-07-12 20:32:20 -0700.csv
367475,Rallus obsoletus,Ridgway's Rail,Aves,Ridgway's Rail,33.0139315389,-117.2768658176,61.0,"San Elijo Lagoon, Pole Road, Cardiff, Encinitas, CA 92007, USA",2023-07-09,2023-07-09 15:12:00 UTC,Pacific Time (US & Canada),research,5,0,False,False,https://inaturalist-open-data.s3.amazonaws.com/photos/299871274/medium.jpeg,,,
367475,Rallus obsoletus,Ridgway's Rail,Aves,Ridgway's Rail,33.0703996809,-117.2667729473,671.0,"San Diego County, US-CA, US",2023-07-18,2023-07-19 06:52:30 UTC,Pacific Time (US & Canada),research,2,0,False,True,https://inaturalist-open-data.s3.amazonaws.com/photos/301837135/medium.jpg,,,
367475,Rallus obsoletus,Ridgway's Rail,Aves,Rascón Costero del Pacífico,33.0112093847,-117.2770240607,671.0,"San Elijo Lagoon, Encinitas, CA, US",2023-07-23,2023-07-23 16:56:37 UTC,Pacific Time (US & Canada),research,1,0,False,False,https://inaturalist-open-data.s3.amazonaws.com/photos/303371784/medium.jpg,,,
367475,Rallus obsoletus,Ridgway's Rail,Aves,Ridgway's Rail,33.0142188892,-117.2742437195,122.0,"Cardiff, Encinitas, CA 92007, USA",2023-07-27,2023-07-27 20:16:00 UTC,Pacific Time (US & Canada),research,2,0,False,False,https://static.inaturalist.org/photos/304600782/medium.jpeg,,,
367475,Rallus obsoletus,Ridgway's Rail,Aves,Ridgway's Rail,32.5740709333,-117.1266787723,379.0,"Imperial Beach, CA, USA",2023-06-14,2023-06-14 22:57:00 UTC,Pacific Time (US & Canada),research,2,0,False,False,https://inaturalist-open-data.s3.amazonaws.com/photos/304840756/medium.jpg,,This spot was crawling with rails,
367475,Rallus obsoletus,Ridgway's Rail,Aves,Ridgway's Rail,32.5747083321,-117.1263462622,306.0,"Imperial Beach, CA, USA",2023-06-14,2023-06-14 23:25:00 UTC,Pacific Time (US & Canada),research,2,0,False,False,https://inaturalist-open-data.s3.amazonaws.com/photos/304882518/medium.jpg,,Several individuals running along little rail trails here,
367475,Rallus obsoletus,Ridgway's Rail,Aves,Ridgway's Rail,32.5747083321,-117.1263462622,306.0,"Imperial Beach, CA, USA",2023-06-14,2023-06-14 23:27:00 UTC,Pacific Time (US & Canada),research,2,0,False,False,https://inaturalist-open-data.s3.amazonaws.com/photos/304882546/medium.jpg,,Several individuals running along little rail trails here,
367475,Rallus obsoletus,Ridgway's Rail,Aves,Ridgway's Rail,32.5747083321,-117.1263462622,306.0,"Imperial Beach, CA, USA",2023-06-14,2023-06-14 23:34:00 UTC,Pacific Time (US & Canada),research,2,0,False,False,https://inaturalist-open-data.s3.amazonaws.com/photos/304882605/medium.jpg,,Several individuals running along little rail trails here,
367475,Rallus obsoletus,Ridgway's Rail,Aves,Ridgway's Rail,32.575915411,-117.1288803769,61.0,"Imperial Beach, CA, USA",2023-07-27,2023-07-27 16:12:00 UTC,Pacific Time (US & Canada),research,2,0,False,False,https://inaturalist-open-data.s3.amazonaws.com/photos/305268483/medium.jpg,https://static.inaturalist.org/sounds/784398.mp3?1691031953,,
179819,Rallus obsoletus levipes,Light-footed Rail,Aves,Light-footed Rail,33.0113195312,-117.2772247201,671.0,"San Elijo Lagoon, Encinitas, CA, US",2023-08-02,2023-08-02 07:00:25 UTC,Pacific Time (US & Canada),research,2,0,False,False,https://inaturalist-open-data.s3.amazonaws.com/photos/306472224/medium.jpg,,,
367475,Rallus obsoletus,Ridgway's Rail,Aves,Ridgway's Rail,33.0142059326,-117.2769699097,1790.0,Encinitas,2023-08-06,2023-08-06 23:26:12 UTC,Pacific Time (US & Canada),research,1,0,False,False,https://inaturalist-open-data.s3.amazonaws.com/photos/307901267/medium.jpeg,,,
367475,Rallus obsoletus,Ridgway's Rail,Aves,Ridgway's Rail,32.6029453284,-117.1183433321,780.0,"San Diego Bay, Coronado, CA, US",2023-08-07,2023-08-08 03:28:45 UTC,Pacific Time (US & Canada),research,2,0,False,False,https://inaturalist-open-data.s3.amazonaws.com/photos/308338651/medium.jpg,,,
367475,Rallus obsoletus,Ridgway's Rail,Aves,Ridgway's Rail,33.008625,-117.2764583333,4.0,"San Elijo Lagoon Ecological Reserve, Encinitas, CA, US",2023-08-08,2023-08-08 15:04:53 UTC,Pacific Time (US & Canada),research,1,0,False,False,https://static.inaturalist.org/photos/308504409/medium.jpg,,,
367475,Rallus obsoletus,Ridgway's Rail,Aves,Ridgway's Rail,33.0120426053,-117.2758215141,23.0,"San Elijo Lagoon, Encinitas, CA, US",2023-08-08,2023-08-08 15:21:49 UTC,Pacific Time (US & Canada),research,2,0,False,False,https://static.inaturalist.org/photos/308505453/medium.jpg,,,
367475,Rallus obsoletus,Ridgway's Rail,Aves,Ridgway's Rail,32.5725879656,-117.1252789589,23.0,"Tijuana Slough National Wildlife Refuge, Imperial Beach, CA, US",2023-08-09,2023-08-09 15:10:10 UTC,Pacific Time (US & Canada),research,2,0,False,False,https://static.inaturalist.org/photos/308872319/medium.jpg,,,
367475,Rallus obsoletus,Ridgway's Rail,Aves,Ridgway's Rail,33.0109537131,-117.2730386478,671.0,"San Elijo Lagoon, Encinitas, CA, US",2023-08-08,2023-08-09 06:50:05 UTC,Pacific Time (US & Canada),research,2,0,False,False,https://inaturalist-open-data.s3.amazonaws.com/photos/309135831/medium.jpg,,,
367475,Rallus obsoletus,Ridgway's Rail,Aves,Ridgway's Rail,33.0114233912,-117.276318956,671.0,"San Elijo Lagoon, Encinitas, CA, US",2023-08-18,2023-08-18 17:56:04 UTC,Pacific Time (US & Canada),research,2,0,False,False,https://inaturalist-open-data.s3.amazonaws.com/photos/311748687/medium.jpg,,,
367475,Rallus obsoletus,Ridgway's Rail,Aves,Ridgway's Rail,32.5665305556,-117.1262694444,,"Imperial Beach, CA, USA",2023-08-21,2023-08-21 22:41:00 UTC,Pacific Time (US & Canada),research,2,0,False,False,https://inaturalist-open-data.s3.amazonaws.com/photos/312776251/medium.jpeg,,,
367475,Rallus obsoletus,Ridgway's Rail,Aves,Ridgway's Rail,32.5718521862,-117.1259754486,719.0,"Tijuana Slough National Wildlife Refuge, Imperial Beach, CA, US",2023-08-22,2023-08-22 15:00:59 UTC,Pacific Time (US & Canada),research,3,0,False,False,https://inaturalist-open-data.s3.amazonaws.com/photos/312958536/medium.jpg,,,
367475,Rallus obsoletus,Ridgway's Rail,Aves,Ridgway's Rail,32.5726361051,-117.1251719321,5.0,"Tijuana River National Estuarine Research Reserve; San Diego, California",2023-08-19,2023-08-19 17:02:00 UTC,Pacific Time (US & Canada),research,1,0,False,False,https://inaturalist-open-data.s3.amazonaws.com/photos/314109435/medium.jpeg,,,
367475,Rallus obsoletus,Ridgway's Rail,Aves,Ridgway's Rail,33.0105541997,-117.2767280406,23.0,"San Elijo Lagoon, Encinitas, CA, US",2023-08-26,2023-08-26 16:02:45 UTC,Pacific Time (US & Canada),research,2,0,False,False,https://static.inaturalist.org/photos/314211522/medium.jpg,,,
367475,Rallus obsoletus,Ridgway's Rail,Aves,Ridgway's Rail,32.5725585945,-117.1251896535,5.0,"Tijuana River National Estuarine Research Reserve; San Diego, California",2023-08-18,2023-08-18 15:51:00 UTC,Pacific Time (US & Canada),research,2,0,False,False,https://inaturalist-open-data.s3.amazonaws.com/photos/314426035/medium.jpeg,,,
367475,Rallus obsoletus,Ridgway's Rail,Aves,Ridgway's Rail,33.0115812784,-117.2758839921,137.0,"Cardiff, Encinitas, CA 92007, USA",2023-08-27,2023-08-27 15:26:00 UTC,Pacific Time (US & Canada),research,2,0,False,False,https://inaturalist-open-data.s3.amazonaws.com/photos/315276107/medium.jpg,,,
367475,Rallus obsoletus,Ridgway's Rail,Aves,Ridgway's Rail,33.0110638833,-117.2762,4.0,"San Elijo Lagoon Ecological Reserve, Encinitas, CA, US",2023-09-04,2023-09-04 15:19:27 UTC,Pacific Time (US & Canada),research,2,0,False,False,https://static.inaturalist.org/photos/316791364/medium.jpg,,,
367475,Rallus obsoletus,Ridgway's Rail,Aves,Ridgway's Rail,33.0110460423,-117.2773772346,671.0,"San Elijo Lagoon, Encinitas, CA, US",2023-09-13,2023-09-13 16:41:55 UTC,Pacific Time (US & Canada),research,1,0,False,False,https://inaturalist-open-data.s3.amazonaws.com/photos/319514351/medium.jpg,,,
367475,Rallus obsoletus,Ridgway's Rail,Aves,Rallus obsoletus,32.5725883333,-117.125375,2.0,"Tijuana Slough National Wild Refuge, Imperial Beach, CA, US",2023-09-15,2023-09-16 01:06:30 UTC,Pacific Time (US & Canada),research,1,0,False,False,https://inaturalist-open-data.s3.amazonaws.com/photos/320051680/medium.jpg,,,
367475,Rallus obsoletus,Ridgway's Rail,Aves,Ridgway's Rail,32.5733600883,-117.1255134336,132.0,"Imperial Beach, CA, USA",2023-09-10,2023-09-10 16:03:00 UTC,Pacific Time (US & Canada),research,3,0,False,False,https://inaturalist-open-data.s3.amazonaws.com/photos/320502550/medium.jpg,,,
367475,Rallus obsoletus,Ridgway's Rail,Aves,Ridgway's Rail,33.0120888889,-117.2743527778,,"Cardiff, CA 92007, USA",2023-09-18,2023-09-18 16:33:06 UTC,Pacific Time (US & Canada),research,2,0,False,False,https://inaturalist-open-data.s3.amazonaws.com/photos/320851834/medium.jpeg,,,
367475,Rallus obsoletus,Ridgway's Rail,Aves,Ridgway's Rail,32.5713909,-117.1317007,200.0,"1399 Seacoast Dr, Imperial Beach, CA 91932, USA",2018-01-10,2018-01-10 20:33:00 UTC,Pacific Time (US & Canada),research,1,0,False,False,https://inaturalist-open-data.s3.amazonaws.com/photos/321361002/medium.jpg,,https://ebird.org/checklist/S41794675,
367475,Rallus obsoletus,Ridgway's Rail,Aves,Ridgway's Rail,32.7559133333,-117.2386166667,,"San Diego River Estuary, San Diego, CA, USA",2023-09-24,2023-09-24 17:39:00 UTC,Pacific Time (US & Canada),research,1,0,False,False,https://inaturalist-open-data.s3.amazonaws.com/photos/322550202/medium.jpeg,,,
367475,Rallus obsoletus,Ridgway's Rail,Aves,Ridgway's Rail,32.7593329824,-117.2393582311,2009.0,"Mission Bay Park, San Diego, CA, US",2023-09-24,2023-09-24 17:38:38 UTC,Pacific Time (US & Canada),research,2,0,False,False,https://inaturalist-open-data.s3.amazonaws.com/photos/322596980/medium.jpg,,,
367475,Rallus obsoletus,Ridgway's Rail,Aves,Ridgway's Rail,32.5725723997,-117.1253322997,,"Tijuana Slough National Wildlife Refuge, San Diego County, US-CA, US",2023-09-27,2023-09-27 15:39:29 UTC,Pacific Time (US & Canada),research,1,0,False,False,https://inaturalist-open-data.s3.amazonaws.com/photos/323316957/medium.jpeg,,,
367475,Rallus obsoletus,Ridgway's Rail,Aves,Ridgway's Rail,32.5725805556,-117.1253027778,,"Imperial Beach, CA, USA",2023-09-27,2023-09-28 00:07:00 UTC,Pacific Time (US & Canada),research,2,0,False,False,https://inaturalist-open-data.s3.amazonaws.com/photos/323475799/medium.jpeg,,,
367475,Rallus obsoletus,Ridgway's Rail,Aves,Ridgway's Rail,32.5722552091,-117.1263478415,548.0,"Imperial Beach, CA, USA",2019-04-14,2019-04-14 23:41:00 UTC,Pacific Time (US & Canada),research,2,0,False,False,https://inaturalist-open-data.s3.amazonaws.com/photos/323975724/medium.jpg,,,
367475,Rallus obsoletus,Ridgway's Rail,Aves,Ridgway's Rail,32.5715585373,-117.1254750847,2.0,"Imperial Beach, CA, USA",2023-09-30,2023-09-30 18:31:00 UTC,Pacific Time (US & Canada),research,1,0,False,False,https://inaturalist-open-data.s3.amazonaws.com/photos/324249286/medium.jpg,,,
367475,Rallus obsoletus,Ridgway's Rail,Aves,Ridgway's Rail,32.5928748859,-117.1217145872,24.0,"San Diego Bay National Wildlife Refuge, Coronado, CA, US",2023-10-01,2023-10-01 18:00:00 UTC,Pacific Time (US & Canada),research,1,0,False,False,https://static.inaturalist.org/photos/324605978/medium.jpg,,,
367475,Rallus obsoletus,Ridgway's Rail,Aves,Ridgway's Rail,32.5719618378,-117.1253734978,23.0,"Tijuana Slough National Wildlife Refuge, Imperial Beach, CA, US",2023-10-01,2023-10-01 18:10:10 UTC,Pacific Time (US & Canada),research,1,0,False,False,https://static.inaturalist.org/photos/324609028/medium.jpg,,,
367475,Rallus obsoletus,Ridgway's Rail,Aves,Ridgway's Rail,32.5734552604,-117.1255892079,25.0,"Oneonta Slough, Imperial Beach, CA, US",2023-10-03,2023-10-03 17:00:49 UTC,Pacific Time (US & Canada),research,3,1,False,False,https://inaturalist-open-data.s3.amazonaws.com/photos/325065326/medium.jpg,,,
367475,Rallus obsoletus,Ridgway's Rail,Aves,Ridgway's Rail,32.5725983333,-117.1253433333,,"Imperial Beach, CA, USA",2023-09-28,2023-09-28 23:34:00 UTC,Pacific Time (US & Canada),research,2,0,False,False,https://inaturalist-open-data.s3.amazonaws.com/photos/325817368/medium.jpg,,,"California, Rallidae, San Diego County, Tijuana Slough NWR, rail"
367475,Rallus obsoletus,Ridgway's Rail,Aves,Ridgway's Rail,32.5725111111,-117.1252972222,,"Imperial Beach, CA, USA",2023-10-16,2023-10-16 19:44:51 UTC,Pacific Time (US & Canada),research,2,0,False,False,https://inaturalist-open-data.s3.amazonaws.com/photos/328543959/medium.jpeg,,,
367475,Rallus obsoletus,Ridgway's Rail,Aves,Ridgway's Rail,32.5725888889,-117.1253416667,,"Imperial Beach, CA, USA",2023-10-16,2023-10-16 19:44:49 UTC,Pacific Time (US & Canada),research,1,0,False,False,https://static.inaturalist.org/photos/328560315/medium.jpeg,,,
367475,Rallus obsoletus,Ridgway's Rail,Aves,Ridgway's Rail,32.5725833333,-117.1253416667,,"Imperial Beach, CA, USA",2023-10-16,2023-10-16 16:18:01 UTC,Pacific Time (US & Canada),research,2,0,False,False,https://inaturalist-open-data.s3.amazonaws.com/photos/329303963/medium.jpeg,,,
367475,Rallus obsoletus,Ridgway's Rail,Aves,Ridgway's Rail,32.5726366667,-117.1254416667,4.0,"Tijuana Slough National Wildlife Refuge, Imperial Beach, CA, US",2023-02-17,2023-02-17 18:49:15 UTC,Pacific Time (US & Canada),research,1,0,False,False,https://inaturalist-open-data.s3.amazonaws.com/photos/330669823/medium.jpg,,,
367475,Rallus obsoletus,Ridgway's Rail,Aves,Ridgway's Rail,32.5726283333,-117.12535,4.0,"Tijuana Slough National Wildlife Refuge, Imperial Beach, CA, US",2023-02-17,2023-02-17 18:46:09 UTC,Pacific Time (US & Canada),research,2,0,False,False,https://inaturalist-open-data.s3.amazonaws.com/photos/330669874/medium.jpg,,,
367475,Rallus obsoletus,Ridgway's Rail,Aves,Ridgway's Rail,32.5726283333,-117.12535,4.0,"Tijuana Slough National Wildlife Refuge, Imperial Beach, CA, US",2023-02-17,2023-02-17 18:41:38 UTC,Pacific Time (US & Canada),research,1,0,False,False,https://inaturalist-open-data.s3.amazonaws.com/photos/330669963/medium.jpg,,,
367475,Rallus obsoletus,Ridgway's Rail,Aves,Ridgway's Rail,32.5748034,-117.1263021,229.0,"301 Caspian Wy, Imperial Beach, CA 91932, USA",2016-04-28,2016-04-28 21:30:00 UTC,Pacific Time (US & Canada),research,1,0,False,False,https://inaturalist-open-data.s3.amazonaws.com/photos/331032973/medium.jpeg,,,
367475,Rallus obsoletus,Ridgway's Rail,Aves,Ridgway's Rail,32.5748239547,-117.1263736264,15.0,"Imperial Beach, CA, USA",2016-04-28,2016-04-28 21:31:00 UTC,Pacific Time (US & Canada),research,1,0,False,False,https://inaturalist-open-data.s3.amazonaws.com/photos/331033105/medium.jpeg,,,
367475,Rallus obsoletus,Ridgway's Rail,Aves,Ridgway's Rail,33.0125737761,-117.2774902237,671.0,"San Elijo Lagoon Ecological Reserve, Encinitas, CA, US",2023-10-29,2023-10-29 08:25:22 UTC,Pacific Time (US & Canada),research,2,0,False,False,https://inaturalist-open-data.s3.amazonaws.com/photos/331729543/medium.jpg,,,
367475,Rallus obsoletus,Ridgway's Rail,Aves,Ridgway's Rail,32.5889089693,-117.1087675921,61.0,"Egger Highlands, San Diego, CA, USA",2023-11-12,2023-11-12 20:02:00 UTC,Pacific Time (US & Canada),research,3,0,False,False,https://inaturalist-open-data.s3.amazonaws.com/photos/334677038/medium.jpeg,,,
367475,Rallus obsoletus,Ridgway's Rail,Aves,Ridgway's Rail,32.5886888889,-117.1075444444,,"Egger Highlands, San Diego, CA, USA",2023-11-12,2023-11-12 19:00:00 UTC,Pacific Time (US & Canada),research,1,0,False,False,https://inaturalist-open-data.s3.amazonaws.com/photos/334806193/medium.jpeg,,,
367475,Rallus obsoletus,Ridgway's Rail,Aves,Ridgway's Rail,33.1695570896,-117.3557607525,2.0,"South Oceanside, Oceanside, CA 92054, USA",2023-11-26,2023-11-26 15:12:00 UTC,Pacific Time (US & Canada),research,2,0,False,False,https://inaturalist-open-data.s3.amazonaws.com/photos/337485932/medium.jpeg,,,
367475,Rallus obsoletus,Ridgway's Rail,Aves,Ridgway's Rail,32.5900566667,-117.11341,,"Egger Highlands, San Diego, CA, USA",2023-11-25,2023-11-25 18:59:00 UTC,Pacific Time (US & Canada),research,3,0,False,False,https://static.inaturalist.org/photos/337772887/medium.jpg,,,
367475,Rallus obsoletus,Ridgway's Rail,Aves,Ridgway's Rail,32.5725972997,-117.1253207,,"Imperial Beach, CA, USA",2023-11-30,2023-11-30 17:04:12 UTC,Pacific Time (US & Canada),research,2,0,False,False,https://inaturalist-open-data.s3.amazonaws.com/photos/338244283/medium.jpeg,,,
367475,Rallus obsoletus,Ridgway's Rail,Aves,Ridgway's Rail,32.5724027778,-117.1256277778,,"Imperial Beach, CA, USA",2023-11-30,2023-11-30 18:08:56 UTC,Pacific Time (US & Canada),research,2,0,False,False,https://static.inaturalist.org/photos/338254066/medium.jpeg,,,
367475,Rallus obsoletus,Ridgway's Rail,Aves,Ridgway's Rail,32.593813002,-117.1110765931,81.0,"Salt Evaporators, San Diego, CA, US",2023-12-10,2023-12-10 18:59:45 UTC,Pacific Time (US & Canada),research,3,0,False,False,https://inaturalist-open-data.s3.amazonaws.com/photos/340197753/medium.jpg,,,
367475,Rallus obsoletus,Ridgway's Rail,Aves,Ridgway's Rail,32.5900182125,-117.1129205976,4.0,"Egger Highlands, San Diego, CA, USA",2023-12-10,2023-12-10 18:56:00 UTC,Pacific Time (US & Canada),research,2,0,False,False,https://inaturalist-open-data.s3.amazonaws.com/photos/340428028/medium.jpeg,,,
367475,Rallus obsoletus,Ridgway's Rail,Aves,Ridgway's Rail,32.7557027778,-117.2398583333,,"Ocean Beach, San Diego, CA, USA",2023-12-12,2023-12-12 19:26:19 UTC,Pacific Time (US & Canada),research,2,0,False,False,https://inaturalist-open-data.s3.amazonaws.com/photos/340529755/medium.jpeg,,,
367475,Rallus obsoletus,Ridgway's Rail,Aves,Ridgway's Rail,32.572552,-117.125384,125.0,tijuana estuary visitor center,2023-12-13,2023-12-14 02:04:00 UTC,Pacific Time (US & Canada),research,2,0,False,False,https://static.inaturalist.org/photos/340763561/medium.jpeg,,,
367475,Rallus obsoletus,Ridgway's Rail,Aves,Ridgway's Rail,32.5726145767,-117.1252640185,22.0,"Tijuana Slough National Wildlife Refuge, Imperial Beach, CA, US",2023-12-15,2023-12-15 22:40:10 UTC,Pacific Time (US & Canada),research,3,0,False,False,https://inaturalist-open-data.s3.amazonaws.com/photos/341027413/medium.jpg,,,
367475,Rallus obsoletus,Ridgway's Rail,Aves,Ridgway's Rail,32.5585292104,-117.1166369288,796.0,"Tijuana Slough National Wildlife Refuge, Imperial Beach, CA, US",2023-05-04,2023-05-04 19:05:35 UTC,Pacific Time (US & Canada),research,1,0,False,False,https://inaturalist-open-data.s3.amazonaws.com/photos/341794191/medium.jpg,,,
367475,Rallus obsoletus,Ridgway's Rail,Aves,Ridgway's Rail,32.57185,-117.1258555,4.0,"Tijuana Slough National Wildlife Refuge, Imperial Beach, CA, US",2023-12-26,2023-12-26 20:21:22 UTC,Pacific Time (US & Canada),research,2,0,False,False,https://static.inaturalist.org/photos/342809047/medium.jpg,,,
367475,Rallus obsoletus,Ridgway's Rail,Aves,Ridgway's Rail,33.0084083333,-117.2763833333,3.0,"San Elijo Lagoon Ecological Reserve, Encinitas, CA, US",2023-12-27,2023-12-28 00:39:06 UTC,Pacific Time (US & Canada),research,1,0,False,False,https://inaturalist-open-data.s3.amazonaws.com/photos/342990130/medium.jpg,,,
367475,Rallus obsoletus,Ridgway's Rail,Aves,Ridgway's Rail,32.5731651573,-117.1259776338,445.0,"Imperial Beach, CA, USA",2023-12-26,2023-12-26 17:03:00 UTC,Pacific Time (US & Canada),research,2,0,False,False,https://static.inaturalist.org/photos/343330981/medium.jpg,,,
367475,Rallus obsoletus,Ridgway's Rail,Aves,Ridgway's Rail,32.5707656779,-117.1311622587,50.0,"Tijuana Slough National Wildlife Refuge, Imperial Beach, CA, US",2023-12-29,2023-12-29 18:40:26 UTC,Pacific Time (US & Canada),research,1,0,False,False,https://inaturalist-open-data.s3.amazonaws.com/photos/343372207/medium.jpg,,,
367475,Rallus obsoletus,Ridgway's Rail,Aves,Ridgway's Rail,32.5724959185,-117.1254363552,73.0,"Tijuana Slough National Wildlife Refuge, Imperial Beach, CA, US",2023-12-29,2023-12-29 23:21:08 UTC,Pacific Time (US & Canada),research,4,0,False,False,https://inaturalist-open-data.s3.amazonaws.com/photos/343384347/medium.jpg,,,
367475,Rallus obsoletus,Ridgway's Rail,Aves,Ridgway's Rail,33.0124011903,-117.2749589991,25.0,"San Elijo Lagoon Ecological Reserve, Encinitas, CA, US",2024-01-03,2024-01-04 00:33:51 UTC,Pacific Time (US & Canada),research,2,0,False,False,https://static.inaturalist.org/photos/344417003/medium.jpg,,,
367475,Rallus obsoletus,Ridgway's Rail,Aves,Ridgway's Rail,33.0113416667,-117.275955,4.0,"San Elijo Lagoon Ecological Reserve, Encinitas, CA, US",2024-01-03,2024-01-04 00:30:39 UTC,Pacific Time (US & Canada),research,2,0,False,False,https://static.inaturalist.org/photos/344417294/medium.jpg,,,
367475,Rallus obsoletus,Ridgway's Rail,Aves,Ridgway's Rail,32.7559133333,-117.2386866667,4.0,"Bacon St, San Diego, CA, US",2024-01-05,2024-01-05 19:38:10 UTC,Pacific Time (US & Canada),research,2,0,False,False,https://inaturalist-open-data.s3.amazonaws.com/photos/344701185/medium.jpg,,,
367475,Rallus obsoletus,Ridgway's Rail,Aves,Ridgway's Rail,33.0111283333,-117.276155,,"Cardiff, Encinitas, CA 92007, USA",2024-01-07,2024-01-07 19:22:00 UTC,Pacific Time (US & Canada),research,2,0,False,False,https://static.inaturalist.org/photos/345148943/medium.jpg,,,
367475,Rallus obsoletus,Ridgway's Rail,Aves,Ridgway's Rail,33.008502413,-117.2745501248,591.0,"Cardiff, Encinitas, CA 92007, USA",2024-01-07,2024-01-07 21:20:00 UTC,Pacific Time (US & Canada),research,1,0,False,False,https://static.inaturalist.org/photos/345155649/medium.jpg,,,
367475,Rallus obsoletus,Ridgway's Rail,Aves,Ridgway's Rail,33.0061628401,-117.2666986942,220.0,"San Elijo Lagoon, Encinitas, CA, US",2024-01-10,2024-01-10 17:46:24 UTC,Pacific Time (US & Canada),research,3,0,False,False,https://static.inaturalist.org/photos/345584201/medium.jpg,,,
367475,Rallus obsoletus,Ridgway's Rail,Aves,Ridgway's Rail,33.0116166667,-117.2735533333,6.0,"San Elijo Lagoon Ecological Reserve, Encinitas, CA, US",2024-01-13,2024-01-13 19:28:54 UTC,Pacific Time (US & Canada),research,2,0,False,False,https://inaturalist-open-data.s3.amazonaws.com/photos/346192200/medium.jpg,,,
367475,Rallus obsoletus,Ridgway's Rail,Aves,Ridgway's Rail,32.5731123824,-117.1254736876,37.0,"Tijuana Slough National Wildlife Refuge, Imperial Beach, CA, US",2024-01-14,2024-01-14 16:26:07 UTC,Pacific Time (US & Canada),research,2,0,False,False,https://inaturalist-open-data.s3.amazonaws.com/photos/346236816/medium.jpg,,,
367475,Rallus obsoletus,Ridgway's Rail,Aves,Ridgway's Rail,33.005905,-117.26603,,"Encinitas, CA, USA",2024-01-14,2024-01-15 00:55:00 UTC,Pacific Time (US & Canada),research,2,0,False,False,https://static.inaturalist.org/photos/346305001/medium.jpg,,,
367475,Rallus obsoletus,Ridgway's Rail,Aves,Ridgway's Rail,33.0117216037,-117.273145169,207.0,"Cardiff, CA 92007, USA",2024-01-14,2024-01-15 05:18:44 UTC,Pacific Time (US & Canada),research,2,0,False,False,https://inaturalist-open-data.s3.amazonaws.com/photos/346317368/medium.jpeg,,,
367475,Rallus obsoletus,Ridgway's Rail,Aves,Ridgway's Rail,32.7928941945,-117.2307727202,24.0,"Mission Bay, San Diego, CA, US",2024-01-13,2024-01-13 18:37:05 UTC,Pacific Time (US & Canada),research,2,0,False,False,https://inaturalist-open-data.s3.amazonaws.com/photos/346470387/medium.jpg,,,
367475,Rallus obsoletus,Ridgway's Rail,Aves,Ridgway's Rail,33.012195,-117.2745233333,,"Cardiff, Encinitas, CA 92007, USA",2024-01-15,2024-01-16 00:53:00 UTC,Pacific Time (US & Canada),research,1,0,False,False,https://static.inaturalist.org/photos/346471743/medium.jpg,,,
367475,Rallus obsoletus,Ridgway's Rail,Aves,Ridgway's Rail,33.0101929335,-117.2757911654,367.0,"Cardiff, Encinitas, CA 92007, USA",2024-01-15,2024-01-16 02:52:00 UTC,Pacific Time (US & Canada),research,2,0,False,False,https://static.inaturalist.org/photos/346474465/medium.jpg,,,
367475,Rallus obsoletus,Ridgway's Rail,Aves,Ridgway's Rail,33.0071699669,-117.2652983672,258.0,"Encinitas, CA, USA",2024-01-14,2024-01-15 02:53:00 UTC,Pacific Time (US & Canada),research,1,0,False,False,https://static.inaturalist.org/photos/346474583/medium.jpg,,,
367475,Rallus obsoletus,Ridgway's Rail,Aves,Ridgway's Rail,33.0063951932,-117.2732784824,29.0,"Encinitas, CA, USA",2024-01-15,2024-01-15 15:48:00 UTC,Pacific Time (US & Canada),research,2,0,False,False,https://inaturalist-open-data.s3.amazonaws.com/photos/346483782/medium.jpeg,,,
367475,Rallus obsoletus,Ridgway's Rail,Aves,Ridgway's Rail,33.0106722167,-117.2770533333,4.0,"San Elijo Lagoon Ecological Reserve, Encinitas, CA, US",2024-01-20,2024-01-20 18:31:34 UTC,Pacific Time (US & Canada),research,3,0,False,False,https://inaturalist-open-data.s3.amazonaws.com/photos/347269151/medium.jpg,,,
367475,Rallus obsoletus,Ridgway's Rail,Aves,Ridgway's Rail,33.0104611167,-117.2770083333,4.0,"San Elijo Lagoon Ecological Reserve, Encinitas, CA, US",2024-01-20,2024-01-20 18:38:01 UTC,Pacific Time (US & Canada),research,3,0,False,False,https://inaturalist-open-data.s3.amazonaws.com/photos/347269173/medium.jpg,,,
367475,Rallus obsoletus,Ridgway's Rail,Aves,Ridgway's Rail,33.0121660546,-117.2748183369,318.0,"Cardiff, Encinitas, CA 92007, USA",2024-01-21,2024-01-22 00:19:00 UTC,Pacific Time (US & Canada),research,2,0,False,False,https://static.inaturalist.org/photos/347386200/medium.jpg,,We saw at least 6.,
367475,Rallus obsoletus,Ridgway's Rail,Aves,Ridgway's Rail,33.0121660546,-117.2748183369,318.0,"Cardiff, Encinitas, CA 92007, USA",2024-01-21,2024-01-22 00:10:00 UTC,Pacific Time (US & Canada),research,1,0,False,False,https://static.inaturalist.org/photos/347386236/medium.jpg,,We saw at least 6.,
367475,Rallus obsoletus,Ridgway's Rail,Aves,Ridgway's Rail,33.0121660546,-117.2748183369,318.0,"Cardiff, Encinitas, CA 92007, USA",2024-01-21,2024-01-22 00:09:00 UTC,Pacific Time (US & Canada),research,3,0,False,False,https://static.inaturalist.org/photos/347386271/medium.jpg,,We saw at least 6.,
367475,Rallus obsoletus,Ridgway's Rail,Aves,Ridgway's Rail,33.0121660546,-117.2748183369,318.0,"Cardiff, Encinitas, CA 92007, USA",2024-01-21,2024-01-22 00:08:00 UTC,Pacific Time (US & Canada),research,2,0,False,False,https://static.inaturalist.org/photos/347386288/medium.jpg,,We saw at least 6.,
367475,Rallus obsoletus,Ridgway's Rail,Aves,Ridgway's Rail,33.011731101,-117.2735137391,74.0,"San Elijo Lagoon Nature Center, 2710 Manchester Ave, Cardiff, CA 92007, USA",2024-01-21,2024-01-21 22:48:00 UTC,Pacific Time (US & Canada),research,2,0,False,False,https://inaturalist-open-data.s3.amazonaws.com/photos/347401505/medium.jpeg,,,
367475,Rallus obsoletus,Ridgway's Rail,Aves,Ridgway's Rail,33.0105383333,-117.27707,,"Cardiff, Encinitas, CA 92007, USA",2024-01-21,2024-01-21 22:09:00 UTC,Pacific Time (US & Canada),research,2,0,False,False,https://static.inaturalist.org/photos/347434060/medium.jpg,,,
367475,Rallus obsoletus,Ridgway's Rail,Aves,Ridgway's Rail,33.01053,-117.2770466667,,"Cardiff, Encinitas, CA 92007, USA",2024-01-21,2024-01-21 22:10:00 UTC,Pacific Time (US & Canada),research,2,0,False,False,https://static.inaturalist.org/photos/347434170/medium.jpg,,,
367475,Rallus obsoletus,Ridgway's Rail,Aves,Ridgway's Rail,32.573402,-117.1254919997,,"Imperial Beach, CA, USA",2024-01-24,2024-01-24 17:00:02 UTC,Pacific Time (US & Canada),research,2,0,False,False,https://inaturalist-open-data.s3.amazonaws.com/photos/347808451/medium.jpeg,,,
367475,Rallus obsoletus,Ridgway's Rail,Aves,Ridgway's Rail,33.0083227297,-117.2774950415,1695.0,San Elijo Lagoon and Ecological Reserve,2024-01-23,2024-01-24 00:24:37 UTC,Pacific Time (US & Canada),research,2,0,False,False,https://static.inaturalist.org/photos/347870100/medium.jpeg,,"Protecting babies in a bush, in the wetlands after the storm!",
367475,Rallus obsoletus,Ridgway's Rail,Aves,Ridgway's Rail,33.0840522805,-117.3209162098,1164.0,"San Diego County, US-CA, US",2024-01-24,2024-01-24 21:27:15 UTC,Pacific Time (US & Canada),research,1,0,False,True,https://static.inaturalist.org/photos/347886536/medium.jpg,,,
367475,Rallus obsoletus,Ridgway's Rail,Aves,Ridgway's Rail,33.0123655279,-117.2750030224,15.0,"Cardiff, Encinitas, CA 92007, USA",2024-01-24,2024-01-24 19:31:00 UTC,Pacific Time (US & Canada),research,2,0,False,False,https://inaturalist-open-data.s3.amazonaws.com/photos/347956984/medium.jpeg,,One of two seen today.,
367475,Rallus obsoletus,Ridgway's Rail,Aves,Ridgway's Rail,33.0052466636,-117.270924436,61.0,"San Elijo Lagoon West,Encinitas, CA, USA",2024-01-26,2024-01-26 16:35:00 UTC,Pacific Time (US & Canada),research,3,0,False,False,https://inaturalist-open-data.s3.amazonaws.com/photos/348143673/medium.jpeg,,,
367475,Rallus obsoletus,Ridgway's Rail,Aves,Ridgway's Rail,32.754525,-117.2431277778,,"Point Loma, San Diego, CA, USA",2024-01-26,2024-01-26 21:26:00 UTC,Pacific Time (US & Canada),research,2,0,False,False,https://inaturalist-open-data.s3.amazonaws.com/photos/348300844/medium.jpeg,,,
367475,Rallus obsoletus,Ridgway's Rail,Aves,Ridgway's Rail,32.5732792383,-117.1256156457,30.0,"Tijuana Slough National Wildlife Refuge, Imperial Beach, CA, US",2024-01-31,2024-01-31 16:59:32 UTC,Pacific Time (US & Canada),research,3,0,False,False,https://inaturalist-open-data.s3.amazonaws.com/photos/349021929/medium.jpg,,,
367475,Rallus obsoletus,Ridgway's Rail,Aves,Ridgway's Rail,32.5745699278,-117.12715045,,"Imperial Beach, CA, USA",2024-02-02,2024-02-02 16:41:10 UTC,Pacific Time (US & Canada),research,2,0,False,False,https://inaturalist-open-data.s3.amazonaws.com/photos/349315901/medium.jpeg,,,
367475,Rallus obsoletus,Ridgway's Rail,Aves,Ridgway's Rail,33.0133595,-117.2742433,206.0,"San Elijo Lagoon Nature Center, 2710 Manchester Ave, Cardiff, CA 92007, USA",2024-01-15,2024-01-15 18:26:00 UTC,Pacific Time (US & Canada),research,4,0,False,False,https://inaturalist-open-data.s3.amazonaws.com/photos/349371127/medium.jpeg,,,
367475,Rallus obsoletus,Ridgway's Rail,Aves,Ridgway's Rail,33.0133595,-117.2742433,206.0,"San Elijo Lagoon Nature Center, 2710 Manchester Ave, Cardiff, CA 92007, USA",2024-01-15,2024-01-15 19:11:00 UTC,Pacific Time (US & Canada),research,3,0,False,False,https://inaturalist-open-data.s3.amazonaws.com/photos/349371133/medium.jpeg,,,
367475,Rallus obsoletus,Ridgway's Rail,Aves,Ridgway's Rail,33.0133595,-117.2742433,206.0,"San Elijo Lagoon Nature Center, 2710 Manchester Ave, Cardiff, CA 92007, USA",2024-01-15,2024-01-15 19:10:00 UTC,Pacific Time (US & Canada),research,3,0,False,False,https://inaturalist-open-data.s3.amazonaws.com/photos/349371134/medium.jpeg,,,
367475,Rallus obsoletus,Ridgway's Rail,Aves,Ridgway's Rail,33.0118216667,-117.2754666111,,"San Elijo Lagoon, San Diego, CA, USA",2024-02-03,2024-02-03 18:35:00 UTC,Pacific Time (US & Canada),research,5,0,False,False,https://inaturalist-open-data.s3.amazonaws.com/photos/349565537/medium.jpeg,,,
179819,Rallus obsoletus levipes,Light-footed Rail,Aves,Light-footed Rail,32.5731464816,-117.1254945064,30.0,"Tijuana Slough National Wildlife Refuge, Imperial Beach, CA, US",2024-02-05,2024-02-05 15:31:43 UTC,Pacific Time (US & Canada),research,2,0,False,False,https://inaturalist-open-data.s3.amazonaws.com/photos/349872870/medium.jpg,,,
367475,Rallus obsoletus,Ridgway's Rail,Aves,Ridgway's Rail,32.5710506764,-117.1262882113,246.0,"Imperial Beach, CA, USA",2003-04-24,2003-04-24 09:24:00 UTC,Pacific Time (US & Canada),research,2,0,False,False,https://inaturalist-open-data.s3.amazonaws.com/photos/351056870/medium.jpeg,,,
179819,Rallus obsoletus levipes,Light-footed Rail,Aves,Light-footed Rail,33.012588513,-117.2744668332,15.0,"Cardiff, Encinitas, CA 92007, USA",2024-01-19,2024-01-19 22:55:00 UTC,Pacific Time (US & Canada),research,2,0,False,False,https://inaturalist-open-data.s3.amazonaws.com/photos/351077903/medium.jpeg,,,
179819,Rallus obsoletus levipes,Light-footed Rail,Aves,Light-footed Rail,33.0104358972,-117.2770227653,2.0,"Cardiff, Encinitas, CA 92007, USA",2024-01-19,2024-01-19 23:04:00 UTC,Pacific Time (US & Canada),research,2,0,False,False,https://inaturalist-open-data.s3.amazonaws.com/photos/351077919/medium.jpeg,,,
179819,Rallus obsoletus levipes,Light-footed Rail,Aves,Light-footed Rail,33.0095245055,-117.2769036184,15.0,"Cardiff, Encinitas, CA 92007, USA",2024-01-19,2024-01-19 23:08:00 UTC,Pacific Time (US & Canada),research,1,0,False,False,https://inaturalist-open-data.s3.amazonaws.com/photos/351077916/medium.jpeg,,,
179819,Rallus obsoletus levipes,Light-footed Rail,Aves,Light-footed Rail,33.0058121508,-117.275716841,8.0,"Encinitas, CA, USA",2024-01-19,2024-01-19 23:19:00 UTC,Pacific Time (US & Canada),research,2,0,False,False,https://inaturalist-open-data.s3.amazonaws.com/photos/351077987/medium.jpeg,,,
179819,Rallus obsoletus levipes,Light-footed Rail,Aves,Light-footed Rail,32.5702087453,-117.1262633885,100.0,"Imperial Beach, CA, USA",2016-02-09,2016-02-09 17:55:00 UTC,Pacific Time (US & Canada),research,2,0,False,False,https://inaturalist-open-data.s3.amazonaws.com/photos/352097483/medium.jpg,,,
367475,Rallus obsoletus,Ridgway's Rail,Aves,Ridgway's Rail,32.5684904298,-117.1232370573,1.0,"Imperial Beach, CA, USA",2023-12-10,2023-12-10 20:56:00 UTC,Pacific Time (US & Canada),research,1,0,False,False,https://static.inaturalist.org/photos/353472842/medium.jpg,https://static.inaturalist.org/sounds/901329.wav?1708316654,,life-list
367475,Rallus obsoletus,Ridgway's Rail,Aves,Ridgway's Rail,32.5684418416,-117.1232360853,1.0,"Imperial Beach, CA, USA",2023-12-10,2023-12-10 20:56:00 UTC,Pacific Time (US & Canada),research,1,0,False,False,https://static.inaturalist.org/photos/353472825/medium.jpg,https://static.inaturalist.org/sounds/901328.wav?1708316654,,life-list
367475,Rallus obsoletus,Ridgway's Rail,Aves,Ridgway's Rail,33.0102833333,-117.2768783333,4.0,"San Elijo Lagoon Ecological Reserve, Encinitas, CA, US",2024-02-23,2024-02-23 16:44:38 UTC,Pacific Time (US & Canada),research,2,0,False,False,https://inaturalist-open-data.s3.amazonaws.com/photos/353271654/medium.jpg,,,
367475,Rallus obsoletus,Ridgway's Rail,Aves,Ridgway's Rail,33.0102833333,-117.2768783333,4.0,"San Elijo Lagoon Ecological Reserve, Encinitas, CA, US",2024-02-23,2024-02-23 16:44:38 UTC,Pacific Time (US & Canada),research,2,0,False,False,https://inaturalist-open-data.s3.amazonaws.com/photos/353567103/medium.jpg,,,
367475,Rallus obsoletus,Ridgway's Rail,Aves,Ridgway's Rail,32.5729331478,-117.1255883295,5.0,"Imperial Beach, CA, USA",2024-02-25,2024-02-25 17:24:00 UTC,Pacific Time (US & Canada),research,2,0,False,False,https://inaturalist-open-data.s3.amazonaws.com/photos/353694378/medium.jpg,,,
367475,Rallus obsoletus,Ridgway's Rail,Aves,Ridgway's Rail,33.0111151946,-117.2765926272,86.0,"Cardiff, Encinitas, CA 92007, USA",2023-10-11,2023-10-11 15:18:00 UTC,Pacific Time (US & Canada),research,3,0,False,False,https://static.inaturalist.org/photos/353710981/medium.jpg,,,
367475,Rallus obsoletus,Ridgway's Rail,Aves,Ridgway's Rail,33.012012065,-117.2750419342,430.0,"San Elijo Lagoon, Encinitas, CA, US",2024-02-25,2024-02-26 00:10:48 UTC,Pacific Time (US & Canada),research,3,0,False,False,https://inaturalist-open-data.s3.amazonaws.com/photos/353714286/medium.jpg,,,
367475,Rallus obsoletus,Ridgway's Rail,Aves,Ridgway's Rail,32.5649275803,-117.1312909056,73.0,"Imperial Beach, CA, USA",2024-02-26,2024-02-26 23:09:00 UTC,Pacific Time (US & Canada),research,3,0,False,False,https://inaturalist-open-data.s3.amazonaws.com/photos/354004042/medium.jpg,,,
367475,Rallus obsoletus,Ridgway's Rail,Aves,Ridgway's Rail,32.5723131229,-117.1256549805,,"Imperial Beach, CA, USA",2024-02-24,2024-02-25 06:52:00 UTC,Pacific Time (US & Canada),research,2,0,False,False,https://inaturalist-open-data.s3.amazonaws.com/photos/354095936/medium.jpeg,,,
367475,Rallus obsoletus,Ridgway's Rail,Aves,Ridgway's Rail,32.5723136468,-117.1256529689,,"Imperial Beach, CA, USA",2024-02-24,2024-02-25 06:52:00 UTC,Pacific Time (US & Canada),research,3,0,False,False,https://inaturalist-open-data.s3.amazonaws.com/photos/354096352/medium.jpeg,,,
367475,Rallus obsoletus,Ridgway's Rail,Aves,Ridgway's Rail,32.5901124327,-117.1134624107,2.0,"Egger Highlands, San Diego, CA, USA",2024-02-27,2024-02-27 19:58:00 UTC,Pacific Time (US & Canada),research,2,0,False,False,https://inaturalist-open-data.s3.amazonaws.com/photos/354333385/medium.jpeg,,,
367475,Rallus obsoletus,Ridgway's Rail,Aves,Ridgway's Rail,32.5747887,-117.1262946,230.0,"Tijuana Slough National Wildlife Refuge, 301 Caspian Wy, Imperial Beach, CA 91932, USA",2019-10-27,2019-10-27 20:31:00 UTC,Pacific Time (US & Canada),research,2,0,False,False,https://inaturalist-open-data.s3.amazonaws.com/photos/354461352/medium.jpeg,,,
367475,Rallus obsoletus,Ridgway's Rail,Aves,Ridgway's Rail,32.5747887,-117.1262946,230.0,"Tijuana Slough National Wildlife Refuge, 301 Caspian Wy, Imperial Beach, CA 91932, USA",2019-03-04,2019-03-04 21:26:00 UTC,Pacific Time (US & Canada),research,2,0,False,False,https://inaturalist-open-data.s3.amazonaws.com/photos/354461602/medium.jpeg,,,
367475,Rallus obsoletus,Ridgway's Rail,Aves,Ridgway's Rail,32.5747887,-117.1262946,230.0,"Tijuana Slough National Wildlife Refuge, 301 Caspian Wy, Imperial Beach, CA 91932, USA",2019-03-04,2019-03-04 21:22:00 UTC,Pacific Time (US & Canada),research,2,0,False,False,https://inaturalist-open-data.s3.amazonaws.com/photos/354461593/medium.jpeg,,,
367475,Rallus obsoletus,Ridgway's Rail,Aves,Ridgway's Rail,33.0100215024,-117.2771436248,671.0,"San Elijo Lagoon, Encinitas, CA, US",2024-02-29,2024-03-01 07:27:06 UTC,Pacific Time (US & Canada),research,2,0,False,False,https://inaturalist-open-data.s3.amazonaws.com/photos/354571546/medium.jpg,,,
367475,Rallus obsoletus,Ridgway's Rail,Aves,Ridgway's Rail,32.5758136735,-117.1280718595,148.0,"Imperial Beach, CA, USA",2022-05-01,2022-05-01 21:09:08 UTC,Pacific Time (US & Canada),research,1,0,False,False,https://static.inaturalist.org/photos/354923335/medium.jpeg,,,
367475,Rallus obsoletus,Ridgway's Rail,Aves,Ridgway's Rail,32.5719716667,-117.1258166667,4.0,"Tijuana Slough National Wildlife Refuge, Imperial Beach, CA, US",2024-02-11,2024-02-11 23:50:58 UTC,Pacific Time (US & Canada),research,2,0,False,False,https://static.inaturalist.org/photos/355067104/medium.jpg,,,
367475,Rallus obsoletus,Ridgway's Rail,Aves,Ridgway's Rail,33.0120029927,-117.2743104031,9.0,"Montgomery Ave, Encinitas, CA, US",2024-03-03,2024-03-04 00:20:29 UTC,Pacific Time (US & Canada),research,2,0,False,False,https://inaturalist-open-data.s3.amazonaws.com/photos/355124906/medium.jpg,,,
367475,Rallus obsoletus,Ridgway's Rail,Aves,Ridgway's Rail,32.5701323721,-117.1261520684,230.0,"Imperial Beach, CA, USA",2024-03-03,2024-03-03 23:51:04 UTC,Pacific Time (US & Canada),research,2,0,False,False,https://static.inaturalist.org/photos/355144176/medium.jpeg,,,
367475,Rallus obsoletus,Ridgway's Rail,Aves,Ridgway's Rail,33.0064840431,-117.2732524571,49.0,"San Elijo Lagoon, Encinitas, CA, US",2024-03-05,2024-03-05 18:54:40 UTC,Pacific Time (US & Canada),research,1,0,False,False,https://static.inaturalist.org/photos/355602649/medium.jpg,,,
367475,Rallus obsoletus,Ridgway's Rail,Aves,Ridgway's Rail,33.0063596136,-117.2733555255,31.0,"San Elijo Lagoon, Encinitas, CA, US",2024-03-05,2024-03-05 18:56:56 UTC,Pacific Time (US & Canada),research,1,0,False,False,https://static.inaturalist.org/photos/355603592/medium.jpg,,,
367475,Rallus obsoletus,Ridgway's Rail,Aves,Ridgway's Rail,32.5720633,-117.1257812,,"Imperial Beach, CA, USA",2024-03-07,2024-03-07 16:31:22 UTC,Pacific Time (US & Canada),research,3,0,False,False,https://inaturalist-open-data.s3.amazonaws.com/photos/355873144/medium.jpeg,,,
367475,Rallus obsoletus,Ridgway's Rail,Aves,Ridgway's Rail,33.0106518259,-117.2765851023,104.0,"Cardiff, Encinitas, CA 92007, USA",2024-02-23,2024-02-23 17:09:00 UTC,Pacific Time (US & Canada),research,2,0,False,False,https://inaturalist-open-data.s3.amazonaws.com/photos/355980667/medium.jpeg,,The lagoon was flooded as storms pushed sediments to block the inlet/outlet to the ocean. So the rails were much closer to the trail that usual and the sora was swimming in an area that is usually dry land. ,
367475,Rallus obsoletus,Ridgway's Rail,Aves,Ridgway's Rail,33.0106518259,-117.2765851023,104.0,"Cardiff, Encinitas, CA 92007, USA",2024-02-23,2024-02-23 17:11:00 UTC,Pacific Time (US & Canada),research,3,0,False,False,https://inaturalist-open-data.s3.amazonaws.com/photos/355980672/medium.jpeg,,The lagoon was flooded as storms pushed sediments to block the inlet/outlet to the ocean. So the rails were much closer to the trail that usual and the sora was swimming in an area that is usually dry land. ,
367475,Rallus obsoletus,Ridgway's Rail,Aves,Ridgway's Rail,32.5720022196,-117.1257794705,4.0,"Tijuana Slough National Wildlife Refuge, Imperial Beach, CA, US",2024-03-09,2024-03-09 15:50:25 UTC,Pacific Time (US & Canada),research,3,0,False,False,https://static.inaturalist.org/photos/356282655/medium.jpg,,,
367475,Rallus obsoletus,Ridgway's Rail,Aves,Ridgway's Rail,32.5716487073,-117.126047648,5.0,"Imperial Beach, CA, USA",2024-03-09,2024-03-09 17:01:00 UTC,Pacific Time (US & Canada),research,2,0,False,False,https://static.inaturalist.org/photos/356345272/medium.jpeg,,,
367475,Rallus obsoletus,Ridgway's Rail,Aves,Ridgway's Rail,32.5712515258,-117.126143407,4.0,"Imperial Beach, CA, USA",2024-03-09,2024-03-09 17:01:00 UTC,Pacific Time (US & Canada),research,2,0,False,False,https://static.inaturalist.org/photos/356345434/medium.jpeg,,,
367475,Rallus obsoletus,Ridgway's Rail,Aves,Ridgway's Rail,32.5733593897,-117.1255948972,2.0,"Imperial Beach, CA, USA",2024-03-09,2024-03-09 17:55:00 UTC,Pacific Time (US & Canada),research,1,0,False,False,https://static.inaturalist.org/photos/356349348/medium.jpeg,,,
367475,Rallus obsoletus,Ridgway's Rail,Aves,Ridgway's Rail,32.571023321,-117.1285154669,61.0,"Imperial Beach, CA, USA",2024-03-09,2024-03-09 10:15:00 UTC,Pacific Time (US & Canada),research,1,0,False,False,https://inaturalist-open-data.s3.amazonaws.com/photos/356386949/medium.jpeg,,,
367475,Rallus obsoletus,Ridgway's Rail,Aves,Ridgway's Rail,32.5736444707,-117.1280243289,244.0,"Imperial Beach, CA, USA",2024-03-09,2024-03-09 10:15:00 UTC,Pacific Time (US & Canada),research,1,0,False,False,https://static.inaturalist.org/photos/356386515/medium.jpeg,,,
367475,Rallus obsoletus,Ridgway's Rail,Aves,Ridgway's Rail,33.0101472167,-117.2768633333,3.0,"San Elijo Lagoon, Encinitas, CA, US",2024-03-06,2024-03-06 20:35:18 UTC,Pacific Time (US & Canada),research,2,0,False,False,https://inaturalist-open-data.s3.amazonaws.com/photos/357749860/medium.jpg,,,
367475,Rallus obsoletus,Ridgway's Rail,Aves,Ridgway's Rail,33.0676148955,-117.3983961386,9.0,"San Diego County, US-CA, US",2024-03-07,2024-03-07 22:01:00 UTC,Pacific Time (US & Canada),research,3,0,False,True,https://static.inaturalist.org/photos/358641529/medium.jpg,,,
367475,Rallus obsoletus,Ridgway's Rail,Aves,Ridgway's Rail,32.6389283333,-117.1096721667,4.0,"Sweetwater Marsh National Wildlife Refuge, Chula Vista, CA, US",2024-03-22,2024-03-22 15:16:33 UTC,Pacific Time (US & Canada),research,3,0,False,False,https://inaturalist-open-data.s3.amazonaws.com/photos/359524031/medium.jpg,,,
367475,Rallus obsoletus,Ridgway's Rail,Aves,Ridgway's Rail,32.5734334128,-117.1255450849,23.0,"Oneonta Slough, Imperial Beach, CA, US",2024-02-28,2024-02-28 19:57:00 UTC,Pacific Time (US & Canada),research,2,0,False,False,https://inaturalist-open-data.s3.amazonaws.com/photos/359540330/medium.jpg,,,
367475,Rallus obsoletus,Ridgway's Rail,Aves,Ridgway's Rail,33.013324,-117.274209,111.0,"San Elijo Lagoon, Solana Beach, CA, US",2024-03-16,,Pacific Time (US & Canada),research,3,0,False,False,https://inaturalist-open-data.s3.amazonaws.com/photos/360688947/medium.jpg,,,
367475,Rallus obsoletus,Ridgway's Rail,Aves,Ridgway's Rail,32.5727416667,-117.1252361111,,"Imperial Beach, CA, USA",2024-03-29,2024-03-29 20:28:00 UTC,Pacific Time (US & Canada),research,1,0,False,False,https://inaturalist-open-data.s3.amazonaws.com/photos/361449200/medium.jpeg,,,
367475,Rallus obsoletus,Ridgway's Rail,Aves,Ridgway's Rail,32.5594722222,-117.1278388889,,"Imperial Beach, CA, USA",2024-04-02,2024-04-02 23:44:00 UTC,Pacific Time (US & Canada),research,3,0,False,False,https://inaturalist-open-data.s3.amazonaws.com/photos/362781385/medium.jpeg,,,
367475,Rallus obsoletus,Ridgway's Rail,Aves,Ridgway's Rail,32.5734190662,-117.1256446753,23.0,"Tijuana Slough National Wildlife Refuge, Imperial Beach, CA, US",2024-04-06,2024-04-06 16:34:18 UTC,Pacific Time (US & Canada),research,3,0,False,False,https://static.inaturalist.org/photos/363887087/medium.jpg,,,
367475,Rallus obsoletus,Ridgway's Rail,Aves,Ridgway's Rail,33.0095716322,-117.2765820846,57.0,"Highway 101 & Cardiff State Beach, Encinitas, CA 92075, USA",2024-04-08,2024-04-08 18:23:42 UTC,Pacific Time (US & Canada),research,3,0,False,False,https://static.inaturalist.org/photos/364553020/medium.jpeg,,,
367475,Rallus obsoletus,Ridgway's Rail,Aves,Ridgway's Rail,32.5703222222,-117.1264527778,,"Imperial Beach, CA, USA",2024-04-12,2024-04-12 21:00:00 UTC,Pacific Time (US & Canada),research,2,0,False,False,https://inaturalist-open-data.s3.amazonaws.com/photos/365832925/medium.jpeg,,,
367475,Rallus obsoletus,Ridgway's Rail,Aves,Ridgway's Rail,32.5729383333,-117.1255028333,4.0,"Tijuana Slough National Wildlife Refuge, Imperial Beach, CA, US",2024-04-13,2024-04-13 23:13:44 UTC,Pacific Time (US & Canada),research,2,0,False,False,https://static.inaturalist.org/photos/366267179/medium.jpg,,,
367475,Rallus obsoletus,Ridgway's Rail,Aves,Ridgway's Rail,32.5733383333,-117.1315305,,"Tijuana Slough National Wildlife Refuge, Imperial Beach, CA, US",2024-04-14,2024-04-14 19:33:21 UTC,Pacific Time (US & Canada),research,1,0,False,False,https://static.inaturalist.org/photos/366641660/medium.jpg,,,
367475,Rallus obsoletus,Ridgway's Rail,Aves,Ridgway's Rail,33.0123247926,-117.2743976616,31.0,"Cardiff, Encinitas, CA 92007, USA",2024-04-10,2024-04-10 19:47:00 UTC,Pacific Time (US & Canada),research,5,0,False,False,https://inaturalist-open-data.s3.amazonaws.com/photos/366842715/medium.jpg,,,
367475,Rallus obsoletus,Ridgway's Rail,Aves,Ridgway's Rail,32.5708555556,-117.1262888889,5.0,"Imperial Beach, CA, USA",2022-11-27,2022-11-27 22:57:00 UTC,Pacific Time (US & Canada),research,1,0,False,False,https://inaturalist-open-data.s3.amazonaws.com/photos/366935807/medium.jpeg,,,
179819,Rallus obsoletus levipes,Light-footed Rail,Aves,Light-footed Rail,32.5730967211,-117.1253932405,25.0,"Tijuana Slough National Wildlife Refuge, Imperial Beach, CA, US",2024-04-12,2024-04-12 19:10:00 UTC,Pacific Time (US & Canada),research,1,0,False,False,https://static.inaturalist.org/photos/368215631/medium.jpg,,,
367475,Rallus obsoletus,Ridgway's Rail,Aves,Ridgway's Rail,32.5747887,-117.1262946,230.0,"Tijuana Slough National Wildlife Refuge, 301 Caspian Wy, Imperial Beach, CA 91932, USA",2024-04-14,2024-04-14 07:13:00 UTC,Pacific Time (US & Canada),research,2,0,False,False,https://inaturalist-open-data.s3.amazonaws.com/photos/368627445/medium.jpeg,,,
367475,Rallus obsoletus,Ridgway's Rail,Aves,Ridgway's Rail,32.5747887,-117.1262946,230.0,"Tijuana Slough National Wildlife Refuge, 301 Caspian Wy, Imperial Beach, CA 91932, USA",2024-04-14,2024-04-14 07:34:00 UTC,Pacific Time (US & Canada),research,2,0,False,False,https://inaturalist-open-data.s3.amazonaws.com/photos/368627518/medium.jpeg,,,
367475,Rallus obsoletus,Ridgway's Rail,Aves,Ridgway's Rail,33.0093027833,-117.276705,,"San Elijo Lagoon Ecological Reserve, Encinitas, CA, US",2024-04-21,2024-04-21 17:58:41 UTC,Pacific Time (US & Canada),research,1,0,False,False,https://static.inaturalist.org/photos/369140468/medium.jpg,,,
367475,Rallus obsoletus,Ridgway's Rail,Aves,Ridgway's Rail,33.013225,-117.27565,,"San Elijo Lagoon, Encinitas, CA, US",2024-04-21,2024-04-21 17:47:37 UTC,Pacific Time (US & Canada),research,2,0,False,False,https://static.inaturalist.org/photos/369140717/medium.jpg,,,
367475,Rallus obsoletus,Ridgway's Rail,Aves,Ridgway's Rail,33.0055806881,-117.2737030988,153.0,"San Elijo Lagoon, Encinitas, CA, US",2024-04-21,2024-04-21 15:35:56 UTC,Pacific Time (US & Canada),research,2,0,False,False,https://static.inaturalist.org/photos/369316804/medium.jpg,,,
367475,Rallus obsoletus,Ridgway's Rail,Aves,Ridgway's Rail,33.00785,-117.2762966667,4.0,"San Elijo Lagoon, Encinitas, CA, US",2024-04-23,2024-04-23 18:15:39 UTC,Pacific Time (US & Canada),research,1,0,False,False,https://inaturalist-open-data.s3.amazonaws.com/photos/369762406/medium.jpg,,,
367475,Rallus obsoletus,Ridgway's Rail,Aves,Ridgway's Rail,33.003605,-117.272348,,"Solana Beach, California, United States",2021-06-14,2021-06-14 19:30:27 UTC,Pacific Time (US & Canada),research,1,0,False,False,https://inaturalist-open-data.s3.amazonaws.com/photos/370019761/medium.jpg,,Ridgway's Rail (juvenile),IMG_4793
367475,Rallus obsoletus,Ridgway's Rail,Aves,Ridgway's Rail,32.6397144941,-117.1110951144,37.0,"Sweetwater Marsh National Wildlife Refuge, Chula Vista, CA, US",2024-04-26,2024-04-26 14:30:29 UTC,Pacific Time (US & Canada),research,3,0,False,False,https://inaturalist-open-data.s3.amazonaws.com/photos/370844302/medium.jpg,,,
367475,Rallus obsoletus,Ridgway's Rail,Aves,Ridgway's Rail,32.5747010244,-117.1271739511,115.0,"Tijuana Slough National Wildlife Refuge, Imperial Beach, CA, US",2024-04-26,2024-04-26 16:36:31 UTC,Pacific Time (US & Canada),research,2,0,False,False,https://inaturalist-open-data.s3.amazonaws.com/photos/370955992/medium.jpg,,,
367475,Rallus obsoletus,Ridgway's Rail,Aves,Ridgway's Rail,32.6407933545,-117.109987411,572.0,Sweetwater Marsh Unit,2024-04-26,2024-04-26 20:39:00 UTC,Pacific Time (US & Canada),research,2,0,False,False,https://inaturalist-open-data.s3.amazonaws.com/photos/371186214/medium.jpeg,,,
179819,Rallus obsoletus levipes,Light-footed Rail,Aves,Light-footed Rail,32.5726223696,-117.1253862693,4.0,"Tijuana Slough National Wildlife Refuge, Imperial Beach, CA, US",2024-04-27,2024-04-27 16:59:18 UTC,Pacific Time (US & Canada),research,2,0,False,False,https://static.inaturalist.org/photos/371940659/medium.jpg,https://static.inaturalist.org/sounds/991356.m4a?1714237303,,
367475,Rallus obsoletus,Ridgway's Rail,Aves,Ridgway's Rail,32.5726318735,-117.1253608144,4.0,"Tijuana Slough National Wildlife Refuge, Imperial Beach, CA, US",2024-04-27,2024-04-27 17:02:49 UTC,Pacific Time (US & Canada),research,2,0,False,False,https://static.inaturalist.org/photos/371953480/medium.jpg,,,
179819,Rallus obsoletus levipes,Light-footed Rail,Aves,Light-footed Rail,32.57028,-117.1264333333,4.0,"Tijuana Slough National Wildlife Refuge, Imperial Beach, CA, US",2024-04-27,2024-04-27 17:28:40 UTC,Pacific Time (US & Canada),research,1,0,False,False,https://static.inaturalist.org/photos/371969886/medium.jpg,,,
367475,Rallus obsoletus,Ridgway's Rail,Aves,Ridgway's Rail,32.5716655833,-117.1266956119,910.0,"Imperial Beach, CA, USA",2024-04-27,2024-04-27 17:55:00 UTC,Pacific Time (US & Canada),research,2,0,False,False,https://inaturalist-open-data.s3.amazonaws.com/photos/372318426/medium.jpeg,,,
367475,Rallus obsoletus,Ridgway's Rail,Aves,Ridgway's Rail,32.5725795997,-117.1253839997,,"Imperial Beach, CA, USA",2024-04-27,2024-04-27 16:58:56 UTC,Pacific Time (US & Canada),research,2,0,False,False,https://static.inaturalist.org/photos/372375464/medium.jpeg,,,
179819,Rallus obsoletus levipes,Light-footed Rail,Aves,Light-footed Rail,32.5716005243,-117.1250867996,256.0,"Tijuana Slough National Wildlife Refuge, Imperial Beach, CA, US",2024-04-27,2024-04-27 17:38:29 UTC,Pacific Time (US & Canada),research,1,0,False,False,https://static.inaturalist.org/photos/372468928/medium.jpg,,,
367475,Rallus obsoletus,Ridgway's Rail,Aves,Ridgway's Rail,32.5702587058,-117.1260628444,94.0,"Tijuana Slough National Wildlife Refuge, Imperial Beach, CA, US",2024-04-27,2024-04-27 18:11:26 UTC,Pacific Time (US & Canada),research,3,0,False,False,https://static.inaturalist.org/photos/372488776/medium.jpg,,,
367475,Rallus obsoletus,Ridgway's Rail,Aves,Ridgway's Rail,32.573975,-117.1270885244,230.0,"Imperial Beach, CA, USA",2024-04-26,2024-04-26 17:27:00 UTC,Pacific Time (US & Canada),research,1,0,False,False,https://static.inaturalist.org/photos/372517139/medium.jpeg,,,
367475,Rallus obsoletus,Ridgway's Rail,Aves,Ridgway's Rail,32.8509746443,-117.2736070052,8.0,"La Jolla, San Diego, CA, USA",2008-10-10,2008-10-11 04:53:00 UTC,Pacific Time (US & Canada),research,2,0,False,False,https://static.inaturalist.org/photos/373515269/medium.jpeg,,,
367475,Rallus obsoletus,Ridgway's Rail,Aves,Ridgway's Rail,33.0107549139,-117.2764209737,5.0,"San Elijo Lagoon, Encinitas, CA, US",2024-04-29,2024-04-29 19:50:33 UTC,Pacific Time (US & Canada),research,2,0,False,False,,https://static.inaturalist.org/sounds/1004402.m4a?1714420245,,
367475,Rallus obsoletus,Ridgway's Rail,Aves,Ridgway's Rail,33.0109345859,-117.2763162645,6.0,"San Elijo Lagoon Ecological Reserve, Encinitas, CA, US",2024-04-29,2024-04-29 19:50:17 UTC,Pacific Time (US & Canada),research,2,0,False,False,,https://static.inaturalist.org/sounds/1004917.m4a?1714426996,"Bird, rhythmic clacking",
367475,Rallus obsoletus,Ridgway's Rail,Aves,Ridgway's Rail,32.5733982186,-117.1255229448,4.0,"Tijuana Slough National Wildlife Refuge, Imperial Beach, CA, US",2024-04-30,2024-04-30 15:32:05 UTC,Pacific Time (US & Canada),research,2,0,False,False,,https://static.inaturalist.org/sounds/1008026.m4a?1714491133,,
367475,Rallus obsoletus,Ridgway's Rail,Aves,Ridgway's Rail,32.5595416667,-117.127975,,"Imperial Beach, CA, USA",2024-05-02,2024-05-02 21:45:00 UTC,Pacific Time (US & Canada),research,2,0,False,False,https://inaturalist-open-data.s3.amazonaws.com/photos/376537003/medium.jpeg,,,
367475,Rallus obsoletus,Ridgway's Rail,Aves,Ridgway's Rail,33.1695583333,-117.3557883333,4.0,"S Coast Hwy, Oceanside, CA, US",2024-05-03,2024-05-03 21:17:16 UTC,Pacific Time (US & Canada),research,1,0,False,False,https://inaturalist-open-data.s3.amazonaws.com/photos/376993732/medium.jpg,,,
179819,Rallus obsoletus levipes,Light-footed Rail,Aves,Light-footed Rail,32.592025,-117.1212083333,4.0,"Silver Strand Bike Path, Coronado, CA, US",2024-05-05,2024-05-05 16:54:52 UTC,Pacific Time (US & Canada),research,2,0,False,False,https://inaturalist-open-data.s3.amazonaws.com/photos/377746718/medium.jpg,,Permitted salvage to SDNHM,
179819,Rallus obsoletus levipes,Light-footed Rail,Aves,Light-footed Rail,32.5731402384,-117.1291111853,451.0,"Imperial Beach, CA, USA",2024-05-05,2024-05-05 17:33:00 UTC,Pacific Time (US & Canada),research,2,0,False,False,https://inaturalist-open-data.s3.amazonaws.com/photos/377948851/medium.jpg,,,
367475,Rallus obsoletus,Ridgway's Rail,Aves,Ridgway's Rail,32.574803339,-117.1263022721,230.0,"Imperial Beach, CA, USA",2024-05-04,2024-05-04 19:52:23 UTC,Pacific Time (US & Canada),research,1,0,False,False,https://inaturalist-open-data.s3.amazonaws.com/photos/377961877/medium.jpeg,,,
367475,Rallus obsoletus,Ridgway's Rail,Aves,Ridgway's Rail,32.5726666667,-117.1253305556,,"Imperial Beach, CA, USA",2024-05-05,2024-05-05 23:07:00 UTC,Pacific Time (US & Canada),research,4,0,False,False,https://inaturalist-open-data.s3.amazonaws.com/photos/377973995/medium.jpeg,,,
367475,Rallus obsoletus,Ridgway's Rail,Aves,Ridgway's Rail,32.5725805556,-117.1253055556,,"Imperial Beach, CA, USA",2024-05-05,2024-05-05 23:08:44 UTC,Pacific Time (US & Canada),research,2,0,False,False,https://inaturalist-open-data.s3.amazonaws.com/photos/378477046/medium.jpeg,,,
367475,Rallus obsoletus,Ridgway's Rail,Aves,Ridgway's Rail,32.5743811885,-117.1272878746,32.0,"Tijuana Slough National Wildlife Refuge, Imperial Beach, CA, US",2024-05-08,2024-05-08 15:57:59 UTC,Pacific Time (US & Canada),research,2,0,False,False,https://inaturalist-open-data.s3.amazonaws.com/photos/379070263/medium.jpg,,,
367475,Rallus obsoletus,Ridgway's Rail,Aves,Ridgway's Rail,33.0106341241,-117.2725270709,568.0,"Cardiff, Encinitas, CA 92007, USA",2024-03-02,2024-03-02 23:03:00 UTC,Pacific Time (US & Canada),research,2,0,False,False,https://inaturalist-open-data.s3.amazonaws.com/photos/379094258/medium.jpeg,,,
367475,Rallus obsoletus,Ridgway's Rail,Aves,Ridgway's Rail,33.0123812156,-117.2751046544,122.0,"San Elijo Lagoon Nature Center Trail, San Diego, CA",2024-05-09,2024-05-09 19:05:00 UTC,Pacific Time (US & Canada),research,3,0,False,False,https://inaturalist-open-data.s3.amazonaws.com/photos/379440890/medium.jpeg,,,
367475,Rallus obsoletus,Ridgway's Rail,Aves,Ridgway's Rail,32.5729344,-117.125504,,"Imperial Beach, CA, USA",2024-05-12,2024-05-12 20:50:46 UTC,Pacific Time (US & Canada),research,3,0,False,False,https://inaturalist-open-data.s3.amazonaws.com/photos/380726847/medium.jpeg,,,
367475,Rallus obsoletus,Ridgway's Rail,Aves,Ridgway's Rail,32.5726379408,-117.1253924166,3.0,"Tijuana Slough National Wildlife Refuge, Imperial Beach, CA, US",2024-05-14,2024-05-14 16:52:59 UTC,Pacific Time (US & Canada),research,2,0,False,False,https://inaturalist-open-data.s3.amazonaws.com/photos/381457732/medium.jpg,,,
367475,Rallus obsoletus,Ridgway's Rail,Aves,Ridgway's Rail,32.5726455269,-117.1254190914,7.0,"Tijuana Slough National Wildlife Refuge, Imperial Beach, CA, US",2024-05-14,2024-05-14 16:52:59 UTC,Pacific Time (US & Canada),research,2,0,False,False,https://inaturalist-open-data.s3.amazonaws.com/photos/381457878/medium.jpg,,,
367475,Rallus obsoletus,Ridgway's Rail,Aves,Ridgway's Rail,32.5734506682,-117.1244205502,170.0,"Tijuana Slough National Wildlife Refuge, Imperial Beach, CA, US",2024-05-14,2024-05-14 16:36:50 UTC,Pacific Time (US & Canada),research,2,0,False,False,https://inaturalist-open-data.s3.amazonaws.com/photos/381589507/medium.jpg,,,
367475,Rallus obsoletus,Ridgway's Rail,Aves,Ridgway's Rail,32.572625,-117.1253805,4.0,"Tijuana Slough National Wildlife Refuge, Imperial Beach, CA, US",2024-05-14,2024-05-14 16:52:59 UTC,Pacific Time (US & Canada),research,2,0,False,False,https://inaturalist-open-data.s3.amazonaws.com/photos/381463841/medium.jpg,,,
367475,Rallus obsoletus,Ridgway's Rail,Aves,Ridgway's Rail,32.5738833333,-117.1243138333,3.0,"Tijuana Slough National Wildlife Refuge, Imperial Beach, CA, US",2024-05-16,2024-05-16 19:49:28 UTC,Pacific Time (US & Canada),research,2,0,False,False,https://inaturalist-open-data.s3.amazonaws.com/photos/382643577/medium.jpg,,,
367475,Rallus obsoletus,Ridgway's Rail,Aves,Ridgway's Rail,32.5725783333,-117.12535,4.0,"Tijuana Slough National Wildlife Refuge, Imperial Beach, CA, US",2024-05-18,2024-05-18 18:34:26 UTC,Pacific Time (US & Canada),research,2,0,False,False,https://inaturalist-open-data.s3.amazonaws.com/photos/383074784/medium.jpg,,,
367475,Rallus obsoletus,Ridgway's Rail,Aves,Ridgway's Rail,32.57027,-117.12645,4.0,"Tijuana Slough National Wildlife Refuge, Imperial Beach, CA, US",2024-05-18,2024-05-18 18:13:30 UTC,Pacific Time (US & Canada),research,1,0,False,False,https://inaturalist-open-data.s3.amazonaws.com/photos/383297460/medium.jpg,,"Rail with crab + 4 juveniles 
",
367475,Rallus obsoletus,Ridgway's Rail,Aves,Ridgway's Rail,33.0117448065,-117.2758385769,174.0,"San Elijo Lagoon, Encinitas, CA, US",2024-05-17,2024-05-17 16:16:31 UTC,Pacific Time (US & Canada),research,2,0,False,False,https://inaturalist-open-data.s3.amazonaws.com/photos/383239281/medium.jpg,,,
367475,Rallus obsoletus,Ridgway's Rail,Aves,Ridgway's Rail,33.0111860899,-117.2765691969,23.0,"San Elijo Lagoon, Encinitas, CA, US",2024-05-19,2024-05-19 16:52:37 UTC,Pacific Time (US & Canada),research,3,0,False,False,https://static.inaturalist.org/photos/383744449/medium.jpg,,Parent with chicks,
367475,Rallus obsoletus,Ridgway's Rail,Aves,Ridgway's Rail,33.0109767311,-117.2766247001,128.0,"San Elijo Lagoon, Encinitas, CA, US",2024-05-18,2024-05-18 22:33:35 UTC,Pacific Time (US & Canada),research,2,0,False,False,https://inaturalist-open-data.s3.amazonaws.com/photos/383829459/medium.jpg,,,
367475,Rallus obsoletus,Ridgway's Rail,Aves,Ridgway's Rail,32.570300079,-117.1261944919,22.0,"Tijuana Slough National Wildlife Refuge, Imperial Beach, CA, US",2024-05-20,2024-05-21 00:23:42 UTC,Pacific Time (US & Canada),research,3,0,False,False,https://inaturalist-open-data.s3.amazonaws.com/photos/384230317/medium.jpg,,,
367475,Rallus obsoletus,Ridgway's Rail,Aves,Ridgway's Rail,32.5703091747,-117.1262091904,30.0,"Tijuana Slough National Wildlife Refuge, Imperial Beach, CA, US",2024-05-20,2024-05-21 00:23:30 UTC,Pacific Time (US & Canada),research,3,0,False,False,https://inaturalist-open-data.s3.amazonaws.com/photos/384230707/medium.jpg,,,
179819,Rallus obsoletus levipes,Light-footed Rail,Aves,Light-footed Rail,33.1398954003,-117.2329090112,4.0,"San Diego County, US-CA, US",2024-05-19,2024-05-20 00:27:00 UTC,Pacific Time (US & Canada),research,2,0,False,True,https://inaturalist-open-data.s3.amazonaws.com/photos/384792421/medium.jpg,,Four babies seen with this adult,
179819,Rallus obsoletus levipes,Light-footed Rail,Aves,Light-footed Rail,33.0103155514,-117.2767038074,4.0,"Cardiff, Encinitas, CA 92007, USA",2024-05-19,2024-05-20 00:32:00 UTC,Pacific Time (US & Canada),research,2,0,False,False,https://inaturalist-open-data.s3.amazonaws.com/photos/384792451/medium.jpg,,,
367475,Rallus obsoletus,Ridgway's Rail,Aves,Ridgway's Rail,32.5727138889,-117.1253888889,,"Imperial Beach, CA, USA",2024-05-20,2024-05-20 19:36:19 UTC,Pacific Time (US & Canada),research,2,0,False,False,https://inaturalist-open-data.s3.amazonaws.com/photos/385390758/medium.jpeg,,,
367475,Rallus obsoletus,Ridgway's Rail,Aves,Ridgway's Rail,32.5725890888,-117.1253478402,9.0,"Tijuana Slough National Wildlife Refuge, Imperial Beach, CA, US",2024-05-24,2024-05-24 17:06:47 UTC,Pacific Time (US & Canada),research,2,0,False,False,https://static.inaturalist.org/photos/385589653/medium.jpg,,,
367475,Rallus obsoletus,Ridgway's Rail,Aves,Ridgway's Rail,32.5728171895,-117.1254156632,2.0,"Imperial Beach, CA, USA",2024-05-24,2024-05-24 17:18:00 UTC,Pacific Time (US & Canada),research,2,0,False,False,https://static.inaturalist.org/photos/386152116/medium.jpeg,,,
367475,Rallus obsoletus,Ridgway's Rail,Aves,Ridgway's Rail,32.572555645,-117.1254891875,2.0,"Imperial Beach, CA, USA",2024-05-24,2024-05-24 16:57:00 UTC,Pacific Time (US & Canada),research,2,0,False,False,https://static.inaturalist.org/photos/386154041/medium.jpeg,,,
367475,Rallus obsoletus,Ridgway's Rail,Aves,Ridgway's Rail,32.5725132798,-117.1254980172,2.0,"Imperial Beach, CA, USA",2024-05-24,2024-05-24 16:57:00 UTC,Pacific Time (US & Canada),research,2,0,False,False,https://static.inaturalist.org/photos/386154301/medium.jpeg,,,
367475,Rallus obsoletus,Ridgway's Rail,Aves,Ridgway's Rail,32.57462,-117.1272195,4.0,"Tijuana Slough National Wildlife Refuge, Imperial Beach, CA, US",2024-05-25,2024-05-25 18:31:45 UTC,Pacific Time (US & Canada),research,2,0,False,False,https://inaturalist-open-data.s3.amazonaws.com/photos/386250962/medium.jpg,,,
367475,Rallus obsoletus,Ridgway's Rail,Aves,Ridgway's Rail,32.5654621453,-117.1248254337,653.0,"Tijuana Slough Wildlife Refuge, Imperial Beach, CA, USA",2024-05-20,2024-05-20 18:57:00 UTC,Pacific Time (US & Canada),research,2,0,False,False,https://inaturalist-open-data.s3.amazonaws.com/photos/386981654/medium.jpg,,Was too slow to get a photo before it disappeared into the marshy growth but there was a single young fluffy-black youngster with this one.,
367475,Rallus obsoletus,Ridgway's Rail,Aves,Ridgway's Rail,32.57259941,-117.12535782,4.0,"Imperial Beach, CA, USA",2024-05-28,2024-05-28 15:11:48 UTC,Pacific Time (US & Canada),research,2,0,False,False,https://inaturalist-open-data.s3.amazonaws.com/photos/387412652/medium.jpeg,,,
367475,Rallus obsoletus,Ridgway's Rail,Aves,Ridgway's Rail,32.5725957,-117.1253575,,"Imperial Beach, CA, USA",2024-05-28,2024-05-28 15:16:04 UTC,Pacific Time (US & Canada),research,2,0,False,False,https://inaturalist-open-data.s3.amazonaws.com/photos/387414023/medium.jpeg,,,
367475,Rallus obsoletus,Ridgway's Rail,Aves,Rallus obsoletus,32.9721372525,-117.2365858626,7.0,"San Dieguito River Park, San Diego, CA, US",2024-05-28,2024-05-28 17:48:38 UTC,Pacific Time (US & Canada),research,1,0,False,False,,https://static.inaturalist.org/sounds/1066339.m4a?1716938657,,
367475,Rallus obsoletus,Ridgway's Rail,Aves,Ridgway's Rail,32.5722967876,-117.1254241291,58.0,"Imperial Beach, CA, USA",2024-05-30,2024-05-30 22:55:00 UTC,Pacific Time (US & Canada),research,2,1,False,False,https://static.inaturalist.org/photos/388601716/medium.jpg,,,
367475,Rallus obsoletus,Ridgway's Rail,Aves,Ridgway's Rail,32.5721324451,-117.1254671755,70.0,"Imperial Beach, CA, USA",2024-06-01,2024-06-01 16:11:00 UTC,Pacific Time (US & Canada),research,1,0,False,False,https://static.inaturalist.org/photos/389194023/medium.jpg,,,
367475,Rallus obsoletus,Ridgway's Rail,Aves,Ridgway's Rail,32.5726025958,-117.1253384252,70.0,"Imperial Beach, CA, USA",2024-06-01,2024-06-01 16:55:00 UTC,Pacific Time (US & Canada),research,1,0,False,False,https://static.inaturalist.org/photos/389194736/medium.jpg,,,
367475,Rallus obsoletus,Ridgway's Rail,Aves,Ridgway's Rail,33.0115790611,-117.2737791762,196.0,"Cardiff, CA 92007, USA",2024-06-01,2024-06-01 17:27:09 UTC,Pacific Time (US & Canada),research,2,0,False,False,https://static.inaturalist.org/photos/389306215/medium.jpeg,,,
367475,Rallus obsoletus,Ridgway's Rail,Aves,Ridgway's Rail,33.0123092087,-117.2749993738,21.0,"San Elijo Lagoon, Encinitas, CA, US",2024-06-01,2024-06-01 21:00:54 UTC,Pacific Time (US & Canada),research,3,0,False,False,https://inaturalist-open-data.s3.amazonaws.com/photos/389327304/medium.jpg,,,
179819,Rallus obsoletus levipes,Light-footed Rail,Aves,Light-footed Rail,32.5720146792,-117.1256729635,22.0,"Tijuana Slough National Wildlife Refuge, Imperial Beach, CA, US",2024-06-02,2024-06-02 17:16:14 UTC,Pacific Time (US & Canada),research,2,0,False,False,https://inaturalist-open-data.s3.amazonaws.com/photos/389596354/medium.jpg,,,
367475,Rallus obsoletus,Ridgway's Rail,Aves,Ridgway's Rail,33.0123812156,-117.2751046544,122.0,"San Elijo Lagoon Nature Center Trail, San Diego, CA",2024-06-04,2024-06-04 15:35:00 UTC,Pacific Time (US & Canada),research,2,0,False,False,https://inaturalist-open-data.s3.amazonaws.com/photos/390440852/medium.jpeg,,,
367475,Rallus obsoletus,Ridgway's Rail,Aves,Ridgway's Rail,33.0102583333,-117.276855,4.0,"San Elijo Lagoon, Encinitas, CA, US",2024-06-04,2024-06-04 19:05:18 UTC,Pacific Time (US & Canada),research,2,0,False,False,https://static.inaturalist.org/photos/390480337/medium.jpg,,,
367475,Rallus obsoletus,Ridgway's Rail,Aves,Ridgway's Rail,32.5727527141,-117.1253235536,4.0,"Imperial Beach, CA, USA",2024-06-04,2024-06-04 14:41:00 UTC,Pacific Time (US & Canada),research,2,0,False,False,https://static.inaturalist.org/photos/390942292/medium.jpeg,,,
367475,Rallus obsoletus,Ridgway's Rail,Aves,Ridgway's Rail,32.5726232997,-117.1253741997,,"Tijuana Slough National Wildlife Refuge, San Diego County, US-CA, US",2024-06-07,2024-06-07 15:33:30 UTC,Pacific Time (US & Canada),research,1,0,False,False,https://inaturalist-open-data.s3.amazonaws.com/photos/391548779/medium.jpeg,,,
367475,Rallus obsoletus,Ridgway's Rail,Aves,Ridgway's Rail,33.0054061974,-117.276087999,15.0,"San Elijo Lagoon, Pole Rd Trail, Solana Beach, CA",2024-06-08,2024-06-08 16:38:00 UTC,Pacific Time (US & Canada),research,3,0,False,False,https://inaturalist-open-data.s3.amazonaws.com/photos/392050623/medium.jpeg,,,
367475,Rallus obsoletus,Ridgway's Rail,Aves,Ridgway's Rail,33.0111170803,-117.2764093063,623.0,"San Elijo Lagoon, Encinitas, CA, US",2024-06-09,2024-06-09 15:30:00 UTC,Pacific Time (US & Canada),research,3,0,False,False,https://inaturalist-open-data.s3.amazonaws.com/photos/393285516/medium.jpg,,,
367475,Rallus obsoletus,Ridgway's Rail,Aves,Ridgway's Rail,32.5727171509,-117.1253849039,5.0,"Tijuana River National Estuarine Research Reserve; San Diego, California",2024-06-14,2024-06-14 14:40:00 UTC,Pacific Time (US & Canada),research,2,0,False,False,https://inaturalist-open-data.s3.amazonaws.com/photos/394641481/medium.jpeg,,,
367475,Rallus obsoletus,Ridgway's Rail,Aves,Ridgway's Rail,32.5701858876,-117.1256081945,5.0,"Tijuana River National Estuarine Research Reserve; San Diego, California",2024-06-14,2024-06-14 15:36:00 UTC,Pacific Time (US & Canada),research,1,0,False,False,https://inaturalist-open-data.s3.amazonaws.com/photos/394651594/medium.jpeg,,,
367475,Rallus obsoletus,Ridgway's Rail,Aves,Ridgway's Rail,32.569637,-117.1269263,376.0,"Tijuana River Estuary, 301 Caspian Wy, Imperial Beach, CA 91932, USA",2024-06-14,2024-06-14 17:08:00 UTC,Pacific Time (US & Canada),research,2,0,False,False,https://inaturalist-open-data.s3.amazonaws.com/photos/395124389/medium.jpeg,,,
367475,Rallus obsoletus,Ridgway's Rail,Aves,Ridgway's Rail,32.5710407603,-117.1257644892,230.0,"Imperial Beach, CA, USA",2024-06-09,2024-06-09 14:09:21 UTC,Pacific Time (US & Canada),research,2,0,False,False,https://static.inaturalist.org/photos/395582394/medium.jpeg,,,
367475,Rallus obsoletus,Ridgway's Rail,Aves,Ridgway's Rail,32.5746292691,-117.1261923728,31.0,"Imperial Beach, CA, USA",2024-06-18,2024-06-18 18:14:00 UTC,Pacific Time (US & Canada),research,3,0,False,False,https://inaturalist-open-data.s3.amazonaws.com/photos/396338015/medium.jpeg,,,
367475,Rallus obsoletus,Ridgway's Rail,Aves,Ridgway's Rail,32.5727111534,-117.1253215894,14.0,"Imperial Beach, CA, USA",2024-06-17,2024-06-17 19:49:51 UTC,Pacific Time (US & Canada),research,2,0,False,False,https://inaturalist-open-data.s3.amazonaws.com/photos/396362460/medium.jpeg,,,
367475,Rallus obsoletus,Ridgway's Rail,Aves,Ridgway's Rail,32.5620711517,-117.1262618578,1764.0,Tijuana Slough NWR,2024-06-14,2024-06-14 17:40:00 UTC,Pacific Time (US & Canada),research,3,0,False,False,https://inaturalist-open-data.s3.amazonaws.com/photos/397326851/medium.jpeg,,,
367475,Rallus obsoletus,Ridgway's Rail,Aves,Ridgway's Rail,32.5725874997,-117.1253624,,"Imperial Beach, CA, USA",2024-07-02,2024-07-02 15:28:46 UTC,Pacific Time (US & Canada),research,2,0,False,False,https://inaturalist-open-data.s3.amazonaws.com/photos/402078390/medium.jpeg,,,
367475,Rallus obsoletus,Ridgway's Rail,Aves,Ridgway's Rail,32.5725866966,-117.1253383324,4.0,"Tijuana Slough National Wildlife Refuge, Imperial Beach, CA, US",2024-07-02,2024-07-02 15:31:33 UTC,Pacific Time (US & Canada),research,3,0,False,False,https://static.inaturalist.org/photos/402079014/medium.jpg,,,
367475,Rallus obsoletus,Ridgway's Rail,Aves,Ridgway's Rail,32.57278,-117.12547,20.0,"Imperial Beach, CA, USA",2024-07-07,2024-07-07 15:20:00 UTC,Pacific Time (US & Canada),research,3,0,False,False,https://inaturalist-open-data.s3.amazonaws.com/photos/404351059/medium.jpeg,,,
367475,Rallus obsoletus,Ridgway's Rail,Aves,Ridgway's Rail,32.9695901892,-117.2571193428,462.0,"Del Mar, CA 92014, USA",2024-07-13,2024-07-13 18:09:00 UTC,Pacific Time (US & Canada),research,3,0,False,False,https://inaturalist-open-data.s3.amazonaws.com/photos/407527209/medium.jpeg,,,
367475,Rallus obsoletus,Ridgway's Rail,Aves,Ridgway's Rail,33.0105733333,-117.276765,,"Cardiff, Encinitas, CA 92007, USA",2024-07-09,2024-07-09 15:45:00 UTC,Pacific Time (US & Canada),research,3,0,False,False,https://static.inaturalist.org/photos/408329108/medium.jpg,,,
367475,Rallus obsoletus,Ridgway's Rail,Aves,Ridgway's Rail,32.7538582211,-117.2187604242,5700.0,"Point Loma Heights, San Diego, CA, USA",2017-03-09,2017-03-10 02:55:00 UTC,Pacific Time (US & Canada),research,2,0,False,False,https://inaturalist-open-data.s3.amazonaws.com/photos/408735027/medium.jpg,,,
367475,Rallus obsoletus,Ridgway's Rail,Aves,Ridgway's Rail,32.574803339,-117.1263022721,230.0,"Imperial Beach, CA, USA",2024-07-22,2024-07-22 15:41:53 UTC,Pacific Time (US & Canada),research,5,0,False,False,https://inaturalist-open-data.s3.amazonaws.com/photos/410359430/medium.jpeg,,,
367475,Rallus obsoletus,Ridgway's Rail,Aves,Ridgway's Rail,33.0142280807,-117.2499851115,601.0,"San Elijo Lagoon, Stonebridge Trail, Encinitas, CA, USA",2024-07-22,2024-07-22 14:27:00 UTC,Pacific Time (US & Canada),research,2,0,False,False,https://inaturalist-open-data.s3.amazonaws.com/photos/410757788/medium.jpeg,,,
367475,Rallus obsoletus,Ridgway's Rail,Aves,Ridgway's Rail,33.0085916667,-117.2764527778,,"Cardiff, CA 92007, USA",2024-07-23,2024-07-24 03:02:54 UTC,Pacific Time (US & Canada),research,3,0,False,False,https://inaturalist-open-data.s3.amazonaws.com/photos/411045512/medium.jpeg,,,
367475,Rallus obsoletus,Ridgway's Rail,Aves,Ridgway's Rail,32.5726552653,-117.1252860587,35.0,"Tijuana Slough National Wildlife Refuge, Imperial Beach, CA, US",2024-07-25,2024-07-25 22:24:59 UTC,Pacific Time (US & Canada),research,3,0,False,False,https://inaturalist-open-data.s3.amazonaws.com/photos/411615322/medium.jpeg,,,
367475,Rallus obsoletus,Ridgway's Rail,Aves,Ridgway's Rail,33.0100933333,-117.2768683333,,"Cardiff, Encinitas, CA 92007, USA",2024-07-31,2024-07-31 20:12:00 UTC,Pacific Time (US & Canada),research,2,0,False,False,https://inaturalist-open-data.s3.amazonaws.com/photos/415656382/medium.jpg,,,
179819,Rallus obsoletus levipes,Light-footed Rail,Aves,Light-footed Rail,33.0095566667,-117.2767083333,,"Cardiff, Encinitas, CA 92007, USA",2024-07-31,2024-07-31 20:19:00 UTC,Pacific Time (US & Canada),research,1,0,False,False,https://inaturalist-open-data.s3.amazonaws.com/photos/415656690/medium.jpg,,Banded - and apparently proud to show it off ;-),
367475,Rallus obsoletus,Ridgway's Rail,Aves,Ridgway's Rail,33.00947,-117.2766783333,,"Cardiff, Encinitas, CA 92007, USA",2024-07-31,2024-07-31 20:21:00 UTC,Pacific Time (US & Canada),research,2,0,False,False,https://inaturalist-open-data.s3.amazonaws.com/photos/415656736/medium.jpg,,Eating Mexican Fiddler Crab,
367475,Rallus obsoletus,Ridgway's Rail,Aves,Ridgway's Rail,33.0127570339,-117.2777111916,671.0,"San Elijo Lagoon, Encinitas, CA, US",2024-08-04,2024-08-05 06:15:02 UTC,Pacific Time (US & Canada),research,2,0,False,False,https://inaturalist-open-data.s3.amazonaws.com/photos/415860235/medium.jpeg,,,
367475,Rallus obsoletus,Ridgway's Rail,Aves,Ridgway's Rail,32.5772006045,-117.1289848164,203.0,"Imperial Beach, CA, USA",2024-08-04,,Pacific Time (US & Canada),research,2,0,False,False,https://inaturalist-open-data.s3.amazonaws.com/photos/416303081/medium.jpeg,,Found by a good sam in the allyway behind address ,
367475,Rallus obsoletus,Ridgway's Rail,Aves,Ridgway's Rail,32.572725876,-117.1253391924,23.0,"Tijuana Slough National Wildlife Refuge, Imperial Beach, CA, US",2024-08-10,2024-08-10 16:59:59 UTC,Pacific Time (US & Canada),research,2,0,False,False,https://inaturalist-open-data.s3.amazonaws.com/photos/417852399/medium.jpeg,,,
367475,Rallus obsoletus,Ridgway's Rail,Aves,Ridgway's Rail,33.0098083333,-117.276855,4.0,"San Elijo Lagoon Ecological Reserve, Encinitas, CA, US",2024-08-10,2024-08-11 02:22:27 UTC,Pacific Time (US & Canada),research,3,0,False,False,https://static.inaturalist.org/photos/417921865/medium.jpeg,,,
367475,Rallus obsoletus,Ridgway's Rail,Aves,Ridgway's Rail,32.5726222222,-117.1253833333,,"Imperial Beach, CA, USA",2024-08-12,2024-08-13 02:30:26 UTC,Pacific Time (US & Canada),research,2,0,False,False,https://inaturalist-open-data.s3.amazonaws.com/photos/418789239/medium.jpeg,,,
367475,Rallus obsoletus,Ridgway's Rail,Aves,Ridgway's Rail,32.7560482951,-117.2409113869,1014.0,"Ocean Beach, San Diego, CA, USA",2024-08-14,2024-08-14 14:12:03 UTC,Pacific Time (US & Canada),research,3,0,False,False,https://inaturalist-open-data.s3.amazonaws.com/photos/419290527/medium.jpeg,,,
367475,Rallus obsoletus,Ridgway's Rail,Aves,Ridgway's Rail,33.0123812156,-117.2751046544,122.0,"San Elijo Lagoon Nature Center Trail, San Diego, CA",2024-08-14,2024-08-14 14:28:00 UTC,Pacific Time (US & Canada),research,3,0,False,False,https://inaturalist-open-data.s3.amazonaws.com/photos/419331539/medium.jpeg,,,
367475,Rallus obsoletus,Ridgway's Rail,Aves,Ridgway's Rail,33.0091774422,-117.2762042753,1077.0,"Cardiff, Encinitas, CA 92007, USA",2024-08-14,2024-08-14 19:47:00 UTC,Pacific Time (US & Canada),research,3,0,False,False,https://static.inaturalist.org/photos/419506290/medium.jpg,,,
367475,Rallus obsoletus,Ridgway's Rail,Aves,Ridgway's Rail,33.0054061974,-117.276087999,15.0,"San Elijo Lagoon, Pole Rd Trail, Solana Beach, CA",2024-08-17,2024-08-17 16:09:00 UTC,Pacific Time (US & Canada),research,3,0,False,False,https://inaturalist-open-data.s3.amazonaws.com/photos/420453945/medium.jpeg,,,
367475,Rallus obsoletus,Ridgway's Rail,Aves,Ridgway's Rail,33.0105463937,-117.2767463699,11.0,"Cardiff, CA 92007, USA",2024-08-17,2024-08-17 16:09:30 UTC,Pacific Time (US & Canada),research,2,0,False,False,https://static.inaturalist.org/photos/420558012/medium.jpeg,,,
367475,Rallus obsoletus,Ridgway's Rail,Aves,Ridgway's Rail,33.010655,-117.2766366667,,"Cardiff, Encinitas, CA 92007, USA",2024-08-14,2024-08-14 15:43:00 UTC,Pacific Time (US & Canada),research,4,0,False,False,https://static.inaturalist.org/photos/420601083/medium.jpg,,,
367475,Rallus obsoletus,Ridgway's Rail,Aves,Ridgway's Rail,33.0126937518,-117.2766680263,206.0,"Cardiff, Encinitas, CA 92007, USA",2024-08-14,2024-08-14 18:46:00 UTC,Pacific Time (US & Canada),research,1,0,False,False,https://static.inaturalist.org/photos/421007140/medium.jpg,,,
367475,Rallus obsoletus,Ridgway's Rail,Aves,Ridgway's Rail,33.0131291664,-117.2504468112,20.0,"Encinitas, CA, USA",2024-08-19,2024-08-19 14:24:00 UTC,Pacific Time (US & Canada),research,3,0,False,False,https://inaturalist-open-data.s3.amazonaws.com/photos/421461621/medium.jpeg,,,
367475,Rallus obsoletus,Ridgway's Rail,Aves,Ridgway's Rail,32.5607833258,-117.1265771774,640.0,"Tijuana Slough National Wildlife Refuge, Imperial Beach, CA, US",2024-08-15,2024-08-16 01:23:08 UTC,Pacific Time (US & Canada),research,3,0,False,False,https://inaturalist-open-data.s3.amazonaws.com/photos/421779505/medium.jpeg,,,
367475,Rallus obsoletus,Ridgway's Rail,Aves,Ridgway's Rail,32.7557283333,-117.240105,4.0,"Ocean Beach Bike Path, San Diego, CA, US",2024-08-20,2024-08-20 13:57:24 UTC,Pacific Time (US & Canada),research,2,0,False,False,https://inaturalist-open-data.s3.amazonaws.com/photos/421895141/medium.jpeg,,,
367475,Rallus obsoletus,Ridgway's Rail,Aves,Ridgway's Rail,32.5593703463,-117.1279911139,22.0,"Tijuana Slough National Wildlife Refuge, Imperial Beach, CA, US",2024-08-22,2024-08-23 00:13:27 UTC,Pacific Time (US & Canada),research,4,0,False,False,https://inaturalist-open-data.s3.amazonaws.com/photos/422499974/medium.jpeg,,,
367475,Rallus obsoletus,Ridgway's Rail,Aves,Ridgway's Rail,33.0116653769,-117.2764676069,68.0,"San Elijo Lagoon, Encinitas, CA, US",2024-08-24,2024-08-25 02:56:10 UTC,Pacific Time (US & Canada),research,3,0,False,False,https://inaturalist-open-data.s3.amazonaws.com/photos/423229089/medium.jpeg,,,
367475,Rallus obsoletus,Ridgway's Rail,Aves,Ridgway's Rail,32.559325,-117.1274028333,4.0,"Tijuana Slough National Wildlife Refuge, Imperial Beach, CA, US",2024-08-24,2024-08-24 15:35:21 UTC,Pacific Time (US & Canada),research,2,0,False,False,https://static.inaturalist.org/photos/423237780/medium.jpeg,,,
367475,Rallus obsoletus,Ridgway's Rail,Aves,Ridgway's Rail,33.0106361167,-117.276655,,"San Elijo Lagoon Ecological Reserve, Encinitas, CA, US",2024-08-25,2024-08-25 16:24:17 UTC,Pacific Time (US & Canada),research,2,0,False,False,https://static.inaturalist.org/photos/423534255/medium.jpeg,,,
367475,Rallus obsoletus,Ridgway's Rail,Aves,Ridgway's Rail,33.0099861167,-117.2768783333,4.0,"San Elijo Lagoon Ecological Reserve, Encinitas, CA, US",2024-08-25,2024-08-25 19:25:24 UTC,Pacific Time (US & Canada),research,2,0,False,False,https://inaturalist-open-data.s3.amazonaws.com/photos/423557009/medium.jpeg,,,
367475,Rallus obsoletus,Ridgway's Rail,Aves,Ridgway's Rail,33.0116178876,-117.2734536508,32.0,"San Elijo Lagoon Ecological Reserve, Encinitas, CA, US",2024-08-25,2024-08-25 16:48:08 UTC,Pacific Time (US & Canada),research,1,0,False,False,https://static.inaturalist.org/photos/423558875/medium.jpeg,,,
367475,Rallus obsoletus,Ridgway's Rail,Aves,Ridgway's Rail,33.0133833333,-117.2754166667,,"San Elijo Lagoon, Encinitas, CA, US",2024-08-25,2024-08-25 16:38:43 UTC,Pacific Time (US & Canada),research,1,0,False,False,https://static.inaturalist.org/photos/423609772/medium.jpeg,,,
367475,Rallus obsoletus,Ridgway's Rail,Aves,Ridgway's Rail,32.5689981071,-117.1316940531,15.0,"Imperial Beach, CA, USA",2024-08-24,2024-08-24 20:45:00 UTC,Pacific Time (US & Canada),research,2,0,False,False,https://inaturalist-open-data.s3.amazonaws.com/photos/424028400/medium.png,,,
367475,Rallus obsoletus,Ridgway's Rail,Aves,Ridgway's Rail,33.0104222167,-117.2712666667,,"San Elijo Lagoon, Encinitas, CA, US",2024-08-25,2024-08-25 17:20:29 UTC,Pacific Time (US & Canada),research,2,0,False,False,https://static.inaturalist.org/photos/424444954/medium.jpeg,,,
367475,Rallus obsoletus,Ridgway's Rail,Aves,Ridgway's Rail,32.9714583333,-117.259875,,"San Dieguito River Park, Del Mar, CA, US",2024-08-30,2024-08-30 14:20:47 UTC,Pacific Time (US & Canada),research,2,0,False,False,https://static.inaturalist.org/photos/425208356/medium.jpeg,,,
367475,Rallus obsoletus,Ridgway's Rail,Aves,Ridgway's Rail,33.0102266021,-117.2769204249,4.0,"San Elijo Lagoon Ecological Reserve, Encinitas, CA, US",2024-08-31,2024-08-31 17:11:36 UTC,Pacific Time (US & Canada),research,2,0,False,False,https://inaturalist-open-data.s3.amazonaws.com/photos/425587186/medium.jpeg,,,
367475,Rallus obsoletus,Ridgway's Rail,Aves,Ridgway's Rail,33.0114757571,-117.2770935698,23.0,"San Elijo Lagoon, Encinitas, CA, US",2024-09-01,2024-09-01 16:08:19 UTC,Pacific Time (US & Canada),research,2,0,False,False,https://inaturalist-open-data.s3.amazonaws.com/photos/426245294/medium.jpeg,,One of two of these rails I saw this morning at the lagoon. ,
367475,Rallus obsoletus,Ridgway's Rail,Aves,Ridgway's Rail,32.7851802605,-117.0528365906,1070.0,United States,2024-09-02,2024-09-02 09:07:00 UTC,Pacific Time (US & Canada),research,2,0,False,True,https://inaturalist-open-data.s3.amazonaws.com/photos/426544423/medium.jpg,,,
367475,Rallus obsoletus,Ridgway's Rail,Aves,Ridgway's Rail,32.9678883333,-117.2593833333,8.0,"San Dieguito River Park, Del Mar, CA, US",2024-09-02,2024-09-02 17:39:38 UTC,Pacific Time (US & Canada),research,1,0,False,False,https://inaturalist-open-data.s3.amazonaws.com/photos/426580157/medium.jpeg,,,
179819,Rallus obsoletus levipes,Light-footed Rail,Aves,Light-footed Rail,33.0112775144,-117.2757644805,1.0,"Cardiff, Encinitas, CA 92007, USA",2024-08-24,2024-08-24 17:45:00 UTC,Pacific Time (US & Canada),research,2,0,False,False,https://inaturalist-open-data.s3.amazonaws.com/photos/426613627/medium.jpeg,,Lifer,
179819,Rallus obsoletus levipes,Light-footed Rail,Aves,Light-footed Rail,33.0112751435,-117.2758093638,1.0,"Cardiff, Encinitas, CA 92007, USA",2024-08-24,2024-08-24 17:45:00 UTC,Pacific Time (US & Canada),research,2,0,False,False,https://inaturalist-open-data.s3.amazonaws.com/photos/426613643/medium.jpeg,,Lifer,
367475,Rallus obsoletus,Ridgway's Rail,Aves,Ridgway's Rail,32.7569996263,-117.2403001789,181.0,"Ocean Beach, San Diego, CA, USA",2024-08-25,2024-08-26 01:54:00 UTC,Pacific Time (US & Canada),research,2,0,False,False,https://static.inaturalist.org/photos/426846549/medium.jpg,,,
367475,Rallus obsoletus,Ridgway's Rail,Aves,Ridgway's Rail,32.5726083333,-117.1253583333,9.0,"Tijuana Slough National Wildlife Refuge, Imperial Beach, CA, US",2024-09-05,2024-09-05 14:46:04 UTC,Pacific Time (US & Canada),research,2,0,False,False,https://inaturalist-open-data.s3.amazonaws.com/photos/427470976/medium.jpeg,,,
367475,Rallus obsoletus,Ridgway's Rail,Aves,Ridgway's Rail,32.55952096,-117.12789112,3.0,"Imperial Beach, CA, USA",2024-09-07,2024-09-07 15:55:20 UTC,Pacific Time (US & Canada),research,2,0,False,False,https://inaturalist-open-data.s3.amazonaws.com/photos/428179277/medium.jpeg,,,
367475,Rallus obsoletus,Ridgway's Rail,Aves,Ridgway's Rail,32.5595757,-117.1278403997,,"Imperial Beach, CA, USA",2024-09-07,2024-09-07 15:57:49 UTC,Pacific Time (US & Canada),research,2,0,False,False,https://inaturalist-open-data.s3.amazonaws.com/photos/428185216/medium.jpeg,,,
367475,Rallus obsoletus,Ridgway's Rail,Aves,Ridgway's Rail,33.0100861167,-117.276895,3.0,"San Elijo Lagoon Ecological Reserve, Encinitas, CA, US",2024-09-07,2024-09-07 18:02:44 UTC,Pacific Time (US & Canada),research,2,0,False,False,https://inaturalist-open-data.s3.amazonaws.com/photos/428289820/medium.jpeg,,,
367475,Rallus obsoletus,Ridgway's Rail,Aves,Ridgway's Rail,32.5595777778,-117.1280555556,,"Imperial Beach, CA, USA",2024-09-07,2024-09-07 15:59:00 UTC,Pacific Time (US & Canada),research,4,0,False,False,https://inaturalist-open-data.s3.amazonaws.com/photos/428293702/medium.jpeg,,,
367475,Rallus obsoletus,Ridgway's Rail,Aves,Ridgway's Rail,32.5598460856,-117.127910355,187.0,"Tijuana Slough National Wildlife Refuge, Imperial Beach, CA, US",2024-09-07,2024-09-07 15:58:42 UTC,Pacific Time (US & Canada),research,5,2,False,False,https://static.inaturalist.org/photos/428593832/medium.jpeg,,,
367475,Rallus obsoletus,Ridgway's Rail,Aves,Ridgway's Rail,32.5596866672,-117.128043439,107.0,"Tijuana Slough National Wildlife Refuge, Imperial Beach, CA, US",2024-09-07,2024-09-07 17:03:38 UTC,Pacific Time (US & Canada),research,2,0,False,False,https://static.inaturalist.org/photos/429162563/medium.jpeg,,,
367475,Rallus obsoletus,Ridgway's Rail,Aves,Ridgway's Rail,32.6186554744,-117.0992967622,5.0,"'J' Street Marina; Chula Vista, California",2024-09-08,2024-09-08 14:04:00 UTC,Pacific Time (US & Canada),research,2,0,False,False,https://inaturalist-open-data.s3.amazonaws.com/photos/430124678/medium.jpeg,,,
367475,Rallus obsoletus,Ridgway's Rail,Aves,Ridgway's Rail,32.5748034,-117.1263021,229.0,"Tijuana Estuary Visitor Center, 301 Caspian Wy, Imperial Beach, CA 91932, USA",2024-09-14,2024-09-14 16:13:00 UTC,Pacific Time (US & Canada),research,1,0,False,False,https://inaturalist-open-data.s3.amazonaws.com/photos/430910926/medium.jpeg,,,
367475,Rallus obsoletus,Ridgway's Rail,Aves,Ridgway's Rail,32.5748034,-117.1263021,229.0,"Tijuana Estuary Visitor Center, 301 Caspian Wy, Imperial Beach, CA 91932, USA",2024-09-14,2024-09-14 16:16:00 UTC,Pacific Time (US & Canada),research,2,0,False,False,https://inaturalist-open-data.s3.amazonaws.com/photos/430911168/medium.jpeg,,,
367475,Rallus obsoletus,Ridgway's Rail,Aves,Ridgway's Rail,32.5477125048,-117.1765644514,230.0,United States,2024-09-14,2024-09-14 20:25:00 UTC,Pacific Time (US & Canada),research,2,0,False,True,https://inaturalist-open-data.s3.amazonaws.com/photos/430913490/medium.jpg,,,
367475,Rallus obsoletus,Ridgway's Rail,Aves,Ridgway's Rail,33.0133595,-117.2742433,206.0,"San Elijo Lagoon Nature Center, 2710 Manchester Ave, Cardiff, CA 92007, USA",2024-09-14,2024-09-14 16:41:00 UTC,Pacific Time (US & Canada),research,3,0,False,False,https://inaturalist-open-data.s3.amazonaws.com/photos/430948542/medium.jpg,,,
367475,Rallus obsoletus,Ridgway's Rail,Aves,Ridgway's Rail,33.0075965285,-117.2751574496,4.0,"San Elijo Lagoon Ecological Reserve, Encinitas, CA, US",2024-09-14,2024-09-15 01:46:11 UTC,Pacific Time (US & Canada),research,1,0,False,False,https://inaturalist-open-data.s3.amazonaws.com/photos/430951040/medium.jpeg,,,
367475,Rallus obsoletus,Ridgway's Rail,Aves,Ridgway's Rail,33.0075795064,-117.2753313371,4.0,"San Elijo Lagoon Ecological Reserve, Encinitas, CA, US",2024-09-14,2024-09-15 01:53:54 UTC,Pacific Time (US & Canada),research,2,0,False,False,https://inaturalist-open-data.s3.amazonaws.com/photos/430953577/medium.jpeg,,,
367475,Rallus obsoletus,Ridgway's Rail,Aves,Ridgway's Rail,33.0077861167,-117.2763133333,4.0,"San Elijo Lagoon, Encinitas, CA, US",2024-09-15,2024-09-15 16:00:05 UTC,Pacific Time (US & Canada),research,1,0,False,False,https://inaturalist-open-data.s3.amazonaws.com/photos/431235577/medium.jpeg,,,
367475,Rallus obsoletus,Ridgway's Rail,Aves,Ridgway's Rail,32.5719399209,-117.1260167704,133.0,"Imperial Beach, CA, USA",2024-09-14,2024-09-14 15:21:00 UTC,Pacific Time (US & Canada),research,2,0,False,False,https://inaturalist-open-data.s3.amazonaws.com/photos/431198976/medium.jpeg,,,
367475,Rallus obsoletus,Ridgway's Rail,Aves,Ridgway's Rail,32.5719937252,-117.1260805875,75.0,"Imperial Beach, CA, USA",2024-09-14,2024-09-14 16:09:00 UTC,Pacific Time (US & Canada),research,2,0,False,False,https://inaturalist-open-data.s3.amazonaws.com/photos/431205225/medium.jpeg,,,
367475,Rallus obsoletus,Ridgway's Rail,Aves,Ridgway's Rail,33.0123812156,-117.2751046544,122.0,"San Elijo Lagoon Nature Center Trail, San Diego, CA",2024-09-17,2024-09-17 15:08:00 UTC,Pacific Time (US & Canada),research,2,0,False,False,https://inaturalist-open-data.s3.amazonaws.com/photos/432013972/medium.jpeg,,,
367475,Rallus obsoletus,Ridgway's Rail,Aves,Ridgway's Rail,33.0123812156,-117.2751046544,122.0,"San Elijo Lagoon Nature Center Trail, San Diego, CA",2024-09-17,2024-09-17 14:42:00 UTC,Pacific Time (US & Canada),research,3,0,False,False,https://inaturalist-open-data.s3.amazonaws.com/photos/432017883/medium.jpeg,,,
367475,Rallus obsoletus,Ridgway's Rail,Aves,Ridgway's Rail,33.0093649775,-117.27669633,3.0,"San Elijo Lagoon, Encinitas, CA, US",2024-09-17,2024-09-17 23:26:02 UTC,Pacific Time (US & Canada),research,2,0,False,False,https://static.inaturalist.org/photos/432117119/medium.jpeg,,,
367475,Rallus obsoletus,Ridgway's Rail,Aves,Ridgway's Rail,32.5699344192,-117.1264992367,41.0,"Tijuana Slough National Wildlife Refuge, Imperial Beach, CA, US",2024-09-19,2024-09-19 16:16:53 UTC,Pacific Time (US & Canada),research,3,0,False,False,https://inaturalist-open-data.s3.amazonaws.com/photos/432747245/medium.jpeg,,,
367475,Rallus obsoletus,Ridgway's Rail,Aves,Ridgway's Rail,33.0117814,-117.2772867999,7.0,"San Elijo Lagoon and Ecological Reserve, Encinitas, California, USA",2024-09-18,2024-09-18 15:11:00 UTC,Pacific Time (US & Canada),research,2,0,False,False,https://inaturalist-open-data.s3.amazonaws.com/photos/433645265/medium.jpeg,,"Several loosely-associated pairs of young bird + parent.  Chicken-ing around in the grass, calling, swimming duck-style, and even flying around (not pictured).  Awesome!

Most of the photos are of younger bird/s, who were much more willing to mess around in the open than the adults. ","hasface, calling, open mouth, juvenile, ridgway's rail"
367475,Rallus obsoletus,Ridgway's Rail,Aves,Ridgway's Rail,33.0130439564,-117.2746846351,23.0,"San Elijo Lagoon, Encinitas, CA, US",2024-09-19,2024-09-19 19:01:16 UTC,Pacific Time (US & Canada),research,1,0,False,False,https://inaturalist-open-data.s3.amazonaws.com/photos/433709545/medium.jpeg,,,
367475,Rallus obsoletus,Ridgway's Rail,Aves,Ridgway's Rail,32.7557544915,-117.2411584848,249.0,"Ocean Beach, San Diego, CA, USA",2024-09-23,2024-09-23 16:35:00 UTC,Pacific Time (US & Canada),research,2,0,False,False,https://static.inaturalist.org/photos/434676744/medium.jpg,,,
367475,Rallus obsoletus,Ridgway's Rail,Aves,Ridgway's Rail,33.0076416667,-117.2761783333,4.0,"San Elijo Lagoon, Encinitas, CA, US",2024-08-28,2024-08-28 17:55:16 UTC,Pacific Time (US & Canada),research,2,0,False,False,https://static.inaturalist.org/photos/436710886/medium.jpeg,,,
367475,Rallus obsoletus,Ridgway's Rail,Aves,Ridgway's Rail,32.7553693103,-117.24589469,652.0,"Ocean Beach, San Diego, CA, USA",2024-09-29,2024-09-30 01:05:00 UTC,Pacific Time (US & Canada),research,2,0,False,False,https://inaturalist-open-data.s3.amazonaws.com/photos/436793325/medium.jpg,,,
367475,Rallus obsoletus,Ridgway's Rail,Aves,Ridgway's Rail,32.5681094025,-117.1309771093,61.0,"Imperial Beach, CA, USA",2019-02-28,2019-03-01 03:00:00 UTC,Pacific Time (US & Canada),research,1,0,False,False,,https://static.inaturalist.org/sounds/1221712.m4a?1728052710,,
367475,Rallus obsoletus,Ridgway's Rail,Aves,Ridgway's Rail,33.0157934,-117.2503046,1253.0,"San Elijo Lagoon and Ecological Reserve, 2710 Manchester Ave, Cardiff, CA 92007, USA",2024-10-04,2024-10-04 21:38:00 UTC,Pacific Time (US & Canada),research,4,0,False,False,https://inaturalist-open-data.s3.amazonaws.com/photos/438828590/medium.jpeg,,,
367475,Rallus obsoletus,Ridgway's Rail,Aves,Ridgway's Rail,33.0157934,-117.2503046,1253.0,"San Elijo Lagoon and Ecological Reserve, 2710 Manchester Ave, Cardiff, CA 92007, USA",2024-10-04,2024-10-04 21:42:00 UTC,Pacific Time (US & Canada),research,3,0,False,False,https://inaturalist-open-data.s3.amazonaws.com/photos/438828774/medium.jpeg,,,
367475,Rallus obsoletus,Ridgway's Rail,Aves,Ridgway's Rail,32.7912466667,-117.2302033333,7.0,"Pacific Passage, San Diego, CA, US",2024-09-20,2024-09-21 01:33:56 UTC,Pacific Time (US & Canada),research,3,0,False,False,https://static.inaturalist.org/photos/439538576/medium.jpeg,,,
367475,Rallus obsoletus,Ridgway's Rail,Aves,Ridgway's Rail,32.5726526997,-117.1253882,,"Imperial Beach, CA, USA",2024-10-08,2024-10-08 15:32:20 UTC,Pacific Time (US & Canada),research,4,0,False,False,https://inaturalist-open-data.s3.amazonaws.com/photos/439737425/medium.jpeg,,,
367475,Rallus obsoletus,Ridgway's Rail,Aves,Ridgway's Rail,32.569637,-117.1269263,376.0,"Tijuana River Estuary, 301 Caspian Wy, Imperial Beach, CA 91932, USA",2024-10-10,2024-10-10 16:39:00 UTC,Pacific Time (US & Canada),research,2,0,False,False,https://static.inaturalist.org/photos/440488965/medium.jpeg,,,
179819,Rallus obsoletus levipes,Light-footed Rail,Aves,Light-footed Rail,32.7566470992,-117.239331499,4.0,"Ocean Beach, San Diego, CA, USA",2024-10-11,2024-10-11 16:47:00 UTC,Pacific Time (US & Canada),research,1,0,False,False,https://static.inaturalist.org/photos/440705508/medium.jpg,,,
367475,Rallus obsoletus,Ridgway's Rail,Aves,Ridgway's Rail,32.6408661308,-117.1108419705,22.0,"Sweetwater Marsh National Wildlife Refuge, Chula Vista, CA, US",2024-10-11,2024-10-11 23:22:38 UTC,Pacific Time (US & Canada),research,1,0,False,False,https://inaturalist-open-data.s3.amazonaws.com/photos/440757526/medium.jpeg,,"Observed walking by the FWS refuge office window in the upland, snapped this poor photo through the glass ",
367475,Rallus obsoletus,Ridgway's Rail,Aves,Ridgway's Rail,32.4177051879,-117.1991508366,20.0,United States,2024-10-11,2024-10-11 16:25:14 UTC,Pacific Time (US & Canada),research,1,0,False,True,https://inaturalist-open-data.s3.amazonaws.com/photos/440832369/medium.jpeg,,,
367475,Rallus obsoletus,Ridgway's Rail,Aves,Ridgway's Rail,32.5726021365,-117.1272060493,397.0,"Tijuana Slough National Wildlife Refuge, San Diego",2024-09-24,2024-09-24 20:16:00 UTC,Pacific Time (US & Canada),research,2,0,False,False,https://inaturalist-open-data.s3.amazonaws.com/photos/441141448/medium.jpeg,,,
367475,Rallus obsoletus,Ridgway's Rail,Aves,Ridgway's Rail,33.009911225,-117.2765635336,129.0,"San Elijo Lagoon and Ecological Reserve, California",2024-09-26,2024-09-27 00:43:00 UTC,Pacific Time (US & Canada),research,3,0,False,False,https://inaturalist-open-data.s3.amazonaws.com/photos/441369664/medium.jpeg,,,
367475,Rallus obsoletus,Ridgway's Rail,Aves,Ridgway's Rail,32.5722756486,-117.1256232428,276.0,"Imperial Beach, CA, USA",2024-10-12,2024-10-12 14:49:00 UTC,Pacific Time (US & Canada),research,2,0,False,False,https://inaturalist-open-data.s3.amazonaws.com/photos/441526179/medium.jpeg,,,
367475,Rallus obsoletus,Ridgway's Rail,Aves,Ridgway's Rail,32.5722756486,-117.1256232428,276.0,"Imperial Beach, CA, USA",2024-10-12,2024-10-12 15:14:00 UTC,Pacific Time (US & Canada),research,2,0,False,False,https://inaturalist-open-data.s3.amazonaws.com/photos/441526290/medium.jpeg,,,
367475,Rallus obsoletus,Ridgway's Rail,Aves,Ridgway's Rail,32.5722756486,-117.1256232428,276.0,"Imperial Beach, CA, USA",2024-10-12,2024-10-12 15:48:00 UTC,Pacific Time (US & Canada),research,2,0,False,False,https://inaturalist-open-data.s3.amazonaws.com/photos/441526366/medium.jpeg,,,
367475,Rallus obsoletus,Ridgway's Rail,Aves,Ridgway's Rail,32.5722756486,-117.1256232428,276.0,"Imperial Beach, CA, USA",2024-10-12,2024-10-12 15:53:00 UTC,Pacific Time (US & Canada),research,2,0,False,False,https://inaturalist-open-data.s3.amazonaws.com/photos/441526449/medium.jpeg,,,
179819,Rallus obsoletus levipes,Light-footed Rail,Aves,Light-footed Rail,32.5724216667,-117.1255861667,4.0,"Tijuana Slough National Wildlife Refuge, Imperial Beach, CA, US",2024-10-12,2024-10-12 15:38:33 UTC,Pacific Time (US & Canada),research,2,0,False,False,https://static.inaturalist.org/photos/441548929/medium.jpeg,,,
367475,Rallus obsoletus,Ridgway's Rail,Aves,Ridgway's Rail,32.572507735,-117.1252171073,23.0,"Tijuana Slough National Wildlife Refuge, Imperial Beach, CA, US",2024-10-14,2024-10-14 16:03:50 UTC,Pacific Time (US & Canada),research,2,0,False,False,https://inaturalist-open-data.s3.amazonaws.com/photos/441760466/medium.jpeg,,Large rail ,
367475,Rallus obsoletus,Ridgway's Rail,Aves,Ridgway's Rail,32.5747887,-117.1262946,230.0,"Tijuana Slough National Wildlife Refuge, 301 Caspian Wy, Imperial Beach, CA 91932, USA",2024-10-13,2024-10-13 15:22:00 UTC,Pacific Time (US & Canada),research,2,0,False,False,https://inaturalist-open-data.s3.amazonaws.com/photos/442173536/medium.jpeg,,,
367475,Rallus obsoletus,Ridgway's Rail,Aves,Ridgway's Rail,32.5747887,-117.1262946,230.0,"Tijuana Slough National Wildlife Refuge, 301 Caspian Wy, Imperial Beach, CA 91932, USA",2024-10-13,2024-10-13 15:35:00 UTC,Pacific Time (US & Canada),research,3,0,False,False,https://inaturalist-open-data.s3.amazonaws.com/photos/442173949/medium.jpeg,,,
367475,Rallus obsoletus,Ridgway's Rail,Aves,Ridgway's Rail,32.5747887,-117.1262946,230.0,"Tijuana Slough National Wildlife Refuge, 301 Caspian Wy, Imperial Beach, CA 91932, USA",2024-10-13,2024-10-13 16:08:00 UTC,Pacific Time (US & Canada),research,2,0,False,False,https://inaturalist-open-data.s3.amazonaws.com/photos/442176235/medium.jpeg,,,
367475,Rallus obsoletus,Ridgway's Rail,Aves,Ridgway's Rail,32.5702516667,-117.12651,,"Imperial Beach, CA, USA",2024-10-12,2024-10-12 15:17:00 UTC,Pacific Time (US & Canada),research,2,0,False,False,https://inaturalist-open-data.s3.amazonaws.com/photos/442407183/medium.jpg,,,
367475,Rallus obsoletus,Ridgway's Rail,Aves,Ridgway's Rail,32.5725216667,-117.1255566667,,"Imperial Beach, CA, USA",2024-10-12,2024-10-12 15:41:00 UTC,Pacific Time (US & Canada),research,2,0,False,False,https://inaturalist-open-data.s3.amazonaws.com/photos/442407185/medium.jpg,,,
367475,Rallus obsoletus,Ridgway's Rail,Aves,Ridgway's Rail,32.5724366667,-117.1255866667,,"Imperial Beach, CA, USA",2024-10-12,2024-10-12 15:32:00 UTC,Pacific Time (US & Canada),research,2,0,False,False,https://inaturalist-open-data.s3.amazonaws.com/photos/442407200/medium.jpg,,,
367475,Rallus obsoletus,Ridgway's Rail,Aves,Ridgway's Rail,33.0103380155,-117.2766773584,15.0,"Cardiff, Encinitas, CA 92007, USA",2024-10-11,2024-10-11 18:25:00 UTC,Pacific Time (US & Canada),research,1,0,False,False,https://inaturalist-open-data.s3.amazonaws.com/photos/442807401/medium.jpg,,,
179819,Rallus obsoletus levipes,Light-footed Rail,Aves,Light-footed Rail,32.5724361329,-117.1253838019,20.0,"Imperial Beach, CA, USA",2024-10-18,2024-10-18 13:17:00 UTC,Pacific Time (US & Canada),research,1,0,False,False,https://inaturalist-open-data.s3.amazonaws.com/photos/442974122/medium.jpeg,,saw and/or heard 6 individuals,
367475,Rallus obsoletus,Ridgway's Rail,Aves,Ridgway's Rail,33.0059361111,-117.267325,5.0,"San Elijo Lagoon Ecological Reserve, San Diego, California, United States",2016-01-26,2016-01-26 16:04:00 UTC,Pacific Time (US & Canada),research,1,0,False,False,https://static.inaturalist.org/photos/443054302/medium.jpeg,,,
367475,Rallus obsoletus,Ridgway's Rail,Aves,Ridgway's Rail,33.0110416667,-117.2762166667,,"Cardiff, CA 92007, USA",2024-10-13,2024-10-14 00:22:45 UTC,Pacific Time (US & Canada),research,1,0,False,False,https://inaturalist-open-data.s3.amazonaws.com/photos/443318773/medium.jpeg,,,
367475,Rallus obsoletus,Ridgway's Rail,Aves,Ridgway's Rail,32.7494789827,-117.2287457041,87.0,"Point Loma Heights, San Diego, CA, USA",2024-10-20,2024-10-20 14:16:00 UTC,Pacific Time (US & Canada),research,1,0,False,False,https://inaturalist-open-data.s3.amazonaws.com/photos/443727542/medium.jpeg,,,
367475,Rallus obsoletus,Ridgway's Rail,Aves,Ridgway's Rail,32.7547787207,-117.2496170576,850.0,"Ocean Beach Bike Path, San Diego, CA, US",2024-10-20,2024-10-20 09:33:43 UTC,Pacific Time (US & Canada),research,1,0,False,False,https://inaturalist-open-data.s3.amazonaws.com/photos/444126240/medium.jpeg,,,
367475,Rallus obsoletus,Ridgway's Rail,Aves,Ridgway's Rail,33.0100777833,-117.2769033333,4.0,"San Elijo Lagoon Ecological Reserve, Encinitas, CA, US",2024-10-18,2024-10-18 19:37:14 UTC,Pacific Time (US & Canada),research,1,0,False,False,https://inaturalist-open-data.s3.amazonaws.com/photos/444652854/medium.jpeg,,,
367475,Rallus obsoletus,Ridgway's Rail,Aves,Ridgway's Rail,33.0114026192,-117.2753607883,15.0,"Cardiff, Encinitas, CA 92007, USA",2024-10-23,2024-10-24 00:25:00 UTC,Pacific Time (US & Canada),research,1,0,False,False,https://inaturalist-open-data.s3.amazonaws.com/photos/444800846/medium.jpg,,,
179819,Rallus obsoletus levipes,Light-footed Rail,Aves,Light-footed Rail,32.6021166667,-117.1217638333,4.0,"San Diego Bay National Wildlife Refuge, Coronado, CA, US",2024-10-24,2024-10-24 15:22:43 UTC,Pacific Time (US & Canada),research,1,0,False,False,https://inaturalist-open-data.s3.amazonaws.com/photos/444812801/medium.jpeg,,,
367475,Rallus obsoletus,Ridgway's Rail,Aves,Ridgway's Rail,33.0109817636,-117.2752624025,418.0,"Cardiff, Encinitas, CA 92007, USA",2024-10-24,2024-10-25 01:02:00 UTC,Pacific Time (US & Canada),research,1,0,False,False,https://static.inaturalist.org/photos/444994761/medium.jpg,,,
367475,Rallus obsoletus,Ridgway's Rail,Aves,Ridgway's Rail,33.0109817636,-117.2752624025,418.0,"Cardiff, Encinitas, CA 92007, USA",2024-10-24,2024-10-25 00:47:00 UTC,Pacific Time (US & Canada),research,1,0,False,False,https://static.inaturalist.org/photos/444994894/medium.jpg,,,
367475,Rallus obsoletus,Ridgway's Rail,Aves,Ridgway's Rail,33.0109817636,-117.2752624025,418.0,"Cardiff, Encinitas, CA 92007, USA",2024-10-24,2024-10-25 01:23:00 UTC,Pacific Time (US & Canada),research,1,0,False,False,https://static.inaturalist.org/photos/444994987/medium.jpg,,,
367475,Rallus obsoletus,Ridgway's Rail,Aves,Ridgway's Rail,33.0095631975,-117.2569084087,309.0,"Encinitas, CA, USA",2024-10-24,2024-10-24 23:04:00 UTC,Pacific Time (US & Canada),research,1,0,False,False,https://static.inaturalist.org/photos/445171764/medium.jpg,,,
367475,Rallus obsoletus,Ridgway's Rail,Aves,Ridgway's Rail,32.5706146756,-117.1262000756,5.0,"Tijuana River National Estuarine Research Reserve; San Diego, California",2024-10-26,2024-10-26 16:05:00 UTC,Pacific Time (US & Canada),research,1,0,False,False,https://inaturalist-open-data.s3.amazonaws.com/photos/445500017/medium.jpeg,,,
367475,Rallus obsoletus,Ridgway's Rail,Aves,Ridgway's Rail,32.591125,-117.1138766667,,"Egger Highlands, San Diego, CA, USA",2024-10-27,2024-10-27 17:48:00 UTC,Pacific Time (US & Canada),research,3,0,False,False,https://inaturalist-open-data.s3.amazonaws.com/photos/445845703/medium.jpeg,,,
367475,Rallus obsoletus,Ridgway's Rail,Aves,Ridgway's Rail,32.5919799722,-117.1142799444,,"Egger Highlands, San Diego, CA, USA",2024-10-27,2024-10-27 17:55:00 UTC,Pacific Time (US & Canada),research,2,0,False,False,https://inaturalist-open-data.s3.amazonaws.com/photos/445846010/medium.jpeg,,,
179819,Rallus obsoletus levipes,Light-footed Rail,Aves,Light-footed Rail,32.5947554902,-117.0990661622,217.0,"Egger Highlands, San Diego, CA, USA",2024-10-27,2024-10-27 16:48:00 UTC,Pacific Time (US & Canada),research,2,0,False,False,https://inaturalist-open-data.s3.amazonaws.com/photos/445920112/medium.jpg,,,
367475,Rallus obsoletus,Ridgway's Rail,Aves,Ridgway's Rail,32.5910944444,-117.1138083333,,"Egger Highlands, San Diego, CA, USA",2024-10-27,2024-10-27 17:45:00 UTC,Pacific Time (US & Canada),research,2,0,False,False,https://inaturalist-open-data.s3.amazonaws.com/photos/446078615/medium.jpeg,,,
367475,Rallus obsoletus,Ridgway's Rail,Aves,Ridgway's Rail,32.594091129,-117.1097612008,244.0,"Egger Highlands, San Diego, CA, USA",2024-10-27,2024-10-27 17:51:00 UTC,Pacific Time (US & Canada),research,1,0,False,False,https://static.inaturalist.org/photos/446178925/medium.jpeg,,,
367475,Rallus obsoletus,Ridgway's Rail,Aves,Ridgway's Rail,33.0107,-117.2765166667,,"Cardiff, Encinitas, CA 92007, USA",2024-10-27,2024-10-27 23:51:36 UTC,Pacific Time (US & Canada),research,1,0,False,False,https://inaturalist-open-data.s3.amazonaws.com/photos/446433576/medium.jpeg,,,
179819,Rallus obsoletus levipes,Light-footed Rail,Aves,Light-footed Rail,32.5724397398,-117.1251974403,2.0,"Imperial Beach, CA, USA",2024-10-27,2024-10-27 15:56:00 UTC,Pacific Time (US & Canada),research,1,0,False,False,https://static.inaturalist.org/photos/446629786/medium.jpg,,,
367475,Rallus obsoletus,Ridgway's Rail,Aves,Ridgway's Rail,32.5924596252,-117.1029496206,217.0,"Egger Highlands, San Diego, CA, USA",2024-10-27,2024-10-27 16:47:00 UTC,Pacific Time (US & Canada),research,1,0,False,False,https://inaturalist-open-data.s3.amazonaws.com/photos/446697676/medium.jpg,,,
367475,Rallus obsoletus,Ridgway's Rail,Aves,Ridgway's Rail,32.5924596252,-117.1029496206,217.0,"Egger Highlands, San Diego, CA, USA",2024-10-27,2024-10-27 16:54:00 UTC,Pacific Time (US & Canada),research,1,0,False,False,https://inaturalist-open-data.s3.amazonaws.com/photos/446697715/medium.jpg,,,
367475,Rallus obsoletus,Ridgway's Rail,Aves,Ridgway's Rail,33.0910418962,-117.3020990046,4.0,"Carlsbad, CA, USA",2024-09-06,2024-09-06 23:35:00 UTC,Pacific Time (US & Canada),research,1,0,False,False,https://inaturalist-open-data.s3.amazonaws.com/photos/446944937/medium.jpeg,,,
367475,Rallus obsoletus,Ridgway's Rail,Aves,Ridgway's Rail,32.5895078883,-117.111667986,32.0,"Silver Strand Bike Path, San Diego, CA, US",2024-11-01,2024-11-01 16:52:36 UTC,Pacific Time (US & Canada),research,1,0,False,False,https://static.inaturalist.org/photos/447165641/medium.jpeg,,,
367475,Rallus obsoletus,Ridgway's Rail,Aves,Ridgway's Rail,32.977514502,-117.2461179896,242.0,"San Dieguito River Park, San Diego, CA, US",2024-11-03,2024-11-03 17:06:15 UTC,Pacific Time (US & Canada),research,1,0,False,False,https://inaturalist-open-data.s3.amazonaws.com/photos/447812003/medium.jpeg,,,
367475,Rallus obsoletus,Ridgway's Rail,Aves,Ridgway's Rail,33.0119333333,-117.2743611111,,"Cardiff, Encinitas, CA 92007, USA",2014-10-09,2014-10-09 18:00:00 UTC,Pacific Time (US & Canada),research,1,0,False,False,https://static.inaturalist.org/photos/447842666/medium.jpeg,,,
367475,Rallus obsoletus,Ridgway's Rail,Aves,Ridgway's Rail,33.0118703771,-117.2755783389,240.0,"San Elijo Lagoon, Encinitas, CA, US",2024-11-04,2024-11-04 20:42:00 UTC,Pacific Time (US & Canada),research,1,0,False,False,https://inaturalist-open-data.s3.amazonaws.com/photos/448012106/medium.jpeg,,,
367475,Rallus obsoletus,Ridgway's Rail,Aves,Ridgway's Rail,32.5734333333,-117.1254833333,,"Imperial Beach, CA, USA",2024-11-05,2024-11-05 16:13:46 UTC,Pacific Time (US & Canada),research,1,0,False,False,https://inaturalist-open-data.s3.amazonaws.com/photos/448280008/medium.jpeg,,,
367475,Rallus obsoletus,Ridgway's Rail,Aves,Ridgway's Rail,32.5699711939,-117.1262248749,5.0,"Tijuana River National Estuarine Research Reserve; San Diego, California",2024-11-09,2024-11-09 17:35:00 UTC,Pacific Time (US & Canada),research,1,0,False,False,https://inaturalist-open-data.s3.amazonaws.com/photos/449235268/medium.jpeg,,,
367475,Rallus obsoletus,Ridgway's Rail,Aves,Ridgway's Rail,33.0097074697,-117.2741792415,331.0,"Cardiff, Encinitas, CA 92007, USA",2024-11-03,2024-11-04 00:19:00 UTC,Pacific Time (US & Canada),research,2,0,False,False,https://inaturalist-open-data.s3.amazonaws.com/photos/449464811/medium.jpeg,,,
367475,Rallus obsoletus,Ridgway's Rail,Aves,Ridgway's Rail,33.0123812156,-117.2751046544,122.0,"San Elijo Lagoon Nature Center Trail, San Diego, CA",2024-11-11,2024-11-11 17:17:00 UTC,Pacific Time (US & Canada),research,1,0,False,False,https://inaturalist-open-data.s3.amazonaws.com/photos/449720838/medium.jpeg,,,
367475,Rallus obsoletus,Ridgway's Rail,Aves,Ridgway's Rail,33.0079568611,-117.2703986167,350.0,"San Elijo Lagoon, Encinitas, CA, US",2024-11-13,2024-11-13 19:54:47 UTC,Pacific Time (US & Canada),research,1,0,False,False,https://inaturalist-open-data.s3.amazonaws.com/photos/450364753/medium.jpeg,,,
367475,Rallus obsoletus,Ridgway's Rail,Aves,Ridgway's Rail,32.5702833333,-117.1264445,,"Tijuana Slough National Wildlife Refuge, Imperial Beach, CA, US",2024-11-15,2024-11-15 16:33:34 UTC,Pacific Time (US & Canada),research,1,0,False,False,https://static.inaturalist.org/photos/450667603/medium.jpeg,,,
367475,Rallus obsoletus,Ridgway's Rail,Aves,Ridgway's Rail,32.5764188753,-117.129568188,4.0,"Tijuana Slough National Wildlife Refuge, Imperial Beach, CA, US",2024-11-16,2024-11-16 19:31:18 UTC,Pacific Time (US & Canada),research,1,0,False,False,https://static.inaturalist.org/photos/450857771/medium.jpeg,,,
367475,Rallus obsoletus,Ridgway's Rail,Aves,Ridgway's Rail,32.5705588049,-117.1261670807,5.0,"Tijuana River National Estuarine Research Reserve; San Diego, California",2024-11-16,2024-11-16 17:44:00 UTC,Pacific Time (US & Canada),research,1,0,False,False,https://inaturalist-open-data.s3.amazonaws.com/photos/450921364/medium.jpeg,,,
367475,Rallus obsoletus,Ridgway's Rail,Aves,Ridgway's Rail,32.5705967094,-117.1259812922,5.0,"Tijuana River National Estuarine Research Reserve; San Diego, California",2024-11-16,2024-11-16 18:14:00 UTC,Pacific Time (US & Canada),research,1,0,False,False,https://inaturalist-open-data.s3.amazonaws.com/photos/450922259/medium.jpeg,,,
367475,Rallus obsoletus,Ridgway's Rail,Aves,Ridgway's Rail,32.5706805804,-117.125977413,5.0,"Tijuana River National Estuarine Research Reserve; San Diego, California",2024-11-16,2024-11-16 17:35:00 UTC,Pacific Time (US & Canada),research,2,0,False,False,https://inaturalist-open-data.s3.amazonaws.com/photos/450929100/medium.jpeg,,,
367475,Rallus obsoletus,Ridgway's Rail,Aves,Ridgway's Rail,32.5762112715,-117.1284224065,71.0,"Tijuana Slough National Wildlife Refuge, Imperial Beach, CA, US",2024-11-16,2024-11-16 19:33:03 UTC,Pacific Time (US & Canada),research,1,0,False,False,https://static.inaturalist.org/photos/450952323/medium.jpeg,,,
179819,Rallus obsoletus levipes,Light-footed Rail,Aves,Light-footed Rail,32.5764689693,-117.1292951405,40.0,"Tijuana Slough National Wildlife Refuge, Imperial Beach, CA, US",2024-11-16,2024-11-16 18:15:00 UTC,Pacific Time (US & Canada),research,1,0,False,False,https://static.inaturalist.org/photos/451087379/medium.jpeg,,,
367475,Rallus obsoletus,Ridgway's Rail,Aves,Ridgway's Rail,33.0111111167,-117.2770533333,,"San Elijo Lagoon, Encinitas, CA, US",2024-11-17,2024-11-17 16:50:08 UTC,Pacific Time (US & Canada),research,1,0,False,False,https://static.inaturalist.org/photos/451407986/medium.jpeg,,,
367475,Rallus obsoletus,Ridgway's Rail,Aves,Ridgway's Rail,32.5707663374,-117.1258414386,15.0,"Imperial Beach, CA, USA",2024-11-16,2024-11-16 16:44:00 UTC,Pacific Time (US & Canada),research,1,0,False,False,https://inaturalist-open-data.s3.amazonaws.com/photos/451485112/medium.jpg,,,
367475,Rallus obsoletus,Ridgway's Rail,Aves,Ridgway's Rail,32.5708286444,-117.1263135074,75.0,"Imperial Beach, CA, USA",2024-11-16,2024-11-16 16:54:00 UTC,Pacific Time (US & Canada),research,1,0,False,False,https://inaturalist-open-data.s3.amazonaws.com/photos/451487496/medium.jpg,,,
367475,Rallus obsoletus,Ridgway's Rail,Aves,Ridgway's Rail,32.5708286444,-117.1263135074,75.0,"Imperial Beach, CA, USA",2024-11-16,2024-11-16 16:56:00 UTC,Pacific Time (US & Canada),research,1,0,False,False,https://inaturalist-open-data.s3.amazonaws.com/photos/451487497/medium.jpg,,,
367475,Rallus obsoletus,Ridgway's Rail,Aves,Ridgway's Rail,32.5719120255,-117.1251708864,4.0,"Imperial Beach, CA, USA",2024-11-16,2024-11-16 17:24:00 UTC,Pacific Time (US & Canada),research,1,0,False,False,https://inaturalist-open-data.s3.amazonaws.com/photos/451488962/medium.jpg,,,
367475,Rallus obsoletus,Ridgway's Rail,Aves,Ridgway's Rail,32.5762633333,-117.1286933333,,"Imperial Beach, CA, USA",2024-11-16,2024-11-16 18:44:00 UTC,Pacific Time (US & Canada),research,1,0,False,False,https://static.inaturalist.org/photos/451679596/medium.jpg,,,
367475,Rallus obsoletus,Ridgway's Rail,Aves,Ridgway's Rail,33.0105888833,-117.2771833333,4.0,"San Elijo Lagoon Ecological Reserve, Encinitas, CA, US",2024-11-20,2024-11-20 22:48:53 UTC,Pacific Time (US & Canada),research,1,0,False,False,https://static.inaturalist.org/photos/452103559/medium.jpeg,,"1 of 2, calling to each other ",
367475,Rallus obsoletus,Ridgway's Rail,Aves,Ridgway's Rail,33.0104027833,-117.277,4.0,"San Elijo Lagoon Ecological Reserve, Encinitas, CA, US",2024-11-20,2024-11-20 22:42:57 UTC,Pacific Time (US & Canada),research,1,0,False,False,https://static.inaturalist.org/photos/452103601/medium.jpeg,,"1 of 2, calling to each other ",
367475,Rallus obsoletus,Ridgway's Rail,Aves,Ridgway's Rail,33.1688648994,-117.3567040265,9.0,"Camp Pendleton North, CA 92054, USA",2024-11-23,2024-11-23 17:29:39 UTC,Pacific Time (US & Canada),research,2,0,False,False,https://static.inaturalist.org/photos/452578196/medium.jpeg,,,
367475,Rallus obsoletus,Ridgway's Rail,Aves,Ridgway's Rail,33.0123812156,-117.2751046544,122.0,"San Elijo Lagoon Nature Center Trail, San Diego, CA",2024-11-24,2024-11-25 03:55:00 UTC,Pacific Time (US & Canada),research,1,0,False,False,https://inaturalist-open-data.s3.amazonaws.com/photos/452845519/medium.jpeg,,,
367475,Rallus obsoletus,Ridgway's Rail,Aves,Light-footed Rail,32.5603133333,-117.1266916667,1.0,"Tijuana Slough National Wildlife Refuge, Imperial Beach, CA, US",2024-11-30,2024-11-30 18:17:40 UTC,Pacific Time (US & Canada),research,3,0,False,False,https://inaturalist-open-data.s3.amazonaws.com/photos/454268627/medium.jpeg,,,
367475,Rallus obsoletus,Ridgway's Rail,Aves,Ridgway's Rail,33.0095440315,-117.2761455734,390.0,"San Elijo Lagoon, Encinitas, CA, US",2024-12-01,2024-12-01 23:38:59 UTC,Pacific Time (US & Canada),research,1,0,False,False,https://inaturalist-open-data.s3.amazonaws.com/photos/454554403/medium.jpeg,,,
367475,Rallus obsoletus,Ridgway's Rail,Aves,Ridgway's Rail,32.57262,-117.12534,20.0,"Imperial Beach, CA, USA",2024-12-01,2024-12-01 18:08:00 UTC,Pacific Time (US & Canada),research,3,0,False,False,https://inaturalist-open-data.s3.amazonaws.com/photos/454696478/medium.jpeg,,,
367475,Rallus obsoletus,Ridgway's Rail,Aves,Ridgway's Rail,33.012672406,-117.274245401,224.0,"San Elijo Lagoon Ecological Reserve, Encinitas, CA, US",2024-12-07,2024-12-07 19:33:26 UTC,Pacific Time (US & Canada),research,1,0,False,False,https://static.inaturalist.org/photos/455728721/medium.jpg,,,
367475,Rallus obsoletus,Ridgway's Rail,Aves,Ridgway's Rail,32.5995314996,-117.1072095903,488.0,"Egger Highlands, San Diego, CA, USA",2024-10-27,2024-10-27 17:51:00 UTC,Pacific Time (US & Canada),research,1,0,False,False,https://static.inaturalist.org/photos/456501750/medium.jpeg,,,
367475,Rallus obsoletus,Ridgway's Rail,Aves,Ridgway's Rail,33.0105666667,-117.2767333333,14.0,"Cardiff, Encinitas, CA 92007, USA",2024-12-07,2024-12-07 20:07:00 UTC,Pacific Time (US & Canada),research,1,0,False,False,https://inaturalist-open-data.s3.amazonaws.com/photos/456916279/medium.jpeg,,,
367475,Rallus obsoletus,Ridgway's Rail,Aves,Ridgway's Rail,33.0077277778,-117.2762305556,8.0,"Cardiff, Encinitas, CA 92007, USA",2024-12-07,2024-12-07 20:30:00 UTC,Pacific Time (US & Canada),research,2,0,False,False,https://inaturalist-open-data.s3.amazonaws.com/photos/456916590/medium.jpeg,,,
367475,Rallus obsoletus,Ridgway's Rail,Aves,Ridgway's Rail,32.5765066947,-117.1301930816,43.0,"Tijuana Slough National Wildlife Refuge, Imperial Beach, CA, US",2024-12-14,2024-12-14 14:07:35 UTC,Pacific Time (US & Canada),research,1,0,False,False,,https://static.inaturalist.org/sounds/1267162.m4a?1734185268,,
367475,Rallus obsoletus,Ridgway's Rail,Aves,Ridgway's Rail,32.6388214661,-117.1118387256,15.0,"Chula Vista, CA, USA",2024-09-29,2024-09-30 00:41:00 UTC,Pacific Time (US & Canada),research,2,0,False,False,https://inaturalist-open-data.s3.amazonaws.com/photos/457408901/medium.jpeg,,,
367475,Rallus obsoletus,Ridgway's Rail,Aves,Ridgway's Rail,32.5730400512,-117.1263732363,280.0,Tijuana Slough NWR,2024-11-17,2024-11-17 19:21:00 UTC,Pacific Time (US & Canada),research,1,0,False,False,https://inaturalist-open-data.s3.amazonaws.com/photos/457785501/medium.jpeg,,,
367475,Rallus obsoletus,Ridgway's Rail,Aves,Ridgway's Rail,32.5722046755,-117.1257167382,39.0,"Tijuana Slough National Wildlife Refuge, Imperial Beach, CA, US",2024-12-14,2024-12-14 19:40:55 UTC,Pacific Time (US & Canada),research,2,0,False,False,https://static.inaturalist.org/photos/457920615/medium.jpg,,Two Ridgway’s Rails running for their lives,
367475,Rallus obsoletus,Ridgway's Rail,Aves,Ridgway's Rail,32.5703857686,-117.1263869045,5.0,"Tijuana River National Estuarine Research Reserve; San Diego, California",2024-12-15,2024-12-15 17:31:00 UTC,Pacific Time (US & Canada),research,1,0,False,False,https://inaturalist-open-data.s3.amazonaws.com/photos/458146292/medium.jpeg,,,
367475,Rallus obsoletus,Ridgway's Rail,Aves,Ridgway's Rail,32.5591114912,-117.1071172843,2340.0,"Imperial Beach, CA, USA",2024-12-20,2024-12-20 17:47:00 UTC,Pacific Time (US & Canada),research,1,0,False,False,https://inaturalist-open-data.s3.amazonaws.com/photos/458373181/medium.jpeg,,,
367475,Rallus obsoletus,Ridgway's Rail,Aves,Ridgway's Rail,32.5001620144,-117.0999817833,41.0,United States,2024-12-01,2024-12-01 20:26:00 UTC,Pacific Time (US & Canada),research,1,0,False,True,https://static.inaturalist.org/photos/458757855/medium.jpg,,,
367475,Rallus obsoletus,Ridgway's Rail,Aves,Ridgway's Rail,33.0124443333,-117.27498485,,"Cardiff, Encinitas, CA 92007, USA",2024-03-03,2024-03-03 17:38:00 UTC,Pacific Time (US & Canada),research,2,0,False,False,https://inaturalist-open-data.s3.amazonaws.com/photos/458765946/medium.jpg,,,
367475,Rallus obsoletus,Ridgway's Rail,Aves,Ridgway's Rail,33.008744,-117.27653745,,"Cardiff, Encinitas, CA 92007, USA",2024-03-03,2024-03-03 17:54:00 UTC,Pacific Time (US & Canada),research,2,0,False,False,https://inaturalist-open-data.s3.amazonaws.com/photos/458765973/medium.jpg,,,
179819,Rallus obsoletus levipes,Light-footed Rail,Aves,Light-footed Rail,32.5733703694,-117.1254717583,,"Imperial Beach, CA, USA",2024-12-28,2024-12-28 20:07:03 UTC,Pacific Time (US & Canada),research,1,0,False,False,https://inaturalist-open-data.s3.amazonaws.com/photos/459994783/medium.jpeg,,,
367475,Rallus obsoletus,Ridgway's Rail,Aves,Ridgway's Rail,32.5718597674,-117.1251619639,122.0,"Imperial Beach, CA, USA",2024-12-27,2024-12-27 19:17:00 UTC,Pacific Time (US & Canada),research,1,0,False,False,https://inaturalist-open-data.s3.amazonaws.com/photos/460770846/medium.jpeg,,,
179819,Rallus obsoletus levipes,Light-footed Rail,Aves,Light-footed Rail,32.5702666667,-117.1262416667,,"Imperial Beach, CA, USA",2025-01-05,2025-01-06 00:21:00 UTC,Pacific Time (US & Canada),research,1,0,False,False,https://inaturalist-open-data.s3.amazonaws.com/photos/462032568/medium.jpeg,,,
179819,Rallus obsoletus levipes,Light-footed Rail,Aves,Light-footed Rail,32.5701361111,-117.1266416667,,"Imperial Beach, CA, USA",2025-01-05,2025-01-06 00:23:00 UTC,Pacific Time (US & Canada),research,1,0,False,False,https://inaturalist-open-data.s3.amazonaws.com/photos/462037074/medium.jpeg,,,
367475,Rallus obsoletus,Ridgway's Rail,Aves,Ridgway's Rail,32.7542283333,-117.2464666667,36.0,"W Point Loma Blvd, San Diego, CA, US",2025-01-07,2025-01-07 16:52:29 UTC,Pacific Time (US & Canada),research,1,0,False,False,https://inaturalist-open-data.s3.amazonaws.com/photos/532557410/medium.jpg,,,
367475,Rallus obsoletus,Ridgway's Rail,Aves,Ridgway's Rail,32.5698231077,-117.1268174975,123.0,"Tijuana Slough National Wildlife Refuge, Imperial Beach, CA, US",2025-01-10,2025-01-11 00:57:15 UTC,Pacific Time (US & Canada),research,1,0,False,False,,https://static.inaturalist.org/sounds/1283522.m4a?1736557039,,
179819,Rallus obsoletus levipes,Light-footed Rail,Aves,Light-footed Rail,32.57099584,-117.1274939033,160.0,"Tijuana Slough National Wildlife Refuge, Imperial Beach, CA, US",2025-01-10,2025-01-11 00:59:15 UTC,Pacific Time (US & Canada),research,2,0,False,False,,https://static.inaturalist.org/sounds/1283524.m4a?1736557160,,
367475,Rallus obsoletus,Ridgway's Rail,Aves,Ridgway's Rail,32.5886299444,-117.1071933333,,"Egger Highlands, San Diego, CA, USA",2025-01-12,2025-01-12 19:02:00 UTC,Pacific Time (US & Canada),research,1,0,False,False,https://inaturalist-open-data.s3.amazonaws.com/photos/463424560/medium.jpeg,,,
367475,Rallus obsoletus,Ridgway's Rail,Aves,Ridgway's Rail,32.5747886473,-117.1262945607,229.0,"Imperial Beach, CA, USA",2025-01-12,2025-01-12 21:37:07 UTC,Pacific Time (US & Canada),research,1,0,False,False,https://static.inaturalist.org/photos/463460170/medium.jpeg,,,
367475,Rallus obsoletus,Ridgway's Rail,Aves,Ridgway's Rail,32.57337,-117.1254888333,10.0,"Tijuana Slough National Wildlife Refuge, Imperial Beach, CA, US",2025-01-12,2025-01-12 19:59:24 UTC,Pacific Time (US & Canada),research,2,0,False,False,https://static.inaturalist.org/photos/463474200/medium.jpg,,,
367475,Rallus obsoletus,Ridgway's Rail,Aves,Ridgway's Rail,32.5877111111,-117.1082388889,,"Imperial Beach, CA, USA",2025-01-12,2025-01-12 18:59:00 UTC,Pacific Time (US & Canada),research,2,0,False,False,https://inaturalist-open-data.s3.amazonaws.com/photos/463629713/medium.jpeg,,,
367475,Rallus obsoletus,Ridgway's Rail,Aves,Ridgway's Rail,32.588775,-117.1097888889,,"Imperial Beach, CA, USA",2025-01-12,2025-01-12 19:00:00 UTC,Pacific Time (US & Canada),research,2,0,False,False,https://inaturalist-open-data.s3.amazonaws.com/photos/463630866/medium.jpeg,,When viewed here appeared to be drinking runoff water from drainage pipe.,
367475,Rallus obsoletus,Ridgway's Rail,Aves,Ridgway's Rail,32.588573,-117.107071,,"Egger Highlands, San Diego, CA, USA",2025-01-12,2025-01-12 19:01:00 UTC,Pacific Time (US & Canada),research,1,0,False,False,https://inaturalist-open-data.s3.amazonaws.com/photos/463856204/medium.jpg,,,
367475,Rallus obsoletus,Ridgway's Rail,Aves,Ridgway's Rail,32.5732607597,-117.1252998967,5.0,"Tijuana River National Estuarine Research Reserve; San Diego, California",2025-01-11,2025-01-11 17:45:00 UTC,Pacific Time (US & Canada),research,1,0,False,False,https://inaturalist-open-data.s3.amazonaws.com/photos/464018742/medium.jpeg,,,
367475,Rallus obsoletus,Ridgway's Rail,Aves,Ridgway's Rail,32.5701463149,-117.1258471519,5.0,"Tijuana River National Estuarine Research Reserve; San Diego, California",2025-01-01,2025-01-01 17:16:00 UTC,Pacific Time (US & Canada),research,1,0,False,False,https://inaturalist-open-data.s3.amazonaws.com/photos/464209601/medium.jpeg,,,
367475,Rallus obsoletus,Ridgway's Rail,Aves,Ridgway's Rail,33.0098194699,-117.2776547217,8.0,"Cardiff, Encinitas, CA 92007, USA",2024-11-24,2024-11-24 21:25:00 UTC,Pacific Time (US & Canada),research,1,0,False,False,https://inaturalist-open-data.s3.amazonaws.com/photos/466006271/medium.jpeg,,,
367475,Rallus obsoletus,Ridgway's Rail,Aves,Ridgway's Rail,33.0098194699,-117.2776547217,8.0,"Cardiff, Encinitas, CA 92007, USA",2024-11-29,2024-11-29 20:07:00 UTC,Pacific Time (US & Canada),research,2,0,False,False,https://inaturalist-open-data.s3.amazonaws.com/photos/466006272/medium.jpeg,,,
367475,Rallus obsoletus,Ridgway's Rail,Aves,Ridgway's Rail,33.0107924976,-117.2767661341,8.0,"Cardiff, Encinitas, CA 92007, USA",2024-10-31,2024-10-31 15:46:00 UTC,Pacific Time (US & Canada),research,1,0,False,False,https://inaturalist-open-data.s3.amazonaws.com/photos/466187275/medium.jpeg,,,
367475,Rallus obsoletus,Ridgway's Rail,Aves,Ridgway's Rail,33.0107924976,-117.2767661341,8.0,"Cardiff, Encinitas, CA 92007, USA",2024-10-31,2024-10-31 15:53:00 UTC,Pacific Time (US & Canada),research,1,0,False,False,https://inaturalist-open-data.s3.amazonaws.com/photos/466187331/medium.jpeg,,,
367475,Rallus obsoletus,Ridgway's Rail,Aves,Ridgway's Rail,33.0107924976,-117.2767661341,8.0,"Cardiff, Encinitas, CA 92007, USA",2024-10-31,2024-10-31 15:53:00 UTC,Pacific Time (US & Canada),research,1,0,False,False,https://inaturalist-open-data.s3.amazonaws.com/photos/466187288/medium.jpeg,,,
367475,Rallus obsoletus,Ridgway's Rail,Aves,Ridgway's Rail,33.0107924976,-117.2767661341,8.0,"Cardiff, Encinitas, CA 92007, USA",2024-10-31,2024-10-31 15:56:00 UTC,Pacific Time (US & Canada),research,1,0,False,False,https://inaturalist-open-data.s3.amazonaws.com/photos/466187324/medium.jpeg,,,
367475,Rallus obsoletus,Ridgway's Rail,Aves,Ridgway's Rail,33.0107256788,-117.2767508711,8.0,"Cardiff, Encinitas, CA 92007, USA",2024-11-06,2024-11-06 17:45:00 UTC,Pacific Time (US & Canada),research,1,0,False,False,https://inaturalist-open-data.s3.amazonaws.com/photos/466189561/medium.jpeg,,,
367475,Rallus obsoletus,Ridgway's Rail,Aves,Ridgway's Rail,33.0107256788,-117.2767508711,8.0,"Cardiff, Encinitas, CA 92007, USA",2024-11-06,2024-11-06 16:48:00 UTC,Pacific Time (US & Canada),research,1,0,False,False,https://inaturalist-open-data.s3.amazonaws.com/photos/466189560/medium.jpeg,,,
367475,Rallus obsoletus,Ridgway's Rail,Aves,Ridgway's Rail,33.0107256788,-117.2767508711,8.0,"Cardiff, Encinitas, CA 92007, USA",2024-11-06,2024-11-06 16:47:00 UTC,Pacific Time (US & Canada),research,1,0,False,False,https://inaturalist-open-data.s3.amazonaws.com/photos/466189563/medium.jpeg,,,
367475,Rallus obsoletus,Ridgway's Rail,Aves,Ridgway's Rail,33.0107162816,-117.2767535565,8.0,"Cardiff, Encinitas, CA 92007, USA",2024-11-26,2024-11-26 18:25:00 UTC,Pacific Time (US & Canada),research,1,0,False,False,https://inaturalist-open-data.s3.amazonaws.com/photos/466203615/medium.jpeg,,,
367475,Rallus obsoletus,Ridgway's Rail,Aves,Ridgway's Rail,33.0107162816,-117.2767535565,8.0,"Cardiff, Encinitas, CA 92007, USA",2024-11-26,2024-11-26 18:24:00 UTC,Pacific Time (US & Canada),research,1,0,False,False,https://inaturalist-open-data.s3.amazonaws.com/photos/466203627/medium.jpeg,,,
367475,Rallus obsoletus,Ridgway's Rail,Aves,Ridgway's Rail,32.5609824277,-117.102279367,2886.0,"Tijuana Slough National Wildlife Refuge, Imperial Beach, CA, US",2025-01-27,2025-01-27 20:11:19 UTC,Pacific Time (US & Canada),research,1,0,False,False,https://inaturalist-open-data.s3.amazonaws.com/photos/466431990/medium.jpg,,,
367475,Rallus obsoletus,Ridgway's Rail,Aves,Ridgway's Rail,32.569637,-117.1269263,376.0,"Tijuana River Estuary, 301 Caspian Wy, Imperial Beach, CA 91932, USA",2025-01-29,2025-01-29 20:51:00 UTC,Pacific Time (US & Canada),research,1,0,False,False,https://inaturalist-open-data.s3.amazonaws.com/photos/466889368/medium.jpeg,,,
367475,Rallus obsoletus,Ridgway's Rail,Aves,Ridgway's Rail,32.7568494918,-117.2401253275,244.0,"San Diego River Mudflats,Ocean Beach, San Diego, CA, USA",2025-01-30,2025-01-30 18:13:00 UTC,Pacific Time (US & Canada),research,1,0,False,False,https://inaturalist-open-data.s3.amazonaws.com/photos/467031410/medium.jpeg,,,
367475,Rallus obsoletus,Ridgway's Rail,Aves,Ridgway's Rail,32.57333733,-117.12550204,5.0,"Imperial Beach, CA, USA",2025-02-07,2025-02-07 16:44:57 UTC,Pacific Time (US & Canada),research,3,0,False,False,https://inaturalist-open-data.s3.amazonaws.com/photos/468636863/medium.jpeg,,,
367475,Rallus obsoletus,Ridgway's Rail,Aves,Ridgway's Rail,32.574803339,-117.1263019368,228.0,"Imperial Beach, CA, USA",2025-02-07,2025-02-07 22:49:52 UTC,Pacific Time (US & Canada),research,2,0,False,False,https://static.inaturalist.org/photos/468696292/medium.jpeg,,,
367475,Rallus obsoletus,Ridgway's Rail,Aves,Ridgway's Rail,32.7554,-117.2436,4.0,"Ocean Beach Estuary, San Diego, CA, USA",2025-01-29,2025-01-29 19:33:00 UTC,Pacific Time (US & Canada),research,1,0,False,False,https://inaturalist-open-data.s3.amazonaws.com/photos/470116342/medium.jpg,,,
367475,Rallus obsoletus,Ridgway's Rail,Aves,Ridgway's Rail,33.0110294567,-117.2761995955,8.0,"Cardiff, Encinitas, CA 92007, USA",2025-02-16,2025-02-16 19:31:00 UTC,Pacific Time (US & Canada),research,1,0,False,False,https://inaturalist-open-data.s3.amazonaws.com/photos/470685855/medium.png,,,
367475,Rallus obsoletus,Ridgway's Rail,Aves,Ridgway's Rail,32.5734116667,-117.1254866667,,"Imperial Beach, CA, USA",2025-02-11,2025-02-11 17:42:00 UTC,Pacific Time (US & Canada),research,4,0,False,False,https://static.inaturalist.org/photos/471921781/medium.jpg,,,
367475,Rallus obsoletus,Ridgway's Rail,Aves,Ridgway's Rail,32.5702866781,-117.1261762284,4.0,"Imperial Beach, CA, USA",2014-05-31,2014-05-31 23:26:00 UTC,Pacific Time (US & Canada),research,1,0,False,False,https://static.inaturalist.org/photos/472157541/medium.jpeg,,,
179819,Rallus obsoletus levipes,Light-footed Rail,Aves,Light-footed Rail,32.57053472,-117.126310654,54.0,"Tijuana River Valley, San Diego, CA, USA",2025-02-25,,Pacific Time (US & Canada),research,1,0,False,False,https://inaturalist-open-data.s3.amazonaws.com/photos/472626168/medium.jpeg,https://static.inaturalist.org/sounds/1316970.mp3?1740527127,,
367475,Rallus obsoletus,Ridgway's Rail,Aves,Ridgway's Rail,32.5652956901,-117.1233170242,55.0,"Tijuana Slough National Wildlife Refuge, San Diego County, US-CA, US",2025-02-26,2025-02-27 02:01:39 UTC,Pacific Time (US & Canada),research,1,0,False,False,,https://static.inaturalist.org/sounds/1317856.m4a?1740629452,,
179819,Rallus obsoletus levipes,Light-footed Rail,Aves,Light-footed Rail,32.5708566667,-117.1229716667,,"Imperial Beach, CA, USA",2025-02-26,2025-02-26 21:48:35 UTC,Pacific Time (US & Canada),research,1,0,False,False,https://inaturalist-open-data.s3.amazonaws.com/photos/473976837/medium.jpeg,,,
367475,Rallus obsoletus,Ridgway's Rail,Aves,Ridgway's Rail,32.5554962157,-117.1190371824,2510.0,"Imperial Beach, CA, USA",2023-04-25,,Pacific Time (US & Canada),research,1,0,False,False,,https://static.inaturalist.org/sounds/1326111.wav?1741414660,,
179819,Rallus obsoletus levipes,Light-footed Rail,Aves,Light-footed Rail,32.5724274895,-117.1254096284,2.0,"Imperial Beach, CA, USA",2022-12-23,2022-12-23 17:59:00 UTC,Pacific Time (US & Canada),research,1,0,False,False,https://static.inaturalist.org/photos/475078139/medium.jpg,,King tide. ,
367475,Rallus obsoletus,Ridgway's Rail,Aves,Ridgway's Rail,32.5734221209,-117.1256105258,15.0,"Imperial Beach, CA, USA",2025-03-02,2025-03-02 15:49:00 UTC,Pacific Time (US & Canada),research,1,0,False,False,https://static.inaturalist.org/photos/475465229/medium.jpg,,,
367475,Rallus obsoletus,Ridgway's Rail,Aves,Ridgway's Rail,32.5730533333,-117.125375,14.0,"Tijuana Slough National Wildlife Refuge, Imperial Beach, CA, US",2025-03-07,2025-03-07 21:47:38 UTC,Pacific Time (US & Canada),research,1,0,False,False,https://static.inaturalist.org/photos/475572582/medium.jpg,,,
367475,Rallus obsoletus,Ridgway's Rail,Aves,Ridgway's Rail,32.5701168745,-117.1261153133,5.0,"Tijuana River National Estuarine Research Reserve; San Diego, California",2025-03-15,2025-03-15 14:42:00 UTC,Pacific Time (US & Canada),research,1,0,False,False,https://inaturalist-open-data.s3.amazonaws.com/photos/476870795/medium.jpeg,,,
367475,Rallus obsoletus,Ridgway's Rail,Aves,Ridgway's Rail,32.5702666667,-117.1266555556,,"Imperial Beach, CA, USA",2025-03-21,2025-03-21 15:49:00 UTC,Pacific Time (US & Canada),research,1,0,False,False,https://inaturalist-open-data.s3.amazonaws.com/photos/478413287/medium.jpeg,,ridgway's rail,
367475,Rallus obsoletus,Ridgway's Rail,Aves,Ridgway's Rail,32.5714343861,-117.1257496299,70.0,"Tijuana Slough National Wildlife Refuge, Imperial Beach, CA, US",2025-03-27,2025-03-27 17:35:18 UTC,Pacific Time (US & Canada),research,1,0,False,False,https://inaturalist-open-data.s3.amazonaws.com/photos/480230162/medium.jpg,,,
367475,Rallus obsoletus,Ridgway's Rail,Aves,Ridgway's Rail,33.0125893956,-117.2752976057,7.0,"Cardiff, Encinitas, CA 92007, USA",2025-03-20,2025-03-20 15:04:00 UTC,Pacific Time (US & Canada),research,1,0,False,False,https://static.inaturalist.org/photos/480528767/medium.jpeg,,,
367475,Rallus obsoletus,Ridgway's Rail,Aves,Ridgway's Rail,32.5696716667,-117.1269388333,3.0,"Tijuana Slough National Wildlife Refuge, Imperial Beach, CA, US",2025-03-21,2025-03-22 01:20:26 UTC,Pacific Time (US & Canada),research,1,0,False,False,https://inaturalist-open-data.s3.amazonaws.com/photos/480947511/medium.jpg,,,
367475,Rallus obsoletus,Ridgway's Rail,Aves,Ridgway's Rail,32.5713805556,-117.1261194444,,"Imperial Beach, CA, USA",2025-03-19,2025-03-20 00:08:00 UTC,Pacific Time (US & Canada),research,2,0,False,False,https://static.inaturalist.org/photos/481843236/medium.jpeg,,,
367475,Rallus obsoletus,Ridgway's Rail,Aves,Ridgway's Rail,33.0114738058,-117.2740983534,338.0,"Cardiff, Encinitas, CA 92007, USA",2025-04-06,2025-04-06 20:11:00 UTC,Pacific Time (US & Canada),research,2,0,False,False,https://static.inaturalist.org/photos/484002980/medium.jpg,,,
367475,Rallus obsoletus,Ridgway's Rail,Aves,Ridgway's Rail,32.5701843086,-117.1259200949,14.0,"Tijuana Slough National Wildlife Refuge, Imperial Beach, CA, US",2025-04-08,2025-04-08 22:53:06 UTC,Pacific Time (US & Canada),research,3,0,False,False,https://inaturalist-open-data.s3.amazonaws.com/photos/484341716/medium.jpg,,,
367475,Rallus obsoletus,Ridgway's Rail,Aves,Ridgway's Rail,32.572526276,-117.1253273518,5.0,"Tijuana River National Estuarine Research Reserve; San Diego, California",2025-04-11,2025-04-11 13:35:00 UTC,Pacific Time (US & Canada),research,2,0,False,False,https://inaturalist-open-data.s3.amazonaws.com/photos/485301058/medium.jpeg,,,
367475,Rallus obsoletus,Ridgway's Rail,Aves,Ridgway's Rail,32.572520695,-117.1252646493,5.0,"Tijuana River National Estuarine Research Reserve; San Diego, California",2025-04-11,2025-04-11 13:38:00 UTC,Pacific Time (US & Canada),research,1,0,False,False,https://inaturalist-open-data.s3.amazonaws.com/photos/485301214/medium.jpeg,,,
367475,Rallus obsoletus,Ridgway's Rail,Aves,Ridgway's Rail,33.0122916667,-117.2751466667,11.0,"San Elijo Lagoon Ecological Reserve, Encinitas, CA, US",2025-04-13,2025-04-13 18:13:07 UTC,Pacific Time (US & Canada),research,3,0,False,False,https://static.inaturalist.org/photos/486129574/medium.jpg,,,
367475,Rallus obsoletus,Ridgway's Rail,Aves,Ridgway's Rail,32.5700984687,-117.125416941,5.0,"Tijuana River National Estuarine Research Reserve; San Diego, California",2025-04-18,2025-04-18 14:24:00 UTC,Pacific Time (US & Canada),research,1,0,False,False,https://inaturalist-open-data.s3.amazonaws.com/photos/487948053/medium.jpeg,,,
367475,Rallus obsoletus,Ridgway's Rail,Aves,Ridgway's Rail,32.5702688429,-117.1261138469,48.0,"Imperial Beach, CA, USA",2025-04-18,2025-04-18 19:54:09 UTC,Pacific Time (US & Canada),research,1,0,False,False,https://inaturalist-open-data.s3.amazonaws.com/photos/488325739/medium.jpeg,,,
367475,Rallus obsoletus,Ridgway's Rail,Aves,Ridgway's Rail,32.572805,-117.1254730997,,"Imperial Beach, CA, USA",2025-04-21,2025-04-21 15:42:01 UTC,Pacific Time (US & Canada),research,1,0,False,False,https://inaturalist-open-data.s3.amazonaws.com/photos/489296230/medium.jpeg,,,
367475,Rallus obsoletus,Ridgway's Rail,Aves,Ridgway's Rail,32.5739638889,-117.1318111111,,"Imperial Beach, CA, USA",2025-04-21,2025-04-21 20:31:50 UTC,Pacific Time (US & Canada),research,1,0,False,False,https://static.inaturalist.org/photos/489423002/medium.jpeg,,,
179819,Rallus obsoletus levipes,Light-footed Rail,Aves,Light-footed Rail,32.5666310697,-117.1312124919,5.0,"Imperial Beach, California",2025-04-23,2025-04-23 18:54:00 UTC,Pacific Time (US & Canada),research,3,0,False,False,https://inaturalist-open-data.s3.amazonaws.com/photos/490874811/medium.jpeg,,,
367475,Rallus obsoletus,Ridgway's Rail,Aves,Ridgway's Rail,32.57276,-117.1317983333,,"Imperial Beach, CA, USA",2025-03-01,2025-03-01 15:19:00 UTC,Pacific Time (US & Canada),research,2,0,False,False,https://inaturalist-open-data.s3.amazonaws.com/photos/491778773/medium.jpg,,,
367475,Rallus obsoletus,Ridgway's Rail,Aves,Ridgway's Rail,32.7565048849,-117.2464871825,3.0,"Ocean Beach Dog Beach, San Diego, CA, US",2025-04-26,2025-04-26 16:09:54 UTC,Pacific Time (US & Canada),casual,1,0,False,False,,,,
367475,Rallus obsoletus,Ridgway's Rail,Aves,,32.7565125889,-117.2464628891,6.0,"San Diego, CA, US",2025-04-26,2025-04-26 16:10:24 UTC,Pacific Time (US & Canada),casual,0,0,False,False,,,,
367475,Rallus obsoletus,Ridgway's Rail,Aves,Ridgway's Rail,32.795804689,-117.2306296935,34.0,"Mission Bay Park, San Diego, CA, US",2025-04-26,2025-04-26 17:33:22 UTC,Pacific Time (US & Canada),research,1,0,False,False,https://inaturalist-open-data.s3.amazonaws.com/photos/492640954/medium.jpg,,,
367475,Rallus obsoletus,Ridgway's Rail,Aves,Ridgway's Rail,32.7956659474,-117.2296182195,6.0,"Northern Wildlife Preserve, San Diego, CA, US",2025-04-26,2025-04-26 17:35:18 UTC,Pacific Time (US & Canada),research,1,0,False,False,https://inaturalist-open-data.s3.amazonaws.com/photos/492643130/medium.jpg,,,
367475,Rallus obsoletus,Ridgway's Rail,Aves,Ridgway's Rail,32.5703083333,-117.1264416667,4.0,"Tijuana Slough National Wildlife Refuge, Imperial Beach, CA, US",2025-04-26,2025-04-26 17:18:27 UTC,Pacific Time (US & Canada),research,1,0,False,False,https://inaturalist-open-data.s3.amazonaws.com/photos/493084138/medium.jpg,,,
179819,Rallus obsoletus levipes,Light-footed Rail,Aves,Light-footed Rail,32.5747887,-117.1262946,229.0,"Tijuana Slough National Wildlife Refuge, 301 Caspian Wy, Imperial Beach, CA 91932, USA",2025-04-26,2025-04-26 17:26:00 UTC,Pacific Time (US & Canada),research,1,0,False,False,https://static.inaturalist.org/photos/493278821/medium.jpeg,,,
367475,Rallus obsoletus,Ridgway's Rail,Aves,Ridgway's Rail,32.5702962264,-117.1264603237,7.0,"Tijuana Slough National Wildlife Refuge, Imperial Beach, CA, US",2025-04-26,2025-04-26 18:05:29 UTC,Pacific Time (US & Canada),research,2,0,False,False,https://static.inaturalist.org/photos/493714419/medium.jpg,,,
367475,Rallus obsoletus,Ridgway's Rail,Aves,Ridgway's Rail,32.5753493838,-117.1276107138,2.0,"Tijuana Slough National Wildlife Refuge, Imperial Beach, CA, US",2025-04-27,2025-04-27 16:39:00 UTC,Pacific Time (US & Canada),research,2,0,False,False,https://inaturalist-open-data.s3.amazonaws.com/photos/494296027/medium.jpg,,,
367475,Rallus obsoletus,Ridgway's Rail,Aves,Ridgway's Rail,32.5719416448,-117.1257341813,3.0,"Tijuana Slough National Wildlife Refuge, Imperial Beach, CA, US",2025-04-27,2025-04-27 16:20:00 UTC,Pacific Time (US & Canada),research,2,0,False,False,https://inaturalist-open-data.s3.amazonaws.com/photos/494305790/medium.jpg,,,
367475,Rallus obsoletus,Ridgway's Rail,Aves,Ridgway's Rail,32.5751955529,-117.1266164653,229.0,"Imperial Beach, CA, USA",2025-04-27,2025-04-27 14:56:00 UTC,Pacific Time (US & Canada),research,5,0,False,False,https://inaturalist-open-data.s3.amazonaws.com/photos/494766315/medium.jpeg,,,
367475,Rallus obsoletus,Ridgway's Rail,Aves,Ridgway's Rail,32.9231143657,-117.2393783964,7.0,"Penasquitos Lagoon Os, San Diego, CA, US",2025-04-28,2025-04-29 01:20:04 UTC,Pacific Time (US & Canada),research,2,0,False,False,,https://static.inaturalist.org/sounds/1424358.m4a?1745896198,,
367475,Rallus obsoletus,Ridgway's Rail,Aves,Ridgway's Rail,33.0120277833,-117.2743,2.0,"San Elijo Lagoon Ecological Reserve, Encinitas, CA, US",2025-04-28,2025-04-29 01:02:10 UTC,Pacific Time (US & Canada),research,2,0,False,False,https://inaturalist-open-data.s3.amazonaws.com/photos/496450889/medium.jpg,,,
367475,Rallus obsoletus,Ridgway's Rail,Aves,Râle de Californie,32.5705452477,-117.1261213266,15.0,"Imperial Beach, Californie, États-Unis",2025-04-22,2025-04-22 22:37:00 UTC,Pacific Time (US & Canada),research,2,0,False,False,https://inaturalist-open-data.s3.amazonaws.com/photos/498342762/medium.jpg,,,
367475,Rallus obsoletus,Ridgway's Rail,Aves,Râle de Californie,32.5702527598,-117.1261806655,15.0,"Imperial Beach, Californie, États-Unis",2025-04-22,2025-04-22 22:47:00 UTC,Pacific Time (US & Canada),research,2,0,False,False,https://inaturalist-open-data.s3.amazonaws.com/photos/498342793/medium.jpg,,,
367475,Rallus obsoletus,Ridgway's Rail,Aves,Ridgway's Rail,33.0119409185,-117.2753369822,97.0,"Cardiff, Encinitas, CA 92007, USA",2025-04-28,2025-04-28 16:50:00 UTC,Pacific Time (US & Canada),research,3,0,False,False,https://inaturalist-open-data.s3.amazonaws.com/photos/498819805/medium.jpeg,,,
367475,Rallus obsoletus,Ridgway's Rail,Aves,Ridgway's Rail,32.5683139445,-117.1261093095,75.0,"Tijuana Slough National Wildlife Refuge, Imperial Beach, CA, US",2025-05-03,2025-05-03 14:56:57 UTC,Pacific Time (US & Canada),research,1,0,False,False,https://inaturalist-open-data.s3.amazonaws.com/photos/499477546/medium.jpg,,"Also heard calling, id’d as ridgeways by Merlin audio id ",
367475,Rallus obsoletus,Ridgway's Rail,Aves,Ridgway's Rail,32.5693251775,-117.1275623541,216.0,"Imperial Beach, CA, USA",2025-05-01,2025-05-01 19:13:00 UTC,Pacific Time (US & Canada),research,2,0,False,False,https://inaturalist-open-data.s3.amazonaws.com/photos/499563818/medium.jpeg,,,
367475,Rallus obsoletus,Ridgway's Rail,Aves,Ridgway's Rail,32.5676888167,-117.12659155,,"Imperial Beach, CA, USA",2025-05-03,2025-05-03 14:49:00 UTC,Pacific Time (US & Canada),research,2,0,False,False,https://inaturalist-open-data.s3.amazonaws.com/photos/499719128/medium.jpg,,,
367475,Rallus obsoletus,Ridgway's Rail,Aves,Ridgway's Rail,32.5747887,-117.1262946,229.0,"Tijuana Slough National Wildlife Refuge, 301 Caspian Wy, Imperial Beach, CA 91932, USA",2025-04-25,2025-04-25 23:53:00 UTC,Pacific Time (US & Canada),research,2,0,False,False,https://static.inaturalist.org/photos/500029998/medium.jpg,,,
367475,Rallus obsoletus,Ridgway's Rail,Aves,Ridgway's Rail,32.570268,-117.126215,10.0,"Imperial Beach, CA, USA",2025-05-04,2025-05-04 15:37:00 UTC,Pacific Time (US & Canada),research,2,0,False,False,https://inaturalist-open-data.s3.amazonaws.com/photos/500092493/medium.jpeg,,,
367475,Rallus obsoletus,Ridgway's Rail,Aves,Ridgway's Rail,32.570272,-117.126199,,"Imperial Beach, CA, USA",2025-05-04,2025-05-04 15:39:00 UTC,Pacific Time (US & Canada),research,1,0,False,False,https://inaturalist-open-data.s3.amazonaws.com/photos/500098142/medium.jpeg,,,
367475,Rallus obsoletus,Ridgway's Rail,Aves,Ridgway's Rail,32.5748034,-117.1263021,228.0,"Tijuana Estuary Visitor Center, 301 Caspian Wy, Imperial Beach, CA 91932, USA",2025-05-04,2025-05-04 17:50:00 UTC,Pacific Time (US & Canada),research,2,0,False,False,https://static.inaturalist.org/photos/500167624/medium.jpeg,,,
367475,Rallus obsoletus,Ridgway's Rail,Aves,Ridgway's Rail,32.5742013806,-117.1265902836,383.0,"North Mccoy Trail, Imperial Beach, CA, US",2025-05-04,2025-05-04 17:50:38 UTC,Pacific Time (US & Canada),research,2,0,False,False,https://inaturalist-open-data.s3.amazonaws.com/photos/500384578/medium.jpg,,,
367475,Rallus obsoletus,Ridgway's Rail,Aves,Ridgway's Rail,32.6185359306,-117.0991777629,94.0,"Chula Vista, CA, USA",2025-05-06,2025-05-06 12:50:00 UTC,Pacific Time (US & Canada),research,1,0,False,False,,https://static.inaturalist.org/sounds/1444620.wav?1746544681,Pair ,
367475,Rallus obsoletus,Ridgway's Rail,Aves,Ridgway's Rail,32.5724633184,-117.1251245457,8.0,"Imperial Beach, CA, USA",2025-05-03,2025-05-03 16:04:00 UTC,Pacific Time (US & Canada),research,2,0,False,False,https://inaturalist-open-data.s3.amazonaws.com/photos/501977314/medium.jpeg,,,
367475,Rallus obsoletus,Ridgway's Rail,Aves,Ridgway's Rail,32.5676724399,-117.1258773804,157.0,"Imperial Beach, CA, USA",2025-05-08,2025-05-08 15:02:00 UTC,Pacific Time (US & Canada),research,2,0,False,False,https://inaturalist-open-data.s3.amazonaws.com/photos/501984995/medium.jpeg,,,
367475,Rallus obsoletus,Ridgway's Rail,Aves,Ridgway's Rail,32.565901,-117.124802,52.0,"Imperial Beach, CA, USA",2025-05-12,2025-05-13 00:34:00 UTC,Pacific Time (US & Canada),research,3,0,False,False,https://inaturalist-open-data.s3.amazonaws.com/photos/504179067/medium.jpeg,,,
367475,Rallus obsoletus,Ridgway's Rail,Aves,Ridgway's Rail,32.5593354792,-117.1277865528,35.0,"Tijuana Slough National Wildlife Refuge, Imperial Beach, CA, US",2025-05-15,2025-05-15 13:27:54 UTC,Pacific Time (US & Canada),research,3,0,False,False,https://inaturalist-open-data.s3.amazonaws.com/photos/505258763/medium.jpg,,,
367475,Rallus obsoletus,Ridgway's Rail,Aves,Ridgway's Rail,32.57323,-117.1254888333,2.0,"Tijuana Slough National Wildlife Refuge, Imperial Beach, CA, US",2025-05-15,2025-05-15 16:43:22 UTC,Pacific Time (US & Canada),research,4,0,False,False,https://static.inaturalist.org/photos/505522902/medium.jpg,,,
367475,Rallus obsoletus,Ridgway's Rail,Aves,Ridgway's Rail,32.5725674646,-117.1252596582,23.0,"Tijuana Slough National Wildlife Refuge, Imperial Beach, CA, US",2025-05-19,2025-05-20 01:05:20 UTC,Pacific Time (US & Canada),research,2,0,False,False,https://inaturalist-open-data.s3.amazonaws.com/photos/507638439/medium.jpg,,,
367475,Rallus obsoletus,Ridgway's Rail,Aves,Ridgway's Rail,32.57259974,-117.12533822,3.0,"Imperial Beach, CA, USA",2025-05-21,2025-05-21 15:50:47 UTC,Pacific Time (US & Canada),research,2,0,False,False,https://inaturalist-open-data.s3.amazonaws.com/photos/508316497/medium.jpg,,,
367475,Rallus obsoletus,Ridgway's Rail,Aves,Ridgway's Rail,32.5721847918,-117.1267344915,229.0,"Imperial Beach, CA, USA",2025-05-24,2025-05-24 15:04:00 UTC,Pacific Time (US & Canada),research,3,0,False,False,https://inaturalist-open-data.s3.amazonaws.com/photos/510040909/medium.jpg,,,
367475,Rallus obsoletus,Ridgway's Rail,Aves,Ridgway's Rail,32.5747887,-117.1262946,229.0,"Tijuana Slough National Wildlife Refuge, 301 Caspian Wy, Imperial Beach, CA 91932, USA",2025-05-24,2025-05-24 15:05:00 UTC,Pacific Time (US & Canada),research,2,0,False,False,https://inaturalist-open-data.s3.amazonaws.com/photos/510667901/medium.jpg,,,
179819,Rallus obsoletus levipes,Light-footed Rail,Aves,Light-footed Rail,32.5742119189,-117.1272266953,314.0,"Imperial Beach, CA, USA",2025-05-23,2025-05-23 14:21:00 UTC,Pacific Time (US & Canada),research,2,0,False,False,https://inaturalist-open-data.s3.amazonaws.com/photos/511208006/medium.jpg,,,
179819,Rallus obsoletus levipes,Light-footed Rail,Aves,Light-footed Rail,32.5742119189,-117.1272266953,314.0,"Imperial Beach, CA, USA",2025-05-23,2025-05-23 14:22:00 UTC,Pacific Time (US & Canada),research,2,0,False,False,https://inaturalist-open-data.s3.amazonaws.com/photos/511208158/medium.jpg,,,
367475,Rallus obsoletus,Ridgway's Rail,Aves,Ridgway's Rail,32.5714287885,-117.1261200098,15.0,"Imperial Beach, CA, USA",2025-02-27,2025-02-27 15:21:00 UTC,Pacific Time (US & Canada),research,1,0,False,False,https://static.inaturalist.org/photos/511460204/medium.jpg,,,
179819,Rallus obsoletus levipes,Light-footed Rail,Aves,Rascón picudo,32.5730484861,-117.131586475,,"Imperial Beach, California, EE. UU.",2025-05-27,2025-05-27 18:51:49 UTC,Pacific Time (US & Canada),research,1,0,False,False,https://inaturalist-open-data.s3.amazonaws.com/photos/511554568/medium.jpg,,,
179819,Rallus obsoletus levipes,Light-footed Rail,Aves,Rascón picudo,32.5730563997,-117.1315744,,"Imperial Beach, California, EE. UU.",2025-05-27,2025-05-27 18:53:02 UTC,Pacific Time (US & Canada),research,1,0,False,False,https://inaturalist-open-data.s3.amazonaws.com/photos/511555039/medium.jpg,,,
179819,Rallus obsoletus levipes,Light-footed Rail,Aves,Rascón picudo,32.5714834997,-117.1260127997,,"Imperial Beach, California, EE. UU.",2025-05-27,2025-05-27 16:12:09 UTC,Pacific Time (US & Canada),research,1,0,False,False,https://inaturalist-open-data.s3.amazonaws.com/photos/511555172/medium.jpg,,,
367475,Rallus obsoletus,Ridgway's Rail,Aves,Ridgway's Rail,32.715164136,-117.1610838175,50524.0,"4th Av & Broadway, San Diego, CA 92101, USA",2024-01-16,2024-01-16 19:24:08 UTC,Pacific Time (US & Canada),research,1,0,False,False,https://inaturalist-open-data.s3.amazonaws.com/photos/512622003/medium.jpg,,,
367475,Rallus obsoletus,Ridgway's Rail,Aves,Ridgway's Rail,32.4349285411,-117.0254253297,20.0,United States,2025-05-31,2025-05-31 14:29:14 UTC,Pacific Time (US & Canada),research,1,0,False,True,,https://static.inaturalist.org/sounds/1496471.m4a?1748701774,,
367475,Rallus obsoletus,Ridgway's Rail,Aves,Ridgway's Rail,33.0087301894,-117.2695922152,1339.0,"Cardiff, Encinitas, CA 92007, USA",2023-06-09,2023-06-09 17:19:00 UTC,Pacific Time (US & Canada),research,2,0,False,False,https://inaturalist-open-data.s3.amazonaws.com/photos/513450303/medium.jpg,,,
367475,Rallus obsoletus,Ridgway's Rail,Aves,Ridgway's Rail,32.5739038899,-117.1267799889,403.0,"Imperial Beach, CA, USA",2023-05-05,2023-05-05 18:35:00 UTC,Pacific Time (US & Canada),research,2,0,False,False,https://inaturalist-open-data.s3.amazonaws.com/photos/513450843/medium.jpg,,,
367475,Rallus obsoletus,Ridgway's Rail,Aves,Ridgway's Rail,32.5739038899,-117.1267799889,403.0,"Imperial Beach, CA, USA",2023-05-05,2023-05-05 18:25:00 UTC,Pacific Time (US & Canada),research,2,0,False,False,https://inaturalist-open-data.s3.amazonaws.com/photos/513450859/medium.jpg,,,
179819,Rallus obsoletus levipes,Light-footed Rail,Aves,Light-footed Rail,32.6399583333,-117.1104111111,,"Chula Vista, CA 91910, USA",2025-05-22,2025-05-23 00:14:33 UTC,Pacific Time (US & Canada),research,2,0,False,False,https://static.inaturalist.org/photos/515996529/medium.jpg,,Tagged ,
179819,Rallus obsoletus levipes,Light-footed Rail,Aves,Light-footed Rail,32.5725823561,-117.1251708456,8.0,"Tijuana Slough National Wildlife Refuge, Imperial Beach, CA, US",2020-01-05,2020-01-05 19:18:31 UTC,Pacific Time (US & Canada),research,1,0,False,False,https://static.inaturalist.org/photos/516260948/medium.jpg,,,
367475,Rallus obsoletus,Ridgway's Rail,Aves,Ridgway's Rail,32.5595633693,-117.127984799,3.0,"S McCoy Trail, Imperial Beach, CA, US",2025-06-07,2025-06-07 17:16:39 UTC,Pacific Time (US & Canada),research,1,0,False,False,https://inaturalist-open-data.s3.amazonaws.com/photos/517188249/medium.jpg,,,
367475,Rallus obsoletus,Ridgway's Rail,Aves,Ridgway's Rail,32.5595519482,-117.1279381507,3.0,"S McCoy Trail, Imperial Beach, CA, US",2025-06-07,2025-06-07 17:18:21 UTC,Pacific Time (US & Canada),research,2,0,False,False,https://inaturalist-open-data.s3.amazonaws.com/photos/517189118/medium.jpg,,,
179819,Rallus obsoletus levipes,Light-footed Rail,Aves,Light-footed Rail,32.5611364611,-117.1201874243,1194.0,"Naval Outlying Landing Field Imperial Beach, Imperial Beach, CA, US",2025-06-07,2025-06-07 17:38:54 UTC,Pacific Time (US & Canada),research,2,0,False,False,https://static.inaturalist.org/photos/517283420/medium.jpg,,,
367475,Rallus obsoletus,Ridgway's Rail,Aves,Ridgway's Rail,32.5593288959,-117.1281805089,5.0,"Tijuana River National Estuarine Research Reserve; San Diego, California",2025-06-07,2025-06-07 17:14:00 UTC,Pacific Time (US & Canada),research,3,0,False,False,https://inaturalist-open-data.s3.amazonaws.com/photos/517393811/medium.jpg,,,
367475,Rallus obsoletus,Ridgway's Rail,Aves,Ridgway's Rail,32.5725250775,-117.1251943269,5.0,"Tijuana Slough National Wildlife Refuge, Imperial Beach, CA, US",2025-06-08,2025-06-08 15:55:43 UTC,Pacific Time (US & Canada),research,3,0,False,False,https://inaturalist-open-data.s3.amazonaws.com/photos/517842895/medium.jpg,,,
367475,Rallus obsoletus,Ridgway's Rail,Aves,Ridgway's Rail,32.5698979975,-117.1958134159,,United States,2025-06-07,2025-06-07 17:11:39 UTC,Pacific Time (US & Canada),research,2,0,False,True,https://static.inaturalist.org/photos/518091520/medium.jpg,,,
367475,Rallus obsoletus,Ridgway's Rail,Aves,Ridgway's Rail,32.5620711517,-117.1262618578,1764.0,Tijuana Slough NWR,2025-06-07,2025-06-07 17:51:00 UTC,Pacific Time (US & Canada),research,2,0,False,False,https://inaturalist-open-data.s3.amazonaws.com/photos/518478870/medium.jpg,,,
367475,Rallus obsoletus,Ridgway's Rail,Aves,Ridgway's Rail,32.5673131231,-117.1266675171,262.0,"Imperial Beach, CA, USA",2025-06-11,2025-06-11 15:22:00 UTC,Pacific Time (US & Canada),research,2,0,False,False,https://inaturalist-open-data.s3.amazonaws.com/photos/520072439/medium.jpg,,,
367475,Rallus obsoletus,Ridgway's Rail,Aves,Ridgway's Rail,32.5696969545,-117.1267126175,244.0,"Imperial Beach, CA, USA",2023-02-06,2023-02-06 20:12:00 UTC,Pacific Time (US & Canada),research,2,0,False,False,https://inaturalist-open-data.s3.amazonaws.com/photos/521183452/medium.jpg,,,
367475,Rallus obsoletus,Ridgway's Rail,Aves,Ridgway's Rail,32.55958,-117.127875,12.0,"Tijuana Slough National Wildlife Refuge, Imperial Beach, CA, US",2025-06-13,2025-06-13 21:56:28 UTC,Pacific Time (US & Canada),research,1,0,False,False,https://inaturalist-open-data.s3.amazonaws.com/photos/522780465/medium.jpg,,Bath time!,
367475,Rallus obsoletus,Ridgway's Rail,Aves,Ridgway's Rail,32.5747887,-117.1262946,229.0,"Tijuana Slough National Wildlife Refuge, 301 Caspian Wy, Imperial Beach, CA 91932, USA",2025-06-19,2025-06-19 15:30:00 UTC,Pacific Time (US & Canada),research,5,0,False,False,https://inaturalist-open-data.s3.amazonaws.com/photos/523632601/medium.jpg,,,
367475,Rallus obsoletus,Ridgway's Rail,Aves,Ridgway's Rail,32.5747887,-117.1262946,229.0,"Tijuana Slough National Wildlife Refuge, 301 Caspian Wy, Imperial Beach, CA 91932, USA",2025-06-19,2025-06-19 15:30:00 UTC,Pacific Time (US & Canada),research,3,0,False,False,https://inaturalist-open-data.s3.amazonaws.com/photos/523633508/medium.jpg,,,
367475,Rallus obsoletus,Ridgway's Rail,Aves,Ridgway's Rail,32.5747887,-117.1262946,229.0,"Tijuana Slough National Wildlife Refuge, 301 Caspian Wy, Imperial Beach, CA 91932, USA",2025-06-19,2025-06-19 15:33:00 UTC,Pacific Time (US & Canada),research,3,0,False,False,https://inaturalist-open-data.s3.amazonaws.com/photos/523634866/medium.jpg,,,
367475,Rallus obsoletus,Ridgway's Rail,Aves,Ridgway's Rail,32.5747887,-117.1262946,229.0,"Tijuana Slough National Wildlife Refuge, 301 Caspian Wy, Imperial Beach, CA 91932, USA",2025-06-19,2025-06-19 15:38:00 UTC,Pacific Time (US & Canada),research,2,0,False,False,https://inaturalist-open-data.s3.amazonaws.com/photos/523636128/medium.jpg,,,
367475,Rallus obsoletus,Ridgway's Rail,Aves,Ridgway's Rail,32.5698817407,-117.1264997829,2.0,"Imperial Beach, CA, USA",2025-06-23,2025-06-23 16:36:00 UTC,Pacific Time (US & Canada),research,1,0,False,False,https://inaturalist-open-data.s3.amazonaws.com/photos/525835922/medium.jpg,,,
367475,Rallus obsoletus,Ridgway's Rail,Aves,Ridgway's Rail,33.0142697402,-117.2762515554,553.0,"San Elijo Lagoon, Encinitas, CA, US",2025-06-23,2025-06-23 17:03:08 UTC,Pacific Time (US & Canada),research,2,0,False,False,https://inaturalist-open-data.s3.amazonaws.com/photos/525885196/medium.jpg,,,
367475,Rallus obsoletus,Ridgway's Rail,Aves,Ridgway's Rail,32.5702866667,-117.12645,4.0,"Tijuana Slough National Wildlife Refuge, Imperial Beach, CA, US",2025-06-23,2025-06-23 16:37:13 UTC,Pacific Time (US & Canada),research,1,0,False,False,https://static.inaturalist.org/photos/525905101/medium.jpg,,,
367475,Rallus obsoletus,Ridgway's Rail,Aves,Ridgway's Rail,32.5701254967,-117.1259121568,5.0,"Tijuana River National Estuarine Research Reserve; San Diego, California",2025-06-04,2025-06-04 14:50:00 UTC,Pacific Time (US & Canada),research,2,0,False,False,https://inaturalist-open-data.s3.amazonaws.com/photos/526256951/medium.jpg,,,
367475,Rallus obsoletus,Ridgway's Rail,Aves,Ridgway's Rail,33.0124138833,-117.2747883333,4.0,"San Elijo Lagoon Ecological Reserve, Encinitas, CA, US",2025-06-26,2025-06-26 14:41:54 UTC,Pacific Time (US & Canada),research,1,0,False,False,https://static.inaturalist.org/photos/527141217/medium.jpg,,,
367475,Rallus obsoletus,Ridgway's Rail,Aves,Ridgway's Rail,32.5669129596,-117.1255678582,61.0,"Tijuana Estuary, CA, USA",2025-07-06,2025-07-06 13:31:00 UTC,Pacific Time (US & Canada),research,1,0,False,False,,https://static.inaturalist.org/sounds/1557802.wav?1751834202,,
367475,Rallus obsoletus,Ridgway's Rail,Aves,Ridgway's Rail,33.0078548733,-117.2703654266,402.0,"Cardiff, Encinitas, CA 92007, USA",2025-06-09,2025-06-09 20:56:00 UTC,Pacific Time (US & Canada),research,2,0,False,False,https://static.inaturalist.org/photos/532667897/medium.jpg,,,
367475,Rallus obsoletus,Ridgway's Rail,Aves,Ridgway's Rail,32.5723543177,-117.1252633398,8.0,"Imperial Beach, CA, USA",2011-06-23,2011-06-23 16:37:00 UTC,Pacific Time (US & Canada),research,3,0,False,False,https://inaturalist-open-data.s3.amazonaws.com/photos/533161310/medium.jpg,,,
367475,Rallus obsoletus,Ridgway's Rail,Aves,Ridgway's Rail,32.5703130437,-117.1262244265,5.0,"Tijuana River National Estuarine Research Reserve; San Diego, California",2025-06-04,2025-06-04 14:37:00 UTC,Pacific Time (US & Canada),research,1,0,False,False,https://inaturalist-open-data.s3.amazonaws.com/photos/534093661/medium.jpg,,,
367475,Rallus obsoletus,Ridgway's Rail,Aves,Ridgway's Rail,32.5724806624,-117.1253150082,12.0,"Tijuana Slough National Wildlife Refuge, Imperial Beach, CA, US",2025-07-10,2025-07-10 23:51:31 UTC,Pacific Time (US & Canada),research,4,0,False,False,https://inaturalist-open-data.s3.amazonaws.com/photos/534709619/medium.jpg,,,
179819,Rallus obsoletus levipes,Light-footed Rail,Aves,Light-footed Rail,32.5725149454,-117.1253339746,13.0,"Tijuana Slough National Wildlife Refuge, Imperial Beach, CA, US",2025-07-10,2025-07-10 23:50:40 UTC,Pacific Time (US & Canada),research,3,0,False,False,https://inaturalist-open-data.s3.amazonaws.com/photos/534709899/medium.jpg,,,
367475,Rallus obsoletus,Ridgway's Rail,Aves,Rascón Costero del Pacífico,32.5508124646,-117.1135795489,169.0,"Tijuana River Valley, San Diego, CA, EE. UU.",2025-05-06,2025-05-06 18:10:11 UTC,Pacific Time (US & Canada),research,2,0,False,False,https://inaturalist-open-data.s3.amazonaws.com/photos/535702651/medium.jpg,,,
367475,Rallus obsoletus,Ridgway's Rail,Aves,Ridgway's Rail,32.5899616422,-117.1133499173,25.0,Otay River Channel South San Diego Bay,2025-07-13,2025-07-13 15:07:00 UTC,Pacific Time (US & Canada),research,1,0,False,False,https://inaturalist-open-data.s3.amazonaws.com/photos/536330033/medium.jpg,,,
367475,Rallus obsoletus,Ridgway's Rail,Aves,Ridgway's Rail,32.7604908669,-117.2111404974,61.0,"Mission Bay, San Diego, CA, USA",2016-09-24,2016-09-25 02:30:00 UTC,Pacific Time (US & Canada),research,2,0,False,False,https://inaturalist-open-data.s3.amazonaws.com/photos/538707315/medium.jpg,,,
367475,Rallus obsoletus,Ridgway's Rail,Aves,Ridgway's Rail,32.5749092659,-117.1277970229,497.0,"Imperial Beach, CA, USA",2024-11-16,2024-11-16 17:48:00 UTC,Pacific Time (US & Canada),research,2,0,False,False,https://inaturalist-open-data.s3.amazonaws.com/photos/541553635/medium.jpg,,,
367475,Rallus obsoletus,Ridgway's Rail,Aves,Ridgway's Rail,32.5749092659,-117.1277970229,497.0,"Imperial Beach, CA, USA",2024-11-16,2024-11-16 18:31:00 UTC,Pacific Time (US & Canada),research,2,0,False,False,https://inaturalist-open-data.s3.amazonaws.com/photos/541553725/medium.jpg,,,
367475,Rallus obsoletus,Ridgway's Rail,Aves,Ridgway's Rail,32.5627351054,-117.1250618839,330.0,"Imperial Beach, CA, USA",2025-06-27,2025-06-27 15:14:00 UTC,Pacific Time (US & Canada),research,2,0,False,False,https://inaturalist-open-data.s3.amazonaws.com/photos/542086303/medium.jpg,,,
367475,Rallus obsoletus,Ridgway's Rail,Aves,Ridgway's Rail,32.5901333333,-117.1185833333,,"Imperial Beach, CA, USA",2025-07-31,2025-07-31 20:35:00 UTC,Pacific Time (US & Canada),research,2,0,False,False,https://inaturalist-open-data.s3.amazonaws.com/photos/545702290/medium.jpg,,,
367475,Rallus obsoletus,Ridgway's Rail,Aves,Ridgway's Rail,33.0115976303,-117.2750238503,553.0,"San Elijo Lagoon, Encinitas, CA, US",2025-08-03,2025-08-03 16:39:13 UTC,Pacific Time (US & Canada),research,1,0,False,False,https://inaturalist-open-data.s3.amazonaws.com/photos/547017926/medium.jpg,,,
367475,Rallus obsoletus,Ridgway's Rail,Aves,Ridgway's Rail,32.5724699637,-117.125355409,38.0,"Tijuana Slough National Wildlife Refuge, Imperial Beach, CA, US",2025-08-06,2025-08-06 13:48:50 UTC,Pacific Time (US & Canada),research,2,0,False,False,https://inaturalist-open-data.s3.amazonaws.com/photos/548498764/medium.jpg,,,
367475,Rallus obsoletus,Ridgway's Rail,Aves,Ridgway's Rail,32.5725086177,-117.1253452228,34.0,"Tijuana Slough National Wildlife Refuge, Imperial Beach, CA, US",2025-08-06,2025-08-06 13:51:47 UTC,Pacific Time (US & Canada),research,2,0,False,False,https://inaturalist-open-data.s3.amazonaws.com/photos/548499084/medium.jpg,,,
179819,Rallus obsoletus levipes,Light-footed Rail,Aves,Light-footed Rail,32.5725553084,-117.1252368819,2.0,"Imperial Beach, CA, USA",2025-08-07,2025-08-07 17:41:00 UTC,Pacific Time (US & Canada),research,1,0,False,False,https://inaturalist-open-data.s3.amazonaws.com/photos/549879724/medium.jpg,,It was holding its wings out - maybe sunning?,
367475,Rallus obsoletus,Ridgway's Rail,Aves,Ridgway's Rail,32.5669129596,-117.1255678582,61.0,"Tijuana Estuary, CA, USA",2025-08-09,2025-08-09 13:40:00 UTC,Pacific Time (US & Canada),research,1,0,False,False,,https://static.inaturalist.org/sounds/1599029.wav?1754777337,,
367475,Rallus obsoletus,Ridgway's Rail,Aves,Ridgway's Rail,32.5669129596,-117.1255678582,61.0,"Tijuana Estuary, CA, USA",2025-08-09,2025-08-09 13:39:00 UTC,Pacific Time (US & Canada),research,1,0,False,False,,https://static.inaturalist.org/sounds/1599031.wav?1754777614,,
367475,Rallus obsoletus,Ridgway's Rail,Aves,Ridgway's Rail,32.5725234216,-117.1254225232,5.0,"Tijuana River National Estuarine Research Reserve; San Diego, California",2025-08-16,2025-08-16 15:44:00 UTC,Pacific Time (US & Canada),research,2,0,False,False,https://inaturalist-open-data.s3.amazonaws.com/photos/553915976/medium.jpg,,,
367475,Rallus obsoletus,Ridgway's Rail,Aves,Ridgway's Rail,32.5715924932,-117.1253562372,60.0,"Tijuana Slough National Wildlife Refuge, Imperial Beach, CA, US",2025-08-20,2025-08-21 00:17:58 UTC,Pacific Time (US & Canada),research,2,0,False,False,https://inaturalist-open-data.s3.amazonaws.com/photos/555402168/medium.jpg,,,
367475,Rallus obsoletus,Ridgway's Rail,Aves,Ridgway's Rail,32.5747887,-117.1262946,229.0,"Tijuana Slough National Wildlife Refuge, 301 Caspian Wy, Imperial Beach, CA 91932, USA",2025-08-11,2025-08-11 19:45:00 UTC,Pacific Time (US & Canada),research,1,0,False,False,https://static.inaturalist.org/photos/555588382/medium.jpg,,,
367475,Rallus obsoletus,Ridgway's Rail,Aves,Ridgway's Rail,32.5726087,-117.1253104997,,"San Diego County, US-CA, US",2025-08-22,2025-08-22 15:25:20 UTC,Pacific Time (US & Canada),research,2,0,False,False,https://inaturalist-open-data.s3.amazonaws.com/photos/556025830/medium.jpg,,,
367475,Rallus obsoletus,Ridgway's Rail,Aves,Ridgway's Rail,33.008812406,-117.274995376,458.0,"Cardiff, Encinitas, CA 92007, USA",2021-12-11,2021-12-11 18:30:00 UTC,Pacific Time (US & Canada),research,2,0,False,False,https://inaturalist-open-data.s3.amazonaws.com/photos/556092600/medium.jpg,,,
367475,Rallus obsoletus,Ridgway's Rail,Aves,Ridgway's Rail,32.5595833333,-117.1279194444,,"Imperial Beach, CA, USA",2025-08-23,2025-08-24 00:15:00 UTC,Pacific Time (US & Canada),research,1,0,False,False,https://inaturalist-open-data.s3.amazonaws.com/photos/556832378/medium.jpg,,,
179819,Rallus obsoletus levipes,Light-footed Rail,Aves,Light-footed Rail,32.5727123736,-117.1253447741,16.0,"Tijuana Slough National Wildlife Refuge, Imperial Beach, CA, US",2025-08-29,2025-08-29 13:39:41 UTC,Pacific Time (US & Canada),research,3,0,False,False,https://inaturalist-open-data.s3.amazonaws.com/photos/559439015/medium.jpg,,,
367475,Rallus obsoletus,Ridgway's Rail,Aves,Ridgway's Rail,32.6396466667,-117.1110166667,4.0,"Sweetwater Marsh National Wildlife Refuge, Chula Vista, CA, US",2025-08-20,2025-08-20 21:47:07 UTC,Pacific Time (US & Canada),research,2,0,False,False,https://static.inaturalist.org/photos/560204649/medium.jpg,,"Just a Rail and a Snowy hanging out (Egret in sep obs)
",
367475,Rallus obsoletus,Ridgway's Rail,Aves,Ridgway's Rail,32.5725256731,-117.125308827,9.0,"Tijuana Slough National Wildlife Refuge, Imperial Beach, CA, US",2025-08-31,2025-08-31 13:39:57 UTC,Pacific Time (US & Canada),research,2,0,False,False,https://inaturalist-open-data.s3.amazonaws.com/photos/560409256/medium.jpg,,,
367475,Rallus obsoletus,Ridgway's Rail,Aves,Ridgway's Rail,33.011375,-117.2759633333,3.0,"Encinitas, CA, US",2024-08-23,2024-08-23 17:46:49 UTC,Pacific Time (US & Canada),research,1,0,False,False,https://static.inaturalist.org/photos/560571518/medium.jpg,,,
367475,Rallus obsoletus,Ridgway's Rail,Aves,Ridgway's Rail,32.5733534742,-117.1254205677,8.0,"Imperial Beach, CA, USA",2011-06-16,2011-06-16 15:29:00 UTC,Pacific Time (US & Canada),research,2,0,False,False,https://inaturalist-open-data.s3.amazonaws.com/photos/562488896/medium.jpg,,,
367475,Rallus obsoletus,Ridgway's Rail,Aves,Ridgway's Rail,32.5726694444,-117.1255111111,,"Imperial Beach, CA, USA",2025-09-05,2025-09-05 14:25:31 UTC,Pacific Time (US & Canada),research,2,0,False,False,https://inaturalist-open-data.s3.amazonaws.com/photos/562726171/medium.jpg,,,
179819,Rallus obsoletus levipes,Light-footed Rail,Aves,Light-footed Rail,32.5725833333,-117.1253555556,,"Imperial Beach, CA, USA",2025-09-05,2025-09-05 14:29:29 UTC,Pacific Time (US & Canada),research,2,0,False,False,https://inaturalist-open-data.s3.amazonaws.com/photos/562726606/medium.jpg,,,
367475,Rallus obsoletus,Ridgway's Rail,Aves,Ridgway's Rail,32.5725888889,-117.1253444444,,"Imperial Beach, CA, USA",2025-09-05,2025-09-05 14:31:13 UTC,Pacific Time (US & Canada),research,2,0,False,False,https://inaturalist-open-data.s3.amazonaws.com/photos/562726918/medium.jpg,,,
367475,Rallus obsoletus,Ridgway's Rail,Aves,Ridgway's Rail,32.5701383625,-117.1255099291,2.0,"Imperial Beach, CA, USA",2025-05-03,2025-05-03 15:57:00 UTC,Pacific Time (US & Canada),research,4,0,False,False,https://inaturalist-open-data.s3.amazonaws.com/photos/564161699/medium.jpg,,,
367475,Rallus obsoletus,Ridgway's Rail,Aves,Ridgway's Rail,32.5759366667,-117.1306445,188.0,"Imperial Beach Blvd, Imperial Beach, CA, US",2025-05-23,2025-05-23 19:33:19 UTC,Pacific Time (US & Canada),research,2,0,False,False,https://static.inaturalist.org/photos/565881397/medium.jpg,,,
367475,Rallus obsoletus,Ridgway's Rail,Aves,Ridgway's Rail,32.5596676854,-117.1277909981,8.0,"Imperial Beach, CA, USA",2025-08-17,2025-08-17 15:59:00 UTC,Pacific Time (US & Canada),research,1,0,False,False,https://inaturalist-open-data.s3.amazonaws.com/photos/567163289/medium.jpg,,,
367475,Rallus obsoletus,Ridgway's Rail,Aves,Ridgway's Rail,32.5733149746,-117.1254644611,5.0,"Tijuana River National Estuarine Research Reserve; San Diego, California",2025-09-07,2025-09-07 23:49:00 UTC,Pacific Time (US & Canada),research,3,0,False,False,https://inaturalist-open-data.s3.amazonaws.com/photos/567500766/medium.jpg,,,
367475,Rallus obsoletus,Ridgway's Rail,Aves,Ridgway's Rail,32.5703166667,-117.1265861667,8.0,"San Diego County, US-CA, US",2025-09-05,2025-09-05 14:08:18 UTC,Pacific Time (US & Canada),research,0,0,False,False,https://inaturalist-open-data.s3.amazonaws.com/photos/570966192/medium.jpg,https://static.inaturalist.org/sounds/1674258.wav?1761086285,"Recording of calls.
Video:
https://www.youtube.com/watch?v=4AY84S3hO_M",
367475,Rallus obsoletus,Ridgway's Rail,Aves,Ridgway's Rail,33.0119862208,-117.2742843003,45.0,"San Elijo Lagoon Ecological Reserve, Encinitas, CA, US",2025-10-08,2025-10-08 15:08:00 UTC,Pacific Time (US & Canada),research,3,0,False,False,https://static.inaturalist.org/photos/577835298/medium.jpg,,,
367475,Rallus obsoletus,Ridgway's Rail,Aves,Ridgway's Rail,33.0092601499,-117.2765918674,44.0,"San Elijo Lagoon, Encinitas, CA, US",2024-08-11,2024-08-12 03:37:00 UTC,Pacific Time (US & Canada),research,3,0,False,False,https://static.inaturalist.org/photos/578377495/medium.jpg,,"Or is it a clapper rail? Any ideas what kind of bird is its moulth- sparrow, finch?",
367475,Rallus obsoletus,Ridgway's Rail,Aves,Ridgway's Rail,32.5726333333,-117.1253221667,,"Tijuana Slough National Wildlife Refuge, Imperial Beach, CA, US",2025-10-11,2025-10-11 15:02:12 UTC,Pacific Time (US & Canada),research,1,0,False,False,https://inaturalist-open-data.s3.amazonaws.com/photos/578910420/medium.jpg,,,
367475,Rallus obsoletus,Ridgway's Rail,Aves,Ridgway's Rail,32.5728367547,-117.125156112,1.0,"Imperial Beach, CA, USA",2025-10-11,2025-10-11 14:54:00 UTC,Pacific Time (US & Canada),research,2,0,False,False,https://static.inaturalist.org/photos/580998813/medium.jpg,,,
367475,Rallus obsoletus,Ridgway's Rail,Aves,里氏秧鸡,32.754939445,-117.2461563883,,美国加利福尼亚圣迭戈洛玛岬,2025-10-20,2025-10-21 00:05:00 UTC,Pacific Time (US & Canada),research,1,0,False,False,https://static.inaturalist.org/photos/582774230/medium.jpg,,,
367475,Rallus obsoletus,Ridgway's Rail,Aves,Ridgway's Rail,32.5701691016,-117.1259436927,5.0,"Tijuana River National Estuarine Research Reserve; San Diego, California",2025-10-11,2025-10-11 15:44:00 UTC,Pacific Time (US & Canada),research,1,0,False,False,https://inaturalist-open-data.s3.amazonaws.com/photos/582921526/medium.jpg,,,
179819,Rallus obsoletus levipes,Light-footed Rail,Aves,Light-footed Rail,32.5723422059,-117.1250074302,313.0,"North Mccoy Trail, Imperial Beach, CA, US",2025-09-05,2025-09-05 14:26:00 UTC,Pacific Time (US & Canada),research,2,0,False,False,https://inaturalist-open-data.s3.amazonaws.com/photos/583040750/medium.jpg,https://static.inaturalist.org/sounds/1674259.wav?1761086336,"Recording of calls.
Videos:
https://www.youtube.com/watch?v=Yz_nIfYu0uQ
https://www.youtube.com/watch?v=-pD4SP-ux5s",
367475,Rallus obsoletus,Ridgway's Rail,Aves,Ridgway's Rail,32.5557840086,-117.1121975664,2291.0,"Tijuana River Valley, San Diego, CA, USA",2025-10-30,2025-10-30 15:31:00 UTC,Pacific Time (US & Canada),research,2,0,False,False,https://inaturalist-open-data.s3.amazonaws.com/photos/586766186/medium.jpg,,,
367475,Rallus obsoletus,Ridgway's Rail,Aves,Ridgway's Rail,32.5557840086,-117.1121975664,2291.0,"Tijuana River Valley, San Diego, CA, USA",2025-10-30,2025-10-30 15:37:00 UTC,Pacific Time (US & Canada),research,2,0,False,False,https://inaturalist-open-data.s3.amazonaws.com/photos/586766717/medium.jpg,,,
367475,Rallus obsoletus,Ridgway's Rail,Aves,Ridgway's Rail,32.5701719939,-117.1261674508,23.0,"Tijuana Slough National Wildlife Refuge, Imperial Beach, CA, US",2025-11-17,2025-11-17 16:26:39 UTC,Pacific Time (US & Canada),research,2,0,False,False,https://inaturalist-open-data.s3.amazonaws.com/photos/592327342/medium.jpg,,,
367475,Rallus obsoletus,Ridgway's Rail,Aves,Ridgway's Rail,32.5669966667,-117.1322166667,2.0,"Imperial Beach, CA, US",2025-11-24,2025-11-24 20:51:35 UTC,Pacific Time (US & Canada),research,2,0,False,False,https://inaturalist-open-data.s3.amazonaws.com/photos/594496691/medium.jpg,,,
367475,Rallus obsoletus,Ridgway's Rail,Aves,Ridgway's Rail,32.5725910905,-117.1251604227,5.0,"Tijuana River National Estuarine Research Reserve; San Diego, California",2025-11-28,2025-11-28 15:40:00 UTC,Pacific Time (US & Canada),research,1,0,False,False,https://inaturalist-open-data.s3.amazonaws.com/photos/595632314/medium.jpg,,,
367475,Rallus obsoletus,Ridgway's Rail,Aves,Ridgway's Rail,32.5909833333,-117.1156916667,4.0,"Silver Strand Bike Path, Imperial Beach, CA, US",2025-11-08,2025-11-08 19:15:34 UTC,Pacific Time (US & Canada),research,1,0,False,False,https://static.inaturalist.org/photos/597116190/medium.jpg,,,
367475,Rallus obsoletus,Ridgway's Rail,Aves,Ridgway's Rail,32.568775,-117.1322333333,,"Imperial Beach, CA, USA",2025-12-05,2025-12-05 18:20:00 UTC,Pacific Time (US & Canada),research,2,0,False,False,https://inaturalist-open-data.s3.amazonaws.com/photos/597519526/medium.jpg,,,
367475,Rallus obsoletus,Ridgway's Rail,Aves,Ridgway's Rail,32.9790346256,-117.2468497498,4.0,"El Camino Real, San Diego, CA, US",2025-12-10,2025-12-10 17:11:46 UTC,Pacific Time (US & Canada),research,2,0,False,False,,https://static.inaturalist.org/sounds/1712852.m4a?1765386720,,
367475,Rallus obsoletus,Ridgway's Rail,Aves,Ridgway's Rail,32.5724913075,-117.1253525282,5.0,"Tijuana River National Estuarine Research Reserve; San Diego, California",2025-12-14,2025-12-14 16:25:00 UTC,Pacific Time (US & Canada),research,2,0,False,False,https://inaturalist-open-data.s3.amazonaws.com/photos/599887789/medium.jpg,,,
367475,Rallus obsoletus,Ridgway's Rail,Aves,Ridgway's Rail,32.5732402706,-117.1253263707,15.0,"Imperial Beach, CA, USA",2025-12-28,2025-12-28 20:43:00 UTC,Pacific Time (US & Canada),research,2,0,False,False,https://static.inaturalist.org/photos/603515966/medium.jpg,,,
367475,Rallus obsoletus,Ridgway's Rail,Aves,Ridgway's Rail,32.7550533479,-117.2462503359,29.0,"Ocean Beach Bike Path, San Diego, CA, US",2025-12-21,2025-12-21 20:26:40 UTC,Pacific Time (US & Canada),research,3,0,False,False,https://inaturalist-open-data.s3.amazonaws.com/photos/603727336/medium.jpg,,,
367475,Rallus obsoletus,Ridgway's Rail,Aves,Ridgway's Rail,32.57259931,-117.1253677,4.0,"Imperial Beach, CA, USA",2025-12-31,2025-12-31 18:04:31 UTC,Pacific Time (US & Canada),research,2,0,False,False,https://inaturalist-open-data.s3.amazonaws.com/photos/604255660/medium.jpg,,,
367475,Rallus obsoletus,Ridgway's Rail,Aves,Ridgway's Rail,32.7563034695,-117.24169828,5.0,"Ocean Beach, San Diego, CA, USA",2026-01-02,2026-01-02 16:52:14 UTC,Pacific Time (US & Canada),research,2,0,False,False,https://inaturalist-open-data.s3.amazonaws.com/photos/605202520/medium.jpg,,,
367475,Rallus obsoletus,Ridgway's Rail,Aves,Ridgway's Rail,32.7563226428,-117.2418776527,5.0,"Ocean Beach, San Diego, CA, USA",2026-01-02,2026-01-02 16:52:14 UTC,Pacific Time (US & Canada),research,2,0,False,False,https://inaturalist-open-data.s3.amazonaws.com/photos/605203145/medium.jpg,,,
367475,Rallus obsoletus,Ridgway's Rail,Aves,Ridgway's Rail,32.5705449422,-117.1264800977,49.0,"Imperial Beach, CA, USA",2026-01-03,2026-01-03 19:21:00 UTC,Pacific Time (US & Canada),research,1,0,False,False,https://static.inaturalist.org/photos/605938259/medium.jpg,,,
367475,Rallus obsoletus,Ridgway's Rail,Aves,Ridgway's Rail,32.5705449422,-117.1264800977,49.0,"Imperial Beach, CA, USA",2026-01-03,2026-01-03 19:44:00 UTC,Pacific Time (US & Canada),research,2,0,False,False,https://static.inaturalist.org/photos/605938531/medium.jpg,,,
367475,Rallus obsoletus,Ridgway's Rail,Aves,Ridgway's Rail,32.5705449422,-117.1264800977,49.0,"Imperial Beach, CA, USA",2026-01-03,2026-01-03 20:09:00 UTC,Pacific Time (US & Canada),research,2,0,False,False,https://static.inaturalist.org/photos/605938821/medium.jpg,,,
367475,Rallus obsoletus,Ridgway's Rail,Aves,Ridgway's Rail,32.5726319954,-117.1254598428,27.0,"Imperial Beach, CA, USA",2026-01-03,2026-01-03 20:24:00 UTC,Pacific Time (US & Canada),research,2,0,False,False,https://static.inaturalist.org/photos/605938848/medium.jpg,,,
367475,Rallus obsoletus,Ridgway's Rail,Aves,Ridgway's Rail,32.7552737564,-117.2460215927,9.0,"San Diego River, San Diego, CA, US",2025-02-06,2025-02-06 15:07:00 UTC,Pacific Time (US & Canada),research,1,0,False,False,https://inaturalist-open-data.s3.amazonaws.com/photos/606055224/medium.jpg,,,
367475,Rallus obsoletus,Ridgway's Rail,Aves,Ridgway's Rail,32.9796724045,-117.2218197584,4.0,"San Diego County, US-CA, US",2026-01-07,2026-01-07 19:43:25 UTC,Pacific Time (US & Canada),research,1,0,False,False,https://inaturalist-open-data.s3.amazonaws.com/photos/606208022/medium.jpg,,,
367475,Rallus obsoletus,Ridgway's Rail,Aves,Ridgway's Rail,32.570283546,-117.1262034093,5.0,"Tijuana River National Estuarine Research Reserve; San Diego, California",2026-01-11,2026-01-11 17:00:00 UTC,Pacific Time (US & Canada),research,3,0,False,False,https://inaturalist-open-data.s3.amazonaws.com/photos/607567067/medium.jpg,,,
367475,Rallus obsoletus,Ridgway's Rail,Aves,Ridgway's Rail,32.5747887,-117.1262946,229.0,"Tijuana Slough National Wildlife Refuge, 301 Caspian Wy, Imperial Beach, CA 91932, USA",2026-01-10,2026-01-10 17:16:00 UTC,Pacific Time (US & Canada),research,2,0,False,False,https://inaturalist-open-data.s3.amazonaws.com/photos/607813313/medium.jpg,,,
367475,Rallus obsoletus,Ridgway's Rail,Aves,Ridgway's Rail,32.7569135661,-117.2404093825,192.0,"Ocean Beach, San Diego, CA, USA",2025-12-22,2025-12-22 20:39:00 UTC,Pacific Time (US & Canada),research,1,0,False,False,https://static.inaturalist.org/photos/608260688/medium.jpg,,,
367475,Rallus obsoletus,Ridgway's Rail,Aves,Ridgway's Rail,32.5703213728,-117.1262100999,16.0,"Tijuana Slough National Wildlife Refuge, Imperial Beach, CA, US",2026-01-19,2026-01-19 23:43:37 UTC,Pacific Time (US & Canada),research,2,0,False,False,https://inaturalist-open-data.s3.amazonaws.com/photos/609349651/medium.jpg,,,
367475,Rallus obsoletus,Ridgway's Rail,Aves,Ridgway's Rail,32.5723501707,-117.1252835446,5.0,"Tijuana River National Estuarine Research Reserve; San Diego, California",2026-01-20,2026-01-20 16:05:00 UTC,Pacific Time (US & Canada),research,2,0,False,False,https://inaturalist-open-data.s3.amazonaws.com/photos/609557872/medium.jpg,,,
367475,Rallus obsoletus,Ridgway's Rail,Aves,Ridgway's Rail,32.5714033055,-117.1282614965,462.0,"Imperial Beach, CA, USA",2025-12-22,2025-12-22 21:10:00 UTC,Pacific Time (US & Canada),research,2,0,False,False,https://static.inaturalist.org/photos/609579500/medium.jpg,,,
367475,Rallus obsoletus,Ridgway's Rail,Aves,Ridgway's Rail,32.5714033055,-117.1282614965,462.0,"Imperial Beach, CA, USA",2025-12-22,2025-12-22 21:14:00 UTC,Pacific Time (US & Canada),research,2,0,False,False,https://static.inaturalist.org/photos/609579643/medium.jpg,,,
367475,Rallus obsoletus,Ridgway's Rail,Aves,Ridgway's Rail,32.57264189,-117.12541089,7.0,"Imperial Beach, CA, USA",2026-01-23,2026-01-23 16:42:08 UTC,Pacific Time (US & Canada),research,2,0,False,False,https://inaturalist-open-data.s3.amazonaws.com/photos/610187033/medium.jpg,,,
367475,Rallus obsoletus,Ridgway's Rail,Aves,Ridgway's Rail,32.5704028871,-117.1262346631,5.0,"Tijuana River National Estuarine Research Reserve; San Diego, California",2026-01-30,2026-01-30 15:45:00 UTC,Pacific Time (US & Canada),research,2,0,False,False,https://inaturalist-open-data.s3.amazonaws.com/photos/612033726/medium.jpg,,,
367475,Rallus obsoletus,Ridgway's Rail,Aves,Ridgway's Rail,32.5746292691,-117.1261923728,331.0,"Tijuana Slough, Imperial Beach, CA, USA",2026-02-03,2026-02-03 19:05:00 UTC,Pacific Time (US & Canada),research,1,0,False,False,https://inaturalist-open-data.s3.amazonaws.com/photos/613130172/medium.jpg,,,
367475,Rallus obsoletus,Ridgway's Rail,Aves,Ridgway's Rail,32.574803339,-117.1263022721,219.0,"Imperial Beach Bl & 3rd St, Imperial Beach, CA 91932, USA",2026-02-04,2026-02-04 23:40:20 UTC,Pacific Time (US & Canada),research,4,0,False,False,https://static.inaturalist.org/photos/613332716/medium.jpg,,,
367475,Rallus obsoletus,Ridgway's Rail,Aves,Ridgway's Rail,32.5739861111,-117.1244416667,,"Imperial Beach Bl & 4th St, Imperial Beach, CA 91932, USA",2026-02-04,2026-02-04 23:40:35 UTC,Pacific Time (US & Canada),research,2,0,False,False,https://static.inaturalist.org/photos/613337847/medium.jpg,,,
367475,Rallus obsoletus,Ridgway's Rail,Aves,Ridgway's Rail,32.5746700676,-117.127428544,15.0,"Imperial Beach, CA, USA",2026-02-07,2026-02-07 16:38:00 UTC,Pacific Time (US & Canada),research,1,0,False,False,https://static.inaturalist.org/photos/614002375/medium.jpg,,,
367475,Rallus obsoletus,Ridgway's Rail,Aves,Ridgway's Rail,32.5733716667,-117.1255111667,7.0,"Tijuana Slough National Wildlife Refuge, Imperial Beach, CA, US",2026-02-17,2026-02-18 00:46:06 UTC,Pacific Time (US & Canada),research,3,0,False,False,https://inaturalist-open-data.s3.amazonaws.com/photos/616852274/medium.jpg,,Merlin heard the call too,
367475,Rallus obsoletus,Ridgway's Rail,Aves,Ridgway's Rail,32.5733138889,-117.1254805556,3.0,"Imperial Beach, CA, USA",2026-02-17,2026-02-18 00:52:00 UTC,Pacific Time (US & Canada),research,4,1,False,False,https://inaturalist-open-data.s3.amazonaws.com/photos/617655029/medium.jpg,,,
367475,Rallus obsoletus,Ridgway's Rail,Aves,Ridgway's Rail,32.5715242093,-117.1254389373,31.0,"Tijuana Slough National Wildlife Refuge, Imperial Beach, CA, US",2026-02-27,2026-02-27 23:57:25 UTC,Pacific Time (US & Canada),research,3,0,False,False,https://inaturalist-open-data.s3.amazonaws.com/photos/619712430/medium.jpg,,,
367475,Rallus obsoletus,Ridgway's Rail,Aves,Ridgway's Rail,32.569637,-117.1269263,380.0,"Tijuana River Estuary, 301 Caspian Wy, Imperial Beach, CA 91932, USA",2026-02-28,2026-02-28 18:49:00 UTC,Pacific Time (US & Canada),research,3,0,False,False,https://inaturalist-open-data.s3.amazonaws.com/photos/620000328/medium.jpg,,,
367475,Rallus obsoletus,Ridgway's Rail,Aves,Ridgway's Rail,32.569637,-117.1269263,380.0,"Tijuana River Estuary, 301 Caspian Wy, Imperial Beach, CA 91932, USA",2026-02-28,2026-02-28 18:56:00 UTC,Pacific Time (US & Canada),research,3,0,False,False,https://inaturalist-open-data.s3.amazonaws.com/photos/620000425/medium.jpg,,,
367475,Rallus obsoletus,Ridgway's Rail,Aves,Ridgway's Rail,32.570295,-117.1264583333,4.0,"Tijuana Slough National Wildlife Refuge, Imperial Beach, CA, US",2026-02-28,2026-02-28 19:01:12 UTC,Pacific Time (US & Canada),research,1,0,False,False,https://inaturalist-open-data.s3.amazonaws.com/photos/620008393/medium.jpg,,,
367475,Rallus obsoletus,Ridgway's Rail,Aves,Ridgway's Rail,32.5702883333,-117.1264416667,3.0,"Tijuana Slough National Wildlife Refuge, Imperial Beach, CA, US",2026-02-28,2026-02-28 18:49:35 UTC,Pacific Time (US & Canada),research,1,0,False,False,https://inaturalist-open-data.s3.amazonaws.com/photos/620010995/medium.jpg,,,
367475,Rallus obsoletus,Ridgway's Rail,Aves,Ridgway's Rail,32.574305,-117.1268611667,5.0,"Tijuana Slough National Wildlife Refuge, Imperial Beach, CA, US",2026-02-28,2026-02-28 15:27:55 UTC,Pacific Time (US & Canada),research,2,0,False,False,https://inaturalist-open-data.s3.amazonaws.com/photos/620098974/medium.jpg,,,
367475,Rallus obsoletus,Ridgway's Rail,Aves,Ridgway's Rail,32.5699471771,-117.1263084957,37.0,"North Mccoy Trail, Imperial Beach, CA, US",2026-03-03,2026-03-04 01:58:41 UTC,Pacific Time (US & Canada),research,2,0,False,False,https://static.inaturalist.org/photos/620916994/medium.jpg,,,
367475,Rallus obsoletus,Ridgway's Rail,Aves,Ridgway's Rail,32.5702505176,-117.1261796353,4.0,"Imperial Beach, CA, USA",2026-03-03,2026-03-03 16:54:00 UTC,Pacific Time (US & Canada),research,2,0,False,False,https://inaturalist-open-data.s3.amazonaws.com/photos/621055334/medium.jpg,,,
179819,Rallus obsoletus levipes,Light-footed Rail,Aves,Light-footed Rail,33.0122978688,-117.2750205677,13.0,"San Elijo Lagoon, Encinitas, CA, US",2026-03-05,2026-03-06 01:04:23 UTC,Pacific Time (US & Canada),research,2,0,False,False,https://static.inaturalist.org/photos/621675729/medium.jpg,,,
367475,Rallus obsoletus,Ridgway's Rail,Aves,Ridgway's Rail,32.5725103001,-117.1253585735,5.0,"Imperial Beach, CA, USA",2026-02-26,2026-02-26 15:30:00 UTC,Pacific Time (US & Canada),research,2,0,False,False,https://inaturalist-open-data.s3.amazonaws.com/photos/622187996/medium.jpg,,Photos by PP. Entry by CP.,
367475,Rallus obsoletus,Ridgway's Rail,Aves,Ridgway's Rail,32.5726336997,-117.1253695,,"Imperial Beach, CA, USA",2026-02-22,2026-02-22 15:29:19 UTC,Pacific Time (US & Canada),research,2,0,False,False,https://inaturalist-open-data.s3.amazonaws.com/photos/623952001/medium.jpg,,,
367475,Rallus obsoletus,Ridgway's Rail,Aves,Ridgway's Rail,32.5706665887,-117.1261149074,2.0,"Imperial Beach, CA, USA",2026-03-12,2026-03-12 17:45:00 UTC,Pacific Time (US & Canada),research,2,0,False,False,https://static.inaturalist.org/photos/624031466/medium.jpg,,,
367475,Rallus obsoletus,Ridgway's Rail,Aves,Ridgway's Rail,32.5725883333,-117.1253361667,3.0,"Tijuana Slough National Wildlife Refuge, Imperial Beach, CA, US",2026-03-11,2026-03-12 01:47:27 UTC,Pacific Time (US & Canada),research,1,0,False,False,https://static.inaturalist.org/photos/624750521/medium.jpg,,,
367475,Rallus obsoletus,Ridgway's Rail,Aves,Ridgway's Rail,32.572595,-117.1253666667,4.0,"Tijuana Slough National Wildlife Refuge, Imperial Beach, CA, US",2026-03-11,2026-03-12 02:06:45 UTC,Pacific Time (US & Canada),research,1,0,False,False,https://static.inaturalist.org/photos/624750839/medium.jpg,,,
367475,Rallus obsoletus,Ridgway's Rail,Aves,Ridgway's Rail,32.5702283333,-117.1264805,7.0,"North Mccoy Trail, Imperial Beach, CA, US",2026-03-11,2026-03-12 01:38:12 UTC,Pacific Time (US & Canada),research,1,0,False,False,https://inaturalist-open-data.s3.amazonaws.com/photos/625121540/medium.jpg,,,
367475,Rallus obsoletus,Ridgway's Rail,Aves,Ridgway's Rail,32.5741757307,-117.1269463536,15.0,"Oneonta Slough, Imperial Beach, CA, US",2026-03-19,2026-03-19 13:35:53 UTC,Pacific Time (US & Canada),research,1,0,False,False,https://inaturalist-open-data.s3.amazonaws.com/photos/626421166/medium.jpg,,,
367475,Rallus obsoletus,Ridgway's Rail,Aves,Ridgway's Rail,32.5747886473,-117.1262945607,229.0,"Imperial Beach Bl & 3rd St, Imperial Beach, CA 91932, USA",2026-03-20,2026-03-20 19:33:08 UTC,Pacific Time (US & Canada),research,2,0,False,False,https://inaturalist-open-data.s3.amazonaws.com/photos/626897042/medium.jpg,,,
367475,Rallus obsoletus,Ridgway's Rail,Aves,Ridgway's Rail,32.5903082854,-117.11307938,95.0,"Egger Highlands, San Diego, CA, USA",2026-03-21,2026-03-21 22:39:00 UTC,Pacific Time (US & Canada),research,2,0,False,False,https://static.inaturalist.org/photos/628261218/medium.jpg,,,
367475,Rallus obsoletus,Ridgway's Rail,Aves,Ridgway's Rail,33.1714833333,-117.3485527778,,"Carlsbad Village, Carlsbad, CA, USA",2026-03-22,2026-03-22 20:45:48 UTC,Pacific Time (US & Canada),research,1,0,False,False,https://static.inaturalist.org/photos/628635837/medium.jpg,,Dead on roadway. Unsure if Virgina or Ridgway ,
367475,Rallus obsoletus,Ridgway's Rail,Aves,Ridgway's Rail,32.5732632589,-117.1254170265,247.0,"Tijuana Slough National Wildlife Refuge, Imperial Beach, CA, US",2026-03-25,2026-03-25 16:27:50 UTC,Pacific Time (US & Canada),research,2,0,False,False,https://inaturalist-open-data.s3.amazonaws.com/photos/629287904/medium.jpg,,,
179819,Rallus obsoletus levipes,Light-footed Rail,Aves,Light-footed Rail,32.6989641826,-117.1163177105,17577.0,"Mountain View, San Diego, CA, USA",2006-03-14,2006-03-14 19:12:00 UTC,Pacific Time (US & Canada),research,2,0,False,False,https://inaturalist-open-data.s3.amazonaws.com/photos/629425451/medium.jpg,,,
367475,Rallus obsoletus,Ridgway's Rail,Aves,Ridgway's Rail,33.0111143201,-117.2467418388,141.0,"Encinitas, CA 92024, USA",2025-01-02,2025-01-02 21:05:42 UTC,Pacific Time (US & Canada),needs_id,0,0,False,False,https://inaturalist-open-data.s3.amazonaws.com/photos/629715677/medium.jpg,,,
367475,Rallus obsoletus,Ridgway's Rail,Aves,Ridgway's Rail,32.572455,-117.1255861667,8.0,"Tijuana Slough National Wildlife Refuge, Imperial Beach, CA, US",2026-03-27,2026-03-27 14:47:10 UTC,Pacific Time (US & Canada),research,3,0,False,False,https://inaturalist-open-data.s3.amazonaws.com/photos/629795530/medium.jpg,,,
179819,Rallus obsoletus levipes,Light-footed Rail,Aves,Light-footed Rail,33.0678695011,-117.2353090915,4.0,"San Diego County, US-CA, US",2026-04-02,2026-04-02 14:11:09 UTC,Pacific Time (US & Canada),research,2,0,False,True,https://inaturalist-open-data.s3.amazonaws.com/photos/632281984/medium.jpg,,USFWS/CDFW permitted research,
179819,Rallus obsoletus levipes,Light-footed Rail,Aves,Light-footed Rail,32.57045,-117.1294111667,3.0,"Imperial Beach, CA, US",2026-04-03,2026-04-03 13:14:19 UTC,Pacific Time (US & Canada),research,2,0,False,False,https://inaturalist-open-data.s3.amazonaws.com/photos/632851704/medium.jpg,,,
367475,Rallus obsoletus,Ridgway's Rail,Aves,Ridgway's Rail,32.5721156207,-117.1254489188,34.0,"Imperial Beach, CA, USA",2026-04-05,2026-04-05 16:54:00 UTC,Pacific Time (US & Canada),research,2,0,False,False,https://inaturalist-open-data.s3.amazonaws.com/photos/633932538/medium.jpg,,"noted movement in the grasses and watched it preen for awhile, never came out in open",
367475,Rallus obsoletus,Ridgway's Rail,Aves,Ridgway's Rail,32.572575,-117.12535,4.0,"North Mccoy Trail, Imperial Beach, CA, US",2026-04-09,2026-04-09 15:47:16 UTC,Pacific Time (US & Canada),research,2,0,False,False,https://inaturalist-open-data.s3.amazonaws.com/photos/637994623/medium.jpg,,,
367475,Rallus obsoletus,Ridgway's Rail,Aves,Ridgway's Rail,32.5594256756,-117.128136117,10.0,"Tijuana Slough National Wildlife Refuge, Imperial Beach, CA, US",2026-04-17,2026-04-17 13:48:34 UTC,Pacific Time (US & Canada),research,2,0,False,False,https://inaturalist-open-data.s3.amazonaws.com/photos/639654690/medium.jpg,,,
367475,Rallus obsoletus,Ridgway's Rail,Aves,Ridgway's Rail,32.5593339067,-117.1283161168,23.0,"Tijuana Slough National Wildlife Refuge, Imperial Beach, CA, US",2026-04-17,2026-04-17 13:51:06 UTC,Pacific Time (US & Canada),needs_id,1,0,False,False,https://inaturalist-open-data.s3.amazonaws.com/photos/639656278/medium.jpg,,,
179819,Rallus obsoletus levipes,Light-footed Rail,Aves,Light-footed Rail,32.57352,-117.1254888333,3.0,"North Mccoy Trail, Imperial Beach, CA, US",2026-04-11,2026-04-11 15:08:39 UTC,Pacific Time (US & Canada),research,1,0,False,False,https://inaturalist-open-data.s3.amazonaws.com/photos/639711058/medium.jpg,,,
367475,Rallus obsoletus,Ridgway's Rail,Aves,Ridgway's Rail,32.5508126,-117.1135794,169.0,"Tijuana River National Estuarine Research Reserve, 301 Caspian Wy, Imperial Beach, CA 91932, USA",2026-04-15,2026-04-15 19:30:00 UTC,Pacific Time (US & Canada),research,2,0,False,False,https://inaturalist-open-data.s3.amazonaws.com/photos/639815653/medium.jpg,,,
367475,Rallus obsoletus,Ridgway's Rail,Aves,Ridgway's Rail,32.5508126,-117.1135794,169.0,"Tijuana River National Estuarine Research Reserve, 301 Caspian Wy, Imperial Beach, CA 91932, USA",2026-04-15,2026-04-15 19:34:00 UTC,Pacific Time (US & Canada),research,2,0,False,False,https://inaturalist-open-data.s3.amazonaws.com/photos/639815730/medium.jpg,,,
367475,Rallus obsoletus,Ridgway's Rail,Aves,Ridgway's Rail,32.5899088949,-117.1133347011,,"Egger Highlands, San Diego, CA, USA",2026-04-17,2026-04-17 23:38:00 UTC,Pacific Time (US & Canada),research,1,0,False,False,https://inaturalist-open-data.s3.amazonaws.com/photos/639929255/medium.jpg,,,
367475,Rallus obsoletus,Ridgway's Rail,Aves,Ridgway's Rail,32.5595888889,-117.1282583333,,"Imperial Beach, CA, USA",2026-04-17,2026-04-17 15:40:00 UTC,Pacific Time (US & Canada),research,2,0,False,False,https://inaturalist-open-data.s3.amazonaws.com/photos/639962205/medium.jpg,,,
