taxon_id,scientific_name,common_name,iconic_taxon_name,species_guess,latitude,longitude,positional_accuracy,place_guess,observed_on,time_observed_at,time_zone,quality_grade,num_identification_agreements,num_identification_disagreements,captive_cultivated,coordinates_obscured,image_url,sound_url,description,tag_list
19975,Athene cunicularia,Burrowing Owl,Aves,Burrowing Owl,32.6005932,-117.1059322,,Salt Works,2013-01-19,2013-01-19 19:22:27 UTC,Pacific Time (US & Canada),research,5,0,False,False,https://inaturalist-open-data.s3.amazonaws.com/photos/239936/medium.jpg,,"San Diego County, California, US",animal
19975,Athene cunicularia,Burrowing Owl,Aves,Burrowing Owl,32.5710707,-117.1290303,,Tijuana Slough NWR,2009-12-05,2009-12-05 18:28:39 UTC,Pacific Time (US & Canada),research,5,0,False,False,https://inaturalist-open-data.s3.amazonaws.com/photos/379357/medium.jpg,,"San Diego County, California, US",
19975,Athene cunicularia,Burrowing Owl,Aves,Burrowing Owl,32.567205,-116.914081,469.0,Otay Mesa--Alta Rd Fields,2012-07-04,2012-07-04 16:23:52 UTC,Pacific Time (US & Canada),research,6,0,False,False,https://static.inaturalist.org/photos/553972/medium.jpg,,"San Diego County, California, US",
19975,Athene cunicularia,Burrowing Owl,Aves,Burrowing Owl,33.043737,-116.940207,1742.0,Ramona Grasslands,2010-01-31,2010-01-31 17:31:13 UTC,Pacific Time (US & Canada),research,5,0,False,False,https://static.inaturalist.org/photos/560865/medium.jpg,,"San Diego County, California, US",
19975,Athene cunicularia,Burrowing Owl,Aves,Burrowing Owl,32.570743,-117.127247,547.0,Tijuana River National Estuarine Research Reserve,2011-12-04,2011-12-04 20:42:56 UTC,Pacific Time (US & Canada),research,5,0,False,False,https://static.inaturalist.org/photos/590217/medium.jpg,,"San Diego County, California, US",
19975,Athene cunicularia,Burrowing Owl,Aves,Burrowing Owl,32.564161,-116.975384,1641.0,Otay Mesa,2014-06-01,2014-06-01 19:11:26 UTC,Pacific Time (US & Canada),research,6,0,False,False,https://inaturalist-open-data.s3.amazonaws.com/photos/922602/medium.jpg,,"San Diego County, California, US",
19975,Athene cunicularia,Burrowing Owl,Aves,Burrowing Owl,32.7842367793,-116.8867241379,,United States,2014-12-10,2014-12-10 21:18:50 UTC,Pacific Time (US & Canada),research,6,0,False,True,https://static.inaturalist.org/photos/1419781/medium.JPG,,,
19975,Athene cunicularia,Burrowing Owl,Aves,Burrowing Owl,32.560672,-116.970886,1289.0,Otay Mesa,2015-05-03,2015-05-03 18:58:43 UTC,Pacific Time (US & Canada),research,8,0,False,False,https://static.inaturalist.org/photos/1816426/medium.jpg,,"San Diego County, California, US",
19975,Athene cunicularia,Burrowing Owl,Aves,Burrowing Owl,32.57742,-116.9623116667,,"San Diego County, US-CA, US",2015-05-20,2015-05-20 19:25:48 UTC,Pacific Time (US & Canada),research,4,0,False,False,https://inaturalist-open-data.s3.amazonaws.com/photos/1880619/medium.jpg,,,
19975,Athene cunicularia,Burrowing Owl,Aves,Burrowing Owl,32.4501270066,-116.9462915266,3.0,,2015-09-21,,Pacific Time (US & Canada),casual,0,0,False,True,,,"Otay Mountain, California

Accidentally flushed from an erosion rill within a bare area, next to a trail surrounded by chaparral at 14:34. Did not see the owl until it flushed. Owl flew northwest, turned east, and went down in chaparral cover out of site (approximately 10 meters away). Gave off alarm call when two CORA flew overhead, then flew up to approximately 100 feet, circled a few times, then flew south out of view. Probably a resting migrant - bare area in trail virtually surrounded by thick chaparral (dominated by Arctostaphylos otayensis, Pickeringia montana, and Adenostoma fasciculatum). No other BUOW observed.",
206894,Athene cunicularia hypugaea,Western Burrowing Owl,Aves,Western Burrowing Owl,32.78588,-116.8704083333,,"San Diego National Wildlife Refuge, El Cajon, CA, US",2016-02-02,2016-02-02 18:43:56 UTC,Pacific Time (US & Canada),research,4,0,False,False,https://inaturalist-open-data.s3.amazonaws.com/photos/2960900/medium.jpg,,Sorry for the terrible photo quality. ,
19975,Athene cunicularia,Burrowing Owl,Aves,Burrowing Owl,33.041374,-116.936156,3.0,Ramona Grasslands,2016-02-14,2016-02-14 19:19:49 UTC,Pacific Time (US & Canada),research,8,0,False,False,https://static.inaturalist.org/photos/3023092/medium.jpg,,"San Diego County, California, US",
19975,Athene cunicularia,Burrowing Owl,Aves,Burrowing Owl,33.2580870058,-116.291247122,516.0,"Borrego Springs, CA 92004",2016-02-21,2016-02-21 20:07:14 UTC,Pacific Time (US & Canada),research,4,0,False,False,https://inaturalist-open-data.s3.amazonaws.com/photos/3286342/medium.jpeg,,Found deceasd.,
19975,Athene cunicularia,Burrowing Owl,Aves,Burrowing Owl,32.571354,-116.962494,,"Brown Field, Otay Mesa, San Diego, California",2016-05-10,,Pacific Time (US & Canada),research,6,0,False,False,https://inaturalist-open-data.s3.amazonaws.com/photos/3637836/medium.JPG,,"You can see in the last picture that at least one of these critters is tagged.  It's kind of blurry so can't make out the numbers, but both ankles have a tag.",
19975,Athene cunicularia,Burrowing Owl,Aves,Burrowing Owl,32.6747816988,-117.2393013072,5.0,"Cabrillo National Monument, San Diego, CA, US",2016-05-21,2016-05-21 16:42:21 UTC,Pacific Time (US & Canada),casual,1,0,True,False,https://static.inaturalist.org/photos/3759188/medium.jpg,,,
19975,Athene cunicularia,Burrowing Owl,Aves,Burrowing Owl,32.6730113472,-117.2396957735,1676.0,"Cabrillo National Monument, San Diego, CA, US",2016-05-21,2016-05-21 16:52:14 UTC,Pacific Time (US & Canada),casual,3,0,True,False,https://inaturalist-open-data.s3.amazonaws.com/photos/3760625/medium.jpg,,,
19975,Athene cunicularia,Burrowing Owl,Aves,Burrowing Owl,32.674725,-117.23957,,"Cabrillo National Monument, San Diego, CA, US",2016-05-21,2016-05-21 17:31:51 UTC,Pacific Time (US & Canada),casual,1,0,True,False,https://inaturalist-open-data.s3.amazonaws.com/photos/3760843/medium.jpg,,,
19975,Athene cunicularia,Burrowing Owl,Aves,Burrowing Owl,32.7151256893,-116.9311746785,1.0,United States,2015-06-26,,Pacific Time (US & Canada),research,6,0,False,True,https://static.inaturalist.org/photos/4095728/medium.jpg,,"Observed adult pair at burrow entrance.

",
19975,Athene cunicularia,Burrowing Owl,Aves,Burrowing Owl,32.4742387511,-116.9043820488,30.0,United States,2012-02-26,,Pacific Time (US & Canada),research,4,0,False,True,https://static.inaturalist.org/photos/4889162/medium.jpg,,Found dead on paved road.,
19975,Athene cunicularia,Burrowing Owl,Aves,Burrowing Owl,32.7602450297,-117.2248721123,8.0,"Mission Bay, San Diego, CA, USA",2016-11-13,2016-11-13 19:30:00 UTC,Pacific Time (US & Canada),research,4,0,False,False,https://inaturalist-open-data.s3.amazonaws.com/photos/5509666/medium.jpeg,,,
19975,Athene cunicularia,Burrowing Owl,Aves,Burrowing Owl,32.760482,-117.222657,17.0,Old Seaworld Drive,2016-11-12,2016-11-12 20:00:39 UTC,Pacific Time (US & Canada),research,5,0,False,False,https://inaturalist-open-data.s3.amazonaws.com/photos/5615583/medium.jpg,,"This guy has been at the same burrow along the San Diego River Estuary for several weeks now. Don't think he was too happy about this picture being taken! He was looking around, very attentive to everything happening around him. Just out of frame was a small pile of feathers. He might have had a good meal earlier in the day...",
19975,Athene cunicularia,Burrowing Owl,Aves,Burrowing Owl,32.8352851868,-117.0069732666,,"8667-8807 Mission Gorge Road Santee, CA 92071",2016-11-30,2016-12-01 00:03:03 UTC,Pacific Time (US & Canada),research,7,0,False,False,https://inaturalist-open-data.s3.amazonaws.com/photos/5817401/medium.jpeg,,"Hard to see, but definitely a BO.
",
19975,Athene cunicularia,Burrowing Owl,Aves,Burrowing Owl,33.1674804577,-117.2761774063,50.0,"Carlsbad, CA, USA",2016-12-31,2016-12-31 21:57:00 UTC,Pacific Time (US & Canada),research,4,0,False,False,https://inaturalist-open-data.s3.amazonaws.com/photos/5935452/medium.jpeg,,"Seen the day before, also, perching near different burrows in the area.",
19975,Athene cunicularia,Burrowing Owl,Aves,Burrowing Owl,32.7603895263,-117.2234773636,15.0,"Mission Bay, San Diego, CA, USA",2017-01-16,2017-01-16 23:50:00 UTC,Pacific Time (US & Canada),research,6,0,False,False,https://inaturalist-open-data.s3.amazonaws.com/photos/6050164/medium.jpeg,,,
19975,Athene cunicularia,Burrowing Owl,Aves,Burrowing Owl,33.2424010218,-117.1927523652,61.0,"San Diego County, US-CA, US",2016-10-22,2016-10-23 03:04:00 UTC,Arizona,research,2,0,False,True,https://inaturalist-open-data.s3.amazonaws.com/photos/6092714/medium.jpg,,,
19975,Athene cunicularia,Burrowing Owl,Aves,Burrowing Owl,33.0419127563,-116.0017936247,61.0,"California, US",2016-12-01,2016-12-01 17:00:00 UTC,Pacific Time (US & Canada),research,2,0,False,True,https://inaturalist-open-data.s3.amazonaws.com/photos/6092912/medium.jpg,,,
19975,Athene cunicularia,Burrowing Owl,Aves,Burrowing Owl,32.7607177313,-117.219800725,516.0,"Old Sea World Drive San Diego, CA 92109",2017-01-27,2017-01-27 18:47:00 UTC,Pacific Time (US & Canada),research,5,0,False,False,https://static.inaturalist.org/photos/6177674/medium.jpeg,,,
19975,Athene cunicularia,Burrowing Owl,Aves,Burrowing Owl,32.7616285045,-117.2236127116,201.0,"SeaWorld San Diego, San Diego, CA, US",2017-02-03,2017-02-03 19:27:40 UTC,Pacific Time (US & Canada),research,5,0,False,False,https://static.inaturalist.org/photos/6239831/medium.jpg,,,
19975,Athene cunicularia,Burrowing Owl,Aves,Burrowing Owl,32.5635111111,-117.1230666667,,"Imperial Beach, CA, USA",2017-02-12,2017-02-13 00:45:00 UTC,Pacific Time (US & Canada),research,5,0,False,False,https://inaturalist-open-data.s3.amazonaws.com/photos/6270606/medium.jpeg,,,
19975,Athene cunicularia,Burrowing Owl,Aves,Burrowing Owl,32.7603726246,-117.2239011526,8.0,"Mission Bay, San Diego, CA, USA",2017-02-24,2017-02-24 19:29:00 UTC,Pacific Time (US & Canada),research,6,0,False,False,https://inaturalist-open-data.s3.amazonaws.com/photos/6375283/medium.jpeg,,,
19975,Athene cunicularia,Burrowing Owl,Aves,Burrowing Owl,32.7748748651,-117.3558692929,129.0,"San Diego County, US-CA, US",2017-01-14,2017-01-15 02:04:00 UTC,Pacific Time (US & Canada),research,7,0,False,True,https://inaturalist-open-data.s3.amazonaws.com/photos/6424869/medium.jpeg,,,
19975,Athene cunicularia,Burrowing Owl,Aves,Burrowing Owl,32.980888908,-116.9690221995,62.0,"92064, Poway, CA, US",2017-03-30,2017-03-30 21:06:30 UTC,Pacific Time (US & Canada),research,6,0,False,False,https://static.inaturalist.org/photos/6795433/medium.jpg,,Found this guy while hiking...he swooped down to catch bunny!! It caught me taking a picture ahah,
19975,Athene cunicularia,Burrowing Owl,Aves,Burrowing Owl,32.577663019,-116.9623160362,64.0,"Otay Mesa, San Diego, CA, USA",2015-06-14,2015-06-14 19:58:00 UTC,Pacific Time (US & Canada),research,3,0,False,False,https://inaturalist-open-data.s3.amazonaws.com/photos/8373525/medium.jpeg,,,
19975,Athene cunicularia,Burrowing Owl,Aves,Burrowing Owl,32.57738461,-116.9622956718,45.0,"1100–1198 La Media Rd, San Diego, CA, US",2011-07-04,2011-07-04 17:00:02 UTC,Pacific Time (US & Canada),research,4,0,False,False,https://inaturalist-open-data.s3.amazonaws.com/photos/8858144/medium.jpg,,,
206894,Athene cunicularia hypugaea,Western Burrowing Owl,Aves,Western Burrowing Owl,32.5806427969,-116.9653640986,8.0,"Otay Ranch, Chula Vista, CA, USA",2017-08-28,2017-08-29 01:34:00 UTC,Pacific Time (US & Canada),research,4,0,False,False,https://inaturalist-open-data.s3.amazonaws.com/photos/10088754/medium.jpg,,,
19975,Athene cunicularia,Burrowing Owl,Aves,Burrowing Owl,32.56755235,-116.949892,,"San Diego County, US-CA, US",2012-02-26,,Pacific Time (US & Canada),casual,0,0,False,False,,,Found dead on paved road.,class-bulkobservationfile-user_id-6814-filename-global-roadkill-upload1-csv-project_id-14609-2017-09-05 13:37:45 -0700.csv
19975,Athene cunicularia,Burrowing Owl,Aves,Burrowing Owl,32.56755235,-116.949892,,"San Diego County, US-CA, US",2012-02-26,,Pacific Time (US & Canada),casual,0,0,False,False,,,Found dead on paved road.,class-bulkobservationfile-user_id-6814-filename-global-roadkill-upload1-csv-project_id-14609-2017-09-06 18:06:31 -0700.csv
19975,Athene cunicularia,Burrowing Owl,Aves,Burrowing Owl,32.7071828652,-117.3302297796,61.0,"San Diego County, US-CA, US",2017-10-31,2017-10-31 19:17:00 UTC,Pacific Time (US & Canada),research,7,0,False,True,https://inaturalist-open-data.s3.amazonaws.com/photos/11557950/medium.jpeg,,,
19975,Athene cunicularia,Burrowing Owl,Aves,Burrowing Owl,32.7597488051,-117.2206912656,1336.0,"S Shores Park, San Diego, CA, US",2017-10-30,2017-10-30 21:00:30 UTC,Pacific Time (US & Canada),research,7,0,False,False,https://inaturalist-open-data.s3.amazonaws.com/photos/11588284/medium.jpg,,Returning bird by San Diego River Flood Control Channel ,
19975,Athene cunicularia,Burrowing Owl,Aves,Burrowing Owl,32.6614774048,-117.3921937213,111.0,"San Diego County, US-CA, US",2017-11-03,2017-11-03 18:19:00 UTC,Pacific Time (US & Canada),research,6,0,False,True,https://inaturalist-open-data.s3.amazonaws.com/photos/11617566/medium.jpeg,,,
19975,Athene cunicularia,Burrowing Owl,Aves,Burrowing Owl,32.6744543,-117.2404906,196.0,"San Diego, CA 92106, USA",2017-10-22,2017-10-22 11:52:00 UTC,Pacific Time (US & Canada),research,3,0,False,False,https://inaturalist-open-data.s3.amazonaws.com/photos/11813120/medium.jpeg,,with band (USGS),
19975,Athene cunicularia,Burrowing Owl,Aves,Burrowing Owl,32.7504962659,-117.3108113398,31.0,"San Diego County, US-CA, US",2017-11-22,2017-11-22 18:59:00 UTC,Pacific Time (US & Canada),research,5,0,False,True,https://inaturalist-open-data.s3.amazonaws.com/photos/11973479/medium.jpeg,,,
206894,Athene cunicularia hypugaea,Western Burrowing Owl,Aves,Western Burrowing Owl,33.0753617041,-116.0988084326,50.0,"California, US",2017-06-19,2017-06-20 04:58:00 UTC,Pacific Time (US & Canada),research,4,0,False,True,https://inaturalist-open-data.s3.amazonaws.com/photos/12128723/medium.jpeg,,2158:061917:126F:0000:CAMERA1:6E[186:0010]G[008:0x0006,
206894,Athene cunicularia hypugaea,Western Burrowing Owl,Aves,Western Burrowing Owl,33.1439067358,-116.0327446982,50.0,"California, US",2017-06-20,2017-06-20 23:57:00 UTC,Pacific Time (US & Canada),research,3,0,False,True,https://inaturalist-open-data.s3.amazonaws.com/photos/12129152/medium.jpeg,,1657:062017:99F:0000:CAMERA1:7E[102:0398]G[024:0x0016,
206894,Athene cunicularia hypugaea,Western Burrowing Owl,Aves,Western Burrowing Owl,33.1073092945,-116.1883988178,50.0,"California, US",2017-06-21,2017-06-21 14:29:00 UTC,Pacific Time (US & Canada),research,3,0,False,True,https://inaturalist-open-data.s3.amazonaws.com/photos/12129287/medium.jpeg,,0729:062117:124F:0000:CAMERA1:7E[161:0030]G[008:0x0006,
19975,Athene cunicularia,Burrowing Owl,Aves,Burrowing Owl,32.7604702761,-117.2230267525,31.0,"Mission Bay, San Diego, CA, USA",2018-01-01,2018-01-01 21:04:00 UTC,Pacific Time (US & Canada),research,4,0,False,False,https://inaturalist-open-data.s3.amazonaws.com/photos/12670797/medium.jpeg,,,
19975,Athene cunicularia,Burrowing Owl,Aves,Burrowing Owl,33.3876403535,-116.2222518773,5.0,"San Diego County, US-CA, US",2018-01-05,2018-01-05 15:46:11 UTC,Pacific Time (US & Canada),research,3,0,False,True,https://inaturalist-open-data.s3.amazonaws.com/photos/12769226/medium.jpg,,,
19975,Athene cunicularia,Burrowing Owl,Aves,Burrowing Owl,33.2121532744,-116.3507424409,500.0,"Anza-Borrego Desert State Park, Borrego Springs, CA, US",2018-01-06,2018-01-06 15:43:08 UTC,Pacific Time (US & Canada),research,4,0,False,False,https://inaturalist-open-data.s3.amazonaws.com/photos/12752983/medium.jpg,,,
19975,Athene cunicularia,Burrowing Owl,Aves,Burrowing Owl,32.760093689,-117.2230834961,,"Old Sea World Dr, San Diego, CA 92109, USA",2018-01-26,2018-01-26 18:18:31 UTC,Pacific Time (US & Canada),research,4,0,False,False,https://inaturalist-open-data.s3.amazonaws.com/photos/13142075/medium.jpeg,,,
19975,Athene cunicularia,Burrowing Owl,Aves,Burrowing Owl,32.760325,-117.2232133333,4.0,"S Shores Park, San Diego, CA, US",2018-02-09,2018-02-09 18:12:35 UTC,Pacific Time (US & Canada),research,4,0,False,False,https://static.inaturalist.org/photos/13408002/medium.jpg,,,
19975,Athene cunicularia,Burrowing Owl,Aves,Burrowing Owl,32.7573463646,-117.2290509941,340.0,"I-8 W, San Diego, CA, US",2018-02-09,2018-02-09 18:06:54 UTC,Pacific Time (US & Canada),research,4,0,False,False,https://static.inaturalist.org/photos/13410157/medium.jpg,,,
19975,Athene cunicularia,Burrowing Owl,Aves,Burrowing Owl,32.76039505,-117.2231750488,,"Old Sea World Dr, San Diego, CA 92109, USA",2018-02-15,2018-02-16 00:41:56 UTC,Pacific Time (US & Canada),research,5,0,False,False,https://inaturalist-open-data.s3.amazonaws.com/photos/13533384/medium.jpeg,,"One owl, standing outside it's burrow seeming to sun itself. The burrow was in a sandy hill ",
19975,Athene cunicularia,Burrowing Owl,Aves,Burrowing Owl,32.7607506,-117.2199285,195.0,"Old Sea World Dr, San Diego, CA 92109, USA",2018-02-19,2018-02-19 20:21:00 UTC,Hawaii,research,5,0,False,False,https://inaturalist-open-data.s3.amazonaws.com/photos/13631074/medium.jpeg,,,
19975,Athene cunicularia,Burrowing Owl,Aves,Burrowing Owl,33.0472944686,-116.9356173277,8.0,"San Diego County, CA, USA",2018-03-11,2018-03-11 18:54:00 UTC,Pacific Time (US & Canada),research,4,0,False,False,https://inaturalist-open-data.s3.amazonaws.com/photos/14075163/medium.jpeg,,,
206894,Athene cunicularia hypugaea,Western Burrowing Owl,Aves,Western Burrowing Owl,33.1387366667,-117.1944716667,,"San Marcos, CA, USA",2018-03-29,2018-03-29 14:18:00 UTC,Pacific Time (US & Canada),research,2,0,False,False,https://static.inaturalist.org/photos/15074855/medium.jpeg,,,
19975,Athene cunicularia,Burrowing Owl,Aves,Burrowing Owl,32.6796355856,-116.8521939218,15.0,"Rancho Jamul Ecological Reserve; San Diego County, California",2018-04-13,2018-04-14 02:01:00 UTC,Pacific Time (US & Canada),research,3,0,False,False,https://inaturalist-open-data.s3.amazonaws.com/photos/15378085/medium.jpg,,,
19975,Athene cunicularia,Burrowing Owl,Aves,Burrowing Owl,32.7600455688,-117.2248603339,195.0,"Mission Bay, San Diego, CA, USA",2018-01-13,2018-01-14 01:19:00 UTC,Hawaii,research,6,0,False,False,https://inaturalist-open-data.s3.amazonaws.com/photos/15653742/medium.jpeg,,,
19975,Athene cunicularia,Burrowing Owl,Aves,Burrowing Owl,32.7754039521,-117.2183489799,36.0,"Mission Bay, San Diego, CA, USA",2017-11-03,2017-11-03 18:21:00 UTC,Pacific Time (US & Canada),research,5,0,False,False,https://inaturalist-open-data.s3.amazonaws.com/photos/15757658/medium.jpg,,,
19975,Athene cunicularia,Burrowing Owl,Aves,Burrowing Owl,32.7756204509,-117.2185635567,61.0,"Mission Bay, San Diego, CA, USA",2017-10-31,2017-10-31 18:52:00 UTC,Pacific Time (US & Canada),research,4,0,False,False,https://inaturalist-open-data.s3.amazonaws.com/photos/15865216/medium.jpg,,,
19975,Athene cunicularia,Burrowing Owl,Aves,Burrowing Owl,32.639781721,-117.1102173162,5.0,"Sweetwater Marsh National Wildlife Refuge, Chula Vista, CA, US",2018-04-30,2018-04-30 19:53:56 UTC,Pacific Time (US & Canada),casual,2,0,True,False,https://static.inaturalist.org/photos/17053148/medium.jpg,,,
19975,Athene cunicularia,Burrowing Owl,Aves,Burrowing Owl,32.5688233163,-116.9634667039,8.0,"Otay Mesa, San Diego, CA, USA",2018-05-08,2018-05-08 18:40:00 UTC,Pacific Time (US & Canada),research,4,0,False,False,https://inaturalist-open-data.s3.amazonaws.com/photos/17657674/medium.jpg,,,"Birds, Birds of San Diego, Ireland"
19975,Athene cunicularia,Burrowing Owl,Aves,Burrowing Owl,32.5688210559,-116.9634673744,2.0,"Otay Mesa, San Diego, CA, USA",2018-05-08,2018-05-08 18:59:00 UTC,Pacific Time (US & Canada),research,4,0,False,False,https://inaturalist-open-data.s3.amazonaws.com/photos/17657682/medium.jpg,,,"Birds, Birds of San Diego"
19975,Athene cunicularia,Burrowing Owl,Aves,Burrowing Owl,32.6397795127,-117.1101963813,16.0,"Sweetwater Marsh National Wildlife Refuge, Chula Vista, CA, US",2018-05-14,2018-05-14 23:15:24 UTC,Pacific Time (US & Canada),casual,2,0,True,False,https://static.inaturalist.org/photos/17983876/medium.jpg,,,
19975,Athene cunicularia,Burrowing Owl,Aves,Burrowing Owl,32.7601854006,-117.2237511373,92.0,"Mission Bay, San Diego, CA, USA",2017-01-16,2017-01-16 23:40:00 UTC,Pacific Time (US & Canada),research,4,0,False,False,https://inaturalist-open-data.s3.amazonaws.com/photos/20128302/medium.jpg,,,
19975,Athene cunicularia,Burrowing Owl,Aves,Burrowing Owl,32.5441147497,-117.1147287634,31.0,"Tijuana River Valley, San Diego, CA, USA",2018-11-25,2018-11-25 17:47:00 UTC,Pacific Time (US & Canada),research,1,0,False,False,https://inaturalist-open-data.s3.amazonaws.com/photos/28526766/medium.jpg,,,
19975,Athene cunicularia,Burrowing Owl,Aves,Burrowing Owl,32.5476422499,-117.1080940783,729.0,"Tijuana River Valley, San Diego, CA, USA",2018-12-12,2018-12-12 18:11:00 UTC,Pacific Time (US & Canada),research,1,0,False,False,https://inaturalist-open-data.s3.amazonaws.com/photos/29129762/medium.jpg,,,
19975,Athene cunicularia,Burrowing Owl,Aves,Burrowing Owl,33.0385023136,-116.9424679888,572.0,"San Diego County, CA, USA",2018-12-30,2018-12-31 00:19:00 UTC,Pacific Time (US & Canada),research,4,0,False,False,https://inaturalist-open-data.s3.amazonaws.com/photos/29713241/medium.jpg,,"It was keeping a low profile and ducked down shortly after I spotted it.  These are heavily cropped, comically dreadful 400mm shots!  ",
19975,Athene cunicularia,Burrowing Owl,Aves,Burrowing Owl,32.77121,-117.211685,,"Mission Bay, San Diego, CA, USA",2019-01-02,2019-01-02 21:38:00 UTC,Pacific Time (US & Canada),research,3,0,False,False,https://inaturalist-open-data.s3.amazonaws.com/photos/29816377/medium.jpeg,,,
19975,Athene cunicularia,Burrowing Owl,Aves,Burrowing Owl,32.7713277778,-117.2116694444,,"Mission Bay, San Diego, CA, USA",2019-01-02,2019-01-02 22:35:00 UTC,Pacific Time (US & Canada),research,4,0,False,False,https://inaturalist-open-data.s3.amazonaws.com/photos/29821764/medium.jpg,,,
19975,Athene cunicularia,Burrowing Owl,Aves,Burrowing Owl,32.7598082566,-117.2265247517,125.0,"S Shores Park, San Diego, CA, US",2019-01-04,2019-01-04 23:09:13 UTC,Pacific Time (US & Canada),research,6,0,False,False,https://static.inaturalist.org/photos/30064428/medium.jpg,,,
206894,Athene cunicularia hypugaea,Western Burrowing Owl,Aves,Western Burrowing Owl,32.640045,-117.1140361667,6.0,"Sweetwater Marsh National Wildlife Refuge, Chula Vista, CA, US",2019-01-10,2019-01-10 21:28:16 UTC,Pacific Time (US & Canada),research,4,0,False,False,https://inaturalist-open-data.s3.amazonaws.com/photos/30104566/medium.jpg,,,
19975,Athene cunicularia,Burrowing Owl,Aves,Burrowing Owl,32.7608319797,-117.2195372124,56.0,"Mission Bay Park, San Diego, CA, US",2019-01-02,2019-01-02 20:14:31 UTC,Mountain Time (US & Canada),research,6,0,False,False,https://inaturalist-open-data.s3.amazonaws.com/photos/30637791/medium.jpg,,,
19975,Athene cunicularia,Burrowing Owl,Aves,Burrowing Owl,33.0396227542,-116.9377747926,61.0,"San Diego County, CA, USA",2019-01-27,2019-01-27 20:58:00 UTC,Pacific Time (US & Canada),research,4,0,False,False,https://inaturalist-open-data.s3.amazonaws.com/photos/30725318/medium.jpg,,,
19975,Athene cunicularia,Burrowing Owl,Aves,Burrowing Owl,32.5513991941,-117.0778760409,2524.0,"Tijuana River Valley, San Diego, CA, USA",2019-03-05,2019-03-05 19:22:00 UTC,Pacific Time (US & Canada),research,7,0,False,False,https://inaturalist-open-data.s3.amazonaws.com/photos/32408884/medium.jpg,,,
19975,Athene cunicularia,Burrowing Owl,Aves,Burrowing Owl,32.5921447117,-117.1000662891,39.0,"Egger Highlands, San Diego, CA, USA",2019-03-02,2019-03-02 16:27:00 UTC,Arizona,research,4,0,False,False,https://inaturalist-open-data.s3.amazonaws.com/photos/32761784/medium.jpeg,,,
19975,Athene cunicularia,Burrowing Owl,Aves,Burrowing Owl,33.2956295181,-116.3126974181,5.0,"San Diego County, US-CA, US",2019-03-16,2019-03-16 17:26:08 UTC,Pacific Time (US & Canada),research,2,0,False,False,https://inaturalist-open-data.s3.amazonaws.com/photos/33018895/medium.jpg,,Owl tracks. ,
19975,Athene cunicularia,Burrowing Owl,Aves,Burrowing Owl,33.2960573305,-116.3128392399,5.0,"San Diego County, US-CA, US",2019-03-16,2019-03-16 17:57:07 UTC,Pacific Time (US & Canada),research,2,0,False,False,https://inaturalist-open-data.s3.amazonaws.com/photos/33018992/medium.jpg,,"Tracks
 ",
19975,Athene cunicularia,Burrowing Owl,Aves,Burrowing Owl,33.0503881783,-116.9354938408,31.0,"San Diego County, CA, USA",2014-02-16,2014-02-16 20:15:00 UTC,Pacific Time (US & Canada),research,4,0,False,False,https://inaturalist-open-data.s3.amazonaws.com/photos/33103781/medium.jpeg,,,
19975,Athene cunicularia,Burrowing Owl,Aves,Burrowing Owl,32.5531463623,-116.908454895,,"Calle 12 Nte. 11, Cd Industrial, 22444 Tijuana, B.C., Mexico",2019-03-26,2019-03-26 15:18:21 UTC,Pacific Time (US & Canada),research,4,0,False,False,https://static.inaturalist.org/photos/33513372/medium.jpg,,,
19975,Athene cunicularia,Burrowing Owl,Aves,Burrowing Owl,33.097446,-116.995723,,"San Diego Safari Park, San Pascal Valley Road",2019-04-06,2019-04-06 18:44:05 UTC,Pacific Time (US & Canada),casual,4,0,True,False,https://static.inaturalist.org/photos/34566035/medium.jpeg,,,
19975,Athene cunicularia,Burrowing Owl,Aves,Burrowing Owl,32.760328612,-117.2241082519,249.0,"Mission Bay, San Diego, CA, USA",2016-11-13,2016-11-13 19:17:00 UTC,Pacific Time (US & Canada),research,5,0,False,False,https://inaturalist-open-data.s3.amazonaws.com/photos/35410645/medium.jpeg,,,
19975,Athene cunicularia,Burrowing Owl,Aves,Burrowing Owl,32.57253574,-116.96227401,3.0,"1321 La Media Rd, San Diego, CA 92154, USA",2019-04-24,2019-04-24 21:09:47 UTC,Pacific Time (US & Canada),research,3,0,False,False,https://inaturalist-open-data.s3.amazonaws.com/photos/35681846/medium.jpeg,,,
19975,Athene cunicularia,Burrowing Owl,Aves,Burrowing Owl,32.5785833333,-116.9622861111,,"Otay Mesa, San Diego, CA, USA",2019-05-09,2019-05-09 21:51:00 UTC,Pacific Time (US & Canada),research,4,0,False,False,https://inaturalist-open-data.s3.amazonaws.com/photos/38956752/medium.jpg,,,
19975,Athene cunicularia,Burrowing Owl,Aves,Burrowing Owl,33.0874061105,-116.9968650627,,Undefined location,2017-05-20,,Pacific Time (US & Canada),casual,2,0,True,False,https://static.inaturalist.org/photos/41270642/medium.jpeg,,,
19975,Athene cunicularia,Burrowing Owl,Aves,Burrowing Owl,32.5902735436,-117.0942143351,66.0,"Egger Highlands, San Diego, CA, USA",2019-08-29,2019-08-29 15:43:30 UTC,Pacific Time (US & Canada),research,4,0,False,False,https://inaturalist-open-data.s3.amazonaws.com/photos/50446255/medium.jpeg,,3 owls observed using multiple natural burrows ,
19975,Athene cunicularia,Burrowing Owl,Aves,Burrowing Owl,32.6975691848,-117.1536990202,69.0,"Water St, San Diego, CA, US",2019-11-07,2019-11-07 08:46:15 UTC,UTC,research,6,0,False,False,https://inaturalist-open-data.s3.amazonaws.com/photos/55871854/medium.jpg,,,
19975,Athene cunicularia,Burrowing Owl,Aves,Burrowing Owl,32.5775118087,-116.9650885316,122.0,"Otay Ranch, Chula Vista, CA, USA",2017-07-22,2017-07-22 23:48:00 UTC,Pacific Time (US & Canada),research,3,0,False,False,https://inaturalist-open-data.s3.amazonaws.com/photos/59386093/medium.jpg,,,
19975,Athene cunicularia,Burrowing Owl,Aves,Burrowing Owl,32.6587329623,-116.8267132156,40.0,United States,2010-11-26,,Pacific Time (US & Canada),research,1,0,False,True,https://inaturalist-open-data.s3.amazonaws.com/photos/63446634/medium.jpg,,PAL10F0046,
19975,Athene cunicularia,Burrowing Owl,Aves,Burrowing Owl,32.7579925834,-117.2225884064,8.0,"Mission Bay, San Diego, CA, USA",2015-01-21,2015-01-21 22:39:00 UTC,Pacific Time (US & Canada),research,4,0,False,False,https://inaturalist-open-data.s3.amazonaws.com/photos/66053299/medium.jpeg,,,
19975,Athene cunicularia,Burrowing Owl,Aves,Burrowing Owl,32.6386499527,-117.1116805554,92.0,"Living Coast Discovery Center, Chula Vista, CA, US",2020-02-19,2020-02-19 23:33:17 UTC,UTC,research,5,0,False,False,https://static.inaturalist.org/photos/66876040/medium.jpg,,,
19975,Athene cunicularia,Burrowing Owl,Aves,Burrowing Owl,33.2539287343,-116.37759977,1807.0,"Borrego Springs, CA 92004, USA",2014-06-10,2014-06-10 15:47:00 UTC,Pacific Time (US & Canada),research,3,0,False,False,https://inaturalist-open-data.s3.amazonaws.com/photos/67188306/medium.jpeg,,,
19975,Athene cunicularia,Burrowing Owl,Aves,Burrowing Owl,32.56888833,-116.986625,16.0,"Brown Field Municipal Airport, San Diego, CA, US",2020-06-11,2020-06-11 23:49:04 UTC,Pacific Time (US & Canada),research,2,0,False,False,https://inaturalist-open-data.s3.amazonaws.com/photos/78226946/medium.jpg,,,
19975,Athene cunicularia,Burrowing Owl,Aves,Burrowing Owl,32.5684617206,-116.9867505489,142.0,"Brown Field Municipal Airport, San Diego, CA, US",2020-06-11,2020-06-12 01:24:47 UTC,Pacific Time (US & Canada),research,3,0,False,False,https://inaturalist-open-data.s3.amazonaws.com/photos/78248590/medium.jpg,,,
19975,Athene cunicularia,Burrowing Owl,Aves,Burrowing Owl,33.0467055765,-116.9373316495,61.0,"San Diego County, CA, USA",2014-02-16,2014-02-16 18:13:00 UTC,Pacific Time (US & Canada),research,4,0,False,False,https://inaturalist-open-data.s3.amazonaws.com/photos/80479079/medium.jpeg,,,
19975,Athene cunicularia,Burrowing Owl,Aves,Burrowing Owl,33.0436274045,-116.9366114795,15.0,"San Diego County, CA, USA",2014-02-16,2014-02-16 20:45:00 UTC,Pacific Time (US & Canada),research,4,0,False,False,https://inaturalist-open-data.s3.amazonaws.com/photos/80479130/medium.jpeg,,,
19975,Athene cunicularia,Burrowing Owl,Aves,Burrowing Owl,32.5684145858,-116.9865225191,4.0,Brown Field,2020-07-21,2020-07-21 19:07:00 UTC,Pacific Time (US & Canada),research,3,0,False,False,https://inaturalist-open-data.s3.amazonaws.com/photos/85702039/medium.jpeg,,"Brown Field, San Diego County, CA",
19975,Athene cunicularia,Burrowing Owl,Aves,Burrowing Owl,32.5684090186,-116.9866029854,1.0,Brown Field,2020-07-21,2020-07-21 19:07:00 UTC,Pacific Time (US & Canada),research,4,0,False,False,https://inaturalist-open-data.s3.amazonaws.com/photos/85702050/medium.jpeg,,"Brown Field, San Diego County, CA",
19975,Athene cunicularia,Burrowing Owl,Aves,Burrowing Owl,32.5683779377,-116.9865574921,1.0,Brown Field,2020-07-21,2020-07-21 19:08:00 UTC,Pacific Time (US & Canada),research,4,0,False,False,https://inaturalist-open-data.s3.amazonaws.com/photos/85702065/medium.jpeg,,"Brown Field, San Diego County, CA",
19975,Athene cunicularia,Burrowing Owl,Aves,Burrowing Owl,32.5686351189,-116.9861861124,1.0,Brown Field,2020-07-21,2020-07-21 19:09:00 UTC,Pacific Time (US & Canada),research,3,0,False,False,https://inaturalist-open-data.s3.amazonaws.com/photos/85702081/medium.jpeg,,"Brown Field, San Diego County, CA",
19975,Athene cunicularia,Burrowing Owl,Aves,Burrowing Owl,32.4025926719,-116.87768936,65.0,United States,2020-07-23,2020-07-23 17:38:25 UTC,Pacific Time (US & Canada),research,3,0,False,True,https://inaturalist-open-data.s3.amazonaws.com/photos/86071709/medium.jpg,,,
206894,Athene cunicularia hypugaea,Western Burrowing Owl,Aves,Western Burrowing Owl,33.1019516667,-116.9966783333,,"San Diego Zoo Safari Park, San Diego, CA, US",2020-09-13,2020-09-13 18:42:06 UTC,Pacific Time (US & Canada),casual,1,0,True,False,https://inaturalist-open-data.s3.amazonaws.com/photos/95220891/medium.jpg,,,
19975,Athene cunicularia,Burrowing Owl,Aves,Burrowing Owl,32.8179519,-117.05601,194.0,"1 Father Junipero Serra Trail, San Diego, CA 92119, USA",2010-03-18,2010-03-18 21:37:00 UTC,Pacific Time (US & Canada),research,6,0,False,False,https://inaturalist-open-data.s3.amazonaws.com/photos/96475925/medium.jpeg,,Whale watching,
19975,Athene cunicularia,Burrowing Owl,Aves,Burrowing Owl,32.7723422546,-117.2169123345,122.0,"Mission Bay, San Diego, CA, USA",2020-10-25,2020-10-25 19:28:00 UTC,Pacific Time (US & Canada),research,3,0,False,False,https://inaturalist-open-data.s3.amazonaws.com/photos/101970753/medium.jpeg,,"I accidentally flushed this fellow. It's the first one I've seen in the wild. 
","Burrowing, Owl, San Diego"
19975,Athene cunicularia,Burrowing Owl,Aves,Burrowing Owl,32.5700645755,-116.9949403356,1096.0,"Otay Mesa, San Diego, CA, USA",2012-08-26,2012-08-26 18:20:00 UTC,Pacific Time (US & Canada),research,4,0,False,False,https://inaturalist-open-data.s3.amazonaws.com/photos/102210684/medium.jpeg,,,
19975,Athene cunicularia,Burrowing Owl,Aves,Burrowing Owl,32.7755177562,-117.2217326738,8.0,"Mission Bay, San Diego, CA, USA",2015-12-01,2015-12-01 17:30:00 UTC,Pacific Time (US & Canada),research,3,0,False,False,https://static.inaturalist.org/photos/104491925/medium.jpg,,,
19975,Athene cunicularia,Burrowing Owl,Aves,Burrowing Owl,33.0966725741,-116.144299234,4.0,"California, US",2020-12-02,2020-12-02 17:07:27 UTC,Pacific Time (US & Canada),research,1,0,False,True,https://inaturalist-open-data.s3.amazonaws.com/photos/106339774/medium.jpg,,"Sign: Tracks. Owl lands, takes a few steps and takes off",
19975,Athene cunicularia,Burrowing Owl,Aves,Burrowing Owl,33.1611977438,-116.0005921657,9.0,"California, US",2020-12-02,2020-12-02 18:32:27 UTC,Pacific Time (US & Canada),research,1,0,False,True,https://inaturalist-open-data.s3.amazonaws.com/photos/106367700/medium.jpg,,Sign: Tracks And desert Kangaroo rat burrow ,
19975,Athene cunicularia,Burrowing Owl,Aves,,33.0510463676,-116.0580323176,9.0,"California, US",2020-12-02,2020-12-02 18:46:26 UTC,Pacific Time (US & Canada),needs_id,0,0,False,True,https://inaturalist-open-data.s3.amazonaws.com/photos/106367808/medium.jpg,,"Landed, took a step, flew. ",
19975,Athene cunicularia,Burrowing Owl,Aves,Burrowing Owl,33.1213056862,-116.0038374631,7.0,"California, US",2020-12-02,2020-12-02 18:51:03 UTC,Pacific Time (US & Canada),research,1,0,False,True,https://inaturalist-open-data.s3.amazonaws.com/photos/106367867/medium.jpg,,Sign: Tracks ,
19975,Athene cunicularia,Burrowing Owl,Aves,Burrowing Owl,33.1426161398,-116.0498509089,10.0,"California, US",2020-12-02,2020-12-02 18:56:39 UTC,Pacific Time (US & Canada),research,1,0,False,True,https://inaturalist-open-data.s3.amazonaws.com/photos/106367943/medium.jpg,,Sign Tracks,
19975,Athene cunicularia,Burrowing Owl,Aves,Burrowing Owl,33.1511252861,-116.1013151235,7.0,"California, US",2020-12-02,2020-12-02 19:03:10 UTC,Pacific Time (US & Canada),research,1,0,False,True,https://inaturalist-open-data.s3.amazonaws.com/photos/106368162/medium.jpg,,Sign: Tracks ,
19975,Athene cunicularia,Burrowing Owl,Aves,Burrowing Owl,33.1332627515,-116.1155971223,8.0,"California, US",2020-12-02,2020-12-02 19:08:11 UTC,Pacific Time (US & Canada),research,1,0,False,True,https://inaturalist-open-data.s3.amazonaws.com/photos/106368321/medium.jpg,,Sign: Tracks ,
19975,Athene cunicularia,Burrowing Owl,Aves,Burrowing Owl,33.1799349652,-116.0476721027,8.0,"California, US",2020-12-02,2020-12-02 19:15:21 UTC,Pacific Time (US & Canada),research,1,0,False,True,https://inaturalist-open-data.s3.amazonaws.com/photos/106368347/medium.jpg,, Sign: Tracks 4-6 inch Stride,
19975,Athene cunicularia,Burrowing Owl,Aves,Burrowing Owl,32.7548575647,-117.2449957441,31.0,"Point Loma, San Diego, CA, USA",2020-12-04,2020-12-04 17:32:00 UTC,Pacific Time (US & Canada),research,5,0,False,False,https://inaturalist-open-data.s3.amazonaws.com/photos/106556983/medium.png,,,
19975,Athene cunicularia,Burrowing Owl,Aves,Burrowing Owl,32.7552797318,-117.2441458184,4.0,"San Diego River Estuary, San Diego, CA",2020-12-10,2020-12-10 20:53:00 UTC,Pacific Time (US & Canada),research,4,0,False,False,https://inaturalist-open-data.s3.amazonaws.com/photos/107021578/medium.jpeg,,,
19975,Athene cunicularia,Burrowing Owl,Aves,Burrowing Owl,32.7550694444,-117.244575,,"Point Loma, San Diego, CA, USA",2020-12-10,2020-12-10 22:22:00 UTC,Pacific Time (US & Canada),research,4,0,False,False,https://inaturalist-open-data.s3.amazonaws.com/photos/107024419/medium.jpeg,,,
19975,Athene cunicularia,Burrowing Owl,Aves,Burrowing Owl,32.54708,-117.1143805,42.0,"Tijuana River National Estuary, San Diego, CA, US",2020-12-08,2020-12-08 17:11:43 UTC,Pacific Time (US & Canada),research,1,0,False,False,https://inaturalist-open-data.s3.amazonaws.com/photos/107442804/medium.jpg,,Sign: Tracks ,
19975,Athene cunicularia,Burrowing Owl,Aves,Burrowing Owl,32.6898843976,-117.1384979412,3565.0,"Barrio Logan, San Diego, CA, USA",2020-12-16,,UTC,research,3,0,False,False,https://inaturalist-open-data.s3.amazonaws.com/photos/107633206/medium.jpeg,,,
19975,Athene cunicularia,Burrowing Owl,Aves,Burrowing Owl,33.1783457347,-116.1005143477,151.0,"Anza-Borrego Desert State Park, Borrego Springs, CA, US",2020-12-16,2020-12-16 17:42:03 UTC,Pacific Time (US & Canada),research,1,0,False,False,https://inaturalist-open-data.s3.amazonaws.com/photos/107767501/medium.jpg,,Sign: Tracks   6-8” stride,
19975,Athene cunicularia,Burrowing Owl,Aves,Burrowing Owl,32.7392896322,-117.2199448857,50.0,"San Diego County, US-CA, US",2020-12-23,2020-12-23 19:21:00 UTC,Pacific Time (US & Canada),research,5,0,False,True,https://inaturalist-open-data.s3.amazonaws.com/photos/108127759/medium.jpg,,,
19975,Athene cunicularia,Burrowing Owl,Aves,Burrowing Owl,33.0097818351,-117.3211944563,2.0,"San Diego County, US-CA, US",2020-12-22,2020-12-22 16:58:40 UTC,Pacific Time (US & Canada),research,3,0,False,True,https://inaturalist-open-data.s3.amazonaws.com/photos/108191288/medium.jpg,,,
19975,Athene cunicularia,Burrowing Owl,Aves,Burrowing Owl,32.75515,-117.24465,10.0,"Point Loma, San Diego, CA, USA",2020-12-24,2020-12-24 18:51:00 UTC,Pacific Time (US & Canada),research,4,0,False,False,https://inaturalist-open-data.s3.amazonaws.com/photos/108200516/medium.jpeg,,,
19975,Athene cunicularia,Burrowing Owl,Aves,Burrowing Owl,33.00336182,-117.2757829034,15.0,"Solana Beach, CA, USA",2020-12-21,2020-12-21 23:23:00 UTC,Pacific Time (US & Canada),research,3,0,False,False,https://inaturalist-open-data.s3.amazonaws.com/photos/108305190/medium.jpg,,,"Bird, Burrowing Owl, San Elijo Lagoon--Nature Center Loop"
19975,Athene cunicularia,Burrowing Owl,Aves,Burrowing Owl,32.5757222968,-116.8082273515,3553.0,"San Diego County, CA, USA",2013-05-17,2013-05-17 17:53:00 UTC,Pacific Time (US & Canada),research,4,0,False,False,https://inaturalist-open-data.s3.amazonaws.com/photos/108349167/medium.jpeg,,,
19975,Athene cunicularia,Burrowing Owl,Aves,Burrowing Owl,32.7552121757,-117.2447914725,24.0,"Bacon St, San Diego, CA, US",2020-12-27,2020-12-27 13:19:56 UTC,UTC,research,3,0,False,False,https://inaturalist-open-data.s3.amazonaws.com/photos/108432087/medium.jpg,,,
19975,Athene cunicularia,Burrowing Owl,Aves,Burrowing Owl,32.7544582331,-117.246182885,65.0,"W Point Loma Blvd, San Diego, CA, US",2020-12-29,2020-12-29 15:40:38 UTC,UTC,research,3,0,False,False,https://static.inaturalist.org/photos/108652357/medium.jpg,,,
19975,Athene cunicularia,Burrowing Owl,Aves,Burrowing Owl,32.7554394393,-117.2419178089,61.0,"Point Loma, San Diego, CA, USA",2020-12-05,2020-12-05 11:58:00 UTC,UTC,research,5,0,False,False,https://static.inaturalist.org/photos/108665168/medium.jpg,,,
19975,Athene cunicularia,Burrowing Owl,Aves,Burrowing Owl,32.7548723245,-117.2466930386,15.0,Robb Field,2020-12-29,2020-12-29 22:52:00 UTC,Pacific Time (US & Canada),research,3,0,False,False,https://inaturalist-open-data.s3.amazonaws.com/photos/108669134/medium.jpeg,,"Robb Field, San Diego County, CA",
19975,Athene cunicularia,Burrowing Owl,Aves,Burrowing Owl,32.7542333333,-117.243525,,"Point Loma, San Diego, CA, USA",2021-01-01,2021-01-01 18:53:00 UTC,Pacific Time (US & Canada),research,6,0,False,False,https://inaturalist-open-data.s3.amazonaws.com/photos/108948699/medium.jpeg,,,
19975,Athene cunicularia,Burrowing Owl,Aves,Burrowing Owl,32.7165656307,-117.321792501,90.0,"San Diego County, US-CA, US",2021-01-01,2021-01-01 18:34:00 UTC,Pacific Time (US & Canada),research,5,0,False,True,https://inaturalist-open-data.s3.amazonaws.com/photos/108963458/medium.jpg,,,
19975,Athene cunicularia,Burrowing Owl,Aves,Burrowing Owl,32.7556036981,-117.2420975456,40.0,"San Diego River, San Diego, CA, US",2021-01-01,2021-01-01 18:54:47 UTC,Pacific Time (US & Canada),research,4,0,False,False,https://inaturalist-open-data.s3.amazonaws.com/photos/108963699/medium.jpg,,,
19975,Athene cunicularia,Burrowing Owl,Aves,Burrowing Owl,32.7552175764,-117.2448169706,31.0,"Robb Field/San Diego River, San Diego, CA",2021-01-01,2021-01-01 17:53:00 UTC,Pacific Time (US & Canada),research,4,0,False,False,https://inaturalist-open-data.s3.amazonaws.com/photos/108990150/medium.jpeg,,,
19975,Athene cunicularia,Burrowing Owl,Aves,Burrowing Owl,32.7271862412,-117.2408531098,22.0,"San Diego County, US-CA, US",2021-01-01,2021-01-01 16:07:06 UTC,Pacific Time (US & Canada),research,6,0,False,True,https://inaturalist-open-data.s3.amazonaws.com/photos/109074249/medium.jpg,,,
19975,Athene cunicularia,Burrowing Owl,Aves,Burrowing Owl,32.75518,-117.24467,12.0,"Point Loma, San Diego, CA, USA",2021-01-04,2021-01-04 18:00:00 UTC,Pacific Time (US & Canada),research,3,0,False,False,https://inaturalist-open-data.s3.amazonaws.com/photos/109335226/medium.jpeg,,,
19975,Athene cunicularia,Burrowing Owl,Aves,Burrowing Owl,33.0035777778,-117.2753861111,,"Solana Beach, CA, USA",2021-01-08,2021-01-08 19:44:00 UTC,Pacific Time (US & Canada),research,5,0,False,False,https://inaturalist-open-data.s3.amazonaws.com/photos/109589517/medium.jpeg,,,
19975,Athene cunicularia,Burrowing Owl,Aves,Burrowing Owl,33.0033266667,-117.2756416667,,"San Elijo Lagoon, San Diego, CA, USA",2021-01-08,2021-01-08 18:44:00 UTC,Pacific Time (US & Canada),research,5,0,False,False,https://inaturalist-open-data.s3.amazonaws.com/photos/109592567/medium.jpeg,,,
19975,Athene cunicularia,Burrowing Owl,Aves,Burrowing Owl,33.0033333333,-117.2756716667,4.0,"Northeastern San Diego, Solana Beach, CA, US",2021-01-09,2021-01-09 15:22:14 UTC,UTC,research,2,0,False,False,https://static.inaturalist.org/photos/125521895/medium.jpg,,"Size and colorong seems to indicate that this is a female. 
",
19975,Athene cunicularia,Burrowing Owl,Aves,Burrowing Owl,32.7553125193,-117.2448018377,87.0,"San Diego River, San Diego, CA, US",2021-01-09,2021-01-09 23:43:42 UTC,Pacific Time (US & Canada),research,5,0,False,False,https://inaturalist-open-data.s3.amazonaws.com/photos/109686877/medium.jpg,,,
19975,Athene cunicularia,Burrowing Owl,Aves,Burrowing Owl,32.7565577821,-117.2331708696,244.0,"Point Loma Heights, San Diego, CA, USA",2020-12-13,2020-12-13 10:58:00 UTC,Pacific Time (US & Canada),research,3,0,False,False,https://static.inaturalist.org/photos/109820603/medium.jpg,,,
206894,Athene cunicularia hypugaea,Western Burrowing Owl,Aves,Burrowing Owl,33.0034262773,-117.2757875402,1.0,"Solana Beach, CA, USA",2021-01-17,2021-01-17 18:04:00 UTC,Pacific Time (US & Canada),needs_id,0,0,False,False,https://inaturalist-open-data.s3.amazonaws.com/photos/110430925/medium.jpg,,,
19975,Athene cunicularia,Burrowing Owl,Aves,Burrowing Owl,32.7544283333,-117.2458683333,,"Point Loma, San Diego, CA, USA",2021-01-01,2021-01-01 09:02:00 UTC,UTC,research,4,0,False,False,https://static.inaturalist.org/photos/110719380/medium.jpg,,,
19975,Athene cunicularia,Burrowing Owl,Aves,Burrowing Owl,33.0033844129,-117.2757946877,8.0,"Solana Beach, CA, USA",2021-01-26,2021-01-26 22:11:00 UTC,Pacific Time (US & Canada),research,4,0,False,False,https://inaturalist-open-data.s3.amazonaws.com/photos/111281177/medium.jpg,,,
19975,Athene cunicularia,Burrowing Owl,Aves,Burrowing Owl,32.7552216633,-117.245761156,17.0,"Ocean Beach, San Diego, CA, USA",2020-12-26,2020-12-26 19:04:00 UTC,Pacific Time (US & Canada),research,4,0,False,False,https://inaturalist-open-data.s3.amazonaws.com/photos/111370311/medium.jpeg,,,
19975,Athene cunicularia,Burrowing Owl,Aves,Burrowing Owl,33.0033638833,-117.2757033333,5.0,"Northeastern San Diego, Solana Beach, CA, US",2021-01-30,2021-01-30 10:45:43 UTC,UTC,research,2,0,False,False,https://static.inaturalist.org/photos/111528496/medium.jpg,,,
19975,Athene cunicularia,Burrowing Owl,Aves,Burrowing Owl,33.0165850885,-117.2515061359,1248.0,"Encinitas, CA, USA",2021-01-30,2021-01-30 21:21:00 UTC,Pacific Time (US & Canada),research,3,0,False,False,https://inaturalist-open-data.s3.amazonaws.com/photos/111559246/medium.jpeg,,,aaronallison
19975,Athene cunicularia,Burrowing Owl,Aves,Burrowing Owl,33.0158248758,-117.2503423691,61.0,"Encinitas, CA, USA",2021-01-29,2021-01-29 20:01:00 UTC,UTC,research,2,0,False,False,https://inaturalist-open-data.s3.amazonaws.com/photos/111558767/medium.jpeg,,,
19975,Athene cunicularia,Burrowing Owl,Aves,Burrowing Owl,33.0106459935,-117.2766047493,285.0,"San Elijo Lagoon, Encinitas, CA, US",2021-01-30,2021-01-30 17:18:04 UTC,UTC,research,2,0,False,False,https://static.inaturalist.org/photos/111572747/medium.jpg,,,
19975,Athene cunicularia,Burrowing Owl,Aves,Burrowing Owl,32.6855720458,-116.9998378903,8.0,"San Diego County, CA, USA",2021-01-31,2021-01-31 17:01:00 UTC,Pacific Time (US & Canada),research,3,0,False,False,https://inaturalist-open-data.s3.amazonaws.com/photos/111646927/medium.jpeg,,"Sweetwater Reservoir, San Diego County, CA",
19975,Athene cunicularia,Burrowing Owl,Aves,Burrowing Owl,33.0034305404,-117.2758159018,8.0,"Solana Beach, CA, USA",2021-02-03,2021-02-03 21:33:00 UTC,Pacific Time (US & Canada),research,4,0,False,False,https://inaturalist-open-data.s3.amazonaws.com/photos/111979234/medium.jpg,,,
206894,Athene cunicularia hypugaea,Western Burrowing Owl,Aves,Western Burrowing Owl,33.1019166531,-116.9966080786,5.0,"San Diego Zoo Safari Park, San Diego, CA, US",2021-02-08,2021-02-08 11:52:34 UTC,UTC,casual,3,0,True,False,https://inaturalist-open-data.s3.amazonaws.com/photos/112368894/medium.jpg,,,
19975,Athene cunicularia,Burrowing Owl,Aves,Athene cunicularia,33.0956336979,-116.2807989187,11658.0,"Anza-Borrego Desert State Park, Julian, CA, US",2020-02-15,2020-02-15 10:44:00 UTC,UTC,research,4,0,False,False,https://static.inaturalist.org/photos/112630669/medium.jpg,,,
19975,Athene cunicularia,Burrowing Owl,Aves,Burrowing Owl,33.0710666795,-117.2839974269,50713.0,"Encinitas, CA, US",2021-01-31,2021-01-31 09:07:51 UTC,UTC,research,3,0,False,False,https://static.inaturalist.org/photos/112828007/medium.jpg,,,
19975,Athene cunicularia,Burrowing Owl,Aves,Burrowing Owl,33.0033683125,-117.2757039965,4.0,"Northeastern San Diego, Solana Beach, CA, US",2021-02-15,2021-02-15 11:29:12 UTC,UTC,research,3,0,False,False,https://inaturalist-open-data.s3.amazonaws.com/photos/113024299/medium.jpg,,,
19975,Athene cunicularia,Burrowing Owl,Aves,Burrowing Owl,33.2155283333,-117.4039216667,3.0,"Marine Corps Base Camp Pendleton, Oceanside, CA, US",2021-02-16,2021-02-16 16:14:21 UTC,UTC,research,3,0,False,False,https://static.inaturalist.org/photos/113143284/medium.jpg,,,
19975,Athene cunicularia,Burrowing Owl,Aves,Burrowing Owl,32.5624166667,-117.1231766667,,"Tijuana Estuary, Imperial Beach, CA, USA",2021-02-21,2021-02-21 21:24:00 UTC,Pacific Time (US & Canada),research,4,0,False,False,https://inaturalist-open-data.s3.amazonaws.com/photos/113647820/medium.jpeg,,,
19975,Athene cunicularia,Burrowing Owl,Aves,Burrowing Owl,32.5626,-117.1232833333,,"Imperial Beach, CA, USA",2021-02-21,2021-02-21 22:22:00 UTC,Pacific Time (US & Canada),research,4,0,False,False,https://inaturalist-open-data.s3.amazonaws.com/photos/113650400/medium.jpeg,,,
19975,Athene cunicularia,Burrowing Owl,Aves,Burrowing Owl,33.003064,-117.276658,705.0,"San Elijo Lagoon, CA",2021-02-23,2021-02-23 19:34:00 UTC,Pacific Time (US & Canada),research,4,0,False,False,https://inaturalist-open-data.s3.amazonaws.com/photos/113813661/medium.jpeg,,,
19975,Athene cunicularia,Burrowing Owl,Aves,Burrowing Owl,33.0033142195,-117.2757686714,31.0,"Solana Beach, CA, USA",2021-02-24,2021-02-24 21:20:00 UTC,Pacific Time (US & Canada),research,3,0,False,False,https://inaturalist-open-data.s3.amazonaws.com/photos/114000590/medium.jpg,,,
19975,Athene cunicularia,Burrowing Owl,Aves,Burrowing Owl,33.0033694978,-117.2756382338,35.0,"Northeastern San Diego, Solana Beach, CA, US",2021-03-10,2021-03-10 10:59:52 UTC,UTC,research,3,0,False,False,https://static.inaturalist.org/photos/115462379/medium.jpg,,,
19975,Athene cunicularia,Burrowing Owl,Aves,Burrowing Owl,32.7548926566,-117.2471657381,19.0,"San Diego River, San Diego, CA, US",2021-01-03,2021-01-03 09:46:30 UTC,UTC,research,3,0,False,False,https://static.inaturalist.org/photos/115875243/medium.jpg,,,
19975,Athene cunicularia,Burrowing Owl,Aves,Burrowing Owl,33.0477897459,-117.3185306793,8.0,"San Diego County, US-CA, US",2021-01-16,2021-01-16 23:44:00 UTC,Pacific Time (US & Canada),research,3,0,False,True,https://inaturalist-open-data.s3.amazonaws.com/photos/116085306/medium.jpeg,,Beside a popular lagoon trail,
19975,Athene cunicularia,Burrowing Owl,Aves,Burrowing Owl,33.0353445,-117.2836216667,5.0,"Santa Fe Dr, Encinitas, CA, US",2021-03-05,2021-03-05 16:04:05 UTC,Pacific Time (US & Canada),research,3,0,False,False,https://inaturalist-open-data.s3.amazonaws.com/photos/116416784/medium.jpg,,,
19975,Athene cunicularia,Burrowing Owl,Aves,Burrowing Owl,33.003419293,-117.2757671417,24.0,"San Elijo Lagoon, Solana Beach, CA, US",2021-02-13,2021-02-13 18:45:44 UTC,Pacific Time (US & Canada),research,3,0,False,False,https://inaturalist-open-data.s3.amazonaws.com/photos/116552051/medium.jpg,,,
19975,Athene cunicularia,Burrowing Owl,Aves,Burrowing Owl,32.8251214554,-116.7663743833,24.0,"Rancho Palo Verde, Alpine, CA, US",2021-03-05,2021-03-05 13:08:45 UTC,UTC,research,4,0,False,False,https://inaturalist-open-data.s3.amazonaws.com/photos/116569996/medium.jpg,,,
19975,Athene cunicularia,Burrowing Owl,Aves,Burrowing Owl,32.8232972147,-116.7663442346,439.0,"Rancho Palo Verde, Alpine, CA, US",2021-03-02,2021-03-02 20:25:30 UTC,Pacific Time (US & Canada),research,4,0,False,False,https://inaturalist-open-data.s3.amazonaws.com/photos/116583383/medium.jpg,,,
19975,Athene cunicularia,Burrowing Owl,Aves,Burrowing Owl,33.0115671057,-117.2762292079,31.0,"Cardiff, Encinitas, CA 92007, USA",2021-03-16,2021-03-16 15:52:00 UTC,Pacific Time (US & Canada),research,3,0,False,False,https://inaturalist-open-data.s3.amazonaws.com/photos/116631099/medium.jpg,,,
19975,Athene cunicularia,Burrowing Owl,Aves,Burrowing Owl,33.0999984741,-117.0,90.0,San Diego,2021-03-21,2021-03-22 00:29:20 UTC,Pacific Time (US & Canada),casual,1,0,True,False,https://inaturalist-open-data.s3.amazonaws.com/photos/116882946/medium.jpeg,,,
19975,Athene cunicularia,Burrowing Owl,Aves,Burrowing Owl,32.755317,-117.2437,,"Robb Field San Diego, California",2018-03-06,2018-03-07 02:39:00 UTC,Pacific Time (US & Canada),research,3,0,False,False,https://inaturalist-open-data.s3.amazonaws.com/photos/117005696/medium.jpg,,,
19975,Athene cunicularia,Burrowing Owl,Aves,Burrowing Owl,32.5707314821,-116.9624712314,5.0,"Brown Field, Otay Mesa; San Diego, California ",2021-04-06,2021-04-06 16:01:00 UTC,Pacific Time (US & Canada),research,4,0,False,False,https://inaturalist-open-data.s3.amazonaws.com/photos/119434307/medium.jpeg,,,
19975,Athene cunicularia,Burrowing Owl,Aves,Burrowing Owl,33.0034201223,-117.2757644536,24.0,"San Elijo Lagoon, Solana Beach, CA, US",2021-02-27,2021-02-27 01:07:17 UTC,UTC,research,4,0,False,False,https://static.inaturalist.org/photos/119747262/medium.jpg,,,
19975,Athene cunicularia,Burrowing Owl,Aves,Burrowing Owl,32.8379378021,-116.9307844316,50209.0,"Winter Gardens, CA, USA",2021-04-13,2021-04-13 14:39:00 UTC,Pacific Time (US & Canada),casual,0,0,False,False,,,"-Small, with long legs
-White throat and brown spotted chest 
-seen during the day
",
19975,Athene cunicularia,Burrowing Owl,Aves,Burrowing Owl,32.6768,-116.8519361111,,"San Diego County, CA, USA",2021-05-01,2021-05-01 16:46:00 UTC,Pacific Time (US & Canada),research,3,0,False,False,https://inaturalist-open-data.s3.amazonaws.com/photos/124945267/medium.jpeg,,,
19975,Athene cunicularia,Burrowing Owl,Aves,Burrowing Owl,32.571010922,-116.9625676983,5.0,"Brown Field; San Diego, California ",2021-05-02,2021-05-02 21:42:00 UTC,Pacific Time (US & Canada),research,5,0,False,False,https://inaturalist-open-data.s3.amazonaws.com/photos/126939823/medium.jpeg,,,
206894,Athene cunicularia hypugaea,Western Burrowing Owl,Aves,Western Burrowing Owl,33.0899566,-116.9780676,1600.0,"Hwy 78 & San Pasqual School, San Diego, CA 92027, USA",2021-06-09,2021-06-09 23:47:39 UTC,Pacific Time (US & Canada),casual,1,0,True,False,https://static.inaturalist.org/photos/135167297/medium.jpeg,,,
19975,Athene cunicularia,Burrowing Owl,Aves,Burrowing Owl,32.4514688497,-116.9247217373,31.0,United States,2021-06-03,2021-06-03 16:12:00 UTC,Pacific Time (US & Canada),research,6,0,False,True,https://inaturalist-open-data.s3.amazonaws.com/photos/135200506/medium.jpeg,,,
19975,Athene cunicularia,Burrowing Owl,Aves,,32.5782744354,-116.9449705259,7.0,"San Diego National Wildlife Refuge, San Diego, CA, US",2021-06-15,2021-06-15 18:10:39 UTC,Pacific Time (US & Canada),casual,0,0,False,False,,,One bird on chain link fence,
19975,Athene cunicularia,Burrowing Owl,Aves,Burrowing Owl,33.0942459106,-116.9946212769,1200.0,Escondido,2021-07-05,2021-07-05 21:06:19 UTC,Pacific Time (US & Canada),casual,2,0,True,False,https://inaturalist-open-data.s3.amazonaws.com/photos/141275357/medium.jpeg,,,
19975,Athene cunicularia,Burrowing Owl,Aves,Tecolote llanero,32.5531188083,-116.9087228179,61.0,"San Diego, CA 92179, USA",2021-08-03,2021-08-03 19:04:28 UTC,Tijuana,research,4,0,False,False,https://inaturalist-open-data.s3.amazonaws.com/photos/148354693/medium.jpeg,,,
19975,Athene cunicularia,Burrowing Owl,Aves,Burrowing Owl,33.0033765408,-117.2757539598,2.0,"Solana Beach, CA, USA",2021-02-04,2021-02-04 18:10:00 UTC,Pacific Time (US & Canada),research,4,0,False,False,https://inaturalist-open-data.s3.amazonaws.com/photos/149027860/medium.jpeg,,,
19975,Athene cunicularia,Burrowing Owl,Aves,Burrowing Owl,33.0033941262,-117.2757610201,4.0,"Solana Beach, CA, USA",2021-02-05,2021-02-05 18:29:00 UTC,Pacific Time (US & Canada),research,4,0,False,False,https://inaturalist-open-data.s3.amazonaws.com/photos/149027896/medium.jpeg,,,
206894,Athene cunicularia hypugaea,Western Burrowing Owl,Aves,Western Burrowing Owl,33.0034611351,-117.2758078321,77.0,"San Elijo Lagoon, Solana Beach, CA, US",2021-08-29,2021-08-29 22:21:00 UTC,Pacific Time (US & Canada),research,3,0,False,False,https://inaturalist-open-data.s3.amazonaws.com/photos/154059106/medium.jpg,,,
19975,Athene cunicularia,Burrowing Owl,Aves,Burrowing Owl,32.6723866667,-117.244295,4.0,"Cabrillo National Monument, San Diego, CA, US",2021-09-28,2021-09-28 15:26:15 UTC,Pacific Time (US & Canada),research,6,0,False,False,https://inaturalist-open-data.s3.amazonaws.com/photos/160866114/medium.jpg,,,
19975,Athene cunicularia,Burrowing Owl,Aves,Burrowing Owl,32.7151663927,-117.1610838175,50209.0,San Diego,2021-10-19,2021-10-19 22:58:33 UTC,Pacific Time (US & Canada),research,3,0,False,False,https://static.inaturalist.org/photos/164543829/medium.jpeg,,Released safely out of the building,
19975,Athene cunicularia,Burrowing Owl,Aves,Burrowing Owl,32.5628315153,-116.9061344812,3.0,"San Diego, CA, US",2021-10-24,2021-10-24 17:51:36 UTC,Pacific Time (US & Canada),research,4,0,False,False,https://static.inaturalist.org/photos/165636088/medium.jpg,,,
19975,Athene cunicularia,Burrowing Owl,Aves,Burrowing Owl,33.0533599,-116.9311383,195.0,"Rangeland Rd, California 92065, USA",2021-10-31,2021-10-31 16:30:00 UTC,Pacific Time (US & Canada),research,4,0,False,False,https://inaturalist-open-data.s3.amazonaws.com/photos/166667889/medium.jpg,,,
19975,Athene cunicularia,Burrowing Owl,Aves,Burrowing Owl,32.5848284829,-116.9184867293,1262.0,"San Diego, CA 92154, USA",2021-08-23,2021-08-23 18:00:00 UTC,Pacific Time (US & Canada),research,3,0,False,False,https://static.inaturalist.org/photos/166880199/medium.jpeg,,,
19975,Athene cunicularia,Burrowing Owl,Aves,Burrowing Owl,32.7325833333,-117.1401888333,5.0,"Morley Field Sports Complex, San Diego, CA, US",2021-11-06,2021-11-06 15:17:13 UTC,Pacific Time (US & Canada),research,4,0,False,False,https://inaturalist-open-data.s3.amazonaws.com/photos/167581085/medium.jpg,,,
19975,Athene cunicularia,Burrowing Owl,Aves,Burrowing Owl,32.7324033333,-117.1403195,5.0,"Morley Field Sports Complex, San Diego, CA, US",2021-11-06,2021-11-06 15:12:58 UTC,Pacific Time (US & Canada),research,2,0,False,False,https://inaturalist-open-data.s3.amazonaws.com/photos/167824391/medium.jpg,,,
19975,Athene cunicularia,Burrowing Owl,Aves,,32.7318711559,-117.1473384024,65.0,"Balboa Park, San Diego, CA, US",2021-11-15,2021-11-15 19:40:40 UTC,Eastern Time (US & Canada),casual,0,0,True,False,https://inaturalist-open-data.s3.amazonaws.com/photos/169021101/medium.jpg,,,
206894,Athene cunicularia hypugaea,Western Burrowing Owl,Aves,Burrowing Owl,32.773816,-117.221546,100.0,"San Diego, California, United States",2007-01-27,2007-01-27 17:49:17 UTC,Central Time (US & Canada),needs_id,0,0,False,False,https://inaturalist-open-data.s3.amazonaws.com/photos/172396371/medium.jpg,,"Western Burrowing Owl (Athene cunicularia hypugaea), southwestern San Diego County, California","Athene, cunicularia, Burrowing Owl, Owl, Strigiformes, Strigidae, San Diego, South Coast, California, bird, Aves, hypugaea, Western Burrowing Owl"
19975,Athene cunicularia,Burrowing Owl,Aves,Burrowing Owl,32.5937584038,-117.0468839687,43.0,United States,2021-12-30,2021-12-30 20:19:00 UTC,Pacific Time (US & Canada),research,3,0,False,True,https://inaturalist-open-data.s3.amazonaws.com/photos/174187560/medium.jpeg,,,
19975,Athene cunicularia,Burrowing Owl,Aves,Burrowing Owl,32.8250898343,-116.7664134501,84.0,"Wright’s Field, Alpine, CA, US",2022-01-06,2022-01-06 15:18:04 UTC,UTC,research,4,0,False,False,https://static.inaturalist.org/photos/175318622/medium.jpg,,Burrowing owl sighting was first on 1/5/22 on the adjacent county property by somebody else. I followed up 1/6/22 and observed it at the same burrow that a Burrowing Owl (possibly the same individual) was seen last feb/march. On 1/7/22 another biologist was observing the owl when a Cooper’s Hawk struck it. The owl made it to its burrow but has not been seen since. ,
206894,Athene cunicularia hypugaea,Western Burrowing Owl,Aves,Burrowing Owl,33.144875121,-116.8809408659,2.0,"San Diego County, US-CA, US",2022-01-12,2022-01-12 19:43:00 UTC,Pacific Time (US & Canada),needs_id,0,0,False,True,https://inaturalist-open-data.s3.amazonaws.com/photos/175759565/medium.jpg,,,
19975,Athene cunicularia,Burrowing Owl,Aves,Burrowing Owl,33.0533599,-116.9311383,195.0,"Rangeland Rd, California 92065, USA",2022-01-19,2022-01-19 20:21:00 UTC,Pacific Time (US & Canada),research,4,0,False,False,https://inaturalist-open-data.s3.amazonaws.com/photos/176550563/medium.jpg,,,
19975,Athene cunicularia,Burrowing Owl,Aves,Burrowing Owl,33.2585655804,-116.3716081157,32213.0,"Borrego Springs, CA 92004, USA",2021-01-03,2021-01-03 18:57:36 UTC,Pacific Time (US & Canada),research,3,0,False,False,https://inaturalist-open-data.s3.amazonaws.com/photos/176811648/medium.jpeg,,,
19975,Athene cunicularia,Burrowing Owl,Aves,Burrowing Owl,33.0060923011,-117.2759562583,122.0,"Encinitas, CA, USA",2021-02-16,2021-02-16 10:20:00 UTC,UTC,research,3,0,False,False,https://inaturalist-open-data.s3.amazonaws.com/photos/176810653/medium.jpeg,,,
19975,Athene cunicularia,Burrowing Owl,Aves,Burrowing Owl,33.0533599,-116.9311383,195.0,"Rangeland Rd, California 92065, USA",2022-01-23,2022-01-23 17:50:00 UTC,Pacific Time (US & Canada),research,3,0,False,False,https://inaturalist-open-data.s3.amazonaws.com/photos/176968051/medium.jpg,,,
19975,Athene cunicularia,Burrowing Owl,Aves,Burrowing Owl,33.0443183333,-116.9360816667,,"San Diego County, CA, USA",2022-01-30,2022-01-30 17:36:00 UTC,Pacific Time (US & Canada),research,4,0,False,False,https://inaturalist-open-data.s3.amazonaws.com/photos/177758013/medium.jpeg,,,
19975,Athene cunicularia,Burrowing Owl,Aves,Burrowing Owl,33.0295636134,-116.9368460967,362.0,"San Diego County, CA, USA",2022-01-30,2022-01-30 18:27:00 UTC,Pacific Time (US & Canada),research,4,0,False,False,https://inaturalist-open-data.s3.amazonaws.com/photos/177758705/medium.jpeg,,,
19975,Athene cunicularia,Burrowing Owl,Aves,Burrowing Owl,33.0302361111,-116.9361555556,,"San Diego County, CA, USA",2022-01-30,2022-01-30 18:35:00 UTC,Pacific Time (US & Canada),research,4,0,False,False,https://inaturalist-open-data.s3.amazonaws.com/photos/177760709/medium.jpeg,,,
19975,Athene cunicularia,Burrowing Owl,Aves,Burrowing Owl,33.0300972222,-116.9360305556,,"San Diego County, CA, USA",2022-01-30,2022-01-30 19:25:00 UTC,Pacific Time (US & Canada),research,5,0,False,False,https://inaturalist-open-data.s3.amazonaws.com/photos/177761388/medium.jpeg,,,
19975,Athene cunicularia,Burrowing Owl,Aves,Burrowing Owl,33.0162315,-116.9122403,195.0,"Highland Valley Rd, Ramona, CA, USA",2022-02-05,2022-02-05 22:10:00 UTC,Pacific Time (US & Canada),research,3,0,False,False,https://static.inaturalist.org/photos/178698854/medium.jpeg,,,
19975,Athene cunicularia,Burrowing Owl,Aves,Burrowing Owl,32.55261504,-116.9231864399,24.0,"San Diego, CA, US",2022-02-20,2022-02-20 19:52:06 UTC,Pacific Time (US & Canada),research,5,0,False,False,https://inaturalist-open-data.s3.amazonaws.com/photos/180124671/medium.jpg,,Pair in active burrow ,
19975,Athene cunicularia,Burrowing Owl,Aves,Burrowing Owl,33.001858556,-116.9005485885,3224.0,"San Diego County, US-CA, US",2022-03-15,2022-03-16 01:24:00 UTC,Pacific Time (US & Canada),research,3,0,False,True,https://inaturalist-open-data.s3.amazonaws.com/photos/183313387/medium.jpg,,,
19975,Athene cunicularia,Burrowing Owl,Aves,Burrowing Owl,32.7602693778,-117.2246755763,4.0,"Mission Bay, San Diego, CA, USA",2017-11-05,2017-11-05 22:49:00 UTC,Pacific Time (US & Canada),research,4,0,False,False,https://inaturalist-open-data.s3.amazonaws.com/photos/184747471/medium.jpeg,,,
19975,Athene cunicularia,Burrowing Owl,Aves,Burrowing Owl,32.7602693778,-117.2246755763,4.0,"Mission Bay, San Diego, CA, USA",2017-11-06,2017-11-06 20:19:00 UTC,Pacific Time (US & Canada),research,3,0,False,False,https://inaturalist-open-data.s3.amazonaws.com/photos/184747497/medium.jpeg,,,
19975,Athene cunicularia,Burrowing Owl,Aves,Burrowing Owl,32.7602693778,-117.2246755763,4.0,"Mission Bay, San Diego, CA, USA",2017-10-24,2017-10-25 00:32:00 UTC,Pacific Time (US & Canada),research,3,0,False,False,https://inaturalist-open-data.s3.amazonaws.com/photos/184747509/medium.jpeg,,,
19975,Athene cunicularia,Burrowing Owl,Aves,Burrowing Owl,32.7602693778,-117.2246755763,4.0,"Mission Bay, San Diego, CA, USA",2017-10-26,2017-10-26 16:08:00 UTC,Pacific Time (US & Canada),research,3,0,False,False,https://inaturalist-open-data.s3.amazonaws.com/photos/184747548/medium.jpeg,,,
19975,Athene cunicularia,Burrowing Owl,Aves,Burrowing Owl,32.7602693778,-117.2246755763,4.0,"Mission Bay, San Diego, CA, USA",2017-10-29,2017-10-29 23:07:00 UTC,Pacific Time (US & Canada),research,4,0,False,False,https://inaturalist-open-data.s3.amazonaws.com/photos/184747560/medium.jpeg,,,
19975,Athene cunicularia,Burrowing Owl,Aves,Burrowing Owl,32.5532033248,-116.9711855974,8.0,"Otay Mesa, San Diego, CA, USA",2022-03-27,2022-03-27 16:04:00 UTC,Pacific Time (US & Canada),research,5,0,False,False,https://inaturalist-open-data.s3.amazonaws.com/photos/184981813/medium.jpg,,,
19975,Athene cunicularia,Burrowing Owl,Aves,Burrowing Owl,33.0033607483,-117.2757415771,,Solana Beach,2021-01-06,2021-01-06 18:53:42 UTC,Pacific Time (US & Canada),research,3,0,False,False,https://static.inaturalist.org/photos/187381015/medium.jpeg,,,
206894,Athene cunicularia hypugaea,Western Burrowing Owl,Aves,Western Burrowing Owl,32.7334283333,-117.1487416667,4.0,"San Diego Zoo, San Diego, CA, US",2022-04-10,2022-04-10 17:55:34 UTC,Pacific Time (US & Canada),casual,1,0,True,False,https://inaturalist-open-data.s3.amazonaws.com/photos/187654968/medium.jpg,,,
19975,Athene cunicularia,Burrowing Owl,Aves,Burrowing Owl,33.0133595617,-117.2742435336,206.0,San Elijo Lagoon Nature Center,2021-02-01,,UTC,research,4,0,False,False,https://static.inaturalist.org/photos/189117002/medium.jpeg,,,
19975,Athene cunicularia,Burrowing Owl,Aves,Burrowing Owl,32.6791394517,-116.8507357183,31.0,"San Diego County, CA, USA",2022-05-07,2022-05-07 15:50:00 UTC,Pacific Time (US & Canada),research,3,0,False,False,https://inaturalist-open-data.s3.amazonaws.com/photos/196806616/medium.jpg,,,"Bird, Black_Pheobe, Burrowing_Owl"
19975,Athene cunicularia,Burrowing Owl,Aves,Burrowing Owl,33.0030838084,-117.2758910291,664.0,"San Elijo Lagoon Ecological Reserve, Solana Beach, CA, US",2021-01-26,2021-01-26 14:22:11 UTC,Pacific Time (US & Canada),research,3,0,False,False,https://inaturalist-open-data.s3.amazonaws.com/photos/201925372/medium.jpg,,,
19975,Athene cunicularia,Burrowing Owl,Aves,Burrowing Owl,33.0101386407,-117.2778287521,671.0,"San Elijo Lagoon, Encinitas, CA, US",2021-01-18,2021-01-18 09:16:06 UTC,Pacific Time (US & Canada),research,4,0,False,False,https://inaturalist-open-data.s3.amazonaws.com/photos/202328631/medium.jpg,,,
19975,Athene cunicularia,Burrowing Owl,Aves,Burrowing Owl,32.5626936454,-116.9054854706,2234.0,"San Diego County, CA, USA",2022-05-30,2022-05-30 19:07:00 UTC,Pacific Time (US & Canada),research,5,0,False,False,https://inaturalist-open-data.s3.amazonaws.com/photos/203338268/medium.jpg,,,
19975,Athene cunicularia,Burrowing Owl,Aves,Burrowing Owl,32.5888024796,-117.0962519674,154.0,"Egger Highlands, San Diego, CA, USA",2022-06-09,2022-06-09 17:04:00 UTC,Pacific Time (US & Canada),research,4,0,False,False,https://inaturalist-open-data.s3.amazonaws.com/photos/204816820/medium.jpeg,,,
19975,Athene cunicularia,Burrowing Owl,Aves,Athene cunicularia,33.1010083333,-116.52202,12447.0,"Julian, CA, US",2022-07-20,2022-07-20 15:18:11 UTC,Pacific Time (US & Canada),research,3,0,False,False,https://static.inaturalist.org/photos/215761312/medium.jpg,,,
19975,Athene cunicularia,Burrowing Owl,Aves,Burrowing Owl,32.639855,-117.1102528333,5.0,"Sweetwater Marsh National Wildlife Refuge, Chula Vista, CA, US",2022-07-22,2022-07-22 19:05:25 UTC,Pacific Time (US & Canada),casual,3,0,True,False,https://inaturalist-open-data.s3.amazonaws.com/photos/216854684/medium.jpg,,,
19975,Athene cunicularia,Burrowing Owl,Aves,Burrowing Owl,32.6201583333,-116.985375,35.0,"Calle Avila, Chula Vista, CA, US",2022-08-29,2022-08-30 01:39:00 UTC,Pacific Time (US & Canada),research,2,0,False,False,https://inaturalist-open-data.s3.amazonaws.com/photos/228066495/medium.jpg,,,
19975,Athene cunicularia,Burrowing Owl,Aves,Burrowing Owl,32.6398856,-117.1022858,193.0,"1000 Gunpowder Point Dr, Chula Vista, CA 91910, USA",2022-09-04,2022-09-04 16:31:00 UTC,Pacific Time (US & Canada),casual,2,0,True,False,https://inaturalist-open-data.s3.amazonaws.com/photos/235877243/medium.jpeg,,,
19975,Athene cunicularia,Burrowing Owl,Aves,Burrowing Owl,32.7116916667,-117.17508,4.0,"W G St, San Diego, CA, US",2022-10-09,2022-10-10 03:50:19 UTC,Pacific Time (US & Canada),research,4,0,False,False,https://inaturalist-open-data.s3.amazonaws.com/photos/236204002/medium.jpg,,,
206894,Athene cunicularia hypugaea,Western Burrowing Owl,Aves,Western Burrowing Owl,32.6647213427,-117.1586037035,28.0,"Silver Strand Bike Path, Coronado, CA, US",2022-10-10,2022-10-10 14:20:02 UTC,Pacific Time (US & Canada),research,2,0,False,False,https://inaturalist-open-data.s3.amazonaws.com/photos/236278586/medium.jpg,,,
19975,Athene cunicularia,Burrowing Owl,Aves,Burrowing Owl,32.589725,-117.1039027778,,"Egger Highlands, San Diego, CA, USA",2022-10-23,2022-10-23 20:03:49 UTC,Pacific Time (US & Canada),research,5,0,False,False,https://inaturalist-open-data.s3.amazonaws.com/photos/239194496/medium.jpeg,,,
19975,Athene cunicularia,Burrowing Owl,Aves,Burrowing Owl,33.0303418126,-116.9360958867,148.0,"Highland Valley Rd, Ramona, CA, US",2022-07-07,2022-07-07 15:15:00 UTC,Pacific Time (US & Canada),research,4,0,False,False,https://inaturalist-open-data.s3.amazonaws.com/photos/240126047/medium.jpg,,,
19975,Athene cunicularia,Burrowing Owl,Aves,Burrowing Owl,32.5763360856,-117.1122411863,773.0,United States,2022-11-05,2022-11-05 16:40:00 UTC,Pacific Time (US & Canada),research,4,0,False,True,https://inaturalist-open-data.s3.amazonaws.com/photos/241904577/medium.jpeg,,,
19975,Athene cunicularia,Burrowing Owl,Aves,Burrowing Owl,33.0363088054,-116.9375744872,1412.0,"San Diego County, CA, USA",2022-11-10,2022-11-10 22:54:00 UTC,Pacific Time (US & Canada),research,3,0,False,False,https://inaturalist-open-data.s3.amazonaws.com/photos/242836319/medium.jpg,,,
19975,Athene cunicularia,Burrowing Owl,Aves,Burrowing Owl,32.9542,-116.2450716667,4.0,"Anza-Borrego Desert State Park, Julian, CA, US",2022-11-13,2022-11-13 15:33:07 UTC,Pacific Time (US & Canada),research,5,0,False,False,https://static.inaturalist.org/photos/243202749/medium.jpg,,,
19975,Athene cunicularia,Burrowing Owl,Aves,Burrowing Owl,32.605047549,-117.1059664254,1.0,"National City, CA, USA",2022-11-20,2022-11-20 19:05:00 UTC,Pacific Time (US & Canada),research,2,0,False,False,https://inaturalist-open-data.s3.amazonaws.com/photos/244395811/medium.jpeg,,,
19975,Athene cunicularia,Burrowing Owl,Aves,Burrowing Owl,32.6916381748,-117.2085821364,161.0,"Naval Air Station North Island, Coronado, CA, US",2022-11-27,2022-11-27 17:46:56 UTC,Pacific Time (US & Canada),research,4,0,False,False,https://inaturalist-open-data.s3.amazonaws.com/photos/245531976/medium.jpg,,,
19975,Athene cunicularia,Burrowing Owl,Aves,Burrowing Owl,32.5739098,-117.1253912,,"Tijuana Slough National Wildlife Refuge, San Diego, California, United States",2017-04-20,2017-04-20 13:50:00 UTC,Pacific Time (US & Canada),research,6,0,False,False,https://inaturalist-open-data.s3.amazonaws.com/photos/246222538/medium.jpg,,,"2017 Spring Repositioning Cruise, BIRDING TRIPS, Burrowing Owl (Athene cunicularia), ~Submitted to iNaturalist"
19975,Athene cunicularia,Burrowing Owl,Aves,Burrowing Owl,32.9843341659,-117.1759540289,8.0,"San Diego County, US-CA, US",2022-11-30,2022-11-30 20:32:00 UTC,Pacific Time (US & Canada),research,6,0,False,True,https://inaturalist-open-data.s3.amazonaws.com/photos/247154188/medium.jpg,,,
19975,Athene cunicularia,Burrowing Owl,Aves,Burrowing Owl,33.050358845,-116.7321222332,52534.0,"Ramona, CA, US",2022-10-13,2022-10-13 15:35:41 UTC,Pacific Time (US & Canada),research,4,0,False,False,https://static.inaturalist.org/photos/249136819/medium.jpg,,,
206894,Athene cunicularia hypugaea,Western Burrowing Owl,Aves,Western Burrowing Owl,32.6046303741,-117.1081577275,1385.0,Salt Works,2022-12-29,2022-12-29 17:44:00 UTC,Pacific Time (US & Canada),research,2,0,False,False,https://inaturalist-open-data.s3.amazonaws.com/photos/249721798/medium.jpeg,,,
19975,Athene cunicularia,Burrowing Owl,Aves,Burrowing Owl,33.0396563789,-116.9517172489,777.0,Ramona Grasslands Preserve,2022-12-28,2022-12-28 18:54:00 UTC,Pacific Time (US & Canada),research,5,0,False,False,https://inaturalist-open-data.s3.amazonaws.com/photos/251632704/medium.jpeg,,,
19975,Athene cunicularia,Burrowing Owl,Aves,Burrowing Owl,32.704531,-117.1576589722,,"Barrio Logan, San Diego, CA, USA",2021-12-20,2021-12-20 19:43:14 UTC,Pacific Time (US & Canada),research,6,0,False,False,https://static.inaturalist.org/photos/252801855/medium.jpeg,,In the parking garage! In the middle of the day! There is a dusty corner of community park area just next door.,
19975,Athene cunicularia,Burrowing Owl,Aves,Burrowing Owl,33.038254805,-116.9361519368,139.0,"San Diego County, CA, USA",2023-01-22,2023-01-22 19:23:00 UTC,Pacific Time (US & Canada),research,4,0,False,False,https://inaturalist-open-data.s3.amazonaws.com/photos/253178690/medium.jpeg,,,
206894,Athene cunicularia hypugaea,Western Burrowing Owl,Aves,Western Burrowing Owl,33.0315019797,-116.9413133663,34.0,"San Diego County, CA, USA",2023-01-22,2023-01-22 16:38:00 UTC,Pacific Time (US & Canada),research,3,0,False,False,https://inaturalist-open-data.s3.amazonaws.com/photos/253188543/medium.jpeg,,"Sitting among some artificial burrows some distance from the road, just a bit farther than my lens could really manage.  The owl's head is in different positions in different pictures confirming that the blurry thing isn't just a rock.",
19975,Athene cunicularia,Burrowing Owl,Aves,Burrowing Owl,33.0404027778,-116.9361888889,,"San Diego County, CA, USA",2023-01-22,2023-01-22 20:27:00 UTC,Pacific Time (US & Canada),research,5,0,False,False,https://inaturalist-open-data.s3.amazonaws.com/photos/253254221/medium.jpeg,,"Poor distant photo, but well seen through scope.",
206894,Athene cunicularia hypugaea,Western Burrowing Owl,Aves,Western Burrowing Owl,32.7365781446,-117.1508293205,812.0,"San Diego Zoo, San Diego, CA, US",2023-01-22,2023-01-22 20:17:59 UTC,Pacific Time (US & Canada),casual,1,0,True,False,https://inaturalist-open-data.s3.amazonaws.com/photos/253345453/medium.jpg,,,
19975,Athene cunicularia,Burrowing Owl,Aves,Burrowing Owl,33.0324702636,-116.9448081662,61.0,"San Diego County, CA, USA",2023-01-24,2023-01-24 20:53:00 UTC,Pacific Time (US & Canada),research,5,0,False,False,https://inaturalist-open-data.s3.amazonaws.com/photos/253442444/medium.jpeg,,,
19975,Athene cunicularia,Burrowing Owl,Aves,Burrowing Owl,33.0970779368,-116.9952642809,341.0,"San Diego Zoo Safari Park, San Diego, CA, US",2023-01-09,2023-01-09 18:37:18 UTC,Pacific Time (US & Canada),casual,1,0,True,False,https://inaturalist-open-data.s3.amazonaws.com/photos/254222572/medium.jpg,,,
19975,Athene cunicularia,Burrowing Owl,Aves,Burrowing Owl,33.19043276,-116.34191563,6.0,"Borrego Springs, CA 92004, USA",2023-02-12,2023-02-12 16:41:25 UTC,Pacific Time (US & Canada),casual,0,0,False,False,,,"Western burrowing adult sheltering in rocks, no burrow or sign present. ",
206894,Athene cunicularia hypugaea,Western Burrowing Owl,Aves,Western Burrowing Owl,32.5936772919,-117.1050737137,1735.0,"Salt Evaporators, San Diego, CA, US",2023-02-18,2023-02-18 17:00:00 UTC,Pacific Time (US & Canada),research,4,0,False,False,https://inaturalist-open-data.s3.amazonaws.com/photos/256947312/medium.jpg,,,
19975,Athene cunicularia,Burrowing Owl,Aves,Burrowing Owl,33.0533599,-116.9311383,195.0,"Rangeland Rd, California 92065, USA",2023-02-19,2023-02-19 17:53:00 UTC,Pacific Time (US & Canada),research,8,0,False,False,https://inaturalist-open-data.s3.amazonaws.com/photos/257000904/medium.jpg,,,
19975,Athene cunicularia,Burrowing Owl,Aves,Burrowing Owl,33.03298,-116.94118,,"17999 Rangeland Rd, Ramona, CA 92065, USA",2023-02-20,2023-02-20 22:41:00 UTC,Pacific Time (US & Canada),research,8,0,False,False,https://inaturalist-open-data.s3.amazonaws.com/photos/257376820/medium.jpeg,,,
206894,Athene cunicularia hypugaea,Western Burrowing Owl,Aves,Western Burrowing Owl,33.2236457195,-117.171870916,23.0,"San Diego County, US-CA, US",2023-04-05,2023-04-06 06:44:09 UTC,Pacific Time (US & Canada),research,2,0,False,True,https://static.inaturalist.org/photos/265426381/medium.jpg,,,
19975,Athene cunicularia,Burrowing Owl,Aves,Burrowing Owl,32.5714251876,-116.9624725642,5.0,"Brown Airfield; Otay Mesa, San Diego, California",2023-04-03,2023-04-03 19:29:00 UTC,Pacific Time (US & Canada),research,4,0,False,False,https://inaturalist-open-data.s3.amazonaws.com/photos/266557364/medium.jpeg,,,
19975,Athene cunicularia,Burrowing Owl,Aves,Burrowing Owl,33.0317483333,-116.9361316667,,"San Diego County, CA, USA",2023-04-08,2023-04-08 15:51:00 UTC,Pacific Time (US & Canada),research,4,0,False,False,https://static.inaturalist.org/photos/266937142/medium.jpeg,,,
19975,Athene cunicularia,Burrowing Owl,Aves,Burrowing Owl,32.5767335025,-116.9620832394,5.0,"Brown Airfield; Otay Mesa, San Diego, California",2023-04-11,2023-04-11 13:53:00 UTC,Pacific Time (US & Canada),research,5,0,False,False,https://inaturalist-open-data.s3.amazonaws.com/photos/269289224/medium.jpeg,,,
19975,Athene cunicularia,Burrowing Owl,Aves,Burrowing Owl,32.7017263059,-117.152864188,149.0,"Barrio Logan, San Diego, CA, USA",2022-09-30,2022-10-01 00:33:00 UTC,Pacific Time (US & Canada),research,3,0,False,False,https://static.inaturalist.org/photos/275719857/medium.jpeg,,,
19975,Athene cunicularia,Burrowing Owl,Aves,Burrowing Owl,32.5727961241,-116.9624579603,5.0,"Brown Airfield; Otay Mesa, California",2023-04-30,2023-04-30 13:30:00 UTC,Pacific Time (US & Canada),research,5,0,False,False,https://inaturalist-open-data.s3.amazonaws.com/photos/276253468/medium.jpeg,,,
206894,Athene cunicularia hypugaea,Western Burrowing Owl,Aves,Western Burrowing Owl,32.5491156454,-116.9796760905,23.0,"Britannia Blvd, San Diego, CA, US",2023-05-10,2023-05-10 21:23:09 UTC,Pacific Time (US & Canada),research,6,0,False,False,https://static.inaturalist.org/photos/278211582/medium.jpg,,"Four birds observed. At least one individual banded: Left leg white band, right leg green band. No numbers visible. ",
206894,Athene cunicularia hypugaea,Western Burrowing Owl,Aves,Western Burrowing Owl,33.0974457447,-116.9957229495,358.0,San Diego Zoo Safari Park,2023-06-03,2023-06-03 19:55:27 UTC,Pacific Time (US & Canada),casual,1,0,True,False,https://inaturalist-open-data.s3.amazonaws.com/photos/286334978/medium.jpeg,,,
19975,Athene cunicularia,Burrowing Owl,Aves,Burrowing Owl,32.575935,-116.9621716667,,"Otay Mesa, San Diego, CA, USA",2023-06-04,2023-06-04 16:34:00 UTC,Pacific Time (US & Canada),research,5,0,False,False,https://static.inaturalist.org/photos/287750714/medium.jpg,,,
19975,Athene cunicularia,Burrowing Owl,Aves,Burrowing Owl,32.7355702343,-117.1513633063,403.0,"Balboa Park, San Diego, CA, USA",2023-05-08,2023-05-08 23:53:00 UTC,Pacific Time (US & Canada),casual,1,0,True,False,https://inaturalist-open-data.s3.amazonaws.com/photos/294874531/medium.jpeg,,,
19975,Athene cunicularia,Burrowing Owl,Aves,Burrowing Owl,33.2081799505,-116.2184045906,61.0,"San Diego County, US-CA, US",2013-06-09,2013-06-09 23:46:00 UTC,Pacific Time (US & Canada),research,6,0,False,True,https://static.inaturalist.org/photos/320986244/medium.jpg,,,
19975,Athene cunicularia,Burrowing Owl,Aves,Burrowing Owl,32.5916666667,-117.1006305,4.0,"San Diego Bay National Wildlife Refuge, San Diego, CA, US",2023-10-19,2023-10-19 18:11:49 UTC,Pacific Time (US & Canada),research,8,0,False,False,https://inaturalist-open-data.s3.amazonaws.com/photos/329264915/medium.jpg,,,
19975,Athene cunicularia,Burrowing Owl,Aves,Burrowing Owl,33.4002116667,-117.576745,6.0,"Marine Corps Base Camp Pendleton, Fallbrook, CA, US",2019-03-09,2019-03-09 17:03:30 UTC,Pacific Time (US & Canada),research,7,0,False,False,https://inaturalist-open-data.s3.amazonaws.com/photos/330474371/medium.jpg,,,
206894,Athene cunicularia hypugaea,Western Burrowing Owl,Aves,Western Burrowing Owl,32.4590792263,-116.9410812129,4.0,United States,2023-10-25,2023-10-25 18:46:53 UTC,Pacific Time (US & Canada),research,3,0,False,True,https://static.inaturalist.org/photos/330835675/medium.jpg,,,
19975,Athene cunicularia,Burrowing Owl,Aves,Burrowing Owl,32.4061531371,-116.9883576157,100.0,United States,2023-10-18,2023-10-18 15:53:00 UTC,Pacific Time (US & Canada),research,8,0,False,True,https://inaturalist-open-data.s3.amazonaws.com/photos/332115292/medium.jpg,,,
19975,Athene cunicularia,Burrowing Owl,Aves,Burrowing Owl,32.8202833333,-117.0568305,13.0,"Mission Trails Regional Park, San Diego, CA, US",2023-11-03,2023-11-03 17:55:58 UTC,Pacific Time (US & Canada),casual,2,0,True,False,https://static.inaturalist.org/photos/332724921/medium.jpg,,Captive Burrowing owl seen at the visitor center,
19975,Athene cunicularia,Burrowing Owl,Aves,Burrowing Owl,33.0366862228,-116.9358158985,856.0,"San Diego County, CA, USA",2023-11-09,2023-11-09 16:44:00 UTC,Pacific Time (US & Canada),research,5,0,False,False,https://inaturalist-open-data.s3.amazonaws.com/photos/335640859/medium.jpg,,,
19975,Athene cunicularia,Burrowing Owl,Aves,Burrowing Owl,33.0313541015,-116.9385447391,19.0,"San Diego County, CA, USA",2023-11-22,2023-11-22 17:13:00 UTC,Pacific Time (US & Canada),research,5,0,False,False,https://inaturalist-open-data.s3.amazonaws.com/photos/337031542/medium.jpg,,,
19975,Athene cunicularia,Burrowing Owl,Aves,Burrowing Owl,33.32222,-117.3893583333,5.0,"San Diego County, US-CA, US",2023-11-28,2023-11-29 02:36:14 UTC,Pacific Time (US & Canada),research,5,0,False,False,https://static.inaturalist.org/photos/337991098/medium.jpg,,,
19975,Athene cunicularia,Burrowing Owl,Aves,Burrowing Owl,33.0533599,-116.9311383,2390.0,"Rangeland Rd, California 92065, USA",2023-12-05,2023-12-05 17:26:00 UTC,Pacific Time (US & Canada),research,5,0,False,False,https://inaturalist-open-data.s3.amazonaws.com/photos/339268476/medium.jpg,,,
19975,Athene cunicularia,Burrowing Owl,Aves,Burrowing Owl,32.8354680577,-117.1288748904,12.0,"San Diego County, US-CA, US",2023-12-05,2023-12-05 17:37:03 UTC,Pacific Time (US & Canada),research,5,0,False,True,https://inaturalist-open-data.s3.amazonaws.com/photos/339294884/medium.jpeg,,,
19975,Athene cunicularia,Burrowing Owl,Aves,Burrowing Owl,32.9490274282,-117.1195693565,,"San Diego County, US-CA, US",2023-12-05,2023-12-05 18:14:51 UTC,Pacific Time (US & Canada),research,4,0,False,True,https://inaturalist-open-data.s3.amazonaws.com/photos/339322438/medium.jpg,,,
206894,Athene cunicularia hypugaea,Western Burrowing Owl,Aves,Western Burrowing Owl,32.5817893226,-116.8667984272,278.0,United States,2023-12-05,2023-12-05 19:00:39 UTC,Pacific Time (US & Canada),research,3,0,False,True,https://static.inaturalist.org/photos/339559822/medium.jpg,,,
206894,Athene cunicularia hypugaea,Western Burrowing Owl,Aves,Western Burrowing Owl,33.0533599,-116.9311383,2390.0,"Rangeland Rd, California 92065, USA",2023-12-16,2023-12-16 19:50:00 UTC,Pacific Time (US & Canada),research,3,0,False,False,https://inaturalist-open-data.s3.amazonaws.com/photos/341166030/medium.jpg,,,
19975,Athene cunicularia,Burrowing Owl,Aves,Burrowing Owl,33.250094989,-116.2660031153,2.0,"Borrego Springs, CA, US",2023-12-20,2023-12-20 19:30:35 UTC,Pacific Time (US & Canada),research,1,0,False,False,https://inaturalist-open-data.s3.amazonaws.com/photos/341856489/medium.jpg,,"4” stride when walking.  Track length:  1.75. 
Hopping TW 2.5”. ",
19975,Athene cunicularia,Burrowing Owl,Aves,Burrowing Owl,33.0372725472,-116.9698668446,195.0,"San Diego County, US-CA, US",2023-12-23,2023-12-23 17:19:44 UTC,Pacific Time (US & Canada),research,5,0,False,True,https://static.inaturalist.org/photos/342258111/medium.jpg,,At release area.,
206894,Athene cunicularia hypugaea,Western Burrowing Owl,Aves,Western Burrowing Owl,32.7537589178,-117.2397166158,2075.0,"Point Loma, San Diego, CA, USA",2023-12-24,2023-12-25 00:33:00 UTC,Pacific Time (US & Canada),research,3,0,False,False,https://inaturalist-open-data.s3.amazonaws.com/photos/342495499/medium.jpg,,,
19975,Athene cunicularia,Burrowing Owl,Aves,Burrowing Owl,32.55365,-116.9025283333,5.0,"San Diego, CA, US",2023-12-26,2023-12-26 16:30:55 UTC,Pacific Time (US & Canada),research,6,0,False,False,https://inaturalist-open-data.s3.amazonaws.com/photos/342736907/medium.jpg,,,
19975,Athene cunicularia,Burrowing Owl,Aves,Burrowing Owl,32.7551910133,-117.2446210833,,"Point Loma, San Diego, CA, USA",2023-12-26,2023-12-26 16:52:00 UTC,Pacific Time (US & Canada),research,8,0,False,False,https://inaturalist-open-data.s3.amazonaws.com/photos/342802097/medium.jpeg,,,
19975,Athene cunicularia,Burrowing Owl,Aves,Burrowing Owl,33.0964805556,-116.9976861111,,"San Pasqual Valley, San Diego, CA, USA",2023-12-28,2023-12-28 23:57:51 UTC,Pacific Time (US & Canada),casual,2,0,True,False,https://inaturalist-open-data.s3.amazonaws.com/photos/343236749/medium.jpeg,,,
206894,Athene cunicularia hypugaea,Western Burrowing Owl,Aves,Western Burrowing Owl,32.7569281451,-117.2329525102,206.0,"San Diego River, San Diego, CA, US",2023-12-28,2023-12-28 19:55:39 UTC,Pacific Time (US & Canada),research,2,0,False,False,https://inaturalist-open-data.s3.amazonaws.com/photos/343337560/medium.jpg,,,
206894,Athene cunicularia hypugaea,Western Burrowing Owl,Aves,Western Burrowing Owl,32.756887563,-117.2386570177,621.0,"Ocean Beach, San Diego, CA, USA",2023-12-28,2023-12-28 21:48:00 UTC,Pacific Time (US & Canada),research,3,0,False,False,https://inaturalist-open-data.s3.amazonaws.com/photos/343630164/medium.jpg,,,"Raptors, birds, San Diego county, california"
206894,Athene cunicularia hypugaea,Western Burrowing Owl,Aves,Western Burrowing Owl,32.7628461342,-117.2384342366,9785.0,"Quivira Basin, San Diego, CA, US",2023-12-31,2024-01-01 00:31:26 UTC,Pacific Time (US & Canada),research,3,0,False,False,https://inaturalist-open-data.s3.amazonaws.com/photos/343815888/medium.jpg,,,
206894,Athene cunicularia hypugaea,Western Burrowing Owl,Aves,Western Burrowing Owl,32.7550644826,-117.2460003559,15.0,"Point Loma, San Diego, CA, USA",2024-01-01,2024-01-02 00:32:00 UTC,Pacific Time (US & Canada),research,2,0,False,False,https://inaturalist-open-data.s3.amazonaws.com/photos/343970779/medium.jpeg,,,
19975,Athene cunicularia,Burrowing Owl,Aves,Burrowing Owl,32.7552116667,-117.2446816111,,"Point Loma, San Diego, CA, USA",2024-01-01,2024-01-01 19:02:00 UTC,Pacific Time (US & Canada),research,6,0,False,False,https://inaturalist-open-data.s3.amazonaws.com/photos/343991178/medium.jpeg,,,
19975,Athene cunicularia,Burrowing Owl,Aves,Burrowing Owl,32.75518,-117.2445366667,,"Point Loma, San Diego, CA, USA",2024-01-01,2024-01-01 19:01:00 UTC,Pacific Time (US & Canada),research,6,0,False,False,https://inaturalist-open-data.s3.amazonaws.com/photos/344007865/medium.jpeg,,,
19975,Athene cunicularia,Burrowing Owl,Aves,Burrowing Owl,32.7551361111,-117.2448277778,,"Point Loma, San Diego, CA, USA",2024-01-01,2024-01-01 19:17:00 UTC,Pacific Time (US & Canada),research,8,0,False,False,https://inaturalist-open-data.s3.amazonaws.com/photos/344014212/medium.jpeg,,,
19975,Athene cunicularia,Burrowing Owl,Aves,Burrowing Owl,32.7551916667,-117.2446361111,3.0,"Point Loma, San Diego, CA, USA",2024-01-01,2024-01-01 20:32:00 UTC,Pacific Time (US & Canada),research,5,0,False,False,https://inaturalist-open-data.s3.amazonaws.com/photos/344221466/medium.jpeg,,,
206894,Athene cunicularia hypugaea,Western Burrowing Owl,Aves,Western Burrowing Owl,32.7551628789,-117.2451188495,15.0,"Point Loma, San Diego, CA, USA",2024-01-01,2024-01-01 17:25:00 UTC,Pacific Time (US & Canada),research,3,0,False,False,https://inaturalist-open-data.s3.amazonaws.com/photos/344512883/medium.jpeg,,,
206894,Athene cunicularia hypugaea,Western Burrowing Owl,Aves,Western Burrowing Owl,32.7545716667,-117.2492616667,1.0,"Ocean Beach Bike Path, San Diego, CA, US",2024-01-04,2024-01-05 03:11:20 UTC,Pacific Time (US & Canada),research,2,0,False,False,https://static.inaturalist.org/photos/344573705/medium.jpg,,,
206894,Athene cunicularia hypugaea,Western Burrowing Owl,Aves,Western Burrowing Owl,32.7555085613,-117.2422802462,8.0,"Point Loma, San Diego, CA, USA",2024-01-04,2024-01-04 20:34:00 UTC,Pacific Time (US & Canada),research,3,0,False,False,https://inaturalist-open-data.s3.amazonaws.com/photos/344584101/medium.jpeg,,,
19975,Athene cunicularia,Burrowing Owl,Aves,Burrowing Owl,32.7554689344,-117.2441489471,71.0,"San Diego River, San Diego, CA, US",2024-01-05,2024-01-05 18:22:01 UTC,Pacific Time (US & Canada),research,5,0,False,False,https://inaturalist-open-data.s3.amazonaws.com/photos/344748719/medium.jpg,,,
19975,Athene cunicularia,Burrowing Owl,Aves,Burrowing Owl,32.7716445746,-117.2690136001,61.0,"San Diego County, US-CA, US",2024-01-05,2024-01-05 11:15:00 UTC,Pacific Time (US & Canada),research,5,0,False,True,https://inaturalist-open-data.s3.amazonaws.com/photos/344884309/medium.jpg,,,
19975,Athene cunicularia,Burrowing Owl,Aves,Burrowing Owl,32.75435,-117.2414116667,1.0,"Robb Athletic Field, San Diego, CA, US",2023-12-31,2023-12-31 22:43:55 UTC,Pacific Time (US & Canada),research,7,0,False,False,https://inaturalist-open-data.s3.amazonaws.com/photos/344892558/medium.jpg,,,
19975,Athene cunicularia,Burrowing Owl,Aves,Burrowing Owl,32.755141703,-117.2458828881,31.0,"Ocean Beach, San Diego, CA, USA",2024-01-05,2024-01-05 18:08:00 UTC,Pacific Time (US & Canada),research,6,0,False,False,https://inaturalist-open-data.s3.amazonaws.com/photos/345095052/medium.jpeg,,,
19975,Athene cunicularia,Burrowing Owl,Aves,Burrowing Owl,33.0533599,-116.9311383,2390.0,"Rangeland Rd, California 92065, USA",2024-01-07,2024-01-07 17:27:00 UTC,Pacific Time (US & Canada),research,4,0,False,False,https://inaturalist-open-data.s3.amazonaws.com/photos/345110671/medium.jpg,,,
206894,Athene cunicularia hypugaea,Western Burrowing Owl,Aves,Western Burrowing Owl,32.7559972601,-117.2406126559,506.0,"Ocean Beach, San Diego, CA, USA",2024-01-07,2024-01-08 00:41:42 UTC,Pacific Time (US & Canada),research,2,0,False,False,https://inaturalist-open-data.s3.amazonaws.com/photos/345110963/medium.jpeg,,,
19975,Athene cunicularia,Burrowing Owl,Aves,Burrowing Owl,32.7566552992,-117.2407467807,61.0," San Diego River mudflats, CA, USA",2024-01-08,2024-01-08 17:55:00 UTC,Pacific Time (US & Canada),research,5,0,False,False,https://inaturalist-open-data.s3.amazonaws.com/photos/345254372/medium.jpeg,,,
206894,Athene cunicularia hypugaea,Western Burrowing Owl,Aves,Western Burrowing Owl,32.755213441,-117.2447775194,8.0,"Point Loma, San Diego, CA, USA",2024-01-08,2024-01-08 20:08:00 UTC,Pacific Time (US & Canada),research,2,0,False,False,https://inaturalist-open-data.s3.amazonaws.com/photos/345320350/medium.jpeg,,,
206894,Athene cunicularia hypugaea,Western Burrowing Owl,Aves,Western Burrowing Owl,32.7552399266,-117.2444359925,15.0,"Point Loma, San Diego, CA, USA",2024-01-08,2024-01-08 22:49:00 UTC,Pacific Time (US & Canada),research,3,0,False,False,https://static.inaturalist.org/photos/345374444/medium.jpeg,,,
19975,Athene cunicularia,Burrowing Owl,Aves,Burrowing Owl,32.7558513672,-117.2416572796,219.0,"Ocean Beach, San Diego, CA, USA",2024-01-06,2024-01-06 20:17:00 UTC,Pacific Time (US & Canada),research,7,0,False,False,https://inaturalist-open-data.s3.amazonaws.com/photos/345383907/medium.jpg,,,
19975,Athene cunicularia,Burrowing Owl,Aves,Burrowing Owl,32.7558523,-117.235983,138.0,"Robb Field Skate Park, 2525 Bacon St, San Diego, CA 92107, USA",2023-12-28,2023-12-28 19:45:00 UTC,Pacific Time (US & Canada),research,7,0,False,False,https://inaturalist-open-data.s3.amazonaws.com/photos/345630012/medium.jpeg,,,
206894,Athene cunicularia hypugaea,Western Burrowing Owl,Aves,Western Burrowing Owl,32.7545716667,-117.2492616667,1.0,"Ocean Beach Bike Path, San Diego, CA, US",2024-01-12,2024-01-13 02:53:34 UTC,Pacific Time (US & Canada),research,3,0,False,False,https://static.inaturalist.org/photos/345938542/medium.jpg,,,
19975,Athene cunicularia,Burrowing Owl,Aves,Burrowing Owl,32.6204881026,-116.9630015403,27.0,"Artisan St, Chula Vista, CA, US",2013-03-05,2013-03-05 19:27:00 UTC,Pacific Time (US & Canada),research,6,0,False,False,https://inaturalist-open-data.s3.amazonaws.com/photos/346050659/medium.jpg,,Looking southeast across Eastlake Parkway. BUOW pair nesting in berm of undeveloped parcel.,
19975,Athene cunicularia,Burrowing Owl,Aves,Burrowing Owl,32.6203168471,-117.2845633089,800.0,"San Diego County, US-CA, US",2024-01-13,2024-01-13 22:19:00 UTC,Pacific Time (US & Canada),research,6,0,False,True,https://static.inaturalist.org/photos/346055205/medium.jpg,,,
19975,Athene cunicularia,Burrowing Owl,Aves,Burrowing Owl,32.6363271374,-117.3054757768,1857.0,"San Diego County, US-CA, US",2024-01-13,2024-01-13 19:03:12 UTC,Pacific Time (US & Canada),research,6,0,False,True,https://static.inaturalist.org/photos/346096488/medium.jpg,,,
19975,Athene cunicularia,Burrowing Owl,Aves,Burrowing Owl,32.7555502249,-117.2420231098,1391.0,"Point Loma, San Diego, CA, USA",2024-01-13,2024-01-13 20:23:00 UTC,Pacific Time (US & Canada),research,8,0,False,False,https://static.inaturalist.org/photos/346125245/medium.jpg,,,
19975,Athene cunicularia,Burrowing Owl,Aves,Burrowing Owl,32.7552768514,-117.2451595765,26.0,"San Diego River, San Diego, CA, US",2024-01-13,2024-01-13 21:58:46 UTC,Pacific Time (US & Canada),research,8,0,False,False,https://inaturalist-open-data.s3.amazonaws.com/photos/346205683/medium.jpg,,,
19975,Athene cunicularia,Burrowing Owl,Aves,Burrowing Owl,33.3374881441,-116.686732084,10.0,"San Diego County, US-CA, US",2016-04-03,2016-04-03 21:03:00 UTC,Pacific Time (US & Canada),research,3,0,False,True,https://inaturalist-open-data.s3.amazonaws.com/photos/346230125/medium.jpg,,"Burrowing Owl observed perched on dirt mound here, evidence of owl scat and pellets around burrow entrances. ",
19975,Athene cunicularia,Burrowing Owl,Aves,Burrowing Owl,32.7341082652,-117.2108492537,775.0,"San Diego County, US-CA, US",2024-01-14,2024-01-14 11:07:18 UTC,Pacific Time (US & Canada),research,5,0,False,True,https://inaturalist-open-data.s3.amazonaws.com/photos/346236124/medium.jpg,,,
19975,Athene cunicularia,Burrowing Owl,Aves,Burrowing Owl,32.6523133333,-116.9197533333,10.0,"Otay Ranch, Chula Vista, CA, USA",2016-03-08,2016-03-08 21:31:00 UTC,Pacific Time (US & Canada),research,8,0,False,False,https://inaturalist-open-data.s3.amazonaws.com/photos/346257242/medium.jpg,,,
19975,Athene cunicularia,Burrowing Owl,Aves,Burrowing Owl,32.7552083333,-117.2446666667,4.0,"Bacon St, San Diego, CA, US",2024-01-13,2024-01-13 19:02:38 UTC,Pacific Time (US & Canada),research,4,0,False,False,https://inaturalist-open-data.s3.amazonaws.com/photos/346282980/medium.jpg,,,
19975,Athene cunicularia,Burrowing Owl,Aves,Burrowing Owl,32.6928617936,-117.2674343215,99.0,"San Diego County, US-CA, US",2024-01-13,2024-01-13 17:10:00 UTC,Pacific Time (US & Canada),research,5,0,False,True,https://static.inaturalist.org/photos/346462421/medium.jpg,,,
19975,Athene cunicularia,Burrowing Owl,Aves,Burrowing Owl,32.75523,-117.24458,12.0,"Point Loma, San Diego, CA, USA",2024-01-15,2024-01-15 17:53:00 UTC,Pacific Time (US & Canada),research,6,0,False,False,https://inaturalist-open-data.s3.amazonaws.com/photos/346635286/medium.jpeg,,,
206894,Athene cunicularia hypugaea,Western Burrowing Owl,Aves,Western Burrowing Owl,32.6764416061,-116.8601071818,1393.0,"San Diego County, CA, USA",2024-01-14,2024-01-14 22:15:00 UTC,Pacific Time (US & Canada),research,2,0,False,False,https://static.inaturalist.org/photos/346798828/medium.jpg,,,
19975,Athene cunicularia,Burrowing Owl,Aves,Burrowing Owl,32.7551533333,-117.2443916667,,"Robb Athletic Field, San Diego, CA, US",2024-01-18,2024-01-18 18:55:01 UTC,Pacific Time (US & Canada),research,6,0,False,False,https://static.inaturalist.org/photos/346886040/medium.jpg,,,
19975,Athene cunicularia,Burrowing Owl,Aves,Burrowing Owl,32.7566552992,-117.2407467807,61.0," San Diego River mudflats, CA, USA",2024-01-18,2024-01-18 16:44:00 UTC,Pacific Time (US & Canada),research,7,0,False,False,https://inaturalist-open-data.s3.amazonaws.com/photos/346893582/medium.jpeg,,,
19975,Athene cunicularia,Burrowing Owl,Aves,Burrowing Owl,32.7551966667,-117.2445283333,,"Point Loma, San Diego, CA, USA",2024-01-06,2024-01-06 19:28:00 UTC,Pacific Time (US & Canada),research,8,0,False,False,https://static.inaturalist.org/photos/347089894/medium.jpg,,,
19975,Athene cunicularia,Burrowing Owl,Aves,Burrowing Owl,32.7841903546,-117.2788363843,,"San Diego County, US-CA, US",2024-01-02,2024-01-02 21:56:00 UTC,Pacific Time (US & Canada),research,5,0,False,True,https://inaturalist-open-data.s3.amazonaws.com/photos/347124207/medium.jpg,,,
19975,Athene cunicularia,Burrowing Owl,Aves,Burrowing Owl,32.7570289809,-117.2324996951,565.0,"San Diego River, San Diego, CA, US",2024-01-14,2024-01-14 21:06:00 UTC,Pacific Time (US & Canada),research,7,0,False,False,https://static.inaturalist.org/photos/347202206/medium.jpg,,,
19975,Athene cunicularia,Burrowing Owl,Aves,Burrowing Owl,32.7553163556,-117.2436052268,1883.0,"Bacon St, San Diego, CA, US",2024-01-21,2024-01-21 10:50:43 UTC,Pacific Time (US & Canada),research,6,0,False,False,https://inaturalist-open-data.s3.amazonaws.com/photos/347373300/medium.jpg,,,
206894,Athene cunicularia hypugaea,Western Burrowing Owl,Aves,Western Burrowing Owl,32.7360494199,-117.1524327169,372.0,"San Diego Zoo, San Diego, CA, US",2024-01-15,2024-01-15 20:26:43 UTC,Pacific Time (US & Canada),casual,1,0,True,False,https://inaturalist-open-data.s3.amazonaws.com/photos/347375283/medium.jpg,,,
19975,Athene cunicularia,Burrowing Owl,Aves,Burrowing Owl,32.7552850315,-117.2447737958,77.0,"San Diego River, San Diego, CA, US",2024-01-26,2024-01-26 21:01:31 UTC,Pacific Time (US & Canada),research,7,0,False,False,https://inaturalist-open-data.s3.amazonaws.com/photos/348171392/medium.jpg,,,
19975,Athene cunicularia,Burrowing Owl,Aves,Burrowing Owl,32.754525,-117.2431277778,,"Point Loma, San Diego, CA, USA",2024-01-26,2024-01-26 20:50:00 UTC,Pacific Time (US & Canada),research,7,0,False,False,https://inaturalist-open-data.s3.amazonaws.com/photos/348292182/medium.jpeg,,,
19975,Athene cunicularia,Burrowing Owl,Aves,Burrowing Owl,32.75515,-117.244605,10.0,"Ocean Beach Bike Path, San Diego, CA, US",2024-01-27,2024-01-27 19:41:24 UTC,Pacific Time (US & Canada),research,6,0,False,False,https://static.inaturalist.org/photos/348307613/medium.jpg,,,
206894,Athene cunicularia hypugaea,Western Burrowing Owl,Aves,Western Burrowing Owl,32.7311128921,-117.283784292,13.0,"San Diego County, US-CA, US",2024-01-27,2024-01-27 21:02:34 UTC,Pacific Time (US & Canada),research,2,0,False,True,https://static.inaturalist.org/photos/348413007/medium.jpeg,,,
19975,Athene cunicularia,Burrowing Owl,Aves,Burrowing Owl,32.7549686593,-117.2415524349,523.0,"Ocean Beach, San Diego, CA, USA",2024-01-26,,Pacific Time (US & Canada),research,9,0,False,False,https://inaturalist-open-data.s3.amazonaws.com/photos/348678750/medium.jpeg,,,
206894,Athene cunicularia hypugaea,Western Burrowing Owl,Aves,Western Burrowing Owl,32.798794278,-117.3769087628,4.0,"San Diego County, US-CA, US",2024-01-28,2024-01-28 20:41:39 UTC,Pacific Time (US & Canada),research,2,0,False,True,https://inaturalist-open-data.s3.amazonaws.com/photos/348775994/medium.jpg,,,
19975,Athene cunicularia,Burrowing Owl,Aves,Burrowing Owl,32.7551825264,-117.2443038129,244.0,"Point Loma, San Diego, CA, USA",2024-02-02,2024-02-02 17:59:00 UTC,Pacific Time (US & Canada),research,7,0,False,False,https://inaturalist-open-data.s3.amazonaws.com/photos/349336586/medium.jpeg,,,
206894,Athene cunicularia hypugaea,Western Burrowing Owl,Aves,Western Burrowing Owl,32.7557431313,-117.241628447,722.0,"Ocean Beach, San Diego, CA, USA",2024-02-02,2024-02-02 22:37:00 UTC,Pacific Time (US & Canada),research,1,0,False,False,https://inaturalist-open-data.s3.amazonaws.com/photos/349382752/medium.jpeg,,,
19975,Athene cunicularia,Burrowing Owl,Aves,Burrowing Owl,32.7552237579,-117.2449199501,8.0,"Ocean Beach, San Diego, CA, USA",2024-01-17,2024-01-17 17:26:00 UTC,Pacific Time (US & Canada),research,7,0,False,False,https://inaturalist-open-data.s3.amazonaws.com/photos/349583429/medium.jpeg,,,
19975,Athene cunicularia,Burrowing Owl,Aves,Burrowing Owl,32.75602728,-117.2400283935,15.0,"Ocean Beach, San Diego, CA, USA",2024-01-25,2024-01-25 18:45:00 UTC,Pacific Time (US & Canada),research,6,0,False,False,https://inaturalist-open-data.s3.amazonaws.com/photos/349763910/medium.jpeg,,,
19975,Athene cunicularia,Burrowing Owl,Aves,Burrowing Owl,32.539795267,-116.9135549148,42.0,United States,2024-01-31,2024-01-31 21:51:06 UTC,Pacific Time (US & Canada),research,5,0,False,True,https://static.inaturalist.org/photos/349790737/medium.jpg,,One of two individuals.,
19975,Athene cunicularia,Burrowing Owl,Aves,Burrowing Owl,32.5737414303,-116.8855318749,51.0,United States,2024-01-31,2024-01-31 21:50:12 UTC,Pacific Time (US & Canada),research,5,0,False,True,https://static.inaturalist.org/photos/349790937/medium.jpg,,Second of two individuals ,
19975,Athene cunicularia,Burrowing Owl,Aves,Tecolote llanero,32.7551479722,-117.24472,,"Ocean Beach, San Diego, California, EE. UU.",2024-02-04,2024-02-04 20:47:51 UTC,Pacific Time (US & Canada),research,5,0,False,False,https://inaturalist-open-data.s3.amazonaws.com/photos/349802118/medium.jpeg,,,
19975,Athene cunicularia,Burrowing Owl,Aves,Burrowing Owl,32.7551883333,-117.244605,3.0,"Ocean Beach Bike Path, San Diego, CA, US",2024-02-03,2024-02-03 19:53:22 UTC,Pacific Time (US & Canada),research,6,0,False,False,https://inaturalist-open-data.s3.amazonaws.com/photos/350098610/medium.jpg,,,
206894,Athene cunicularia hypugaea,Western Burrowing Owl,Aves,Western Burrowing Owl,32.7519749878,-117.2588255284,887.0,"San Diego County, US-CA, US",2024-02-04,2024-02-04 18:37:00 UTC,Pacific Time (US & Canada),research,1,0,False,True,https://static.inaturalist.org/photos/350197930/medium.jpg,,,
206894,Athene cunicularia hypugaea,Western Burrowing Owl,Aves,Western Burrowing Owl,32.7551549913,-117.2447114108,8.0,"Robb Athletic Field, San Diego, CA, US",2024-02-09,2024-02-09 18:19:22 UTC,Pacific Time (US & Canada),research,1,0,False,False,https://inaturalist-open-data.s3.amazonaws.com/photos/350511898/medium.jpg,,,
19975,Athene cunicularia,Burrowing Owl,Aves,Burrowing Owl,32.7549672847,-117.2465199844,31.0,"Ocean Beach, San Diego, CA, USA",2024-02-09,2024-02-09 19:31:00 UTC,Pacific Time (US & Canada),research,6,0,False,False,https://inaturalist-open-data.s3.amazonaws.com/photos/351142220/medium.jpeg,,,
19975,Athene cunicularia,Burrowing Owl,Aves,Burrowing Owl,32.75515,-117.2446533333,4.0,"Ocean Beach Bike Path, San Diego, CA, US",2024-02-13,2024-02-13 18:34:53 UTC,Pacific Time (US & Canada),research,6,0,False,False,https://static.inaturalist.org/photos/351337869/medium.jpg,,,
19975,Athene cunicularia,Burrowing Owl,Aves,Burrowing Owl,32.7552,-117.2446283333,4.0,"Ocean Beach Bike Path, San Diego, CA, US",2024-02-11,2024-02-11 20:22:19 UTC,Pacific Time (US & Canada),research,4,0,False,False,https://inaturalist-open-data.s3.amazonaws.com/photos/351486353/medium.jpg,,,
206894,Athene cunicularia hypugaea,Western Burrowing Owl,Aves,Western Burrowing Owl,32.75517,-117.24452,,"Ocean Beach Bike Path, San Diego, CA, US",2024-02-14,2024-02-14 22:17:58 UTC,Pacific Time (US & Canada),research,1,0,False,False,https://inaturalist-open-data.s3.amazonaws.com/photos/351539294/medium.jpg,,,
19975,Athene cunicularia,Burrowing Owl,Aves,Burrowing Owl,32.7558333333,-117.2391366667,4.0,"Ocean Beach Bike Path, San Diego, CA, US",2024-02-13,2024-02-13 19:23:30 UTC,Pacific Time (US & Canada),research,6,0,False,False,https://static.inaturalist.org/photos/351667507/medium.jpg,,,
206894,Athene cunicularia hypugaea,Western Burrowing Owl,Aves,Western Burrowing Owl,32.7551883333,-117.2444883333,,"Ocean Beach Bike Path, San Diego, CA, US",2024-02-14,2024-02-14 20:29:14 UTC,Pacific Time (US & Canada),research,3,0,False,False,https://inaturalist-open-data.s3.amazonaws.com/photos/351720947/medium.jpg,,,
19975,Athene cunicularia,Burrowing Owl,Aves,Burrowing Owl,32.755186593,-117.2450479111,8.0,"Ocean Beach, San Diego, CA, USA",2024-02-17,2024-02-17 20:49:00 UTC,Pacific Time (US & Canada),research,7,0,False,False,https://inaturalist-open-data.s3.amazonaws.com/photos/352060845/medium.jpeg,,,
19975,Athene cunicularia,Burrowing Owl,Aves,穴小鸮,32.754800755,-117.247592998,8.0,美国加利福尼亚圣迭戈洛玛岬,2024-02-17,2024-02-17 23:24:00 UTC,Pacific Time (US & Canada),research,6,0,False,False,https://static.inaturalist.org/photos/352123881/medium.jpg,,,
19975,Athene cunicularia,Burrowing Owl,Aves,Burrowing Owl,32.5920832303,-117.1005218654,31.0,"Egger Highlands, San Diego, CA, USA",2024-02-18,2024-02-18 16:19:00 UTC,Pacific Time (US & Canada),research,4,0,False,False,https://inaturalist-open-data.s3.amazonaws.com/photos/352267361/medium.jpeg,,,
19975,Athene cunicularia,Burrowing Owl,Aves,Burrowing Owl,32.755165,-117.2446033333,,"Point Loma, San Diego, CA, USA",2024-02-08,2024-02-08 18:47:00 UTC,Pacific Time (US & Canada),research,7,0,False,False,https://static.inaturalist.org/photos/352510417/medium.jpg,,,"burrowing, owl"
206894,Athene cunicularia hypugaea,Western Burrowing Owl,Aves,Western Burrowing Owl,32.7551833333,-117.2445416667,,"Ocean Beach Bike Path, San Diego, CA, US",2024-02-17,2024-02-17 23:10:42 UTC,Pacific Time (US & Canada),research,3,0,False,False,https://inaturalist-open-data.s3.amazonaws.com/photos/352550049/medium.jpg,,,
19975,Athene cunicularia,Burrowing Owl,Aves,Burrowing Owl,32.591976497,-117.1002570751,4.0,"Egger Highlands, San Diego, CA, USA",2024-02-18,2024-02-18 16:07:00 UTC,Pacific Time (US & Canada),research,7,0,False,False,https://inaturalist-open-data.s3.amazonaws.com/photos/352550520/medium.jpeg,,,
206894,Athene cunicularia hypugaea,Western Burrowing Owl,Aves,Western Burrowing Owl,32.7551583333,-117.24472,4.0,"Ocean Beach Bike Path, San Diego, CA, US",2024-02-09,2024-02-09 18:26:40 UTC,Pacific Time (US & Canada),research,1,0,False,False,https://inaturalist-open-data.s3.amazonaws.com/photos/352824060/medium.jpg,,,
19975,Athene cunicularia,Burrowing Owl,Aves,Burrowing Owl,32.75518,-117.24464,12.0,"Point Loma, San Diego, CA, USA",2024-02-21,2024-02-21 20:26:00 UTC,Pacific Time (US & Canada),research,9,0,False,False,https://inaturalist-open-data.s3.amazonaws.com/photos/353079922/medium.jpeg,,,
19975,Athene cunicularia,Burrowing Owl,Aves,Burrowing Owl,32.75517,-117.24464,10.0,"Point Loma, San Diego, CA, USA",2024-02-21,2024-02-21 21:04:00 UTC,Pacific Time (US & Canada),research,8,0,False,False,https://inaturalist-open-data.s3.amazonaws.com/photos/353165597/medium.jpeg,,,
19975,Athene cunicularia,Burrowing Owl,Aves,Burrowing Owl,32.6426626339,-116.9790864966,548.0,United States,2024-02-27,2024-02-27 21:53:00 UTC,Pacific Time (US & Canada),research,4,0,False,True,https://inaturalist-open-data.s3.amazonaws.com/photos/354113851/medium.jpg,,,
19975,Athene cunicularia,Burrowing Owl,Aves,Burrowing Owl,32.7553673563,-117.2437340766,78.0,"Ocean Beach, San Diego, CA, USA",2024-01-27,2024-01-27 21:47:26 UTC,Pacific Time (US & Canada),research,6,0,False,False,https://static.inaturalist.org/photos/354475891/medium.jpeg,,,
19975,Athene cunicularia,Burrowing Owl,Aves,Burrowing Owl,32.6399805137,-117.1103146405,24.0,"Chula Vista, CA, USA",2024-02-29,2024-03-01 00:59:00 UTC,Pacific Time (US & Canada),casual,1,0,True,False,https://inaturalist-open-data.s3.amazonaws.com/photos/354848811/medium.jpeg,,,Living Coast Discovery Center
19975,Athene cunicularia,Burrowing Owl,Aves,Burrowing Owl,32.7542733319,-117.2413888201,196.0,"Ocean Beach, San Diego, CA, USA",2024-02-15,2024-02-15 21:40:00 UTC,Pacific Time (US & Canada),research,7,0,False,False,https://inaturalist-open-data.s3.amazonaws.com/photos/355557918/medium.jpeg,,Robb Field and San Diego Mudflats.,
206894,Athene cunicularia hypugaea,Western Burrowing Owl,Aves,Western Burrowing Owl,32.7554460075,-117.2444336252,89.0,"Ocean Beach, San Diego, CA, USA",2024-01-19,2024-01-19 14:47:00 UTC,Pacific Time (US & Canada),research,1,0,False,False,https://inaturalist-open-data.s3.amazonaws.com/photos/356627609/medium.jpeg,,,
19975,Athene cunicularia,Burrowing Owl,Aves,Burrowing Owl,32.7551805556,-117.2445611111,,"Ocean Beach, San Diego, CA, USA",2024-02-19,2024-02-19 23:31:30 UTC,Pacific Time (US & Canada),research,3,0,False,False,https://static.inaturalist.org/photos/359211190/medium.jpeg,,,
19975,Athene cunicularia,Burrowing Owl,Aves,Burrowing Owl,32.683518407,-117.3676195672,365.0,"San Diego County, US-CA, US",2024-01-20,2024-01-20 16:39:22 UTC,Pacific Time (US & Canada),research,5,0,False,True,https://static.inaturalist.org/photos/362608155/medium.jpg,,,
19975,Athene cunicularia,Burrowing Owl,Aves,Burrowing Owl,33.21260392,-116.35585427,5.0,"Borrego Springs, CA 92004, USA",2024-04-02,2024-04-03 00:43:05 UTC,Pacific Time (US & Canada),research,5,0,False,False,https://inaturalist-open-data.s3.amazonaws.com/photos/362748498/medium.jpg,,They appear to be reusing an older fox or coyote burrow. I only saw one. ,
206894,Athene cunicularia hypugaea,Western Burrowing Owl,Aves,Western Burrowing Owl,32.4406682739,-116.9617510157,4.0,United States,2024-04-12,2024-04-12 21:17:47 UTC,Pacific Time (US & Canada),research,1,0,False,True,https://inaturalist-open-data.s3.amazonaws.com/photos/365806866/medium.jpg,,,
19975,Athene cunicularia,Burrowing Owl,Aves,Burrowing Owl,32.5716293262,-116.97029977,984.0,"Brown Field Municipal Airport, San Diego, CA, US",2024-04-26,2024-04-26 22:59:00 UTC,Pacific Time (US & Canada),research,4,0,False,False,https://inaturalist-open-data.s3.amazonaws.com/photos/371725987/medium.jpg,,,
19975,Athene cunicularia,Burrowing Owl,Aves,Burrowing Owl,32.5726083333,-116.9622694444,,"Otay Mesa, San Diego, CA, USA",2024-04-27,2024-04-27 17:57:00 UTC,Pacific Time (US & Canada),research,5,0,False,False,https://inaturalist-open-data.s3.amazonaws.com/photos/372267989/medium.jpeg,,,
19975,Athene cunicularia,Burrowing Owl,Aves,Burrowing Owl,32.5729583333,-116.9624027778,,"Otay Mesa, San Diego, CA, USA",2024-04-27,2024-04-27 17:52:00 UTC,Pacific Time (US & Canada),research,5,0,False,False,https://inaturalist-open-data.s3.amazonaws.com/photos/372272744/medium.jpeg,,,
19975,Athene cunicularia,Burrowing Owl,Aves,Burrowing Owl,32.6345257186,-117.2803645687,146.0,"San Diego County, US-CA, US",2024-01-28,2024-01-28 16:33:00 UTC,Pacific Time (US & Canada),research,6,0,False,True,https://inaturalist-open-data.s3.amazonaws.com/photos/385850662/medium.jpg,,,
19975,Athene cunicularia,Burrowing Owl,Aves,Burrowing Owl,32.5741759768,-116.9620868753,5.0,"Brown Field; Otay Mesa; San Diego, California",2024-05-28,2024-05-28 15:46:00 UTC,Pacific Time (US & Canada),research,4,0,False,False,https://inaturalist-open-data.s3.amazonaws.com/photos/388021068/medium.jpeg,,,
19975,Athene cunicularia,Burrowing Owl,Aves,Burrowing Owl,33.0316967237,-116.9413369551,22.0,"Ramona, CA, US",2024-05-17,2024-05-17 16:01:05 UTC,Pacific Time (US & Canada),research,5,0,False,False,https://static.inaturalist.org/photos/388117178/medium.jpg,,,
19975,Athene cunicularia,Burrowing Owl,Aves,Burrowing Owl,32.569695,-116.9624333333,4.0,"Brown Field Municipal Airport, San Diego, CA, US",2024-07-26,2024-07-26 21:43:17 UTC,Pacific Time (US & Canada),research,6,0,False,False,https://inaturalist-open-data.s3.amazonaws.com/photos/411955876/medium.jpeg,,,
206894,Athene cunicularia hypugaea,Western Burrowing Owl,Aves,Western Burrowing Owl,32.60238762,-116.8087102129,10.0,United States,2024-08-06,2024-08-06 18:33:32 UTC,Pacific Time (US & Canada),research,2,0,False,True,https://inaturalist-open-data.s3.amazonaws.com/photos/416292713/medium.jpeg,,Restricted access ,
19975,Athene cunicularia,Burrowing Owl,Aves,Burrowing Owl,32.6405044687,-117.08469484,174.0,"Chula Vista, CA 91910, USA",2024-08-10,,Pacific Time (US & Canada),casual,0,0,False,False,https://inaturalist-open-data.s3.amazonaws.com/photos/417860476/medium.jpeg,,,
19975,Athene cunicularia,Burrowing Owl,Aves,Burrowing Owl,32.5924889227,-117.1008020131,296.0,"Salt Evaporators, San Diego, CA, US",2024-08-15,2024-08-15 22:46:30 UTC,Pacific Time (US & Canada),research,5,0,False,False,https://inaturalist-open-data.s3.amazonaws.com/photos/421446598/medium.jpeg,,,
19975,Athene cunicularia,Burrowing Owl,Aves,Burrowing Owl,32.59175,-117.1005028333,4.0,"San Diego Bay National Wildlife Refuge, San Diego, CA, US",2024-08-22,2024-08-22 14:59:25 UTC,Pacific Time (US & Canada),research,5,0,False,False,https://inaturalist-open-data.s3.amazonaws.com/photos/422385918/medium.jpeg,,,
19975,Athene cunicularia,Burrowing Owl,Aves,Burrowing Owl,33.0997929878,-116.9922944158,565.0,San Diego Zoo Safari Park,2024-08-23,2024-08-23 16:31:57 UTC,Pacific Time (US & Canada),casual,0,0,True,False,https://inaturalist-open-data.s3.amazonaws.com/photos/422600986/medium.jpeg,,,
19975,Athene cunicularia,Burrowing Owl,Aves,Burrowing Owl,32.6756370631,-117.0559061272,1070.0,United States,2024-09-02,2024-09-02 11:33:00 UTC,Pacific Time (US & Canada),research,3,0,False,True,https://inaturalist-open-data.s3.amazonaws.com/photos/426544412/medium.jpg,,,
19975,Athene cunicularia,Burrowing Owl,Aves,Burrowing Owl,33.0533599,-116.9311383,2390.0,"Rangeland Rd, California 92065, USA",2024-09-12,2024-09-12 15:03:00 UTC,Pacific Time (US & Canada),research,3,0,False,False,https://inaturalist-open-data.s3.amazonaws.com/photos/430112280/medium.jpg,,,
206894,Athene cunicularia hypugaea,Western Burrowing Owl,Aves,Western Burrowing Owl,32.7541638889,-117.2528111111,,"Ocean Beach, San Diego, CA, USA",2024-09-13,2024-09-13 18:29:14 UTC,Pacific Time (US & Canada),research,1,0,False,False,https://static.inaturalist.org/photos/430451960/medium.jpeg,,,
19975,Athene cunicularia,Burrowing Owl,Aves,Burrowing Owl,32.5928995912,-117.09143207,172.0,"San Diego Bay National Wildlife Refuge, San Diego, CA, US",2024-09-20,2024-09-20 23:58:13 UTC,Pacific Time (US & Canada),casual,0,0,False,False,https://static.inaturalist.org/photos/433213128/medium.jpeg,,,
206894,Athene cunicularia hypugaea,Western Burrowing Owl,Aves,Western Burrowing Owl,32.6398183333,-117.1102516667,,"Chula Vista, CA, USA",2024-09-21,2024-09-21 17:21:00 UTC,Pacific Time (US & Canada),casual,3,0,True,False,https://inaturalist-open-data.s3.amazonaws.com/photos/433661226/medium.jpeg,,,
206894,Athene cunicularia hypugaea,Western Burrowing Owl,Aves,Western Burrowing Owl,33.102,-116.9966,,"San Pasqual Valley, San Diego, CA, USA",2024-09-24,2024-09-24 19:41:00 UTC,Pacific Time (US & Canada),casual,0,0,True,False,https://inaturalist-open-data.s3.amazonaws.com/photos/434956719/medium.jpeg,,San Diego Zoo Safari Park,
19975,Athene cunicularia,Burrowing Owl,Aves,Burrowing Owl,33.3444315827,-116.779985696,,"San Diego County, US-CA, US",2024-09-28,2024-09-29 01:35:00 UTC,Pacific Time (US & Canada),research,5,0,False,True,https://inaturalist-open-data.s3.amazonaws.com/photos/436395807/medium.jpg,,,
19975,Athene cunicularia,Burrowing Owl,Aves,Burrowing Owl,32.5695045476,-116.9942789152,5.0,"Otay Mesa Rd & Heritage Rd, San Diego, CA 92154, USA",2024-04-04,2024-04-04 15:11:12 UTC,Pacific Time (US & Canada),research,4,0,False,False,https://inaturalist-open-data.s3.amazonaws.com/photos/438642675/medium.jpeg,,,
19975,Athene cunicularia,Burrowing Owl,Aves,Burrowing Owl,32.8812616667,-117.2326883333,24.0,"UC San Diego, San Diego, CA, US",2024-10-11,2024-10-11 23:02:16 UTC,Pacific Time (US & Canada),research,4,0,False,False,https://static.inaturalist.org/photos/440808079/medium.jpeg,,,
19975,Athene cunicularia,Burrowing Owl,Aves,Burrowing Owl,33.1655600104,-116.9965560441,20.0,"San Diego County, US-CA, US",2024-10-10,2024-10-10 14:33:12 UTC,Pacific Time (US & Canada),research,3,0,False,True,https://inaturalist-open-data.s3.amazonaws.com/photos/440833315/medium.jpeg,,Known population. Part of species restoration program.,
19975,Athene cunicularia,Burrowing Owl,Aves,Burrowing Owl,32.5916136691,-117.1007887397,4.0,"Egger Highlands, San Diego, CA, USA",2024-10-13,2024-10-13 14:38:00 UTC,Pacific Time (US & Canada),research,7,0,False,False,https://inaturalist-open-data.s3.amazonaws.com/photos/441740726/medium.jpeg,,,
19975,Athene cunicularia,Burrowing Owl,Aves,Burrowing Owl,32.5919148106,-117.1011138908,104.0,"Egger Highlands, San Diego, CA, USA",2024-10-13,2024-10-13 14:41:00 UTC,Pacific Time (US & Canada),research,7,0,False,False,https://inaturalist-open-data.s3.amazonaws.com/photos/441740762/medium.jpeg,,,
19975,Athene cunicularia,Burrowing Owl,Aves,Burrowing Owl,32.755295,-117.2430883333,,"Point Loma, San Diego, CA, USA",2024-10-13,2024-10-13 21:20:00 UTC,Pacific Time (US & Canada),research,6,0,False,False,https://inaturalist-open-data.s3.amazonaws.com/photos/442972956/medium.jpg,,,
19975,Athene cunicularia,Burrowing Owl,Aves,Burrowing Owl,32.75532,-117.243195,4.0,"Ocean Beach Bike Path, San Diego, CA, US",2024-10-24,2024-10-24 17:34:21 UTC,Pacific Time (US & Canada),research,5,0,False,False,https://static.inaturalist.org/photos/444930641/medium.jpeg,,little owl,
206894,Athene cunicularia hypugaea,Western Burrowing Owl,Aves,Western Burrowing Owl,32.7554168231,-117.2420572859,189.0,"Point Loma, San Diego, CA, USA",2024-10-14,2024-10-14 18:56:00 UTC,Pacific Time (US & Canada),research,1,0,False,False,https://static.inaturalist.org/photos/445257274/medium.jpg,,,
206894,Athene cunicularia hypugaea,Western Burrowing Owl,Aves,Western Burrowing Owl,32.7553820899,-117.2425440146,112.0,"Point Loma, San Diego, CA, USA",2024-10-24,2024-10-24 18:51:00 UTC,Pacific Time (US & Canada),research,2,0,False,False,https://static.inaturalist.org/photos/445258267/medium.jpg,,,
206894,Athene cunicularia hypugaea,Western Burrowing Owl,Aves,Western Burrowing Owl,32.7552389283,-117.2436588943,116.0,"Point Loma, San Diego, CA, USA",2024-10-23,2024-10-23 17:54:00 UTC,Pacific Time (US & Canada),research,6,0,False,False,https://static.inaturalist.org/photos/445258319/medium.jpg,,,
19975,Athene cunicularia,Burrowing Owl,Aves,Burrowing Owl,32.5915983333,-117.100655,,"Egger Highlands, San Diego, CA, USA",2024-10-27,2024-10-27 19:33:00 UTC,Pacific Time (US & Canada),research,5,0,False,False,https://inaturalist-open-data.s3.amazonaws.com/photos/445846913/medium.jpeg,,,
206894,Athene cunicularia hypugaea,Western Burrowing Owl,Aves,Western Burrowing Owl,32.5954153371,-117.0973710056,217.0,"Egger Highlands, San Diego, CA, USA",2024-10-27,2024-10-27 18:36:00 UTC,Pacific Time (US & Canada),research,2,0,False,False,https://inaturalist-open-data.s3.amazonaws.com/photos/445921287/medium.jpg,,,
19975,Athene cunicularia,Burrowing Owl,Aves,Burrowing Owl,32.5916361111,-117.1006555556,,"Egger Highlands, San Diego, CA, USA",2024-10-27,2024-10-27 16:54:00 UTC,Pacific Time (US & Canada),research,5,0,False,False,https://inaturalist-open-data.s3.amazonaws.com/photos/446076338/medium.jpeg,,,
19975,Athene cunicularia,Burrowing Owl,Aves,Burrowing Owl,32.7554618139,-117.2427989915,168.0,"Ocean Beach, San Diego, CA, USA",2024-10-28,,Pacific Time (US & Canada),research,7,0,False,False,https://inaturalist-open-data.s3.amazonaws.com/photos/446179659/medium.jpeg,,,
19975,Athene cunicularia,Burrowing Owl,Aves,Burrowing Owl,32.5951035058,-117.0971440896,122.0,"Egger Highlands, San Diego, CA, USA",2024-10-27,2024-10-27 16:54:00 UTC,Pacific Time (US & Canada),research,7,0,False,False,https://static.inaturalist.org/photos/446180207/medium.jpeg,,,
206894,Athene cunicularia hypugaea,Western Burrowing Owl,Aves,Western Burrowing Owl,32.7552116723,-117.2440333333,20.0,"Ocean Beach Bike Path, San Diego, CA, US",2024-10-29,2024-10-29 23:29:32 UTC,Pacific Time (US & Canada),research,2,0,False,False,https://inaturalist-open-data.s3.amazonaws.com/photos/446407327/medium.jpeg,,,
206894,Athene cunicularia hypugaea,Western Burrowing Owl,Aves,Western Burrowing Owl,32.7552116667,-117.2440333333,4.0,"Ocean Beach Bike Path, San Diego, CA, US",2024-10-29,2024-10-29 23:29:32 UTC,Pacific Time (US & Canada),research,3,0,False,False,https://inaturalist-open-data.s3.amazonaws.com/photos/446440031/medium.jpeg,,,
206894,Athene cunicularia hypugaea,Western Burrowing Owl,Aves,Western Burrowing Owl,32.7642666667,-117.2462444444,,"Mission Beach, San Diego, CA 92109, USA",2024-11-09,2024-11-09 18:10:51 UTC,Pacific Time (US & Canada),research,3,0,False,False,https://inaturalist-open-data.s3.amazonaws.com/photos/449271742/medium.jpeg,,,
19975,Athene cunicularia,Burrowing Owl,Aves,Burrowing Owl,32.7280666667,-117.1618194444,,"Bankers Hill, San Diego, CA, USA",2024-11-04,2024-11-04 20:39:54 UTC,Pacific Time (US & Canada),research,6,0,False,False,https://static.inaturalist.org/photos/449450007/medium.jpeg,,,
206894,Athene cunicularia hypugaea,Western Burrowing Owl,Aves,Western Burrowing Owl,32.7519730328,-116.9492449491,17.0,United States,2024-10-29,2024-10-29 22:04:19 UTC,Pacific Time (US & Canada),research,2,0,False,True,https://inaturalist-open-data.s3.amazonaws.com/photos/449673225/medium.jpeg,,,
19975,Athene cunicularia,Burrowing Owl,Aves,Burrowing Owl,32.7707716667,-117.2241883333,4.0,"Fiesta Island Dog Park, San Diego, CA, US",2024-11-16,2024-11-16 18:02:26 UTC,Pacific Time (US & Canada),research,5,0,False,False,https://inaturalist-open-data.s3.amazonaws.com/photos/451155794/medium.jpeg,,,
19975,Athene cunicularia,Burrowing Owl,Aves,Burrowing Owl,32.4427067307,-116.8891759901,43.0,United States,2012-02-12,2012-02-12 22:37:00 UTC,Pacific Time (US & Canada),research,6,0,False,True,https://static.inaturalist.org/photos/452452899/medium.jpg,,,
206894,Athene cunicularia hypugaea,Western Burrowing Owl,Aves,Western Burrowing Owl,33.1303833333,-117.333245,3.0,"Los Robles Dr, Carlsbad, CA, US",2024-11-23,2024-11-24 02:34:57 UTC,Pacific Time (US & Canada),research,4,0,False,False,https://static.inaturalist.org/photos/452617009/medium.jpeg,,Rested on my backyard wall for about 3 minutes,
19975,Athene cunicularia,Burrowing Owl,Aves,Burrowing Owl,33.2779883333,-117.417725,5.0,"Marine Corps Base Camp Pendleton, Camp Pendleton, CA, US",2024-11-23,2024-11-23 23:13:40 UTC,Pacific Time (US & Canada),research,5,0,False,False,https://static.inaturalist.org/photos/452726103/medium.jpeg,,,
206894,Athene cunicularia hypugaea,Western Burrowing Owl,Aves,Western Burrowing Owl,32.5921508614,-117.1005495245,127.0,"San Diego Bay National Wildlife Refuge, San Diego, CA, US",2024-11-24,2024-11-24 18:20:45 UTC,Pacific Time (US & Canada),research,2,0,False,False,https://inaturalist-open-data.s3.amazonaws.com/photos/452816012/medium.jpeg,,,
19975,Athene cunicularia,Burrowing Owl,Aves,Burrowing Owl,32.59195,-117.1001195,6.0,"San Diego Bay National Wildlife Refuge, San Diego, CA, US",2024-11-24,2024-11-24 16:10:16 UTC,Pacific Time (US & Canada),research,6,0,False,False,https://inaturalist-open-data.s3.amazonaws.com/photos/452895716/medium.jpeg,,,
19975,Athene cunicularia,Burrowing Owl,Aves,Burrowing Owl,32.591625,-117.1006555,5.0,"San Diego Bay National Wildlife Refuge, San Diego, CA, US",2024-11-24,2024-11-24 16:17:10 UTC,Pacific Time (US & Canada),research,6,0,False,False,https://inaturalist-open-data.s3.amazonaws.com/photos/452895891/medium.jpeg,,,
19975,Athene cunicularia,Burrowing Owl,Aves,Burrowing Owl,32.5917395869,-117.1007068379,8.0,"Egger Highlands, San Diego, CA, USA",2024-11-24,2024-11-24 16:08:00 UTC,Pacific Time (US & Canada),research,5,0,False,False,https://inaturalist-open-data.s3.amazonaws.com/photos/453136357/medium.jpeg,,,
19975,Athene cunicularia,Burrowing Owl,Aves,Burrowing Owl,32.5920870221,-117.1001068231,4.0,"Egger Highlands, San Diego, CA, USA",2024-11-24,2024-11-24 16:05:00 UTC,Pacific Time (US & Canada),research,6,0,False,False,https://inaturalist-open-data.s3.amazonaws.com/photos/453136353/medium.jpeg,,,
19975,Athene cunicularia,Burrowing Owl,Aves,Burrowing Owl,32.5920948907,-117.100018276,2.0,"Egger Highlands, San Diego, CA, USA",2024-11-24,2024-11-24 19:18:00 UTC,Pacific Time (US & Canada),research,7,0,False,False,https://inaturalist-open-data.s3.amazonaws.com/photos/453136397/medium.jpeg,,,
19975,Athene cunicularia,Burrowing Owl,Aves,Burrowing Owl,32.5920498754,-117.1002583855,55.0,"Egger Highlands, San Diego, CA, USA",2024-11-24,2024-11-24 17:08:00 UTC,Pacific Time (US & Canada),research,6,0,False,False,https://inaturalist-open-data.s3.amazonaws.com/photos/453117223/medium.jpeg,,,
19975,Athene cunicularia,Burrowing Owl,Aves,Burrowing Owl,32.5903980471,-117.1032030538,31.0,"Egger Highlands, San Diego, CA, USA",2024-11-24,2024-11-24 20:20:00 UTC,Pacific Time (US & Canada),research,7,0,False,False,https://inaturalist-open-data.s3.amazonaws.com/photos/453142731/medium.jpeg,,,
19975,Athene cunicularia,Burrowing Owl,Aves,Burrowing Owl,32.8061691734,-117.0946846277,31.0,"San Diego County, US-CA, US",2024-11-25,2024-11-26 02:22:00 UTC,Pacific Time (US & Canada),research,8,0,False,True,https://static.inaturalist.org/photos/453412361/medium.jpeg,,,
19975,Athene cunicularia,Burrowing Owl,Aves,Burrowing Owl,32.59195,-117.0999749722,,"San Diego Bay NWR, San Diego, CA, USA",2024-11-24,2024-11-24 16:08:00 UTC,Pacific Time (US & Canada),research,8,0,False,False,https://inaturalist-open-data.s3.amazonaws.com/photos/453571445/medium.jpeg,,,
19975,Athene cunicularia,Burrowing Owl,Aves,Burrowing Owl,32.5915683056,-117.1006016667,,"San Diego Bay NWR, San Diego, CA, USA",2024-11-24,2024-11-24 16:14:00 UTC,Pacific Time (US & Canada),research,8,0,False,False,https://inaturalist-open-data.s3.amazonaws.com/photos/453571503/medium.jpeg,,,
19975,Athene cunicularia,Burrowing Owl,Aves,Burrowing Owl,32.7366416667,-116.1366721667,4.0,"Anza-Borrego Desert State Park, Jacumba, CA, US",2024-11-17,2024-11-18 01:42:51 UTC,Pacific Time (US & Canada),research,7,0,False,False,https://inaturalist-open-data.s3.amazonaws.com/photos/454454213/medium.jpeg,,"Seemed a bit small for a burrowing owl, first though was western screech but heading in BUOW. ",
206894,Athene cunicularia hypugaea,Western Burrowing Owl,Aves,Western Burrowing Owl,32.6789583423,-116.85183,20.0,"Rancho Jamul Ecological Reserve, Jamul, CA, US",2024-12-07,2024-12-07 23:34:05 UTC,Pacific Time (US & Canada),research,2,0,False,False,https://inaturalist-open-data.s3.amazonaws.com/photos/455781130/medium.jpg,,,
19975,Athene cunicularia,Burrowing Owl,Aves,Burrowing Owl,32.59151,-117.1007082778,,"Egger Highlands, San Diego, CA, USA",2024-12-08,2024-12-08 17:14:00 UTC,Pacific Time (US & Canada),research,7,0,False,False,https://inaturalist-open-data.s3.amazonaws.com/photos/456001750/medium.jpeg,,,
19975,Athene cunicularia,Burrowing Owl,Aves,Burrowing Owl,32.5914766667,-117.1008532778,,"Egger Highlands, San Diego, CA, USA",2024-12-08,2024-12-08 19:55:00 UTC,Pacific Time (US & Canada),research,6,0,False,False,https://inaturalist-open-data.s3.amazonaws.com/photos/456002573/medium.jpeg,,,
19975,Athene cunicularia,Burrowing Owl,Aves,Burrowing Owl,32.5917533772,-117.1006946569,8.0,"Egger Highlands, San Diego, CA, USA",2024-12-08,2024-12-08 17:11:00 UTC,Pacific Time (US & Canada),research,7,0,False,False,https://inaturalist-open-data.s3.amazonaws.com/photos/456070974/medium.jpeg,,,
19975,Athene cunicularia,Burrowing Owl,Aves,Burrowing Owl,32.770645,-117.22843,4.0,"Mission Bay Park, San Diego, CA, US",2024-12-10,2024-12-10 17:41:59 UTC,Pacific Time (US & Canada),research,4,0,False,False,https://inaturalist-open-data.s3.amazonaws.com/photos/456384882/medium.jpg,,"Fiesta Island, Least Tern nesting site",
19975,Athene cunicularia,Burrowing Owl,Aves,Burrowing Owl,32.5916388889,-117.1005638889,,"Egger Highlands, San Diego, CA, USA",2024-12-08,2024-12-08 18:11:00 UTC,Pacific Time (US & Canada),research,6,0,False,False,https://inaturalist-open-data.s3.amazonaws.com/photos/456383280/medium.jpeg,,,
19975,Athene cunicularia,Burrowing Owl,Aves,Burrowing Owl,32.5840333333,-117.1037055,3.0,"Palm Ave, San Diego, CA, US",2024-12-11,2024-12-11 21:10:00 UTC,Pacific Time (US & Canada),research,5,0,False,False,https://static.inaturalist.org/photos/456590514/medium.jpg,,,
19975,Athene cunicularia,Burrowing Owl,Aves,Burrowing Owl,32.6398916667,-117.1102027778,,"Chula Vista, CA, USA",2024-12-13,2024-12-13 23:32:00 UTC,Pacific Time (US & Canada),casual,0,0,True,False,https://inaturalist-open-data.s3.amazonaws.com/photos/456947363/medium.jpeg,,,
19975,Athene cunicularia,Burrowing Owl,Aves,,32.7696577991,-117.2231147493,291.0,"Mission Bay Park, San Diego, CA, US",2024-12-19,2024-12-19 17:18:57 UTC,Pacific Time (US & Canada),casual,0,0,False,False,,,Along cliff edge within dog park. On a steep cliff where most dogs probably can’t get to but looked like it was flushed as it was flying to a different cliff spot when I saw it,
19975,Athene cunicularia,Burrowing Owl,Aves,Burrowing Owl,32.726337,-116.98384,,"La Presa, CA, USA",2024-06-08,2024-06-09 01:42:41 UTC,Pacific Time (US & Canada),casual,0,0,True,False,https://inaturalist-open-data.s3.amazonaws.com/photos/458316613/medium.jpeg,,,
19975,Athene cunicularia,Burrowing Owl,Aves,Burrowing Owl,32.5915916389,-117.1007,,"Egger Highlands, San Diego, CA, USA",2025-01-12,2025-01-12 21:33:00 UTC,Pacific Time (US & Canada),research,5,0,False,False,https://inaturalist-open-data.s3.amazonaws.com/photos/463425063/medium.jpeg,,,
19975,Athene cunicularia,Burrowing Owl,Aves,Burrowing Owl,33.0346973296,-116.9428539534,190.0,"San Diego County, CA, USA",2025-01-11,2025-01-12 01:43:00 UTC,Pacific Time (US & Canada),research,5,0,False,False,https://inaturalist-open-data.s3.amazonaws.com/photos/463591953/medium.jpg,,,
19975,Athene cunicularia,Burrowing Owl,Aves,Burrowing Owl,32.59183,-117.100537,55.0,"Imperial Beach, CA, USA",2025-01-12,2025-01-12 21:32:00 UTC,Pacific Time (US & Canada),research,7,0,False,False,https://inaturalist-open-data.s3.amazonaws.com/photos/463635341/medium.jpeg,,,
19975,Athene cunicularia,Burrowing Owl,Aves,Burrowing Owl,32.591621,-117.100616,,"Egger Highlands, San Diego, CA, USA",2025-01-12,2025-01-12 21:32:00 UTC,Pacific Time (US & Canada),research,6,0,False,False,https://inaturalist-open-data.s3.amazonaws.com/photos/463856179/medium.jpg,,,
19975,Athene cunicularia,Burrowing Owl,Aves,Burrowing Owl,33.0202555,-117.2802366667,4.0,"Newcastle Ave, Encinitas, CA, US",2025-01-18,2025-01-19 02:38:42 UTC,Pacific Time (US & Canada),research,6,0,False,False,https://static.inaturalist.org/photos/464635646/medium.jpg,,,
206894,Athene cunicularia hypugaea,Western Burrowing Owl,Aves,Western Burrowing Owl,32.75435,-117.2414116667,1.0,"Robb Athletic Field, San Diego, CA, US",2025-01-17,2025-01-17 22:53:04 UTC,Pacific Time (US & Canada),research,2,0,False,False,https://inaturalist-open-data.s3.amazonaws.com/photos/464801731/medium.jpg,,,
19975,Athene cunicularia,Burrowing Owl,Aves,Burrowing Owl,32.591945,-117.100175,3.0,"San Diego, CA, US",2025-01-20,2025-01-20 17:42:07 UTC,Pacific Time (US & Canada),research,5,0,False,False,https://inaturalist-open-data.s3.amazonaws.com/photos/465001004/medium.jpg,,,
19975,Athene cunicularia,Burrowing Owl,Aves,Burrowing Owl,32.7552216667,-117.2443783333,,"Ocean Beach Bike Path, San Diego, CA, US",2025-01-24,2025-01-25 00:46:07 UTC,Pacific Time (US & Canada),research,7,0,False,False,https://static.inaturalist.org/photos/465841099/medium.jpg,,,
206894,Athene cunicularia hypugaea,Western Burrowing Owl,Aves,Western Burrowing Owl,32.7556731468,-117.242169613,290.0,"Ocean Beach, San Diego, CA, USA",2025-01-30,2025-01-30 18:55:00 UTC,Pacific Time (US & Canada),research,1,0,False,False,https://static.inaturalist.org/photos/467079334/medium.jpg,,,
206894,Athene cunicularia hypugaea,Western Burrowing Owl,Aves,Western Burrowing Owl,32.5689866667,-117.1329638333,4.0,"Imperial Beach, Imperial Beach, CA, US",2025-02-02,2025-02-03 00:48:49 UTC,Pacific Time (US & Canada),research,2,0,False,False,https://inaturalist-open-data.s3.amazonaws.com/photos/467725428/medium.jpg,,,
19975,Athene cunicularia,Burrowing Owl,Aves,Burrowing Owl,32.59195,-117.10006,,"San Diego Bay NWR, San Diego, CA, USA",2025-02-09,2025-02-09 17:38:00 UTC,Pacific Time (US & Canada),research,4,0,False,False,https://inaturalist-open-data.s3.amazonaws.com/photos/469180806/medium.jpeg,,,
19975,Athene cunicularia,Burrowing Owl,Aves,Burrowing Owl,32.5917083056,-117.1004483333,,"San Diego Bay NWR, San Diego, CA, USA",2025-02-09,2025-02-09 17:40:00 UTC,Pacific Time (US & Canada),research,5,0,False,False,https://inaturalist-open-data.s3.amazonaws.com/photos/469180880/medium.jpeg,,,
19975,Athene cunicularia,Burrowing Owl,Aves,Burrowing Owl,32.5917816667,-117.1003033333,,"San Diego Bay NWR, San Diego, CA, USA",2025-02-09,2025-02-09 20:19:00 UTC,Pacific Time (US & Canada),research,5,0,False,False,https://inaturalist-open-data.s3.amazonaws.com/photos/469181714/medium.jpeg,,,
19975,Athene cunicularia,Burrowing Owl,Aves,Burrowing Owl,32.5914733333,-117.1008532778,,"San Diego Bay NWR, San Diego, CA, USA",2025-02-09,2025-02-09 20:15:00 UTC,Pacific Time (US & Canada),research,5,0,False,False,https://inaturalist-open-data.s3.amazonaws.com/photos/469181750/medium.jpeg,,,
206894,Athene cunicularia hypugaea,Western Burrowing Owl,Aves,Western Burrowing Owl,32.5917533333,-117.100355,,"Egger Highlands, San Diego, CA, USA",2025-02-09,2025-02-09 20:17:00 UTC,Pacific Time (US & Canada),research,2,0,False,False,https://inaturalist-open-data.s3.amazonaws.com/photos/469179532/medium.jpg,,,
206894,Athene cunicularia hypugaea,Western Burrowing Owl,Aves,Western Burrowing Owl,32.5918466667,-117.1002278333,3.0,"San Diego Bay National Wildlife Refuge, San Diego, CA, US",2025-02-09,2025-02-09 20:18:18 UTC,Pacific Time (US & Canada),research,2,0,False,False,https://inaturalist-open-data.s3.amazonaws.com/photos/469242888/medium.jpg,,,
19975,Athene cunicularia,Burrowing Owl,Aves,Burrowing Owl,32.5873694444,-117.1075972222,,"Imperial Beach, CA, USA",2025-02-09,2025-02-09 17:35:00 UTC,Pacific Time (US & Canada),research,5,0,False,False,https://inaturalist-open-data.s3.amazonaws.com/photos/469382671/medium.jpeg,,1 of 2.,
19975,Athene cunicularia,Burrowing Owl,Aves,Burrowing Owl,32.5873694444,-117.1075972222,,"Imperial Beach, CA, USA",2025-02-09,2025-02-09 17:37:00 UTC,Pacific Time (US & Canada),research,5,0,False,False,https://inaturalist-open-data.s3.amazonaws.com/photos/469382687/medium.jpeg,,2 of 2.,
19975,Athene cunicularia,Burrowing Owl,Aves,Burrowing Owl,32.5873777778,-117.1075805556,,"Imperial Beach, CA, USA",2025-02-09,2025-02-09 20:18:00 UTC,Pacific Time (US & Canada),research,6,0,False,False,https://inaturalist-open-data.s3.amazonaws.com/photos/469401922/medium.jpeg,,,
206894,Athene cunicularia hypugaea,Western Burrowing Owl,Aves,Western Burrowing Owl,32.7548482778,-117.2463982778,,"Point Loma, San Diego, CA, USA",2025-02-14,2025-02-14 18:13:00 UTC,Pacific Time (US & Canada),research,3,0,False,False,https://inaturalist-open-data.s3.amazonaws.com/photos/470141974/medium.jpeg,,,
206894,Athene cunicularia hypugaea,Western Burrowing Owl,Aves,Western Burrowing Owl,32.7543083333,-117.2463361111,,"Point Loma, San Diego, CA, USA",2025-02-14,2025-02-14 18:12:00 UTC,Pacific Time (US & Canada),research,3,0,False,False,https://inaturalist-open-data.s3.amazonaws.com/photos/470168094/medium.jpeg,,,
19975,Athene cunicularia,Burrowing Owl,Aves,Burrowing Owl,32.7494988,-117.2470353,1650.0,"Ocean Beach, San Diego, CA, USA",2025-02-15,2025-02-15 20:42:00 UTC,Pacific Time (US & Canada),research,6,0,False,False,https://inaturalist-open-data.s3.amazonaws.com/photos/470361911/medium.jpeg,,,
206894,Athene cunicularia hypugaea,Western Burrowing Owl,Aves,Western Burrowing Owl,32.7543722222,-117.2465527778,,"Ocean Beach, San Diego, CA, USA",2025-02-16,2025-02-16 22:19:15 UTC,Pacific Time (US & Canada),research,2,0,False,False,https://static.inaturalist.org/photos/470637138/medium.jpeg,,,
19975,Athene cunicularia,Burrowing Owl,Aves,Burrowing Owl,32.7549926085,-117.2466392866,15.0,"Ocean Beach, San Diego, CA, USA",2025-02-14,2025-02-15 00:26:00 UTC,Pacific Time (US & Canada),research,5,0,False,False,https://inaturalist-open-data.s3.amazonaws.com/photos/471025954/medium.jpeg,,,
19975,Athene cunicularia,Burrowing Owl,Aves,Burrowing Owl,32.5916716389,-117.10051,,"San Diego Bay NWR, San Diego, CA, USA",2025-02-23,2025-02-23 16:41:00 UTC,Pacific Time (US & Canada),research,5,0,False,False,https://inaturalist-open-data.s3.amazonaws.com/photos/472133294/medium.jpeg,,,
19975,Athene cunicularia,Burrowing Owl,Aves,Burrowing Owl,32.5887111111,-117.1097916667,,"Imperial Beach, CA, USA",2025-02-23,2025-02-23 16:38:00 UTC,Pacific Time (US & Canada),research,5,0,False,False,https://inaturalist-open-data.s3.amazonaws.com/photos/472179379/medium.jpeg,,,
19975,Athene cunicularia,Burrowing Owl,Aves,Burrowing Owl,33.0092527778,-117.2790666667,,"Cardiff, Encinitas, CA 92007, USA",2025-02-26,2025-02-26 18:54:00 UTC,Pacific Time (US & Canada),research,6,0,False,False,https://inaturalist-open-data.s3.amazonaws.com/photos/472891215/medium.jpg,,Just hanging out on a dune at Cardiff State Beach (in the reconstructed dune area),
19975,Athene cunicularia,Burrowing Owl,Aves,Burrowing Owl,33.3571756,-117.44474635,9046.0,"Marine Corps Base Camp Pendleton, Camp Pendleton, CA, US",2019-04-01,2019-04-01 15:28:23 UTC,Pacific Time (US & Canada),research,5,0,False,False,https://inaturalist-open-data.s3.amazonaws.com/photos/473582160/medium.jpg,,,
19975,Athene cunicularia,Burrowing Owl,Aves,Burrowing Owl,33.192755,-117.309295,3428.0,"Cameo Dr, Oceanside, CA, US",2025-02-21,2025-02-22 01:13:37 UTC,Pacific Time (US & Canada),research,7,0,False,False,https://inaturalist-open-data.s3.amazonaws.com/photos/474847140/medium.jpg,,,
206894,Athene cunicularia hypugaea,Western Burrowing Owl,Aves,Western Burrowing Owl,33.008999771,-117.2789895015,91.0,"Cardiff State Beach, Encinitas, CA, US",2025-03-10,2025-03-10 22:17:01 UTC,Pacific Time (US & Canada),research,3,0,False,False,https://inaturalist-open-data.s3.amazonaws.com/photos/475690689/medium.jpg,,,
19975,Athene cunicularia,Burrowing Owl,Aves,Burrowing Owl,32.639825,-117.1102611667,2.0,"Sweetwater Marsh National Wildlife Refuge, Chula Vista, CA, US",2025-03-02,2025-03-02 23:04:26 UTC,Pacific Time (US & Canada),casual,1,0,True,False,https://inaturalist-open-data.s3.amazonaws.com/photos/475899401/medium.jpg,,,
19975,Athene cunicularia,Burrowing Owl,Aves,Burrowing Owl,32.7334671021,-117.1487731934,,San Diego,2024-05-28,2024-05-28 23:29:54 UTC,Pacific Time (US & Canada),casual,0,0,True,False,https://inaturalist-open-data.s3.amazonaws.com/photos/476383341/medium.jpeg,,San Diego Zoo,
19975,Athene cunicularia,Burrowing Owl,Aves,Burrowing Owl,33.0112520048,-117.2796137778,56.0,"Beach, South Coast Highway 101, Cardiff, CA",2025-03-14,2025-03-14 19:16:00 UTC,Pacific Time (US & Canada),research,6,0,False,False,https://inaturalist-open-data.s3.amazonaws.com/photos/476555049/medium.jpeg,,,
19975,Athene cunicularia,Burrowing Owl,Aves,Burrowing Owl,33.1292778,-117.3528236556,,"San Diego County, US-CA, US",2025-03-15,2025-03-15 16:58:59 UTC,Pacific Time (US & Canada),research,5,0,False,True,https://inaturalist-open-data.s3.amazonaws.com/photos/476785432/medium.jpeg,,"One individual, continuing at this location, first noted in February by others",
206894,Athene cunicularia hypugaea,Western Burrowing Owl,Aves,Western Burrowing Owl,32.569155,-117.1328888333,4.0,"Imperial Beach, Imperial Beach, CA, US",2025-04-08,2025-04-09 00:49:38 UTC,Pacific Time (US & Canada),research,1,0,False,False,https://inaturalist-open-data.s3.amazonaws.com/photos/484338576/medium.jpg,,,
19975,Athene cunicularia,Burrowing Owl,Aves,Burrowing Owl,32.7319534,-117.1476167,65.0,"Balboa Park, San Diego, CA, USA",2025-04-11,2025-04-12 04:41:50 UTC,Pacific Time (US & Canada),casual,1,0,True,False,https://static.inaturalist.org/photos/486496829/medium.jpeg,,,
19975,Athene cunicularia,Burrowing Owl,Aves,Burrowing Owl,32.573016488,-116.9625086526,5.0,"Brown Field; Otay Mesa; San Diego, California",2025-04-19,2025-04-19 12:18:00 UTC,Pacific Time (US & Canada),research,3,0,False,False,https://inaturalist-open-data.s3.amazonaws.com/photos/488442091/medium.jpeg,,,
19975,Athene cunicularia,Burrowing Owl,Aves,Burrowing Owl,32.5711875042,-116.9649816017,4784.0,"San Diego, CA, US",2025-04-25,2025-04-25 18:19:18 UTC,Pacific Time (US & Canada),research,5,0,False,False,https://inaturalist-open-data.s3.amazonaws.com/photos/491571970/medium.jpg,,,
206894,Athene cunicularia hypugaea,Western Burrowing Owl,Aves,Western Burrowing Owl,33.0328028333,-116.9427116667,2.0,"Highland Valley Rd, Ramona, CA, US",2025-04-26,2025-04-26 21:46:00 UTC,Pacific Time (US & Canada),research,3,0,False,False,https://inaturalist-open-data.s3.amazonaws.com/photos/492955958/medium.jpg,,,
206894,Athene cunicularia hypugaea,Western Burrowing Owl,Aves,Western Burrowing Owl,33.009175,-117.2790533333,2.0,"Encinitas, CA, US",2025-02-17,2025-02-18 00:50:05 UTC,Pacific Time (US & Canada),research,2,0,False,False,https://inaturalist-open-data.s3.amazonaws.com/photos/508071734/medium.jpg,,,
19975,Athene cunicularia,Burrowing Owl,Aves,Burrowing Owl,32.594152087,-117.1004947773,523.0,"Egger Highlands, San Diego, CA, USA",2025-05-27,2025-05-27 22:29:00 UTC,Pacific Time (US & Canada),research,6,0,False,False,https://inaturalist-open-data.s3.amazonaws.com/photos/511963622/medium.jpg,,,
19975,Athene cunicularia,Burrowing Owl,Aves,Burrowing Owl,33.0301069854,-116.9391460135,734.0,"Ramona, CA, US",2025-06-07,2025-06-08 01:49:51 UTC,Pacific Time (US & Canada),research,3,0,False,False,https://inaturalist-open-data.s3.amazonaws.com/photos/518098883/medium.jpg,,,
206894,Athene cunicularia hypugaea,Western Burrowing Owl,Aves,Western Burrowing Owl,33.0302116667,-116.9361433333,,"Ramona, CA 92065, USA",2022-02-12,2022-02-12 18:07:00 UTC,Pacific Time (US & Canada),research,2,0,False,False,https://static.inaturalist.org/photos/535646872/medium.jpg,,"This burrow was definitely located with the others. I was taking the photo from the side of the road, as I remember. I think my camera is generally good at location, but it is a cheap bridge camera.",
19975,Athene cunicularia,Burrowing Owl,Aves,Burrowing Owl,32.7555635706,-117.24205552,395.0,"Ocean Beach, San Diego, CA, USA",2024-02-16,2024-02-16 18:32:00 UTC,Pacific Time (US & Canada),research,3,0,False,False,https://inaturalist-open-data.s3.amazonaws.com/photos/537594740/medium.jpg,,,
19975,Athene cunicularia,Burrowing Owl,Aves,Burrowing Owl,32.7555635706,-117.24205552,395.0,"Ocean Beach, San Diego, CA, USA",2024-02-16,2024-02-16 18:34:00 UTC,Pacific Time (US & Canada),research,3,0,False,False,https://inaturalist-open-data.s3.amazonaws.com/photos/537594757/medium.jpg,,,
19975,Athene cunicularia,Burrowing Owl,Aves,Burrowing Owl,32.7555635706,-117.24205552,395.0,"Ocean Beach, San Diego, CA, USA",2024-02-16,2024-02-16 18:39:00 UTC,Pacific Time (US & Canada),research,3,0,False,False,https://inaturalist-open-data.s3.amazonaws.com/photos/537594773/medium.jpg,,,
19975,Athene cunicularia,Burrowing Owl,Aves,Burrowing Owl,32.7555635706,-117.24205552,395.0,"Ocean Beach, San Diego, CA, USA",2024-02-16,2024-02-16 19:56:00 UTC,Pacific Time (US & Canada),research,4,0,False,False,https://inaturalist-open-data.s3.amazonaws.com/photos/537594870/medium.jpg,,,
19975,Athene cunicularia,Burrowing Owl,Aves,Burrowing Owl,32.5912383333,-117.1008805,,"Bayshore Bikeway, San Diego, CA, US",2025-07-20,2025-07-20 17:45:11 UTC,Pacific Time (US & Canada),research,3,0,False,False,https://inaturalist-open-data.s3.amazonaws.com/photos/539773516/medium.jpg,,,
19975,Athene cunicularia,Burrowing Owl,Aves,Burrowing Owl,32.5876557364,-117.094015349,15.0,"Egger Highlands, San Diego, CA, USA",2025-06-28,2025-06-28 18:40:00 UTC,Pacific Time (US & Canada),research,5,0,False,False,https://inaturalist-open-data.s3.amazonaws.com/photos/541511856/medium.jpg,,,
19975,Athene cunicularia,Burrowing Owl,Aves,Burrowing Owl,32.5962299248,-116.9290914561,185.0,United States,2025-06-25,2025-06-25 17:47:03 UTC,Pacific Time (US & Canada),research,4,0,False,True,https://inaturalist-open-data.s3.amazonaws.com/photos/545248533/medium.jpg,,,
19975,Athene cunicularia,Burrowing Owl,Aves,Burrowing Owl,32.4786723227,-116.9655493232,5.0,United States,2025-07-24,2025-07-25 02:58:09 UTC,Pacific Time (US & Canada),research,3,0,False,True,https://inaturalist-open-data.s3.amazonaws.com/photos/546161497/medium.jpg,,,
19975,Athene cunicularia,Burrowing Owl,Aves,Burrowing Owl,32.5903988026,-117.104029844,144.0,"Egger Highlands, San Diego, CA, USA",2025-07-18,2025-07-18 18:30:00 UTC,Pacific Time (US & Canada),research,6,0,False,False,https://static.inaturalist.org/photos/546588502/medium.jpg,,,
206894,Athene cunicularia hypugaea,Western Burrowing Owl,Aves,Western Burrowing Owl,32.5917592511,-117.1006486137,8.0,"Egger Highlands, San Diego, CA, USA",2025-08-15,2025-08-15 16:57:00 UTC,Pacific Time (US & Canada),research,4,0,False,False,https://inaturalist-open-data.s3.amazonaws.com/photos/552931596/medium.jpg,,,
206894,Athene cunicularia hypugaea,Western Burrowing Owl,Aves,Western Burrowing Owl,32.5918144079,-117.1007466837,28.0,"San Diego Bay National Wildlife Refuge, San Diego, CA, US",2025-08-28,2025-08-28 22:24:54 UTC,Pacific Time (US & Canada),research,1,0,False,False,https://inaturalist-open-data.s3.amazonaws.com/photos/559242418/medium.jpg,,,
19975,Athene cunicularia,Burrowing Owl,Aves,Burrowing Owl,32.5535817214,-116.901655898,213.0,"San Diego, CA, US",2025-08-21,2025-08-21 15:27:24 UTC,Pacific Time (US & Canada),research,4,0,False,False,https://inaturalist-open-data.s3.amazonaws.com/photos/562031294/medium.jpg,,,
206894,Athene cunicularia hypugaea,Western Burrowing Owl,Aves,Athene cunicularia hypugaea,32.7733957857,-117.2247502889,2074.0,"Mission Bay, San Diego, CA, Yhdysvallat",2016-12-29,2016-12-30 05:16:00 UTC,Pacific Time (US & Canada),research,2,0,False,False,https://inaturalist-open-data.s3.amazonaws.com/photos/570039949/medium.jpg,,,
19975,Athene cunicularia,Burrowing Owl,Aves,Burrowing Owl,32.5919566389,-117.100105,,"Egger Highlands, San Diego, CA, USA",2025-09-21,2025-09-21 15:51:00 UTC,Pacific Time (US & Canada),research,5,0,False,False,https://inaturalist-open-data.s3.amazonaws.com/photos/570253962/medium.jpg,,,
19975,Athene cunicularia,Burrowing Owl,Aves,Burrowing Owl,32.5891638889,-117.1098111111,,"Imperial Beach, CA, USA",2025-09-21,2025-09-21 16:45:00 UTC,Pacific Time (US & Canada),research,5,0,False,False,https://inaturalist-open-data.s3.amazonaws.com/photos/571134738/medium.jpg,,,
206894,Athene cunicularia hypugaea,Western Burrowing Owl,Aves,Western Burrowing Owl,32.8956976394,-117.2079611059,8.0,"Sorrento Valley, San Diego, CA, USA",2025-09-30,2025-09-30 17:21:00 UTC,Pacific Time (US & Canada),research,2,0,False,False,https://inaturalist-open-data.s3.amazonaws.com/photos/574351572/medium.jpg,,recently caught by COHA-I tried to save it but too far gone and COHA would not let go. Flew into a tree with it. Please let me know if it is not okay to use the same photo in 2 different observations.,
206894,Athene cunicularia hypugaea,Western Burrowing Owl,Aves,Western Burrowing Owl,33.10200653,-116.99648702,3.0,"4223+Q4, Escondido, CA 92027, USA",2025-10-03,2025-10-03 20:16:40 UTC,Pacific Time (US & Canada),casual,1,0,True,False,https://static.inaturalist.org/photos/575688254/medium.jpg,,,
19975,Athene cunicularia,Burrowing Owl,Aves,Burrowing Owl,32.7360353,-117.1509849,361.0,"2920 Zoo Dr, San Diego, CA 92101, USA",2025-04-06,2025-04-06 20:01:00 UTC,Pacific Time (US & Canada),casual,1,0,True,False,https://inaturalist-open-data.s3.amazonaws.com/photos/577205216/medium.jpg,,,
19975,Athene cunicularia,Burrowing Owl,Aves,Burrowing Owl,32.70232,-117.1810383333,3.0,"North Island, Coronado, CA, US",2025-10-09,2025-10-09 17:46:47 UTC,Pacific Time (US & Canada),research,6,0,False,False,https://inaturalist-open-data.s3.amazonaws.com/photos/578128876/medium.jpg,,,
206894,Athene cunicularia hypugaea,Western Burrowing Owl,Aves,Western Burrowing Owl,32.7022883333,-117.1810083333,5.0,"North Island, Coronado, CA, US",2025-10-09,2025-10-09 17:46:40 UTC,Pacific Time (US & Canada),research,1,0,False,False,https://inaturalist-open-data.s3.amazonaws.com/photos/578159583/medium.jpg,,,
19975,Athene cunicularia,Burrowing Owl,Aves,Burrowing Owl,32.828092,-116.981928,6.0,"El Cajon, CA, USA",2025-10-10,2025-10-10 21:22:00 UTC,Pacific Time (US & Canada),research,9,0,False,False,https://inaturalist-open-data.s3.amazonaws.com/photos/578617542/medium.jpg,,Burrow situated at the typically undisturbed holding area of a municipal aircraft runway.,Gillespe Field
19975,Athene cunicularia,Burrowing Owl,Aves,Burrowing Owl,32.764195,-117.2466966667,3.0,"Mission Bay, San Diego, CA, US",2025-10-16,2025-10-16 20:00:26 UTC,Pacific Time (US & Canada),research,5,0,False,False,https://inaturalist-open-data.s3.amazonaws.com/photos/581031877/medium.jpg,,,
19975,Athene cunicularia,Burrowing Owl,Aves,Athene cunicularia,33.0176305,-117.279175,3.0,"Newcastle Ave, Encinitas, CA, US",2025-10-31,2025-11-01 05:54:34 UTC,Pacific Time (US & Canada),research,4,0,False,False,https://inaturalist-open-data.s3.amazonaws.com/photos/586894459/medium.jpg,,,
206894,Athene cunicularia hypugaea,Western Burrowing Owl,Aves,Western Burrowing Owl,32.677472,-117.1609611,195.0,"3632 Tulagi Rd, Coronado, CA 92118, USA",2008-03-06,2008-03-07 00:29:00 UTC,Pacific Time (US & Canada),research,1,0,False,False,https://inaturalist-open-data.s3.amazonaws.com/photos/598357213/medium.jpg,,,
19975,Athene cunicularia,Burrowing Owl,Aves,Burrowing Owl,32.6647881145,-117.1018721073,18.0,"National City Blvd, National City, CA, US",2025-12-08,2025-12-08 23:34:03 UTC,Pacific Time (US & Canada),research,5,0,False,False,https://static.inaturalist.org/photos/598381806/medium.jpg,,,
19975,Athene cunicularia,Burrowing Owl,Aves,Burrowing Owl,32.5919309366,-117.1002612026,31.0,"Egger Highlands, San Diego, CA, USA",2025-12-09,2025-12-09 16:03:00 UTC,Pacific Time (US & Canada),research,5,0,False,False,https://inaturalist-open-data.s3.amazonaws.com/photos/598621796/medium.jpg,,,
19975,Athene cunicularia,Burrowing Owl,Aves,Burrowing Owl,33.2305888889,-117.3795583333,,"Camp Pendleton South Bldg 21415, Oceanside, CA 92058, USA",2025-12-17,2025-12-17 20:30:55 UTC,Pacific Time (US & Canada),research,1,0,False,False,https://inaturalist-open-data.s3.amazonaws.com/photos/601661510/medium.jpg,,Sign at ground squirrel hole including whitewash and castings,
19975,Athene cunicularia,Burrowing Owl,Aves,Burrowing Owl,33.0331138333,-116.9482466667,1.0,"Highland Valley Rd, Ramona, CA, US",2025-12-21,2025-12-22 00:31:56 UTC,Pacific Time (US & Canada),research,3,0,False,False,https://static.inaturalist.org/photos/601674627/medium.jpg,,,
19975,Athene cunicularia,Burrowing Owl,Aves,Burrowing Owl,32.5651343258,-116.8917030345,13626.0,United States,2025-12-23,2025-12-24 02:38:55 UTC,Pacific Time (US & Canada),research,2,0,False,True,https://inaturalist-open-data.s3.amazonaws.com/photos/602155411/medium.jpg,,,
19975,Athene cunicularia,Burrowing Owl,Aves,Burrowing Owl,32.5755196724,-116.932997977,,United States,2017-07-24,2017-07-24 18:25:00 UTC,Pacific Time (US & Canada),research,3,0,False,True,https://inaturalist-open-data.s3.amazonaws.com/photos/603738742/medium.jpg,,,
19975,Athene cunicularia,Burrowing Owl,Aves,Burrowing Owl,32.6411232293,-117.111120526,4.0,"Chula Vista, CA, USA",2012-10-07,2012-10-07 18:49:00 UTC,Pacific Time (US & Canada),research,1,0,False,False,https://inaturalist-open-data.s3.amazonaws.com/photos/604864410/medium.jpg,,,
19975,Athene cunicularia,Burrowing Owl,Aves,Burrowing Owl,32.677472,-117.1609611,195.0,"3632 Tulagi Rd, Coronado, CA 92118, USA",2008-03-06,2008-03-07 00:29:00 UTC,Pacific Time (US & Canada),research,6,0,False,False,https://inaturalist-open-data.s3.amazonaws.com/photos/604937266/medium.jpg,,,
19975,Athene cunicularia,Burrowing Owl,Aves,Burrowing Owl,32.7603716667,-117.2235866667,3.0,"Mission Bay Park, San Diego, CA, US",2026-01-03,2026-01-04 00:05:19 UTC,Pacific Time (US & Canada),research,5,0,False,False,https://inaturalist-open-data.s3.amazonaws.com/photos/605423484/medium.jpg,,,
206894,Athene cunicularia hypugaea,Western Burrowing Owl,Aves,Western Burrowing Owl,32.7936230438,-117.215624715,121.0,"San Diego County, US-CA, US",2026-01-08,2026-01-08 22:53:45 UTC,Pacific Time (US & Canada),research,2,0,False,True,https://inaturalist-open-data.s3.amazonaws.com/photos/606516223/medium.jpg,,,
206894,Athene cunicularia hypugaea,Western Burrowing Owl,Aves,Western Burrowing Owl,32.7623463415,-117.2195951545,1404.0,"SeaWorld San Diego, San Diego, CA, US",2026-01-09,2026-01-10 06:31:17 UTC,Pacific Time (US & Canada),research,1,0,False,False,https://inaturalist-open-data.s3.amazonaws.com/photos/606820376/medium.jpg,,,
206894,Athene cunicularia hypugaea,Western Burrowing Owl,Aves,Western Burrowing Owl,32.7603745231,-117.2139988787,1157.0,"Mission Bay, San Diego, CA, USA",2026-01-14,2026-01-14 21:08:00 UTC,Pacific Time (US & Canada),research,2,0,False,False,https://static.inaturalist.org/photos/608260130/medium.jpg,,,
19975,Athene cunicularia,Burrowing Owl,Aves,Burrowing Owl,32.760325,-117.2236033333,2.0,"Old Sea World Dr, San Diego, CA, US",2026-01-15,2026-01-16 01:14:20 UTC,Pacific Time (US & Canada),research,5,0,False,False,https://inaturalist-open-data.s3.amazonaws.com/photos/608273396/medium.jpg,,,
19975,Athene cunicularia,Burrowing Owl,Aves,Burrowing Owl,32.6027599885,-117.2488321728,15.0,"San Diego County, US-CA, US",2026-01-08,2026-01-08 22:53:00 UTC,Pacific Time (US & Canada),research,6,0,False,True,https://static.inaturalist.org/photos/608310815/medium.jpg,,,
19975,Athene cunicularia,Burrowing Owl,Aves,Burrowing Owl,32.7603333333,-117.2235333333,3.0,"Old Sea World Dr, San Diego, CA, US",2026-01-17,2026-01-17 16:21:17 UTC,Pacific Time (US & Canada),research,3,0,False,False,https://inaturalist-open-data.s3.amazonaws.com/photos/608660443/medium.jpg,,,
19975,Athene cunicularia,Burrowing Owl,Aves,Burrowing Owl,32.7138075808,-117.3941714933,15.0,"San Diego County, US-CA, US",2026-01-09,2026-01-09 22:08:00 UTC,Pacific Time (US & Canada),research,6,0,False,True,https://static.inaturalist.org/photos/609607380/medium.jpg,,,
19975,Athene cunicularia,Burrowing Owl,Aves,Burrowing Owl,32.7615169907,-117.2216974426,633.0,"Mission Bay, San Diego, CA, USA",2026-01-24,2026-01-24 22:29:00 UTC,Pacific Time (US & Canada),research,7,0,False,False,https://inaturalist-open-data.s3.amazonaws.com/photos/610550355/medium.jpg,,,
19975,Athene cunicularia,Burrowing Owl,Aves,Burrowing Owl,33.033042341,-116.9463086386,191.0,"Ramona Grasslands Preserve, Highland Valley Rd, Ramona, CA 92065, USA",2026-01-24,2026-01-24 22:00:00 UTC,Pacific Time (US & Canada),research,5,0,False,False,https://inaturalist-open-data.s3.amazonaws.com/photos/610584272/medium.jpg,,,
19975,Athene cunicularia,Burrowing Owl,Aves,Burrowing Owl,32.7598125,-117.2179375,195.0,"QQ5J+WR San Diego, CA, USA",2025-12-20,2025-12-20 20:39:00 UTC,Pacific Time (US & Canada),research,4,0,False,False,https://static.inaturalist.org/photos/610865235/medium.jpg,,,
19975,Athene cunicularia,Burrowing Owl,Aves,Burrowing Owl,32.7568192983,-117.2335620241,1953.0,"Mission Bay, San Diego, CA, USA",2023-12-28,2023-12-28 18:51:00 UTC,Pacific Time (US & Canada),research,4,0,False,False,https://inaturalist-open-data.s3.amazonaws.com/photos/611522016/medium.jpg,,,
206894,Athene cunicularia hypugaea,Western Burrowing Owl,Aves,Western Burrowing Owl,32.5787544,-117.0068744,,"Ocean View Hills, San Diego, CA 92154, USA",2026-01-29,2026-01-29 19:13:26 UTC,Pacific Time (US & Canada),research,2,0,False,False,https://inaturalist-open-data.s3.amazonaws.com/photos/611733322/medium.jpg,,,
19975,Athene cunicularia,Burrowing Owl,Aves,Burrowing Owl,32.760305,-117.22352,21.0,"Mission Bay Park, San Diego, CA, US",2026-01-30,2026-01-30 18:27:21 UTC,Pacific Time (US & Canada),research,4,0,False,False,https://inaturalist-open-data.s3.amazonaws.com/photos/612849754/medium.jpg,,,
19975,Athene cunicularia,Burrowing Owl,Aves,Burrowing Owl,32.7603716667,-117.2235866667,2.0,"Old Sea World Dr, San Diego, CA, US",2026-01-18,2026-01-19 00:57:43 UTC,Pacific Time (US & Canada),research,4,0,False,False,https://inaturalist-open-data.s3.amazonaws.com/photos/613347702/medium.jpg,,,
206894,Athene cunicularia hypugaea,Western Burrowing Owl,Aves,Western Burrowing Owl,33.1019550997,-116.9966036,,"San Pasqual Valley, San Diego, CA, USA",2025-11-08,2025-11-08 23:11:00 UTC,Pacific Time (US & Canada),casual,1,0,True,False,https://inaturalist-open-data.s3.amazonaws.com/photos/613552918/medium.jpg,,sorry for the poor quality image,
206894,Athene cunicularia hypugaea,Western Burrowing Owl,Aves,Western Burrowing Owl,32.8118138369,-117.0306248933,62.0,"Cowles Service Rd, San Diego, CA, US",2025-10-28,2025-10-29 01:10:58 UTC,Pacific Time (US & Canada),research,2,0,False,False,https://inaturalist-open-data.s3.amazonaws.com/photos/613635932/medium.jpg,,,
19975,Athene cunicularia,Burrowing Owl,Aves,Burrowing Owl,33.0323355016,-116.9459386686,93.0,"Highland Valley Rd, Ramona, CA, US",2026-02-07,2026-02-08 01:03:45 UTC,Pacific Time (US & Canada),research,3,0,False,False,https://static.inaturalist.org/photos/614107188/medium.jpg,,,
19975,Athene cunicularia,Burrowing Owl,Aves,Burrowing Owl,33.0457069829,-116.9399362527,1336.0,"San Pasqual, Ramona, CA, US",2026-02-07,2026-02-07 22:36:26 UTC,Pacific Time (US & Canada),research,3,0,False,False,https://inaturalist-open-data.s3.amazonaws.com/photos/614193956/medium.jpg,,,
19975,Athene cunicularia,Burrowing Owl,Aves,Burrowing Owl,33.0330055556,-116.9440361111,,"Ramona, CA 92065, USA",2026-02-07,2026-02-07 17:14:21 UTC,Pacific Time (US & Canada),research,5,0,False,False,https://inaturalist-open-data.s3.amazonaws.com/photos/614348215/medium.jpg,,,
19975,Athene cunicularia,Burrowing Owl,Aves,Burrowing Owl,32.5844535533,-116.8166494585,4.0,United States,2025-09-10,2025-09-10 17:48:32 UTC,Pacific Time (US & Canada),research,2,0,False,True,https://inaturalist-open-data.s3.amazonaws.com/photos/616247963/medium.jpg,,,
206894,Athene cunicularia hypugaea,Western Burrowing Owl,Aves,Western Burrowing Owl,33.0330115175,-116.9424401791,55.0,"Highland Valley Rd, Ramona, CA, US",2026-02-18,2026-02-19 02:05:41 UTC,Pacific Time (US & Canada),research,1,0,False,False,https://static.inaturalist.org/photos/617344438/medium.jpg,,,
19975,Athene cunicularia,Burrowing Owl,Aves,Burrowing Owl,33.0301560139,-116.9415831121,122.0,"Ramona, CA 92065, USA",2026-02-20,2026-02-20 22:04:00 UTC,Pacific Time (US & Canada),research,4,0,False,False,https://static.inaturalist.org/photos/617609519/medium.jpg,,,
19975,Athene cunicularia,Burrowing Owl,Aves,Burrowing Owl,32.7603416667,-117.223755,4.0,"Old Sea World Dr, San Diego, CA, US",2026-02-21,2026-02-21 23:20:23 UTC,Pacific Time (US & Canada),research,3,0,False,False,https://static.inaturalist.org/photos/617997268/medium.jpg,,,
19975,Athene cunicularia,Burrowing Owl,Aves,Burrowing Owl,33.0332762,-116.9505358,191.0,"Ramona Grasslands Preserve, Highland Valley Rd, Ramona, CA 92065, USA",2026-01-30,2026-01-30 19:47:00 UTC,Pacific Time (US & Canada),research,4,0,False,False,https://inaturalist-open-data.s3.amazonaws.com/photos/618873273/medium.jpg,,,
206894,Athene cunicularia hypugaea,Western Burrowing Owl,Aves,Western Burrowing Owl,32.7133986691,-117.2294441771,2.0,"San Diego County, US-CA, US",2026-02-25,2026-02-26 01:53:15 UTC,Pacific Time (US & Canada),research,1,0,False,True,https://inaturalist-open-data.s3.amazonaws.com/photos/619161375/medium.jpg,,,
19975,Athene cunicularia,Burrowing Owl,Aves,Burrowing Owl,33.0325049426,-116.9449190041,52.0,"Highland Valley Rd, Ramona, CA, US",2026-02-27,2026-02-27 18:00:00 UTC,Pacific Time (US & Canada),research,3,0,False,False,https://static.inaturalist.org/photos/619779476/medium.jpg,,,
19975,Athene cunicularia,Burrowing Owl,Aves,Burrowing Owl,32.76025,-117.223595,10.0,"Old Sea World Dr, San Diego, CA, US",2026-01-16,2026-01-16 23:02:04 UTC,Pacific Time (US & Canada),research,3,1,False,False,https://inaturalist-open-data.s3.amazonaws.com/photos/622299965/medium.jpg,,,
19975,Athene cunicularia,Burrowing Owl,Aves,Burrowing Owl,33.0329056805,-116.9416768469,311.0,"Highland Valley Rd, Ramona, CA, US",2026-03-06,2026-03-07 01:57:12 UTC,Pacific Time (US & Canada),research,4,0,False,False,https://static.inaturalist.org/photos/623602237/medium.jpg,,,
206894,Athene cunicularia hypugaea,Western Burrowing Owl,Aves,Western Burrowing Owl,32.7709577165,-117.2286168113,198.0,"Mission Bay, San Diego, CA, USA",2026-03-16,2026-03-16 18:19:28 UTC,Pacific Time (US & Canada),research,1,0,False,False,https://inaturalist-open-data.s3.amazonaws.com/photos/625913658/medium.jpg,,"Pellet found at CA Least Tern nesting site. Not near any visible burrows, BUOW have been seen in the past but not recently that I know",
19975,Athene cunicularia,Burrowing Owl,Aves,Burrowing Owl,32.7602655997,-117.2235469997,,"Mission Bay, San Diego, CA, USA",2026-02-06,2026-02-06 21:40:00 UTC,Pacific Time (US & Canada),research,1,0,False,False,https://inaturalist-open-data.s3.amazonaws.com/photos/627826648/medium.jpg,,,
206894,Athene cunicularia hypugaea,Western Burrowing Owl,Aves,Western Burrowing Owl,33.0329278333,-116.9360966667,1.0,"Ramona Grasslands County Preserve, Ramona, CA, US",2026-03-23,2026-03-24 01:14:43 UTC,Pacific Time (US & Canada),research,1,0,False,False,https://static.inaturalist.org/photos/629085432/medium.jpg,,,
19975,Athene cunicularia,Burrowing Owl,Aves,Burrowing Owl,33.1019161514,-116.9965303562,4.0,"San Diego, CA, US",2026-03-30,2026-03-30 23:43:27 UTC,Pacific Time (US & Canada),casual,1,0,True,False,https://inaturalist-open-data.s3.amazonaws.com/photos/631159551/medium.jpg,,,
19975,Athene cunicularia,Burrowing Owl,Aves,Burrowing Owl,33.033104765,-116.9436420418,49.0,"Highland Valley Rd, Ramona, CA",2026-02-25,2026-02-25 23:52:00 UTC,Pacific Time (US & Canada),research,4,0,False,False,https://inaturalist-open-data.s3.amazonaws.com/photos/633322329/medium.jpg,,,
19975,Athene cunicularia,Burrowing Owl,Aves,Burrowing Owl,32.5524032726,-116.9231552802,4.0,"San Diego County, CA, USA",2026-03-21,2026-03-21 18:21:00 UTC,Pacific Time (US & Canada),research,5,0,False,False,https://static.inaturalist.org/photos/636086428/medium.jpg,,"Their burrows were covered the next day and they were likely relocated. . . I think. I haven't seem them since. There were several other BUOWs here, but all of the nearby burrows were also sealed. The people that came to remove them didnt have any insignia/logos on them or their vehicles, so I have no idea who worked on this removal project. ",
19975,Athene cunicularia,Burrowing Owl,Aves,Burrowing Owl,32.5680200975,-116.9627994013,5.0,"Brown Field; Otay Mesa; San Diego, California",2026-04-15,2026-04-15 14:32:00 UTC,Pacific Time (US & Canada),research,4,0,False,False,https://inaturalist-open-data.s3.amazonaws.com/photos/638848958/medium.jpg,,,
19975,Athene cunicularia,Burrowing Owl,Aves,Burrowing Owl,32.6398027778,-117.1101472222,,"Chula Vista, CA 91910, USA",2026-04-17,2026-04-17 23:51:24 UTC,Pacific Time (US & Canada),research,2,0,False,False,https://inaturalist-open-data.s3.amazonaws.com/photos/639977949/medium.jpg,,,
