taxon_id,scientific_name,common_name,iconic_taxon_name,species_guess,latitude,longitude,positional_accuracy,place_guess,observed_on,time_observed_at,time_zone,quality_grade,num_identification_agreements,num_identification_disagreements,captive_cultivated,coordinates_obscured,image_url,sound_url,description,tag_list
49699,Pisaster ochraceus,Ochre Sea Star,Animalia,Ochre Sea Star,32.675731,-117.223334,,San Diego Bay--Juniga Jetty,2013-02-17,2013-02-17 14:54:22 UTC,Pacific Time (US & Canada),research,1,0,False,False,https://inaturalist-open-data.s3.amazonaws.com/photos/256389/medium.jpg,,"San Diego County, California, US

ID from http://biology.fullerton.edu/biol317/Murray/Fall97/sea_stars.html",animal
49699,Pisaster ochraceus,Ochre Sea Star,Animalia,Ochre Sea Star,32.675731,-117.223334,,San Diego Bay--Juniga Jetty,2013-02-17,2013-02-17 14:54:48 UTC,Pacific Time (US & Canada),research,2,0,False,False,https://inaturalist-open-data.s3.amazonaws.com/photos/256391/medium.jpg,,"San Diego County, California, US

ID from http://biology.fullerton.edu/biol317/Murray/Fall97/sea_stars.html",animal
49699,Pisaster ochraceus,Ochre Sea Star,Animalia,Ochre Sea Star,33.207368,-117.393518,,"Oceanside Marina, Oceanside, CA",2013-09-15,,Pacific Time (US & Canada),research,1,0,False,False,https://inaturalist-open-data.s3.amazonaws.com/photos/499872/medium.jpg,,Below the tide line in Oceanside Marina,"Animal, Echinoderm, Oceanside"
49699,Pisaster ochraceus,Ochre Sea Star,Animalia,Ochre Sea Star,33.209146,-117.39781,,"Oceanside Marina, Oceanside, CA",2013-09-15,,Pacific Time (US & Canada),research,2,0,False,False,https://inaturalist-open-data.s3.amazonaws.com/photos/499894/medium.jpg,,"Under a stone, Intertidal, Oceanside Marina","Animal, Echinoderm, Oceanside"
49699,Pisaster ochraceus,Ochre Sea Star,Animalia,Ochre Sea Star,32.673483,-117.223263,549.0,San Diego Bay--Zuniga Jetty,2010-02-13,2010-02-13 23:01:13 UTC,Pacific Time (US & Canada),research,1,0,False,False,https://static.inaturalist.org/photos/577585/medium.jpg,,"San Diego County, California, US ",
49699,Pisaster ochraceus,Ochre Sea Star,Animalia,Ochre Sea Star,32.832811,-117.271272,11778.0,la jolla,2013-11-28,2013-11-28 21:58:21 UTC,Pacific Time (US & Canada),research,2,0,False,False,https://inaturalist-open-data.s3.amazonaws.com/photos/617588/medium.jpg,,,
49699,Pisaster ochraceus,Ochre Sea Star,Animalia,Ochre Sea Star,32.8708333333,-117.2533333333,,"8500–8598 Biological Grade, La Jolla, CA, US",2013-01-14,2013-01-14 23:05:56 UTC,Pacific Time (US & Canada),research,2,0,False,False,https://inaturalist-open-data.s3.amazonaws.com/photos/705640/medium.jpg,,,
49699,Pisaster ochraceus,Ochre Sea Star,Animalia,Ochre Sea Star,32.871175,-117.2534866667,,"La Jolla, La Jolla, CA, US",2014-07-14,2014-07-14 13:33:44 UTC,Pacific Time (US & Canada),research,2,0,False,False,https://inaturalist-open-data.s3.amazonaws.com/photos/984990/medium.jpg,,On beach run at La Jolla Shores Beach #ade2014  ,
49699,Pisaster ochraceus,Ochre Sea Star,Animalia,Ochre Sea Star,32.8711666667,-117.2534633333,,"La Jolla, La Jolla, CA, US",2014-07-14,2014-07-14 13:34:09 UTC,Pacific Time (US & Canada),research,3,1,False,False,https://inaturalist-open-data.s3.amazonaws.com/photos/988249/medium.jpg,,"#ADE2014 Empty tide pool 
#lifeonearth",
49699,Pisaster ochraceus,Ochre Sea Star,Animalia,Ochre Sea Star,32.9926492494,-117.3332221672,55.0,"San Diego County, US-CA, US",2013-12-17,,Pacific Time (US & Canada),research,3,1,False,True,https://inaturalist-open-data.s3.amazonaws.com/photos/1540511/medium.jpg,,,
49699,Pisaster ochraceus,Ochre Sea Star,Animalia,Ochre Sea Star,32.8717083333,-117.2536166667,,"San Diego, California, United States",2015-02-14,2015-02-14 21:28:21 UTC,Pacific Time (US & Canada),research,1,0,False,False,https://inaturalist-open-data.s3.amazonaws.com/photos/1556251/medium.JPG,,,
49699,Pisaster ochraceus,Ochre Sea Star,Animalia,Ochre Sea Star,32.8716972222,-117.253625,,"San Diego, California, United States",2015-02-14,2015-02-14 21:28:27 UTC,Pacific Time (US & Canada),research,1,0,False,False,https://inaturalist-open-data.s3.amazonaws.com/photos/1556258/medium.JPG,,,
49699,Pisaster ochraceus,Ochre Sea Star,Animalia,Ochre Sea Star,32.868104,-117.253638,2763.0,"La Jolla Shores Tidepools, San Diego",2014-02-15,2014-02-15 21:51:40 UTC,Pacific Time (US & Canada),research,1,0,False,False,https://inaturalist-open-data.s3.amazonaws.com/photos/1573151/medium.JPG,,,
49699,Pisaster ochraceus,Ochre Sea Star,Animalia,Ochre Sea Star,32.851211,-117.247192,10503.0,"La Jolla Shores Tidepools, San Diego",2014-02-15,2014-02-15 21:59:23 UTC,Pacific Time (US & Canada),research,1,0,False,False,https://inaturalist-open-data.s3.amazonaws.com/photos/1573156/medium.JPG,,,
49699,Pisaster ochraceus,Ochre Sea Star,Animalia,Ochre Sea Star,32.868284,-117.25351,4554.0,"La Jolla Shores Tidepools, San Diego",2014-02-15,2014-02-15 22:31:50 UTC,Pacific Time (US & Canada),research,1,0,False,False,https://inaturalist-open-data.s3.amazonaws.com/photos/1573188/medium.JPG,,,
49699,Pisaster ochraceus,Ochre Sea Star,Animalia,Ochre Sea Star,32.756796,-117.240815,148.0,Robb Field,2015-05-10,2015-05-10 15:46:58 UTC,Pacific Time (US & Canada),research,1,0,False,False,https://static.inaturalist.org/photos/1832449/medium.jpg,,"San Diego County, California, US

Sea Star being carried around by a Western Gull.",
49699,Pisaster ochraceus,Ochre Sea Star,Animalia,Ochre Sea Star,32.565514,-117.132546,,"San Diego, California, United States",2011-07-23,2011-07-23 14:00:12 UTC,Pacific Time (US & Canada),research,1,0,False,False,https://static.inaturalist.org/photos/3566998/medium.jpg,,         ,
49699,Pisaster ochraceus,Ochre Sea Star,Animalia,Ochre Sea Star,32.6655809389,-117.1270549697,194.0,"San Diego Bay, National City, , US",2014-07-23,,Pacific Time (US & Canada),research,2,0,False,False,https://static.inaturalist.org/photos/4563622/medium.jpg,,,
49699,Pisaster ochraceus,Ochre Sea Star,Animalia,Ochre Sea Star,33.2017903502,-117.3936367035,8.0,"San Diego County, CA, USA",2016-10-28,2016-10-29 02:52:00 UTC,Hawaii,research,1,0,False,False,https://inaturalist-open-data.s3.amazonaws.com/photos/5367544/medium.jpg,,                               ,
49699,Pisaster ochraceus,Ochre Sea Star,Animalia,Ochre Sea Star,33.210489751,-117.405564486,4.0,"San Diego County, CA, USA",2016-12-16,2016-12-17 00:35:00 UTC,Pacific Time (US & Canada),research,2,0,False,False,https://inaturalist-open-data.s3.amazonaws.com/photos/5830174/medium.jpeg,,                               ,
49699,Pisaster ochraceus,Ochre Sea Star,Animalia,Ochre Sea Star,33.2125938542,-117.4054062366,8.0,"San Diego County, CA, USA",2017-02-10,2017-02-10 22:38:00 UTC,Pacific Time (US & Canada),research,1,0,False,False,https://inaturalist-open-data.s3.amazonaws.com/photos/6249009/medium.jpeg,,,
49699,Pisaster ochraceus,Ochre Sea Star,Animalia,Ochre Sea Star,32.815243,-117.274103,45.0,"bird rock, san diego, ca",2014-01-26,2014-01-26 12:09:00 UTC,UTC,research,2,0,False,False,https://static.inaturalist.org/photos/9115779/medium.jpeg,,,
49699,Pisaster ochraceus,Ochre Sea Star,Animalia,Ochre Sea Star,32.871536,-117.253349,13.0,"San Diego County, US-CA, US",2014-01-31,,UTC,research,1,0,False,False,https://static.inaturalist.org/photos/9115854/medium.jpeg,,,
49699,Pisaster ochraceus,Ochre Sea Star,Animalia,Ochre Sea Star,32.871046,-117.253304,,la jolla shore,2014-02-08,,UTC,research,2,0,False,False,https://static.inaturalist.org/photos/9115868/medium.jpeg,,,
49699,Pisaster ochraceus,Ochre Sea Star,Animalia,Ochre Sea Star,32.871046,-117.253304,,la jolla shore,2014-02-08,2014-02-08 12:02:00 UTC,UTC,research,2,0,False,False,https://static.inaturalist.org/photos/9115871/medium.jpeg,,,
49699,Pisaster ochraceus,Ochre Sea Star,Animalia,Ochre Sea Star,32.871046,-117.253304,,la jolla shore,2014-02-23,,UTC,research,2,0,False,False,https://static.inaturalist.org/photos/9115880/medium.jpeg,,,
49699,Pisaster ochraceus,Ochre Sea Star,Animalia,Ochre Sea Star,32.871046,-117.253304,,la jolla shore,2014-02-23,,UTC,research,2,0,False,False,https://static.inaturalist.org/photos/9115899/medium.jpeg,,,
49699,Pisaster ochraceus,Ochre Sea Star,Animalia,Ochre Sea Star,32.871046,-117.253304,,la jolla shore,2014-02-23,,UTC,research,2,0,False,False,https://static.inaturalist.org/photos/9115896/medium.jpeg,,,
49699,Pisaster ochraceus,Ochre Sea Star,Animalia,Ochre Sea Star,32.871046,-117.253304,,la jolla shore,2014-02-23,,UTC,research,2,0,False,False,https://static.inaturalist.org/photos/9115901/medium.jpeg,,,
49699,Pisaster ochraceus,Ochre Sea Star,Animalia,Ochre Sea Star,32.871046,-117.253304,,la jolla shore,2014-02-23,,UTC,research,2,0,False,False,https://static.inaturalist.org/photos/9115903/medium.jpeg,,,
49699,Pisaster ochraceus,Ochre Sea Star,Animalia,Ochre Sea Star,32.871077,-117.253448,10.0,scripps pier,2014-03-31,,UTC,research,2,0,False,False,https://static.inaturalist.org/photos/9116353/medium.jpeg,,,
49699,Pisaster ochraceus,Ochre Sea Star,Animalia,Ochre Sea Star,32.871077,-117.253448,10.0,scripps pier,2014-07-19,,UTC,research,2,0,False,False,https://static.inaturalist.org/photos/9116420/medium.jpeg,,,
49699,Pisaster ochraceus,Ochre Sea Star,Animalia,Ochre Sea Star,32.871077,-117.253448,10.0,scripps pier,2014-11-20,,UTC,research,2,0,False,False,https://static.inaturalist.org/photos/9116522/medium.jpeg,,,
49699,Pisaster ochraceus,Ochre Sea Star,Animalia,Ochre Sea Star,32.871077,-117.253448,10.0,scripps pier,2014-11-20,,UTC,research,2,0,False,False,https://static.inaturalist.org/photos/9116523/medium.jpeg,,,
49699,Pisaster ochraceus,Ochre Sea Star,Animalia,Ochre Sea Star,32.871077,-117.253448,10.0,scripps pier,2014-11-20,,UTC,research,2,0,False,False,https://static.inaturalist.org/photos/9116521/medium.jpeg,,,
49699,Pisaster ochraceus,Ochre Sea Star,Animalia,Ochre Sea Star,32.871077,-117.253448,10.0,scripps pier,2014-11-20,,UTC,research,2,0,False,False,https://static.inaturalist.org/photos/9116529/medium.jpeg,,,
49699,Pisaster ochraceus,Ochre Sea Star,Animalia,Ochre Sea Star,32.871077,-117.253448,10.0,scripps pier,2014-11-21,,UTC,research,2,0,False,False,https://static.inaturalist.org/photos/9116538/medium.jpeg,,,
49699,Pisaster ochraceus,Ochre Sea Star,Animalia,Ochre Sea Star,32.870942,-117.253392,,"scripps pier, san diego, ca",2015-01-15,2015-01-15 12:26:00 UTC,UTC,research,2,0,False,False,https://static.inaturalist.org/photos/9120913/medium.jpeg,,,
49699,Pisaster ochraceus,Ochre Sea Star,Animalia,Ochre Sea Star,32.8072217066,-117.2654343306,6.0,"5300 Linda Way, , CA, US",2018-03-01,2018-03-01 22:43:10 UTC,Pacific Time (US & Canada),research,2,0,False,False,https://static.inaturalist.org/photos/13827623/medium.jpg,,,
49699,Pisaster ochraceus,Ochre Sea Star,Animalia,Ochre Sea Star,32.8072424683,-117.2654192275,4.0,"5300 Linda Way, , CA, US",2018-03-01,2018-03-01 22:43:50 UTC,Pacific Time (US & Canada),research,1,0,False,False,https://static.inaturalist.org/photos/13833946/medium.jpg,,,
49699,Pisaster ochraceus,Ochre Sea Star,Animalia,Ochre Sea Star,32.8073015996,-117.2656707746,5.0,"Tourmaline Surf Park, , CA, US",2018-03-01,2018-03-01 22:58:05 UTC,Pacific Time (US & Canada),research,3,1,False,False,https://static.inaturalist.org/photos/13835855/medium.jpg,,,
49699,Pisaster ochraceus,Ochre Sea Star,Animalia,Ochre Sea Star,32.8051365984,-117.2622433305,129.0,"304 Tourmaline St, San Diego, CA 92109, USA",2018-03-01,2018-03-01 23:02:38 UTC,Pacific Time (US & Canada),research,3,0,False,False,https://static.inaturalist.org/photos/13834450/medium.jpeg,,,
49699,Pisaster ochraceus,Ochre Sea Star,Animalia,Ochre Sea Star,32.807145,-117.26542,10.0,"Pacific Ocean, , CA, US",2018-03-01,2018-03-01 22:36:48 UTC,Pacific Time (US & Canada),research,3,0,False,False,https://static.inaturalist.org/photos/13853639/medium.jpg,,,
49699,Pisaster ochraceus,Ochre Sea Star,Animalia,Ochre Sea Star,32.8073466667,-117.2656333333,8.0,"Tourmaline Surf Park, , CA, US",2018-03-01,2018-03-01 22:57:06 UTC,Pacific Time (US & Canada),research,1,0,False,False,https://static.inaturalist.org/photos/13938664/medium.jpg,,,
49699,Pisaster ochraceus,Ochre Sea Star,Animalia,Ochre Sea Star,32.8072013939,-117.2651712132,5.0,"Tourmaline Surf Park, , CA, US",2018-03-01,2018-03-01 22:37:07 UTC,Pacific Time (US & Canada),research,3,0,False,False,https://static.inaturalist.org/photos/13945099/medium.jpg,,,
49699,Pisaster ochraceus,Ochre Sea Star,Animalia,Ochre Sea Star,32.8071783333,-117.26552,6.0,"5300 Linda Way, , CA, US",2018-03-01,2018-03-01 22:38:02 UTC,Pacific Time (US & Canada),research,3,0,False,False,https://static.inaturalist.org/photos/13988114/medium.jpg,,"Very large sea star found in a shallow tide pool, purplish red color ",
49699,Pisaster ochraceus,Ochre Sea Star,Animalia,Ochre Sea Star,32.8070643623,-117.2641954189,68.0,"Tourmaline Surf Park, , CA, US",2018-03-01,2018-03-01 22:39:07 UTC,Pacific Time (US & Canada),research,2,0,False,False,https://static.inaturalist.org/photos/13992267/medium.jpg,,,
49699,Pisaster ochraceus,Ochre Sea Star,Animalia,Ochre Sea Star,32.7613033333,-117.245095,5.0,"Mission Bay Channel, San Diego, CA, US",2018-04-12,2018-04-12 21:06:07 UTC,Pacific Time (US & Canada),research,3,0,False,False,https://inaturalist-open-data.s3.amazonaws.com/photos/15360300/medium.jpg,,,
49699,Pisaster ochraceus,Ochre Sea Star,Animalia,Ochre Sea Star,33.2133470712,-117.4054276943,8.0,"San Diego County, CA, USA",2018-04-15,2018-04-16 00:40:00 UTC,Pacific Time (US & Canada),research,2,0,False,False,https://inaturalist-open-data.s3.amazonaws.com/photos/15567410/medium.jpeg,,,
49699,Pisaster ochraceus,Ochre Sea Star,Animalia,Ochre Sea Star,32.6737716712,-117.0191987546,302588.0,"Sweetwater County Park Summit, Bonita, CA, US",2018-04-20,2018-04-21 00:52:52 UTC,Pacific Time (US & Canada),research,1,0,False,False,https://static.inaturalist.org/photos/16137940/medium.jpg,,,
49699,Pisaster ochraceus,Ochre Sea Star,Animalia,Ochre Sea Star,32.8708637794,-117.253308115,20.0,"La Jolla Shores, San Diego, CA 92037, USA",2012-08-19,2012-08-19 23:23:00 UTC,Pacific Time (US & Canada),research,2,0,False,False,https://inaturalist-open-data.s3.amazonaws.com/photos/19545048/medium.jpeg,,,
49699,Pisaster ochraceus,Ochre Sea Star,Animalia,Ochre Sea Star,32.8664234033,-117.2553193391,156.0,"Pacific Ocean, , CA, US",2013-11-03,,UTC,research,2,0,False,False,https://static.inaturalist.org/photos/22250302/medium.jpeg,,,
49699,Pisaster ochraceus,Ochre Sea Star,Animalia,Ochre Sea Star,32.86636,-117.254638,27.0,"Scripps Pier, La Jolla, CA",2014-02-26,,UTC,research,3,0,False,False,https://static.inaturalist.org/photos/22250234/medium.jpeg,,,
49699,Pisaster ochraceus,Ochre Sea Star,Animalia,Ochre Sea Star,32.9073295593,-117.2560043335,,"San Diego, CA, USA",2018-08-03,2018-08-03 14:40:07 UTC,Pacific Time (US & Canada),research,3,0,False,False,https://inaturalist-open-data.s3.amazonaws.com/photos/22522538/medium.jpeg,,,
49699,Pisaster ochraceus,Ochre Sea Star,Animalia,Ochre Sea Star,32.669254804,-117.244949652,22.0,"Naval Base Point Loma, San Diego, CA, US",2018-12-03,2018-12-03 19:57:44 UTC,Pacific Time (US & Canada),research,2,1,False,False,https://inaturalist-open-data.s3.amazonaws.com/photos/28813416/medium.jpg,,Not sure if it is an Ochre Sea Star because of the spines. It does look like it is showing color polymorphism on the top side.,
49699,Pisaster ochraceus,Ochre Sea Star,Animalia,Ochre Sea Star,32.6692581177,-117.2452468872,,"Cabrillo Rd, San Diego, CA 92106, USA",2018-12-03,2018-12-03 22:15:56 UTC,Pacific Time (US & Canada),research,3,1,False,False,https://inaturalist-open-data.s3.amazonaws.com/photos/29290839/medium.jpeg,,,
49699,Pisaster ochraceus,Ochre Sea Star,Animalia,Ochre Sea Star,32.5795551984,-117.1358308616,,Imperial Beach Pier,2019-01-19,2019-01-20 00:11:00 UTC,Pacific Time (US & Canada),research,3,0,False,False,https://inaturalist-open-data.s3.amazonaws.com/photos/30501317/medium.jpg,,"San Diego County, California, US

Living on the pier pilings.  ",Ochre Sea Star (Pisaster ochraceus)
49699,Pisaster ochraceus,Ochre Sea Star,Animalia,Ochre Sea Star,32.8044916667,-117.262375,48.0,"Pacific Ocean, , CA, US",2019-02-19,2019-02-19 22:20:48 UTC,Pacific Time (US & Canada),research,4,0,False,False,https://inaturalist-open-data.s3.amazonaws.com/photos/31633012/medium.jpg,,,
49699,Pisaster ochraceus,Ochre Sea Star,Animalia,Ochre Sea Star,32.8044366667,-117.262345,5.0,"Pacific Ocean, , CA, US",2019-02-19,2019-02-19 22:23:57 UTC,Pacific Time (US & Canada),research,4,0,False,False,https://inaturalist-open-data.s3.amazonaws.com/photos/32063799/medium.jpg,,,
49699,Pisaster ochraceus,Ochre Sea Star,Animalia,Ochre Sea Star,32.9073376555,-117.2581578717,5131.0,"12600 N Torrey Pines Rd, La Jolla, CA 92037, USA",2005-01-22,2005-01-22 23:07:00 UTC,Hawaii,research,2,0,False,False,https://inaturalist-open-data.s3.amazonaws.com/photos/32309921/medium.jpg,,,
49699,Pisaster ochraceus,Ochre Sea Star,Animalia,Ochre Sea Star,33.2069523961,-117.3963275742,,"San Diego, California, United States",2011-02-17,2011-02-17 22:10:00 UTC,Pacific Time (US & Canada),research,2,0,False,False,https://inaturalist-open-data.s3.amazonaws.com/photos/32580924/medium.jpeg,,,
49699,Pisaster ochraceus,Ochre Sea Star,Animalia,Ochre Sea Star,33.2091363547,-117.3965402047,,"Townsite, Oceanside, CA 92054, USA",2011-02-17,2011-02-17 22:21:00 UTC,Pacific Time (US & Canada),research,2,0,False,False,https://inaturalist-open-data.s3.amazonaws.com/photos/32580940/medium.jpeg,,,
49699,Pisaster ochraceus,Ochre Sea Star,Animalia,Ochre Sea Star,32.8511484822,-117.2734972788,3377.0,"Village of La Jolla, San Diego, CA 92037, USA",2007-12-24,2007-12-24 23:18:00 UTC,Eastern Time (US & Canada),research,2,0,False,False,https://inaturalist-open-data.s3.amazonaws.com/photos/34452986/medium.jpg,,,"Animals, CA, California, San Diego, Sea critters, USA"
49699,Pisaster ochraceus,Ochre Sea Star,Animalia,Ochre Sea Star,32.8665304042,-117.2545909875,90.0,"La Jolla Shores, San Diego, Kalifornien 92037, USA",2009-01-11,,UTC,research,2,0,False,False,https://inaturalist-open-data.s3.amazonaws.com/photos/34460864/medium.jpeg,,,
49699,Pisaster ochraceus,Ochre Sea Star,Animalia,Giant Sea Star,32.8412054694,-117.2818884999,33.0,"Coast Blvd, La Jolla, CA 92037, USA",2011-09-21,2011-09-21 23:57:00 UTC,Pacific Time (US & Canada),research,3,1,False,False,https://static.inaturalist.org/photos/38652847/medium.jpeg,,,
49699,Pisaster ochraceus,Ochre Sea Star,Animalia,Ochre Sea Star,32.9053819291,-117.2553165257,132.0,"La Jolla, CA 92037, USA",2019-07-06,2019-07-06 18:00:26 UTC,Pacific Time (US & Canada),research,3,0,False,False,https://inaturalist-open-data.s3.amazonaws.com/photos/44115193/medium.jpeg,,,
49699,Pisaster ochraceus,Ochre Sea Star,Animalia,Ochre Sea Star,32.8659315454,-117.2510744446,5.0,"Birch Aquarium, San Diego, CA, US",2019-07-20,2019-07-20 16:32:43 UTC,Pacific Time (US & Canada),research,1,0,False,False,https://static.inaturalist.org/photos/45895274/medium.jpg,,,
49699,Pisaster ochraceus,Ochre Sea Star,Animalia,Ochre Sea Star,32.7960123914,-117.2580676341,10.0,"Crystal Pier, , CA, US",2019-08-04,2019-08-04 13:49:36 UTC,Pacific Time (US & Canada),research,2,0,False,False,https://static.inaturalist.org/photos/47126788/medium.jpg,,,
49699,Pisaster ochraceus,Ochre Sea Star,Animalia,Ochre Sea Star,32.8071443551,-117.265011035,10.0,"Pacific Ocean, CA, US",2019-09-02,2019-09-02 13:33:07 UTC,Pacific Time (US & Canada),research,2,0,False,False,https://static.inaturalist.org/photos/50112489/medium.jpg,,,
49699,Pisaster ochraceus,Ochre Sea Star,Animalia,Ochre Sea Star,32.7959415349,-117.2581215644,92.0,"Crystal Pier, CA, US",2019-10-30,2019-10-31 00:51:56 UTC,Pacific Time (US & Canada),research,1,0,False,False,https://static.inaturalist.org/photos/56093242/medium.jpg,,,
49699,Pisaster ochraceus,Ochre Sea Star,Animalia,Ochre Sea Star,32.7959512894,-117.2579665632,59.0,"Crystal Pier, CA, US",2019-10-30,2019-10-31 00:49:44 UTC,Pacific Time (US & Canada),research,1,0,False,False,https://static.inaturalist.org/photos/56093272/medium.jpg,,,
49699,Pisaster ochraceus,Ochre Sea Star,Animalia,Ochre Sea Star,32.868292776,-117.2539362894,274.0,"Сан-Диего, Калифорния, США",2010-03-01,2010-03-01 19:28:00 UTC,Samoa,research,2,0,False,False,https://inaturalist-open-data.s3.amazonaws.com/photos/57844600/medium.jpg,,,
49699,Pisaster ochraceus,Ochre Sea Star,Animalia,Ochre Sea Star,32.8678243825,-117.2539785227,71.0,"Ла Джолла Шорс, Сан-Диего, Калифорния 92037, США",2010-03-01,2010-03-01 19:20:00 UTC,Samoa,research,3,0,False,False,https://inaturalist-open-data.s3.amazonaws.com/photos/57844926/medium.jpeg,,,
49699,Pisaster ochraceus,Ochre Sea Star,Animalia,Ochre Sea Star,32.86627688,-117.25468757,6.0,"La Jolla, CA 92037, USA",2020-02-21,2020-02-21 22:19:11 UTC,Mountain Time (US & Canada),research,1,0,False,False,https://inaturalist-open-data.s3.amazonaws.com/photos/61919943/medium.jpeg,,,
49699,Pisaster ochraceus,Ochre Sea Star,Animalia,Ochre Sea Star,32.6809697,-117.1783208,1826.0,"Coronado Island, Coronado, CA 92118, USA",2018-01-01,,UTC,research,1,0,False,False,https://inaturalist-open-data.s3.amazonaws.com/photos/62209115/medium.jpg,,,
49699,Pisaster ochraceus,Ochre Sea Star,Animalia,Ochre Sea Star,32.7157379063,-117.1610838175,67314.0,San Diego,2020-02-22,2020-02-22 21:01:04 UTC,Eastern Time (US & Canada),research,1,0,False,False,https://inaturalist-open-data.s3.amazonaws.com/photos/62558602/medium.jpeg,,,
49699,Pisaster ochraceus,Ochre Sea Star,Animalia,Ochre Sea Star,32.87127167,-117.25361667,4.0,"Pacific Ocean, CA, US",2020-03-07,2020-03-07 13:45:19 UTC,UTC,research,2,0,False,False,https://static.inaturalist.org/photos/62973726/medium.jpg,,,
49699,Pisaster ochraceus,Ochre Sea Star,Animalia,Ochre Sea Star,32.7961000023,-117.25783667,20.0,"Crystal Pier Hotel, CA, US",2019-11-25,2019-11-25 23:06:49 UTC,Pacific Time (US & Canada),research,1,0,False,False,https://inaturalist-open-data.s3.amazonaws.com/photos/67876099/medium.jpg,,,
49699,Pisaster ochraceus,Ochre Sea Star,Animalia,Ochre Sea Star,32.8070909623,-117.2644547281,5.0,"Pacific Ocean, CA, US",2020-05-25,2020-05-25 14:05:59 UTC,Pacific Time (US & Canada),research,3,0,False,False,https://static.inaturalist.org/photos/74961432/medium.jpg,,,
49699,Pisaster ochraceus,Ochre Sea Star,Animalia,estrella de mar ocre,32.8663484827,-117.2547653317,22.0,"La Jolla, CA 92037, USA",2020-03-21,2020-03-21 23:41:40 UTC,Pacific Time (US & Canada),research,1,0,False,False,https://inaturalist-open-data.s3.amazonaws.com/photos/76823751/medium.jpeg,,,
49699,Pisaster ochraceus,Ochre Sea Star,Animalia,Ochre Sea Star,32.8664966667,-117.2551716667,,"Pacific Ocean, CA, US",2020-06-11,2020-06-11 15:46:57 UTC,Pacific Time (US & Canada),research,2,0,False,False,https://static.inaturalist.org/photos/78155013/medium.jpg,,,
49699,Pisaster ochraceus,Ochre Sea Star,Animalia,Ochre Sea Star,32.86648833,-117.255255,10.0,"Scripps Seaside Forum, CA, US",2020-06-11,2020-06-11 15:27:55 UTC,Pacific Time (US & Canada),research,2,0,False,False,https://inaturalist-open-data.s3.amazonaws.com/photos/78156214/medium.jpg,,,
49699,Pisaster ochraceus,Ochre Sea Star,Animalia,Ochre Sea Star,32.87003667,-117.25374667,5.0,"Pacific Ocean, CA, US",2020-06-12,2020-06-12 17:36:31 UTC,Pacific Time (US & Canada),research,1,0,False,False,https://inaturalist-open-data.s3.amazonaws.com/photos/78337687/medium.jpg,,Wasting disease?,
49699,Pisaster ochraceus,Ochre Sea Star,Animalia,Ochre Sea Star,32.8060337529,-117.2635354848,5.0,"Pacific Ocean, CA, US",2020-06-23,2020-06-23 13:11:12 UTC,Pacific Time (US & Canada),research,3,0,False,False,https://static.inaturalist.org/photos/80456045/medium.jpg,,,
49699,Pisaster ochraceus,Ochre Sea Star,Animalia,Ochre Sea Star,32.87125,-117.25338,,"Pacific Ocean, CA, US",2020-07-07,2020-07-07 14:59:19 UTC,Pacific Time (US & Canada),research,1,0,False,False,https://inaturalist-open-data.s3.amazonaws.com/photos/83105019/medium.jpg,,,
49699,Pisaster ochraceus,Ochre Sea Star,Animalia,Ochre Sea Star,32.7958809631,-117.2580855713,10.0,"Pacific Ocean, CA, US",2020-07-21,2020-07-21 13:38:16 UTC,Pacific Time (US & Canada),research,1,0,False,False,https://static.inaturalist.org/photos/85642215/medium.jpg,,,
49699,Pisaster ochraceus,Ochre Sea Star,Animalia,Ochre Sea Star,32.8075483,-117.2669817,1823.0,"False Point, San Diego, CA 92037, USA",2011-05-22,2011-05-22 19:19:00 UTC,Hawaii,research,1,0,False,False,https://static.inaturalist.org/photos/86964701/medium.jpeg,,,rocky intertidal
49699,Pisaster ochraceus,Ochre Sea Star,Animalia,Ochre Sea Star,32.8665856776,-117.2558822009,72.0,"Pacific Ocean, CA, US",2020-08-19,2020-08-19 22:26:17 UTC,Pacific Time (US & Canada),research,2,0,False,False,https://inaturalist-open-data.s3.amazonaws.com/photos/91119015/medium.jpg,,"On the SIO pier piling, low tide ",
49699,Pisaster ochraceus,Ochre Sea Star,Animalia,Ochre Sea Star,32.8711942222,-117.254093686,1096.0,"San Diego County, CA, USA",2010-05-22,2010-05-22 18:04:00 UTC,Pacific Time (US & Canada),research,2,0,False,False,https://inaturalist-open-data.s3.amazonaws.com/photos/97387864/medium.jpg,,,iPhoto Original
49699,Pisaster ochraceus,Ochre Sea Star,Animalia,Ochre Sea Star,32.8711942222,-117.254093686,1096.0,"San Diego County, CA, USA",2010-05-22,2010-05-22 17:59:00 UTC,Pacific Time (US & Canada),research,2,0,False,False,https://inaturalist-open-data.s3.amazonaws.com/photos/97387940/medium.jpg,,,"iPhoto Converted, iPhoto Original"
49699,Pisaster ochraceus,Ochre Sea Star,Animalia,Ochre Sea Star,32.8711942222,-117.254093686,1096.0,"San Diego County, CA, USA",2010-05-22,2010-05-22 18:01:00 UTC,Pacific Time (US & Canada),research,3,1,False,False,https://inaturalist-open-data.s3.amazonaws.com/photos/97387917/medium.jpg,,,iPhoto Original
49699,Pisaster ochraceus,Ochre Sea Star,Animalia,Ochre Sea Star,32.8711942222,-117.254093686,1096.0,"San Diego County, CA, USA",2010-05-22,2010-05-22 17:58:00 UTC,Pacific Time (US & Canada),research,2,0,False,False,https://inaturalist-open-data.s3.amazonaws.com/photos/97387958/medium.jpg,,,"iPhoto Converted, iPhoto Original"
49699,Pisaster ochraceus,Ochre Sea Star,Animalia,Ochre Sea Star,33.0868667574,-117.3135956462,27.0,"North Pacific Ocean, CA, US",2020-10-16,2020-10-16 22:40:13 UTC,Pacific Time (US & Canada),research,2,0,False,False,https://static.inaturalist.org/photos/101106955/medium.jpg,,,
49699,Pisaster ochraceus,Ochre Sea Star,Animalia,Ochre Sea Star,32.8056866667,-117.2626416667,105.0,"Chelsea St, San Diego, CA, US",2020-11-03,2020-11-03 15:10:36 UTC,UTC,research,2,0,False,False,https://static.inaturalist.org/photos/103298816/medium.jpg,,,
49699,Pisaster ochraceus,Ochre Sea Star,Animalia,estrella de mar ocre,32.8411111,-117.2816667,201.0,"La Jolla Tide Pools, 303 Coast Blvd, La Jolla, CA 92037, USA",2020-11-14,2020-11-14 23:02:00 UTC,Pacific Time (US & Canada),research,2,0,False,False,https://inaturalist-open-data.s3.amazonaws.com/photos/104451050/medium.jpeg,,,
49699,Pisaster ochraceus,Ochre Sea Star,Animalia,Ochre Sea Star,32.8077353275,-117.2657098485,112.0,False Point,2020-11-15,2020-11-15 23:29:00 UTC,Pacific Time (US & Canada),research,1,0,False,False,https://inaturalist-open-data.s3.amazonaws.com/photos/104561726/medium.jpg,,,
49699,Pisaster ochraceus,Ochre Sea Star,Animalia,Ochre Sea Star,32.8073383333,-117.2662966667,4.0,"North Pacific Ocean, CA, US",2020-11-16,2020-11-17 02:55:38 UTC,Hawaii,research,1,0,False,False,https://static.inaturalist.org/photos/104678231/medium.jpg,,,
49699,Pisaster ochraceus,Ochre Sea Star,Animalia,Ochre Sea Star,32.8073366667,-117.2654583333,4.0,"North Pacific Ocean, CA, US",2020-11-16,2020-11-17 02:46:30 UTC,Hawaii,research,1,0,False,False,https://static.inaturalist.org/photos/104678478/medium.jpg,,,
49699,Pisaster ochraceus,Ochre Sea Star,Animalia,Ochre Sea Star,32.8075687739,-117.2665761201,66.0,"North Pacific Ocean, CA, US",2020-11-15,2020-11-15 15:02:44 UTC,UTC,research,2,0,False,False,https://static.inaturalist.org/photos/104778932/medium.jpg,,,
49699,Pisaster ochraceus,Ochre Sea Star,Animalia,estrella de mar ocre,33.0874666667,-117.31378,18.0,"North Pacific Ocean, CA, US",2020-12-11,2020-12-11 12:28:34 UTC,UTC,research,1,0,False,False,https://static.inaturalist.org/photos/107100291/medium.jpg,,,
49699,Pisaster ochraceus,Ochre Sea Star,Animalia,estrella de mar ocre,32.8711126972,-117.2537366053,21.0,"North Pacific Ocean, CA, US",2020-12-16,2020-12-16 16:44:23 UTC,UTC,research,1,0,False,False,https://inaturalist-open-data.s3.amazonaws.com/photos/107547763/medium.jpg,,,
49699,Pisaster ochraceus,Ochre Sea Star,Animalia,Ochre Sea Star,32.8708823857,-117.2539101699,24.0,"North Pacific Ocean, CA, US",2020-03-05,2020-03-05 12:36:18 UTC,UTC,research,1,0,False,False,https://static.inaturalist.org/photos/107548277/medium.jpg,,,
49699,Pisaster ochraceus,Ochre Sea Star,Animalia,Ochre Sea Star,32.8716966667,-117.2535466667,12.0,"North Pacific Ocean, CA, US",2021-01-11,2021-01-11 12:57:35 UTC,UTC,research,2,0,False,False,https://inaturalist-open-data.s3.amazonaws.com/photos/109989857/medium.jpg,,,
49699,Pisaster ochraceus,Ochre Sea Star,Animalia,Ochre Sea Star,32.870055429,-117.2541423034,34.0,"San Diego County, CA, USA",2006-01-01,2006-01-01 22:00:00 UTC,Pacific Time (US & Canada),research,2,0,False,False,https://inaturalist-open-data.s3.amazonaws.com/photos/110046694/medium.jpg,,Date is approximate +- a few months,
49699,Pisaster ochraceus,Ochre Sea Star,Animalia,Ochre Sea Star,32.8073533333,-117.26545,7.0,"North Pacific Ocean, CA, US",2020-11-14,2020-11-14 13:37:11 UTC,UTC,research,2,0,False,False,https://inaturalist-open-data.s3.amazonaws.com/photos/112714671/medium.jpg,,,
49699,Pisaster ochraceus,Ochre Sea Star,Animalia,,32.7661216667,-117.2291733333,,"SeaWorld - San Diego, San Diego, CA, US",2021-02-15,2021-02-16 00:57:53 UTC,Pacific Time (US & Canada),casual,0,0,True,False,https://inaturalist-open-data.s3.amazonaws.com/photos/113160917/medium.jpg,,,
49699,Pisaster ochraceus,Ochre Sea Star,Animalia,Ochre Sea Star,32.6884640153,-117.1482679762,42796.0,"San Diego Bay, San Diego, CA, US",2021-02-19,2021-02-20 01:42:49 UTC,America/New_York,research,2,0,False,False,https://inaturalist-open-data.s3.amazonaws.com/photos/113419530/medium.jpg,,,
49699,Pisaster ochraceus,Ochre Sea Star,Animalia,estrella de mar ocre,32.76617,-117.2291116667,5.0,"SeaWorld - San Diego, San Diego, CA, US",2021-02-15,2021-02-15 12:31:28 UTC,UTC,casual,2,0,True,False,https://inaturalist-open-data.s3.amazonaws.com/photos/113498073/medium.jpg,,,
49699,Pisaster ochraceus,Ochre Sea Star,Animalia,estrella de mar ocre,32.8702995967,-117.2530459475,291.0,"Scripps Seaside Forum, San Diego, CA, US",2020-07-10,2020-07-10 15:34:07 UTC,Pacific Time (US & Canada),research,1,0,False,False,https://inaturalist-open-data.s3.amazonaws.com/photos/118514295/medium.jpg,,,
49699,Pisaster ochraceus,Ochre Sea Star,Animalia,Ochre Sea Star,32.8043235932,-117.2621642892,4.0,"North Pacific Ocean, CA, US",2021-04-28,2021-04-28 13:43:49 UTC,Pacific Time (US & Canada),research,1,0,False,False,https://static.inaturalist.org/photos/123598790/medium.jpg,,,
49699,Pisaster ochraceus,Ochre Sea Star,Animalia,Ochre Sea Star,32.7481787099,-117.2527458545,39.0,"Ocean Beach, San Diego, CA, US",2021-05-27,2021-05-27 18:01:54 UTC,Pacific Time (US & Canada),research,1,0,False,False,https://inaturalist-open-data.s3.amazonaws.com/photos/131955598/medium.jpg,,,
49699,Pisaster ochraceus,Ochre Sea Star,Animalia,estrella de mar ocre,32.5839917081,-117.1130850166,2340.0,Imperial Beach,2021-07-27,2021-07-28 00:57:52 UTC,Pacific Time (US & Canada),research,2,0,False,False,https://inaturalist-open-data.s3.amazonaws.com/photos/146907253/medium.jpeg,,This guy was on the rocks in the water but I had to move him to get a better picture so the waves wouldn't hit me,
49699,Pisaster ochraceus,Ochre Sea Star,Animalia,Ochre Sea Star,32.8554584763,-117.2618882858,274.0,"La Jolla Shores & La Jolla Canyon, California, USA",2021-01-03,2021-01-03 18:20:00 UTC,Pacific Time (US & Canada),research,1,0,False,False,https://static.inaturalist.org/photos/150354984/medium.jpg,,,"La Jolla Shores, scuba"
49699,Pisaster ochraceus,Ochre Sea Star,Animalia,Ochre Sea Star,32.8710466667,-117.2536466667,13.0,"North Pacific Ocean, CA, US",2021-10-09,2021-10-10 01:35:13 UTC,Pacific Time (US & Canada),research,2,0,False,False,https://static.inaturalist.org/photos/164134218/medium.jpg,,,
49699,Pisaster ochraceus,Ochre Sea Star,Animalia,Ochre Sea Star,32.585495,-117.1330111667,108.0,"North Pacific Ocean, CA, US",2021-11-08,2021-11-09 03:04:01 UTC,Pacific Time (US & Canada),research,2,0,False,False,https://inaturalist-open-data.s3.amazonaws.com/photos/168323988/medium.jpg,,,
49699,Pisaster ochraceus,Ochre Sea Star,Animalia,Ochre Sea Star,32.8718116667,-117.253425,5.0,"North Pacific Ocean, CA, US",2021-12-05,2021-12-05 16:04:34 UTC,UTC,research,1,0,False,False,https://static.inaturalist.org/photos/171503257/medium.jpg,,,
49699,Pisaster ochraceus,Ochre Sea Star,Animalia,Ochre Sea Star,32.8717083333,-117.253655,3.0,"North Pacific Ocean, CA, US",2021-12-04,2021-12-04 15:45:50 UTC,UTC,research,1,0,False,False,https://static.inaturalist.org/photos/171891962/medium.jpg,,,
49699,Pisaster ochraceus,Ochre Sea Star,Animalia,Ochre Sea Star,32.871205,-117.2535166667,4.0,"North Pacific Ocean, CA, US",2021-12-04,2021-12-04 16:30:58 UTC,UTC,research,1,0,False,False,https://static.inaturalist.org/photos/171966683/medium.jpg,,,
49699,Pisaster ochraceus,Ochre Sea Star,Animalia,Ochre Sea Star,32.8712083333,-117.2535383333,5.0,"North Pacific Ocean, CA, US",2022-01-02,2022-01-02 16:49:04 UTC,UTC,research,1,0,False,False,https://static.inaturalist.org/photos/174626320/medium.jpg,,,
49699,Pisaster ochraceus,Ochre Sea Star,Animalia,Ochre Sea Star,32.8717583333,-117.2534116667,4.0,"North Pacific Ocean, CA, US",2022-01-02,2022-01-02 16:11:53 UTC,UTC,research,1,0,False,False,https://static.inaturalist.org/photos/174626391/medium.jpg,,,
49699,Pisaster ochraceus,Ochre Sea Star,Animalia,Ochre Sea Star,32.7591666667,-117.2556133333,10.0,"North Pacific Ocean, CA, US",2022-01-02,2022-01-02 23:17:36 UTC,Pacific Time (US & Canada),research,1,0,False,False,https://inaturalist-open-data.s3.amazonaws.com/photos/174631909/medium.jpg,,,
49699,Pisaster ochraceus,Ochre Sea Star,Animalia,Ochre Sea Star,32.7590916667,-117.2554383333,5.0,"North Pacific Ocean, CA, US",2022-01-02,2022-01-02 23:10:51 UTC,Pacific Time (US & Canada),research,1,0,False,False,https://inaturalist-open-data.s3.amazonaws.com/photos/174632184/medium.jpg,,,
49699,Pisaster ochraceus,Ochre Sea Star,Animalia,Ochre Sea Star,32.7590633333,-117.2552033333,5.0,"North Pacific Ocean, CA, US",2022-01-02,2022-01-02 22:54:16 UTC,Pacific Time (US & Canada),research,1,0,False,False,https://inaturalist-open-data.s3.amazonaws.com/photos/174632394/medium.jpg,,,
49699,Pisaster ochraceus,Ochre Sea Star,Animalia,Ochre Sea Star,32.8885993958,-117.2539825439,1429.0,San Diego County,2022-01-29,2022-01-30 03:16:45 UTC,Pacific Time (US & Canada),research,2,0,False,False,https://inaturalist-open-data.s3.amazonaws.com/photos/177620544/medium.jpg,,,
49699,Pisaster ochraceus,Ochre Sea Star,Animalia,Ochre Sea Star,32.8717833333,-117.253355,5.0,"North Pacific Ocean, CA, US",2022-01-29,2022-01-29 22:27:55 UTC,Pacific Time (US & Canada),research,2,0,False,False,https://inaturalist-open-data.s3.amazonaws.com/photos/177626688/medium.jpg,,,
49699,Pisaster ochraceus,Ochre Sea Star,Animalia,Ochre Sea Star,32.8717166667,-117.2533866667,27.0,"North Pacific Ocean, CA, US",2022-01-29,2022-01-29 22:26:47 UTC,Pacific Time (US & Canada),research,1,0,False,False,https://static.inaturalist.org/photos/177633498/medium.jpg,,,
49699,Pisaster ochraceus,Ochre Sea Star,Animalia,Ochre Sea Star,32.8718628263,-117.25311687,24.0,"North Pacific Ocean, CA, US",2022-01-29,2022-01-29 22:30:17 UTC,Pacific Time (US & Canada),research,1,0,False,False,https://inaturalist-open-data.s3.amazonaws.com/photos/177689934/medium.jpg,,,
49699,Pisaster ochraceus,Ochre Sea Star,Animalia,Ochre Sea Star,32.9837009739,-117.2816587397,2194.0,"North Pacific Ocean, CA, US",2022-01-30,2022-01-30 14:00:54 UTC,UTC,research,2,0,False,False,https://inaturalist-open-data.s3.amazonaws.com/photos/177813595/medium.jpg,,,
49699,Pisaster ochraceus,Ochre Sea Star,Animalia,estrella de mar ocre,32.8712216667,-117.2535383333,5.0,"North Pacific Ocean, CA, US",2022-01-31,2022-01-31 14:45:36 UTC,UTC,research,2,0,False,False,https://inaturalist-open-data.s3.amazonaws.com/photos/177867303/medium.jpg,,,
49699,Pisaster ochraceus,Ochre Sea Star,Animalia,estrella de mar ocre,32.8717166667,-117.253595,5.0,"North Pacific Ocean, CA, US",2022-01-31,2022-01-31 15:23:22 UTC,UTC,research,1,0,False,False,https://inaturalist-open-data.s3.amazonaws.com/photos/177867542/medium.jpg,,,
49699,Pisaster ochraceus,Ochre Sea Star,Animalia,estrella de mar ocre,32.871225,-117.2534983333,,"San Diego County, CA, USA",2022-01-31,2022-02-01 00:13:00 UTC,Pacific Time (US & Canada),research,2,0,False,False,https://inaturalist-open-data.s3.amazonaws.com/photos/177880889/medium.jpeg,,,
49699,Pisaster ochraceus,Ochre Sea Star,Animalia,Ochre Sea Star,32.9308204943,-117.2593355728,93.0,"San Diego County, US-CA, US",2022-01-31,2022-01-31 23:13:00 UTC,Pacific Time (US & Canada),research,2,0,False,True,https://inaturalist-open-data.s3.amazonaws.com/photos/177883800/medium.jpeg,,,
49699,Pisaster ochraceus,Ochre Sea Star,Animalia,Ochre Sea Star,32.8711916667,-117.253505,,"North Pacific Ocean, CA, US",2022-01-31,2022-01-31 23:13:33 UTC,Pacific Time (US & Canada),research,3,0,False,False,https://inaturalist-open-data.s3.amazonaws.com/photos/177919113/medium.jpg,,,
49699,Pisaster ochraceus,Ochre Sea Star,Animalia,Ochre Sea Star,32.8687968734,-117.2544242292,31.0,"San Diego County, CA, USA",2022-01-31,2022-02-01 01:12:00 UTC,Pacific Time (US & Canada),research,4,0,False,False,https://inaturalist-open-data.s3.amazonaws.com/photos/177982569/medium.jpeg,,,
49699,Pisaster ochraceus,Ochre Sea Star,Animalia,Ochre Sea Star,32.8718807064,-117.2531740977,4.0,"North Pacific Ocean, CA, US",2022-02-02,2022-02-02 16:24:33 UTC,UTC,research,4,0,False,False,https://static.inaturalist.org/photos/178066979/medium.jpg,,,
49699,Pisaster ochraceus,Ochre Sea Star,Animalia,Ochre Sea Star,32.8718904918,-117.2531444394,310.0,"North Pacific Ocean, CA, US",2022-02-02,2022-02-03 00:25:35 UTC,Pacific Time (US & Canada),research,4,0,False,False,https://inaturalist-open-data.s3.amazonaws.com/photos/178067043/medium.jpg,,,
49699,Pisaster ochraceus,Ochre Sea Star,Animalia,Ochre Sea Star,32.8718916667,-117.2531366667,4.0,"North Pacific Ocean, CA, US",2022-02-02,2022-02-02 15:39:43 UTC,UTC,research,3,0,False,False,https://inaturalist-open-data.s3.amazonaws.com/photos/178085038/medium.jpg,,,
49699,Pisaster ochraceus,Ochre Sea Star,Animalia,Ochre Sea Star,32.8404331343,-117.2823600769,56.0,"North Pacific Ocean, CA, US",2022-02-02,2022-02-02 16:18:50 UTC,UTC,research,1,0,False,False,https://inaturalist-open-data.s3.amazonaws.com/photos/178507108/medium.jpg,,,
49699,Pisaster ochraceus,Ochre Sea Star,Animalia,Ochre Sea Star,32.8670298563,-117.2572465498,15.0,SIO Pier,2021-12-13,2021-12-13 20:26:00 UTC,Pacific Time (US & Canada),research,4,0,False,False,https://inaturalist-open-data.s3.amazonaws.com/photos/178662786/medium.jpeg,,,
49699,Pisaster ochraceus,Ochre Sea Star,Animalia,Ochre Sea Star,32.856527444,-117.2629954292,47.0,"San Diego County, CA, USA",2022-01-09,2022-01-09 17:03:00 UTC,Pacific Time (US & Canada),research,1,0,False,False,https://inaturalist-open-data.s3.amazonaws.com/photos/181157916/medium.jpg,,La Jolla Shores East Wall; Juvenile,
49699,Pisaster ochraceus,Ochre Sea Star,Animalia,Ochre Sea Star,32.8717633333,-117.2535166667,4.0,"North Pacific Ocean, CA, US",2022-01-16,2022-01-16 23:14:46 UTC,Pacific Time (US & Canada),research,2,0,False,False,https://static.inaturalist.org/photos/186110974/medium.jpg,,,
49699,Pisaster ochraceus,Ochre Sea Star,Animalia,Ochre Sea Star,32.8717616667,-117.2534866667,3854.0,"North Pacific Ocean, CA, US",2022-01-16,2022-01-16 23:22:42 UTC,Pacific Time (US & Canada),research,2,0,False,False,https://static.inaturalist.org/photos/186111173/medium.jpg,,,
49699,Pisaster ochraceus,Ochre Sea Star,Animalia,Ochre Sea Star,32.8717716667,-117.253555,4.0,"North Pacific Ocean, CA, US",2022-03-27,2022-03-27 21:55:06 UTC,Arizona,research,1,0,False,False,https://static.inaturalist.org/photos/186115411/medium.jpg,,,
49699,Pisaster ochraceus,Ochre Sea Star,Animalia,Ochre Sea Star,32.8718461044,-117.2531048689,22.0,"North Pacific Ocean, CA, US",2022-04-13,2022-04-13 21:14:00 UTC,Arizona,research,2,0,False,False,https://inaturalist-open-data.s3.amazonaws.com/photos/187989021/medium.jpg,,,
49699,Pisaster ochraceus,Ochre Sea Star,Animalia,Ochre Sea Star,32.8718216667,-117.2532116667,4.0,"North Pacific Ocean, CA, US",2022-04-13,2022-04-13 21:04:56 UTC,Arizona,research,1,0,False,False,https://inaturalist-open-data.s3.amazonaws.com/photos/188022714/medium.jpg,,,
49699,Pisaster ochraceus,Ochre Sea Star,Animalia,Ochre Sea Star,32.87178,-117.2532416667,4.0,"North Pacific Ocean, CA, US",2022-04-13,2022-04-13 21:01:47 UTC,Arizona,research,3,0,False,False,https://inaturalist-open-data.s3.amazonaws.com/photos/188101228/medium.jpg,,,
49699,Pisaster ochraceus,Ochre Sea Star,Animalia,Ochre Sea Star,32.87182,-117.2532366667,5.0,"North Pacific Ocean, CA, US",2022-04-13,2022-04-13 21:14:22 UTC,Arizona,research,2,0,False,False,https://inaturalist-open-data.s3.amazonaws.com/photos/188183496/medium.jpg,,,
49699,Pisaster ochraceus,Ochre Sea Star,Animalia,Ochre Sea Star,32.8718133333,-117.2529666667,43.0,"North Pacific Ocean, CA, US",2022-04-13,2022-04-13 21:09:27 UTC,Arizona,research,2,0,False,False,https://inaturalist-open-data.s3.amazonaws.com/photos/188187012/medium.jpg,,,
49699,Pisaster ochraceus,Ochre Sea Star,Animalia,Ochre Sea Star,32.8714588366,-117.2539354506,245.0,"North Pacific Ocean, CA, US",2022-04-13,2022-04-13 21:06:40 UTC,Arizona,research,2,0,False,False,https://inaturalist-open-data.s3.amazonaws.com/photos/188226425/medium.jpg,,,
49699,Pisaster ochraceus,Ochre Sea Star,Animalia,Ochre Sea Star,32.8718383333,-117.2532116667,5.0,"North Pacific Ocean, CA, US",2022-04-13,2022-04-13 21:05:36 UTC,Arizona,research,2,0,False,False,https://inaturalist-open-data.s3.amazonaws.com/photos/188289055/medium.jpg,,,
49699,Pisaster ochraceus,Ochre Sea Star,Animalia,Ochre Sea Star,32.8718333333,-117.2532116667,4.0,"North Pacific Ocean, CA, US",2022-04-13,2022-04-13 21:10:21 UTC,Arizona,research,2,0,False,False,https://inaturalist-open-data.s3.amazonaws.com/photos/188297903/medium.jpg,,,
49699,Pisaster ochraceus,Ochre Sea Star,Animalia,Ochre Sea Star,32.8718033333,-117.25322,3.0,"North Pacific Ocean, CA, US",2022-04-13,2022-04-13 21:09:51 UTC,Arizona,research,2,0,False,False,https://inaturalist-open-data.s3.amazonaws.com/photos/188311483/medium.jpg,,,
49699,Pisaster ochraceus,Ochre Sea Star,Animalia,Ochre Sea Star,32.8718333333,-117.2532116667,4.0,"North Pacific Ocean, CA, US",2022-04-13,2022-04-13 21:04:20 UTC,Pacific Time (US & Canada),research,2,0,False,False,https://inaturalist-open-data.s3.amazonaws.com/photos/188334576/medium.jpg,,,
49699,Pisaster ochraceus,Ochre Sea Star,Animalia,Ochre Sea Star,32.8718238,-117.2532559997,,"San Diego County, CA, USA",2022-04-13,2022-04-13 21:15:16 UTC,Pacific Time (US & Canada),research,2,0,False,False,https://inaturalist-open-data.s3.amazonaws.com/photos/188346600/medium.jpeg,,,
49699,Pisaster ochraceus,Ochre Sea Star,Animalia,Ochre Sea Star,32.8718116667,-117.2532116667,4.0,"North Pacific Ocean, CA, US",2022-04-13,2022-04-13 21:03:39 UTC,Arizona,research,1,0,False,False,https://inaturalist-open-data.s3.amazonaws.com/photos/188379515/medium.jpg,,,
49699,Pisaster ochraceus,Ochre Sea Star,Animalia,Ochre Sea Star,32.8718000023,-117.2531883333,20.0,"North Pacific Ocean, CA, US",2022-04-13,2022-04-13 21:08:14 UTC,Arizona,research,2,0,False,False,https://inaturalist-open-data.s3.amazonaws.com/photos/188379174/medium.jpg,,,
49699,Pisaster ochraceus,Ochre Sea Star,Animalia,Ochre Sea Star,32.8718,-117.2532194444,21.0,"San Diego County, CA, USA",2022-04-13,2022-04-13 21:05:00 UTC,Pacific Time (US & Canada),research,2,0,False,False,https://inaturalist-open-data.s3.amazonaws.com/photos/188407839/medium.jpeg,,,
49699,Pisaster ochraceus,Ochre Sea Star,Animalia,Ochre Sea Star,33.1430747065,-117.2533415983,17570.0,"California, US",2008-03-21,2008-03-22 01:11:00 UTC,Pacific Time (US & Canada),research,2,0,False,True,https://inaturalist-open-data.s3.amazonaws.com/photos/196570988/medium.jpeg,,,
49699,Pisaster ochraceus,Ochre Sea Star,Animalia,Ochre Sea Star,33.0276815727,-117.210412294,17570.0,"California, US",2008-03-21,2008-03-22 01:11:00 UTC,Pacific Time (US & Canada),research,2,0,False,True,https://inaturalist-open-data.s3.amazonaws.com/photos/196571190/medium.jpeg,,,
49699,Pisaster ochraceus,Ochre Sea Star,Animalia,Ochre Sea Star,32.8717333333,-117.25357,4.0,"North Pacific Ocean, CA, US",2022-06-18,2022-06-18 14:57:27 UTC,Pacific Time (US & Canada),research,2,0,False,False,https://static.inaturalist.org/photos/207493732/medium.jpg,,,
49699,Pisaster ochraceus,Ochre Sea Star,Animalia,Ochre Sea Star,32.8718049104,-117.2535236561,23.0,"North Pacific Ocean, CA, US",2022-06-18,2022-06-18 15:12:12 UTC,Pacific Time (US & Canada),research,1,0,False,False,https://static.inaturalist.org/photos/208647184/medium.jpg,,,
49699,Pisaster ochraceus,Ochre Sea Star,Animalia,Ochre Sea Star,33.1943572552,-117.3847718689,184.0,"Oceanside Beach Rentals, Oceanside, CA, US",2022-07-10,2022-07-11 04:33:38 UTC,Pacific Time (US & Canada),research,2,0,False,False,https://static.inaturalist.org/photos/213390639/medium.jpg,,,
49699,Pisaster ochraceus,Ochre Sea Star,Animalia,Ochre Sea Star,32.8717533333,-117.2535633333,10.0,"North Pacific Ocean, CA, US",2022-07-17,2022-07-17 15:11:28 UTC,Pacific Time (US & Canada),research,1,0,False,False,https://inaturalist-open-data.s3.amazonaws.com/photos/215064925/medium.jpg,,,
49699,Pisaster ochraceus,Ochre Sea Star,Animalia,Ochre Sea Star,32.8994492152,-117.3458115002,67.0,"San Diego County, US-CA, US",2022-08-13,2022-08-13 11:21:00 UTC,Pacific Time (US & Canada),research,1,0,False,True,https://inaturalist-open-data.s3.amazonaws.com/photos/222214248/medium.jpeg,,,
49699,Pisaster ochraceus,Ochre Sea Star,Animalia,Ochre Sea Star,32.96557348,-117.3274336049,67.0,"San Diego County, US-CA, US",2022-08-13,2022-08-13 11:50:00 UTC,Pacific Time (US & Canada),research,1,0,False,True,https://inaturalist-open-data.s3.amazonaws.com/photos/222214373/medium.jpeg,,,
49699,Pisaster ochraceus,Ochre Sea Star,Animalia,Ochre Sea Star,32.7621186099,-117.2457429753,4.0,"Mission Bay, San Diego, CA, USA",2022-07-30,2022-07-30 17:21:00 UTC,Pacific Time (US & Canada),research,1,0,False,False,https://inaturalist-open-data.s3.amazonaws.com/photos/225096817/medium.jpeg,,,
49699,Pisaster ochraceus,Ochre Sea Star,Animalia,Ochre Sea Star,32.7621186099,-117.2457429753,4.0,"Mission Bay, San Diego, CA, USA",2022-07-30,,Pacific Time (US & Canada),research,1,0,False,False,https://inaturalist-open-data.s3.amazonaws.com/photos/225096881/medium.png,,,
49699,Pisaster ochraceus,Ochre Sea Star,Animalia,Ochre Sea Star,32.7609482655,-117.2452901655,23.0,"Entrance Channel, San Diego, CA, US",2022-07-30,2022-07-30 18:20:00 UTC,Pacific Time (US & Canada),research,1,0,False,False,https://static.inaturalist.org/photos/225315853/medium.jpg,,,
49699,Pisaster ochraceus,Ochre Sea Star,Animalia,Ochre Sea Star,32.76184979,-117.246566955,23.0,"Bonita Bay, San Diego, CA, US",2022-07-30,2022-07-30 17:18:00 UTC,Pacific Time (US & Canada),research,1,0,False,False,https://static.inaturalist.org/photos/225322139/medium.jpg,,,
49699,Pisaster ochraceus,Ochre Sea Star,Animalia,Ochre Sea Star,32.871650671,-117.2537645873,101.0,"North Pacific Ocean, CA, US",2022-08-13,2022-08-13 11:58:48 UTC,Pacific Time (US & Canada),research,1,0,False,False,https://inaturalist-open-data.s3.amazonaws.com/photos/225383707/medium.jpg,,2,
49699,Pisaster ochraceus,Ochre Sea Star,Animalia,Ochre Sea Star,32.7626466348,-117.2457705189,490.0,"Entrance Channel, San Diego, CA, US",2022-09-28,2022-09-28 18:43:58 UTC,Pacific Time (US & Canada),research,2,0,False,False,https://inaturalist-open-data.s3.amazonaws.com/photos/233862576/medium.jpg,,,
49699,Pisaster ochraceus,Ochre Sea Star,Animalia,Ochre Sea Star,32.7599677414,-117.2465513349,15.0,"Mission Bay, San Diego, CA, USA",2022-10-02,2022-10-02 16:06:00 UTC,Pacific Time (US & Canada),research,1,0,False,False,https://inaturalist-open-data.s3.amazonaws.com/photos/234787281/medium.jpg,,,
49699,Pisaster ochraceus,Ochre Sea Star,Animalia,Ochre Sea Star,32.87157,-117.2533033333,19.0,"North Pacific Ocean, CA, US",2022-10-10,2022-10-11 00:17:38 UTC,Pacific Time (US & Canada),research,2,0,False,False,https://static.inaturalist.org/photos/236593668/medium.jpg,,,
49699,Pisaster ochraceus,Ochre Sea Star,Animalia,Ochre Sea Star,32.8717033333,-117.2533116667,25.0,"North Pacific Ocean, CA, US",2022-10-11,2022-10-12 00:49:57 UTC,Pacific Time (US & Canada),research,2,0,False,False,https://inaturalist-open-data.s3.amazonaws.com/photos/236672994/medium.jpg,,,
49699,Pisaster ochraceus,Ochre Sea Star,Animalia,Ochre Sea Star,32.8714165324,-117.253247469,44.0,"North Pacific Ocean, CA, US",2022-10-11,2022-10-12 00:52:09 UTC,Pacific Time (US & Canada),research,2,0,False,False,https://static.inaturalist.org/photos/236771338/medium.jpg,,,
49699,Pisaster ochraceus,Ochre Sea Star,Animalia,Ochre Sea Star,32.7612886575,-117.2452039566,4.0,"Mission Beach, San Diego, CA 92109, USA",2022-08-12,2022-08-12 16:23:00 UTC,Pacific Time (US & Canada),research,1,0,False,False,https://inaturalist-open-data.s3.amazonaws.com/photos/239174182/medium.jpeg,,,
49699,Pisaster ochraceus,Ochre Sea Star,Animalia,Ochre Sea Star,32.9747719129,-117.2116031131,18.0,"San Diego County, US-CA, US",2022-07-16,2022-07-16 15:03:22 UTC,Pacific Time (US & Canada),research,1,0,False,True,https://static.inaturalist.org/photos/241291765/medium.jpg,,,Marine Invertebrates
49699,Pisaster ochraceus,Ochre Sea Star,Animalia,Ochre Sea Star,32.8075483,-117.2669817,137.0,"False Point, San Diego, CA 92037, USA",2022-11-06,2022-11-06 21:53:00 UTC,Pacific Time (US & Canada),research,1,0,False,False,https://inaturalist-open-data.s3.amazonaws.com/photos/242293247/medium.jpeg,,,
49699,Pisaster ochraceus,Ochre Sea Star,Animalia,Ochre Sea Star,32.8717667776,-117.2530753618,35.0,"North Pacific Ocean, CA, US",2022-11-09,2022-11-10 00:13:27 UTC,Pacific Time (US & Canada),research,1,0,False,False,https://static.inaturalist.org/photos/242599011/medium.jpg,,,
49699,Pisaster ochraceus,Ochre Sea Star,Animalia,Ochre Sea Star,32.8077504627,-117.2672986842,162.0,"Sea Ridge Dr, San Diego, CA, US",2022-11-06,2022-11-06 21:53:29 UTC,Pacific Time (US & Canada),research,1,0,False,False,https://inaturalist-open-data.s3.amazonaws.com/photos/242823084/medium.jpg,,,
49699,Pisaster ochraceus,Ochre Sea Star,Animalia,Ochre Sea Star,32.8715555556,-117.2533166667,,"San Diego County, CA, USA",2022-11-23,2022-11-23 23:28:39 UTC,Pacific Time (US & Canada),research,2,0,False,False,https://inaturalist-open-data.s3.amazonaws.com/photos/244727956/medium.jpeg,,,
49699,Pisaster ochraceus,Ochre Sea Star,Animalia,Ochre Sea Star,32.8715944444,-117.2534361111,,"San Diego County, CA, USA",2022-11-23,2022-11-23 23:16:54 UTC,Pacific Time (US & Canada),research,2,0,False,False,https://inaturalist-open-data.s3.amazonaws.com/photos/244728021/medium.jpeg,,,
49699,Pisaster ochraceus,Ochre Sea Star,Animalia,Ochre Sea Star,32.8716352,-117.2533415997,,"San Diego County, CA, USA",2022-11-23,2022-11-23 23:35:00 UTC,Pacific Time (US & Canada),research,3,0,False,False,https://inaturalist-open-data.s3.amazonaws.com/photos/244736120/medium.jpeg,,,
49699,Pisaster ochraceus,Ochre Sea Star,Animalia,Ochre Sea Star,32.9927474148,-117.3583408383,8.0,"San Diego County, US-CA, US",2022-11-22,2022-11-22 22:00:45 UTC,Pacific Time (US & Canada),research,2,0,False,True,https://static.inaturalist.org/photos/244752647/medium.jpg,,,Marine Invertebrates
49699,Pisaster ochraceus,Ochre Sea Star,Animalia,estrella de mar ocre,32.9984116179,-117.2786167808,7.0,"North Pacific Ocean, Solana Beach, CA, US",2022-11-24,2022-11-24 22:46:56 UTC,Pacific Time (US & Canada),research,2,0,False,False,https://static.inaturalist.org/photos/244848545/medium.jpg,,,
49699,Pisaster ochraceus,Ochre Sea Star,Animalia,estrella de mar ocre,32.761813154,-117.2465814231,4.0,"Mission Bay, San Diego, CA, USA",2022-11-25,2022-11-25 19:18:00 UTC,Pacific Time (US & Canada),research,1,0,False,False,https://inaturalist-open-data.s3.amazonaws.com/photos/245122468/medium.jpeg,,DCIM\100GOPRO\GOPR9902.JPG,
49699,Pisaster ochraceus,Ochre Sea Star,Animalia,Ochre Sea Star,32.7603120852,-117.2457360659,28.0,"Mission Bay, San Diego, CA, USA",2022-12-03,2022-12-03 21:04:00 UTC,Pacific Time (US & Canada),research,1,0,False,False,https://inaturalist-open-data.s3.amazonaws.com/photos/246282377/medium.png,,,
49699,Pisaster ochraceus,Ochre Sea Star,Animalia,Ochre Sea Star,32.87111529,-117.2534473405,2.0,"San Diego County, CA, USA",2022-12-07,2022-12-07 23:54:00 UTC,Pacific Time (US & Canada),research,1,0,False,False,https://inaturalist-open-data.s3.amazonaws.com/photos/246983713/medium.jpeg,,,
49699,Pisaster ochraceus,Ochre Sea Star,Animalia,Ochre Sea Star,32.871956163,-117.2532468384,23.0,"North Pacific Ocean, CA, US",2022-07-18,2022-07-18 15:34:00 UTC,Pacific Time (US & Canada),research,1,0,False,False,https://static.inaturalist.org/photos/247571356/medium.jpg,,,
49699,Pisaster ochraceus,Ochre Sea Star,Animalia,Ochre Sea Star,32.9983733869,-117.2786268142,6.0,"Tide Park Beach, Solana Beach, CA, US",2022-12-21,2022-12-21 22:25:18 UTC,Pacific Time (US & Canada),research,1,0,False,False,https://static.inaturalist.org/photos/248636005/medium.jpg,,,
49699,Pisaster ochraceus,Ochre Sea Star,Animalia,Ochre Sea Star,32.999339,-117.278689,,"Cardiff State Beach, San Diego County, US-CA, US",2022-12-21,,Pacific Time (US & Canada),research,2,0,False,False,https://inaturalist-open-data.s3.amazonaws.com/photos/248688750/medium.jpeg,,,
49699,Pisaster ochraceus,Ochre Sea Star,Animalia,Ochre Sea Star,32.5876813783,-117.1338290793,20.0,"North Pacific Ocean, Coronado, CA, US",2022-12-23,2022-12-24 00:06:31 UTC,Pacific Time (US & Canada),research,2,0,False,False,https://static.inaturalist.org/photos/248914006/medium.jpg,,"At end of IB jetty
",
49699,Pisaster ochraceus,Ochre Sea Star,Animalia,Ochre Sea Star,32.8710133333,-117.2536783333,42.0,"North Pacific Ocean, CA, US",2022-12-23,2022-12-23 23:51:02 UTC,Pacific Time (US & Canada),research,1,0,False,False,https://static.inaturalist.org/photos/248922160/medium.jpg,,,
49699,Pisaster ochraceus,Ochre Sea Star,Animalia,Ochre Sea Star,32.7608913469,-117.2466929769,8.0,"Mission Bay, San Diego, CA, USA",2022-09-28,2022-09-28 18:53:00 UTC,Pacific Time (US & Canada),research,2,0,False,False,https://inaturalist-open-data.s3.amazonaws.com/photos/249523792/medium.jpeg,,,
49699,Pisaster ochraceus,Ochre Sea Star,Animalia,Ochre Sea Star,32.8715234342,-117.2535179029,4.0,"San Diego County, CA, USA",2022-12-07,2022-12-07 23:22:00 UTC,Pacific Time (US & Canada),research,1,0,False,False,https://inaturalist-open-data.s3.amazonaws.com/photos/250035950/medium.jpeg,,,
49699,Pisaster ochraceus,Ochre Sea Star,Animalia,Ochre Sea Star,32.8701529712,-117.2514762729,1407.0,"La Jolla Shores Dr & Shellback Way, San Diego, CA 92037, USA",2022-12-23,2022-12-23 23:14:15 UTC,Pacific Time (US & Canada),research,1,0,False,False,https://inaturalist-open-data.s3.amazonaws.com/photos/250219734/medium.jpeg,,,
49699,Pisaster ochraceus,Ochre Sea Star,Animalia,Ochre Sea Star,32.8715833333,-117.2534716667,9.0,"North Pacific Ocean, CA, US",2023-01-04,2023-01-04 23:21:54 UTC,Pacific Time (US & Canada),research,1,0,False,False,https://static.inaturalist.org/photos/250906336/medium.jpg,,,
49699,Pisaster ochraceus,Ochre Sea Star,Animalia,Ochre Sea Star,32.8715,-117.2534166667,,"San Diego County, CA, USA",2023-01-07,2023-01-08 00:40:35 UTC,Pacific Time (US & Canada),research,1,0,False,False,https://inaturalist-open-data.s3.amazonaws.com/photos/251101749/medium.jpeg,,,
49699,Pisaster ochraceus,Ochre Sea Star,Animalia,Ochre Sea Star,32.8716283333,-117.2534033333,4.0,"North Pacific Ocean, CA, US",2023-01-18,2023-01-18 21:57:20 UTC,Pacific Time (US & Canada),research,2,0,False,False,https://inaturalist-open-data.s3.amazonaws.com/photos/252579514/medium.jpg,,,
49699,Pisaster ochraceus,Ochre Sea Star,Animalia,Ochre Sea Star,32.8435173035,-117.2668151855,637.0,San Diego,2023-01-21,2023-01-21 23:48:04 UTC,Pacific Time (US & Canada),research,2,0,False,False,https://inaturalist-open-data.s3.amazonaws.com/photos/252990088/medium.jpeg,,,
49699,Pisaster ochraceus,Ochre Sea Star,Animalia,Ochre Sea Star,32.8885574341,-117.25415802,404.0,San Diego County,2023-01-21,2023-01-22 03:19:05 UTC,Pacific Time (US & Canada),research,1,0,False,False,https://inaturalist-open-data.s3.amazonaws.com/photos/253013228/medium.jpeg,,,
49699,Pisaster ochraceus,Ochre Sea Star,Animalia,Ochre Sea Star,32.9983366667,-117.278655,4.0,"North Pacific Ocean, Solana Beach, CA, US",2023-01-21,2023-01-21 23:55:17 UTC,Pacific Time (US & Canada),research,1,0,False,False,https://inaturalist-open-data.s3.amazonaws.com/photos/253045012/medium.jpg,,"Right on the edge of the intertidal zone, king tide low tide
",
49699,Pisaster ochraceus,Ochre Sea Star,Animalia,Ochre Sea Star,32.998345,-117.2786716667,3.0,"North Pacific Ocean, Solana Beach, CA, US",2023-01-22,2023-01-22 23:23:05 UTC,Pacific Time (US & Canada),research,1,0,False,False,https://static.inaturalist.org/photos/253188113/medium.jpg,,,
49699,Pisaster ochraceus,Ochre Sea Star,Animalia,Ochre Sea Star,32.8715394167,-117.2533620278,,"San Diego County, CA, USA",2023-01-20,2023-01-20 23:29:51 UTC,Pacific Time (US & Canada),research,2,0,False,False,https://static.inaturalist.org/photos/253199678/medium.jpeg,,,
49699,Pisaster ochraceus,Ochre Sea Star,Animalia,Ochre Sea Star,32.7988996033,-117.2242430474,,United States,2023-01-22,2023-01-23 00:01:13 UTC,Pacific Time (US & Canada),research,1,0,False,True,https://inaturalist-open-data.s3.amazonaws.com/photos/253258565/medium.jpeg,,,
49699,Pisaster ochraceus,Ochre Sea Star,Animalia,Ochre Sea Star,32.8662842753,-117.254636921,208.0,Ellen Browning Scripps Memorial Pier,2023-01-21,,Pacific Time (US & Canada),research,1,0,False,False,https://inaturalist-open-data.s3.amazonaws.com/photos/253264145/medium.jpeg,,,
49699,Pisaster ochraceus,Ochre Sea Star,Animalia,Ochre Sea Star,32.9983611111,-117.2786694444,,"Solana Beach, CA, USA",2023-01-21,2023-01-21 23:56:01 UTC,Pacific Time (US & Canada),research,1,0,False,False,https://inaturalist-open-data.s3.amazonaws.com/photos/253273418/medium.jpeg,,,
49699,Pisaster ochraceus,Ochre Sea Star,Animalia,Ochre Sea Star,32.8985282904,-117.2543787584,1248.0,"San Diego County, CA, USA",2023-01-21,2023-01-21 23:35:31 UTC,Pacific Time (US & Canada),research,1,0,False,False,https://static.inaturalist.org/photos/254730544/medium.jpeg,,,
49699,Pisaster ochraceus,Ochre Sea Star,Animalia,Ochre Sea Star,32.869658901,-117.2540498001,87.0,"San Diego County, CA, USA",2023-02-16,2023-02-16 21:54:00 UTC,Pacific Time (US & Canada),research,1,0,False,False,https://inaturalist-open-data.s3.amazonaws.com/photos/256867080/medium.jpeg,,,
49699,Pisaster ochraceus,Ochre Sea Star,Animalia,Ochre Sea Star,32.999797821,-117.278968811,1167.0,Encinitas,2023-02-19,2023-02-20 04:19:27 UTC,Pacific Time (US & Canada),research,1,0,False,False,https://inaturalist-open-data.s3.amazonaws.com/photos/257042507/medium.jpeg,,,
49699,Pisaster ochraceus,Ochre Sea Star,Animalia,Ochre Sea Star,32.9983833964,-117.2785996943,2.0,"Solana Beach, CA, USA",2023-02-19,2023-02-19 23:13:00 UTC,Pacific Time (US & Canada),research,2,0,False,False,https://inaturalist-open-data.s3.amazonaws.com/photos/257042768/medium.jpg,,Unfortunately blurry - will try and update image later,
49699,Pisaster ochraceus,Ochre Sea Star,Animalia,Ochre Sea Star,32.87157,-117.2537466667,46.0,"North Pacific Ocean, CA, US",2023-02-19,2023-02-19 22:46:39 UTC,Pacific Time (US & Canada),research,1,0,False,False,https://inaturalist-open-data.s3.amazonaws.com/photos/257058291/medium.jpg,,,
49699,Pisaster ochraceus,Ochre Sea Star,Animalia,Ochre Sea Star,32.8716116259,-117.2537002434,4.0,"North Pacific Ocean, CA, US",2023-02-20,2023-02-20 22:59:58 UTC,Pacific Time (US & Canada),research,1,0,False,False,https://inaturalist-open-data.s3.amazonaws.com/photos/257198060/medium.jpg,,,
49699,Pisaster ochraceus,Ochre Sea Star,Animalia,Ochre Sea Star,32.8697842003,-117.2552907644,221.0,"North Pacific Ocean, CA, US",2023-02-20,2023-02-20 23:42:18 UTC,Pacific Time (US & Canada),research,1,0,False,False,https://inaturalist-open-data.s3.amazonaws.com/photos/257252828/medium.jpg,,,
49699,Pisaster ochraceus,Ochre Sea Star,Animalia,Ochre Sea Star,32.8716916667,-117.2537466667,3.0,"North Pacific Ocean, CA, US",2023-02-19,2023-02-19 22:59:40 UTC,Pacific Time (US & Canada),research,2,0,False,False,https://static.inaturalist.org/photos/257397289/medium.jpg,,,
49699,Pisaster ochraceus,Ochre Sea Star,Animalia,Ochre Sea Star,32.8716783333,-117.2534633333,5.0,"North Pacific Ocean, CA, US",2023-03-19,2023-03-19 21:40:18 UTC,Pacific Time (US & Canada),research,1,0,False,False,https://static.inaturalist.org/photos/261751565/medium.jpg,,,
49699,Pisaster ochraceus,Ochre Sea Star,Animalia,Ochre Sea Star,32.8719367302,-117.253500037,68.0,"North Pacific Ocean, CA, US",2023-03-19,2023-03-19 21:12:45 UTC,Pacific Time (US & Canada),research,2,0,False,False,https://inaturalist-open-data.s3.amazonaws.com/photos/261856820/medium.jpg,,,
49699,Pisaster ochraceus,Ochre Sea Star,Animalia,Ochre Sea Star,33.1494555,-117.3372716667,69.0,"Linmar Ln, Carlsbad, CA, US",2023-03-20,2023-03-20 17:12:17 UTC,Pacific Time (US & Canada),research,2,0,False,False,https://static.inaturalist.org/photos/263054317/medium.jpg,,,
49699,Pisaster ochraceus,Ochre Sea Star,Animalia,Ochre Sea Star,32.8713,-117.2537055556,,"San Diego County, CA, USA",2023-02-18,2023-02-18 22:28:26 UTC,Pacific Time (US & Canada),research,1,0,False,False,https://inaturalist-open-data.s3.amazonaws.com/photos/263788797/medium.jpeg,,,
49699,Pisaster ochraceus,Ochre Sea Star,Animalia,Ochre Sea Star,32.87162,-117.2534716667,6.0,"North Pacific Ocean, CA, US",2023-04-01,2023-04-01 21:54:32 UTC,Pacific Time (US & Canada),research,1,0,False,False,https://inaturalist-open-data.s3.amazonaws.com/photos/264640266/medium.jpg,,,
49699,Pisaster ochraceus,Ochre Sea Star,Animalia,Ochre Sea Star,33.3827282023,-117.5883315504,331.0,"San Diego County, CA, USA",2023-04-02,2023-04-02 18:09:14 UTC,Pacific Time (US & Canada),research,1,0,False,False,https://inaturalist-open-data.s3.amazonaws.com/photos/264720454/medium.jpeg,,,
49699,Pisaster ochraceus,Ochre Sea Star,Animalia,Ochre Sea Star,32.8715083333,-117.253675,,"San Diego County, CA, USA",2023-03-19,2023-03-19 21:10:00 UTC,Pacific Time (US & Canada),research,1,0,False,False,https://inaturalist-open-data.s3.amazonaws.com/photos/267665593/medium.jpg,,,
49699,Pisaster ochraceus,Ochre Sea Star,Animalia,Ochre Sea Star,32.6822287743,-117.1768211141,2444.0,"North Island, Coronado, CA, US",2023-02-28,2023-03-01 06:40:00 UTC,Pacific Time (US & Canada),research,2,0,False,False,https://inaturalist-open-data.s3.amazonaws.com/photos/273950136/medium.jpg,,,
49699,Pisaster ochraceus,Ochre Sea Star,Animalia,Ochre Sea Star,32.8715972222,-117.2535083333,9.0,"San Diego County, CA, USA",2023-04-15,2023-04-15 20:42:00 UTC,Pacific Time (US & Canada),research,2,0,False,False,https://static.inaturalist.org/photos/274672686/medium.jpg,,,
49699,Pisaster ochraceus,Ochre Sea Star,Animalia,Ochre Sea Star,32.8716283333,-117.2534466667,11.0,"North Pacific Ocean, CA, US",2023-02-17,2023-02-17 23:45:36 UTC,Pacific Time (US & Canada),research,1,0,False,False,https://static.inaturalist.org/photos/275230821/medium.jpg,,,
49699,Pisaster ochraceus,Ochre Sea Star,Animalia,estrella de mar ocre,32.87163,-117.2537,4.0,"North Pacific Ocean, CA, US",2023-02-17,2023-02-17 21:51:51 UTC,Pacific Time (US & Canada),research,1,0,False,False,https://static.inaturalist.org/photos/275473366/medium.jpg,,,
49699,Pisaster ochraceus,Ochre Sea Star,Animalia,Ochre Sea Star,32.87162,-117.2537383333,4.0,"North Pacific Ocean, CA, US",2023-02-17,2023-02-17 21:50:06 UTC,Pacific Time (US & Canada),research,1,0,False,False,https://static.inaturalist.org/photos/275472889/medium.jpg,,,
49699,Pisaster ochraceus,Ochre Sea Star,Animalia,Ochre Sea Star,32.8040966667,-117.2617033333,16.0,"Ocean Blvd, CA, US",2023-05-12,2023-05-12 17:56:41 UTC,Pacific Time (US & Canada),research,1,0,False,False,https://inaturalist-open-data.s3.amazonaws.com/photos/278800802/medium.jpg,,,
49699,Pisaster ochraceus,Ochre Sea Star,Animalia,Ochre Sea Star,32.8714972222,-117.2534333333,,"San Diego County, CA, USA",2023-05-25,2023-05-25 16:43:49 UTC,Pacific Time (US & Canada),research,1,0,False,False,https://static.inaturalist.org/photos/284862145/medium.jpeg,,,
49699,Pisaster ochraceus,Ochre Sea Star,Animalia,Ochre Sea Star,32.8710166667,-117.253355,25.0,"North Pacific Ocean, CA, US",2023-06-02,2023-06-02 09:14:50 UTC,Pacific Time (US & Canada),research,1,0,False,False,https://inaturalist-open-data.s3.amazonaws.com/photos/285774817/medium.jpg,,,
49699,Pisaster ochraceus,Ochre Sea Star,Animalia,Ochre Sea Star,32.87112,-117.253495,47.0,"La Jolla, CA, US",2023-06-04,2023-06-04 12:19:29 UTC,Pacific Time (US & Canada),research,1,0,False,False,https://static.inaturalist.org/photos/286577572/medium.jpg,,,
49699,Pisaster ochraceus,Ochre Sea Star,Animalia,Ochre Sea Star,32.8717283333,-117.2532416667,16.0,"North Pacific Ocean, CA, US",2022-05-20,2022-05-20 16:44:01 UTC,Pacific Time (US & Canada),research,1,0,False,False,https://static.inaturalist.org/photos/287475365/medium.jpg,,,
49699,Pisaster ochraceus,Ochre Sea Star,Animalia,Ochre Sea Star,32.8716593625,-117.253508011,456.0,"North Pacific Ocean, CA, US",2023-06-08,2023-06-08 14:39:03 UTC,Pacific Time (US & Canada),research,1,0,False,False,https://inaturalist-open-data.s3.amazonaws.com/photos/288088034/medium.jpg,,,
49699,Pisaster ochraceus,Ochre Sea Star,Animalia,Ochre Sea Star,32.8712765455,-117.2535675852,125.0,"North Pacific Ocean, CA, US",2023-06-08,2023-06-08 16:29:54 UTC,Pacific Time (US & Canada),research,1,0,False,False,https://inaturalist-open-data.s3.amazonaws.com/photos/288094162/medium.jpg,,This one was MASSIVE,
49699,Pisaster ochraceus,Ochre Sea Star,Animalia,Ochre Sea Star,32.8709413939,-117.2533579781,93.0,"North Pacific Ocean, CA, US",2023-06-10,2023-06-10 16:39:30 UTC,Pacific Time (US & Canada),research,1,0,False,False,https://inaturalist-open-data.s3.amazonaws.com/photos/288801387/medium.jpg,,Found very high up the beach. Unfortunately pealed off the rock by a kid and placed back exposed in the sun ,
49699,Pisaster ochraceus,Ochre Sea Star,Animalia,Ochre Sea Star,32.8715694444,-117.2535583333,,"San Diego County, CA, USA",2023-06-11,2023-06-11 18:01:27 UTC,Pacific Time (US & Canada),research,1,0,False,False,https://static.inaturalist.org/photos/289031252/medium.jpeg,,,
49699,Pisaster ochraceus,Ochre Sea Star,Animalia,Ochre Sea Star,32.8715510922,-117.253622173,147.0,"El Paseo Grande, San Diego, CA, US",2023-06-19,2023-06-19 13:16:14 UTC,Pacific Time (US & Canada),research,2,0,False,False,https://static.inaturalist.org/photos/291633222/medium.jpg,,,
49699,Pisaster ochraceus,Ochre Sea Star,Animalia,Ochre Sea Star,32.8077035289,-117.2658904642,75.0,"La Jolla, San Diego, CA, USA",2023-06-24,2023-06-24 17:03:29 UTC,Pacific Time (US & Canada),research,1,0,False,False,https://inaturalist-open-data.s3.amazonaws.com/photos/293371607/medium.jpeg,,,
49699,Pisaster ochraceus,Ochre Sea Star,Animalia,Ochre Sea Star,32.8435069306,-117.281213645,70.0,"North Pacific Ocean, CA, US",2023-07-14,2023-07-14 11:39:20 UTC,Pacific Time (US & Canada),needs_id,0,0,False,False,https://inaturalist-open-data.s3.amazonaws.com/photos/300099064/medium.jpg,,juvenile,
49699,Pisaster ochraceus,Ochre Sea Star,Animalia,Ochre Sea Star,32.7601122187,-117.2462196085,20.0,"Mission Beach, San Diego, CA 92109, USA",2023-07-16,2023-07-16 17:04:00 UTC,Pacific Time (US & Canada),research,1,0,False,False,https://inaturalist-open-data.s3.amazonaws.com/photos/300993991/medium.jpg,,snorkeling along riprap,
49699,Pisaster ochraceus,Ochre Sea Star,Animalia,Ochre Sea Star,32.7968666667,-117.2582083333,18.0,"North Pacific Ocean, CA, US",2023-07-23,2023-07-23 14:12:20 UTC,Pacific Time (US & Canada),research,1,0,False,False,https://inaturalist-open-data.s3.amazonaws.com/photos/303185710/medium.jpg,,,
49699,Pisaster ochraceus,Ochre Sea Star,Animalia,Ochre Sea Star,33.2017264082,-117.3937929422,11.0,"San Diego County, CA, USA",2023-07-27,2023-07-27 19:05:14 UTC,Pacific Time (US & Canada),research,1,0,False,False,https://static.inaturalist.org/photos/304552561/medium.jpeg,,On jetty on oceanside beach,
49699,Pisaster ochraceus,Ochre Sea Star,Animalia,Ochre Sea Star,32.7660674565,-117.2444086788,1824.0,"Mission Bay, San Diego, CA, USA",2023-08-06,2023-08-06 16:04:00 UTC,Pacific Time (US & Canada),research,1,0,False,False,https://inaturalist-open-data.s3.amazonaws.com/photos/308160285/medium.jpeg,,,
49699,Pisaster ochraceus,Ochre Sea Star,Animalia,Ochre Sea Star,32.763541333,-117.2469835995,1824.0,"Mission Bay, San Diego, CA, USA",2023-08-06,2023-08-06 16:13:00 UTC,Pacific Time (US & Canada),research,1,0,False,False,https://inaturalist-open-data.s3.amazonaws.com/photos/308163243/medium.jpg,,,
49699,Pisaster ochraceus,Ochre Sea Star,Animalia,Ochre Sea Star,32.8717169601,-117.2529387474,48.0,"La Jolla Farms, San Diego, CA 92037, USA",,,Pacific Time (US & Canada),casual,0,0,False,False,https://static.inaturalist.org/photos/308363582/medium.jpeg,,,
49699,Pisaster ochraceus,Ochre Sea Star,Animalia,Ochre Sea Star,33.2019583333,-117.39373,4.0,"North Pacific Ocean, CA, US",2023-08-04,2023-08-04 13:50:11 UTC,Pacific Time (US & Canada),research,2,0,False,False,https://inaturalist-open-data.s3.amazonaws.com/photos/308631418/medium.jpg,,,
49699,Pisaster ochraceus,Ochre Sea Star,Animalia,Ochre Sea Star,32.7611776,-117.245933,124.0,"2600 Bayside Ln, San Diego, CA 92109",2023-07-30,2023-07-30 16:31:00 UTC,Pacific Time (US & Canada),research,2,0,False,False,https://inaturalist-open-data.s3.amazonaws.com/photos/309202320/medium.jpeg,,,
49699,Pisaster ochraceus,Ochre Sea Star,Animalia,Ochre Sea Star,32.7613880666,-117.2451492243,8.0,"Mission Bay, San Diego, CA, USA",2023-07-31,2023-07-31 17:09:00 UTC,Pacific Time (US & Canada),research,2,0,False,False,https://inaturalist-open-data.s3.amazonaws.com/photos/309493359/medium.jpeg,,,
49699,Pisaster ochraceus,Ochre Sea Star,Animalia,Ochre Sea Star,32.8411111,-117.2816667,201.0,"La Jolla Tide Pools, 303 Coast Blvd, La Jolla, CA 92037",2023-08-18,,Pacific Time (US & Canada),research,1,0,False,False,https://inaturalist-open-data.s3.amazonaws.com/photos/311880108/medium.jpeg,,,
49699,Pisaster ochraceus,Ochre Sea Star,Animalia,Ochre Sea Star,32.7609109212,-117.2453497062,8.0,"Mission Beach, San Diego, CA 92109, USA",2023-08-14,2023-08-14 16:51:00 UTC,Pacific Time (US & Canada),research,2,0,False,False,https://inaturalist-open-data.s3.amazonaws.com/photos/312964910/medium.jpeg,,,
49699,Pisaster ochraceus,Ochre Sea Star,Animalia,Ochre Sea Star,32.7609109212,-117.2453497062,8.0,"Mission Beach, San Diego, CA 92109, USA",2023-08-14,2023-08-14 16:58:00 UTC,Pacific Time (US & Canada),research,2,0,False,False,https://inaturalist-open-data.s3.amazonaws.com/photos/312964916/medium.jpeg,,,
49699,Pisaster ochraceus,Ochre Sea Star,Animalia,Ochre Sea Star,32.7609109212,-117.2453497062,8.0,"Mission Beach, San Diego, CA 92109, USA",2023-08-14,2023-08-14 17:21:00 UTC,Pacific Time (US & Canada),research,2,0,False,False,https://inaturalist-open-data.s3.amazonaws.com/photos/312964945/medium.jpeg,,,
49699,Pisaster ochraceus,Ochre Sea Star,Animalia,Ochre Sea Star,32.7600512447,-117.2462559486,8.0,"Mission Beach, San Diego, CA 92109, USA",2023-08-26,2023-08-26 16:09:00 UTC,Pacific Time (US & Canada),research,1,0,False,False,https://inaturalist-open-data.s3.amazonaws.com/photos/315008263/medium.jpeg,,,
49699,Pisaster ochraceus,Ochre Sea Star,Animalia,Ochre Sea Star,32.7606724709,-117.2454488219,8.0,"Mission Bay, San Diego, CA, USA",2023-09-07,2023-09-07 16:46:00 UTC,Pacific Time (US & Canada),research,1,0,False,False,https://inaturalist-open-data.s3.amazonaws.com/photos/317740247/medium.jpg,,,
49699,Pisaster ochraceus,Ochre Sea Star,Animalia,Ochre Sea Star,32.763541333,-117.2469835995,1824.0,"Mission Bay, San Diego, CA, USA",2023-09-07,2023-09-07 16:55:00 UTC,Pacific Time (US & Canada),research,1,0,False,False,https://inaturalist-open-data.s3.amazonaws.com/photos/317777905/medium.jpeg,,,
49699,Pisaster ochraceus,Ochre Sea Star,Animalia,Ochre Sea Star,32.7602876512,-117.2457850717,2.0,"Mission Bay, San Diego, CA, USA",2023-09-10,2023-09-10 16:36:00 UTC,Pacific Time (US & Canada),research,1,0,False,False,https://inaturalist-open-data.s3.amazonaws.com/photos/318550617/medium.jpeg,,,
49699,Pisaster ochraceus,Ochre Sea Star,Animalia,Ochre Sea Star,32.7670227325,-117.2446507972,8.0,"Mission Bay, San Diego, CA, USA",2023-09-02,2023-09-02 17:12:00 UTC,Pacific Time (US & Canada),research,2,0,False,False,https://inaturalist-open-data.s3.amazonaws.com/photos/318908853/medium.jpeg,,,
49699,Pisaster ochraceus,Ochre Sea Star,Animalia,Ochre Sea Star,32.87093,-117.25325,7.0,"North Pacific Ocean, CA, US",2023-08-22,2023-08-23 01:00:27 UTC,Pacific Time (US & Canada),research,2,0,False,False,https://inaturalist-open-data.s3.amazonaws.com/photos/320069984/medium.jpg,,,
49699,Pisaster ochraceus,Ochre Sea Star,Animalia,Ochre Sea Star,32.7672711194,-117.2443187815,8.0,"Mission Bay, San Diego, CA, USA",2023-09-05,2023-09-05 16:54:00 UTC,Pacific Time (US & Canada),research,1,0,False,False,https://inaturalist-open-data.s3.amazonaws.com/photos/320606286/medium.jpeg,,,
49699,Pisaster ochraceus,Ochre Sea Star,Animalia,Ochre Sea Star,32.7605044276,-117.2456201118,15.0,"Mission Beach, San Diego, CA 92109, USA",2023-09-06,2023-09-06 17:29:00 UTC,Pacific Time (US & Canada),research,1,0,False,False,https://inaturalist-open-data.s3.amazonaws.com/photos/320613495/medium.jpeg,,,
49699,Pisaster ochraceus,Ochre Sea Star,Animalia,Ochre Sea Star,32.7669613769,-117.2446794266,8.0,"Mission Bay, San Diego, CA, USA",2023-09-10,2023-09-10 16:37:00 UTC,Pacific Time (US & Canada),research,1,0,False,False,https://inaturalist-open-data.s3.amazonaws.com/photos/321696872/medium.jpeg,,,
49699,Pisaster ochraceus,Ochre Sea Star,Animalia,Ochre Sea Star,32.8411111,-117.2816667,201.0,"La Jolla Tide Pools, 303 Coast Blvd, La Jolla, CA 92037",2023-09-20,2023-09-20 22:45:00 UTC,Pacific Time (US & Canada),research,2,0,False,False,https://inaturalist-open-data.s3.amazonaws.com/photos/323201021/medium.png,,"Found in tide pools, wedged between rocks. Bright orange and thick bumpy exterior. Sunny. 0.75 feet long. ",
49699,Pisaster ochraceus,Ochre Sea Star,Animalia,Ochre Sea Star,32.7600278662,-117.2464203814,20.0,"Mission Beach, San Diego, CA 92109, USA",2023-09-29,2023-09-29 17:19:00 UTC,Pacific Time (US & Canada),research,1,0,False,False,https://inaturalist-open-data.s3.amazonaws.com/photos/323976294/medium.jpg,,,
49699,Pisaster ochraceus,Ochre Sea Star,Animalia,Ochre Sea Star,32.8328112,-117.2712717,13029.0,"La Jolla, San Diego, CA, USA",2023-09-23,2023-09-23 16:35:00 UTC,Pacific Time (US & Canada),research,1,0,False,False,https://inaturalist-open-data.s3.amazonaws.com/photos/325208864/medium.jpg,,,
49699,Pisaster ochraceus,Ochre Sea Star,Animalia,Ochre Sea Star,32.7604314612,-117.2456751619,8.0,"Mission Beach, San Diego, CA 92109, USA",2023-09-18,2023-09-18 16:48:00 UTC,Pacific Time (US & Canada),research,1,0,False,False,https://inaturalist-open-data.s3.amazonaws.com/photos/327156680/medium.jpeg,,,
49699,Pisaster ochraceus,Ochre Sea Star,Animalia,Ochre Sea Star,32.7667066313,-117.2447976206,8.0,"Mission Bay, San Diego, CA, USA",2023-09-19,2023-09-19 16:22:00 UTC,Pacific Time (US & Canada),research,1,0,False,False,https://inaturalist-open-data.s3.amazonaws.com/photos/327160212/medium.jpeg,,,
49699,Pisaster ochraceus,Ochre Sea Star,Animalia,Ochre Sea Star,32.8546915947,-117.2688733303,2718.0,"North Pacific Ocean, CA, US",2023-10-02,2023-10-02 20:47:00 UTC,Pacific Time (US & Canada),research,1,0,False,False,https://inaturalist-open-data.s3.amazonaws.com/photos/329090215/medium.jpg,,,
49699,Pisaster ochraceus,Ochre Sea Star,Animalia,Ochre Sea Star,32.7605612514,-117.2455559064,8.0,"Mission Bay, San Diego, CA, USA",2023-09-29,2023-09-29 17:51:00 UTC,Pacific Time (US & Canada),research,1,0,False,False,https://inaturalist-open-data.s3.amazonaws.com/photos/329268306/medium.jpeg,,,
49699,Pisaster ochraceus,Ochre Sea Star,Animalia,Ochre Sea Star,32.76094034,-117.2452842957,8.0,"Mission Bay, San Diego, CA, USA",2023-10-02,2023-10-02 17:46:00 UTC,Pacific Time (US & Canada),research,1,0,False,False,https://inaturalist-open-data.s3.amazonaws.com/photos/330749859/medium.jpeg,,,
49699,Pisaster ochraceus,Ochre Sea Star,Animalia,Ochre Sea Star,32.579570466,-117.1334218436,46.0,"Imperial Beach Pier, CA, US",2023-10-29,2023-10-30 00:01:38 UTC,Pacific Time (US & Canada),research,2,0,False,False,https://inaturalist-open-data.s3.amazonaws.com/photos/331815547/medium.jpg,,,
49699,Pisaster ochraceus,Ochre Sea Star,Animalia,Ochre Sea Star,32.7611776,-117.245933,124.0,"2600 Bayside Ln, San Diego, CA 92109",2023-09-27,2023-09-27 17:54:00 UTC,Pacific Time (US & Canada),research,1,0,False,False,https://inaturalist-open-data.s3.amazonaws.com/photos/331817784/medium.jpeg,,,
49699,Pisaster ochraceus,Ochre Sea Star,Animalia,Ochre Sea Star,32.8665033333,-117.25532,12.0,"Ellen Browning Scripps Memorial Pier, CA, US",2023-10-29,2023-10-29 23:01:17 UTC,Pacific Time (US & Canada),research,1,0,False,False,https://inaturalist-open-data.s3.amazonaws.com/photos/331830393/medium.jpg,,,
49699,Pisaster ochraceus,Ochre Sea Star,Animalia,Ochre Sea Star,32.7611776,-117.245933,124.0,"2600 Bayside Ln, San Diego, CA 92109",2023-10-10,2023-10-10 16:44:00 UTC,Pacific Time (US & Canada),research,1,0,False,False,https://inaturalist-open-data.s3.amazonaws.com/photos/335920442/medium.jpeg,,,
49699,Pisaster ochraceus,Ochre Sea Star,Animalia,Ochre Sea Star,32.8677263619,-117.254022976,8.0,"San Diego County, CA, USA",2023-11-19,,Pacific Time (US & Canada),research,1,0,False,False,https://inaturalist-open-data.s3.amazonaws.com/photos/336086504/medium.jpeg,,,
49699,Pisaster ochraceus,Ochre Sea Star,Animalia,Ochre Sea Star,32.8062811833,-117.2637050467,7.0,"Chelsea St, San Diego, CA, US",2023-11-27,2023-11-27 22:23:07 UTC,Pacific Time (US & Canada),research,2,0,False,False,https://inaturalist-open-data.s3.amazonaws.com/photos/337714679/medium.jpg,,,
49699,Pisaster ochraceus,Ochre Sea Star,Animalia,Ochre Sea Star,32.8053716,-117.2619803,194.0,"Tourmaline Beach, 601 Tourmaline St, San Diego, CA 92109",2023-11-27,2023-11-27 22:52:00 UTC,Pacific Time (US & Canada),research,2,0,False,False,https://inaturalist-open-data.s3.amazonaws.com/photos/337863517/medium.jpg,,,
49699,Pisaster ochraceus,Ochre Sea Star,Animalia,Ochre Sea Star,32.871625,-117.2536166667,4.0,"北太平洋, CA, US",2023-11-27,2023-11-27 23:45:59 UTC,Pacific Time (US & Canada),research,1,0,False,False,https://inaturalist-open-data.s3.amazonaws.com/photos/337878519/medium.jpg,,,
49699,Pisaster ochraceus,Ochre Sea Star,Animalia,Ochre Sea Star,32.8079333333,-117.2655333333,4.0,"North Pacific Ocean, San Diego, CA, US",2023-11-29,2023-11-29 22:41:29 UTC,Pacific Time (US & Canada),research,1,0,False,False,https://inaturalist-open-data.s3.amazonaws.com/photos/338154575/medium.jpg,,,
49699,Pisaster ochraceus,Ochre Sea Star,Animalia,Ochre Sea Star,32.8716133333,-117.2535633333,4.0,"North Pacific Ocean, CA, US",2023-11-27,2023-11-27 23:18:21 UTC,Pacific Time (US & Canada),research,1,0,False,False,https://inaturalist-open-data.s3.amazonaws.com/photos/338442257/medium.jpg,,,
49699,Pisaster ochraceus,Ochre Sea Star,Animalia,Ochre Sea Star,32.805371624,-117.261980474,196.0,"Pacific Beach, San Diego, CA, USA",2023-11-29,2023-11-29 22:32:06 UTC,Pacific Time (US & Canada),research,2,0,False,False,https://inaturalist-open-data.s3.amazonaws.com/photos/338709553/medium.jpeg,,,
49699,Pisaster ochraceus,Ochre Sea Star,Animalia,Ochre Sea Star,32.8079527778,-117.2655027778,4.0,"La Jolla, San Diego, CA, USA",2023-11-29,2023-11-29 22:40:00 UTC,Pacific Time (US & Canada),research,2,0,False,False,https://inaturalist-open-data.s3.amazonaws.com/photos/338734164/medium.jpg,,,
49699,Pisaster ochraceus,Ochre Sea Star,Animalia,Ochre Sea Star,32.7666357913,-117.2448253736,15.0,"Mission Bay, San Diego, CA, USA",2023-10-01,2023-10-01 21:04:00 UTC,Pacific Time (US & Canada),research,1,0,False,False,https://inaturalist-open-data.s3.amazonaws.com/photos/338809245/medium.jpeg,,,
49699,Pisaster ochraceus,Ochre Sea Star,Animalia,Ochre Sea Star,32.7611776,-117.245933,114.0,"Mission Point Park, 2600 Bayside Ln, San Diego, CA 92109, USA",2023-10-05,2023-10-05 19:24:00 UTC,Pacific Time (US & Canada),research,1,0,False,False,https://inaturalist-open-data.s3.amazonaws.com/photos/339067228/medium.jpeg,,,
49699,Pisaster ochraceus,Ochre Sea Star,Animalia,Ochre Sea Star,32.7611776,-117.245933,114.0,"Mission Point Park, 2600 Bayside Ln, San Diego, CA 92109, USA",2023-10-16,2023-10-16 19:06:00 UTC,Pacific Time (US & Canada),research,1,0,False,False,https://inaturalist-open-data.s3.amazonaws.com/photos/340120627/medium.jpeg,,,
49699,Pisaster ochraceus,Ochre Sea Star,Animalia,Ochre Sea Star,32.7668668947,-117.2446233536,8.0,"Mission Bay, San Diego, CA, USA",2023-10-12,2023-10-12 17:49:00 UTC,Pacific Time (US & Canada),research,1,0,False,False,https://inaturalist-open-data.s3.amazonaws.com/photos/340136578/medium.jpeg,,,
49699,Pisaster ochraceus,Ochre Sea Star,Animalia,Ochre Sea Star,32.8730065934,-117.253438119,372.0,"North Pacific Ocean, CA, US",2023-12-14,2023-12-15 00:20:29 UTC,Pacific Time (US & Canada),research,1,0,False,False,https://inaturalist-open-data.s3.amazonaws.com/photos/340883824/medium.jpg,,,
49699,Pisaster ochraceus,Ochre Sea Star,Animalia,Ochre Sea Star,32.8663141255,-117.2548602908,57.0,"San Diego County, CA, USA",2023-12-15,2023-12-16 02:01:00 UTC,Pacific Time (US & Canada),research,2,0,False,False,https://inaturalist-open-data.s3.amazonaws.com/photos/341135435/medium.jpeg,,,
49699,Pisaster ochraceus,Ochre Sea Star,Animalia,Ochre Sea Star,32.8663448558,-117.2549279678,59.0,"San Diego County, CA, USA",2023-12-15,2023-12-16 02:01:00 UTC,Pacific Time (US & Canada),research,2,0,False,False,https://inaturalist-open-data.s3.amazonaws.com/photos/341135439/medium.jpeg,,,
49699,Pisaster ochraceus,Ochre Sea Star,Animalia,Ochre Sea Star,32.8664383333,-117.2550966667,3.0,"Ellen Browning Scripps Memorial Pier, CA, US",2023-12-16,2023-12-17 02:30:20 UTC,Pacific Time (US & Canada),research,2,0,False,False,https://inaturalist-open-data.s3.amazonaws.com/photos/341231058/medium.jpg,,,
49699,Pisaster ochraceus,Ochre Sea Star,Animalia,Ochre Sea Star,32.8664366667,-117.2550966667,3.0,"Ellen Browning Scripps Memorial Pier, CA, US",2023-12-16,2023-12-17 02:30:23 UTC,Pacific Time (US & Canada),research,2,0,False,False,https://inaturalist-open-data.s3.amazonaws.com/photos/341231130/medium.jpg,,,
49699,Pisaster ochraceus,Ochre Sea Star,Animalia,Ochre Sea Star,32.8664883333,-117.255195,4.0,"Ellen Browning Scripps Memorial Pier, CA, US",2023-12-16,2023-12-17 02:30:56 UTC,Pacific Time (US & Canada),research,2,0,False,False,https://inaturalist-open-data.s3.amazonaws.com/photos/341231179/medium.jpg,,,
49699,Pisaster ochraceus,Ochre Sea Star,Animalia,Ochre Sea Star,32.866445,-117.2551416667,3.0,"Ellen Browning Scripps Memorial Pier, CA, US",2023-12-16,2023-12-17 02:31:38 UTC,Pacific Time (US & Canada),research,2,0,False,False,https://inaturalist-open-data.s3.amazonaws.com/photos/341231236/medium.jpg,,,
49699,Pisaster ochraceus,Ochre Sea Star,Animalia,Ochre Sea Star,32.8665,-117.25528,4.0,"Ellen Browning Scripps Memorial Pier, CA, US",2023-12-16,2023-12-17 02:32:17 UTC,Pacific Time (US & Canada),research,2,0,False,False,https://inaturalist-open-data.s3.amazonaws.com/photos/341231299/medium.jpg,,,
49699,Pisaster ochraceus,Ochre Sea Star,Animalia,Ochre Sea Star,32.8664583333,-117.2552866667,3.0,"Ellen Browning Scripps Memorial Pier, CA, US",2023-12-16,2023-12-17 02:32:40 UTC,Pacific Time (US & Canada),research,2,0,False,False,https://inaturalist-open-data.s3.amazonaws.com/photos/341231346/medium.jpg,,,
49699,Pisaster ochraceus,Ochre Sea Star,Animalia,Ochre Sea Star,32.8664466667,-117.25528,3.0,"North Pacific Ocean, CA, US",2023-12-16,2023-12-17 02:32:46 UTC,Pacific Time (US & Canada),research,2,0,False,False,https://inaturalist-open-data.s3.amazonaws.com/photos/341231433/medium.jpg,,,
49699,Pisaster ochraceus,Ochre Sea Star,Animalia,Ochre Sea Star,32.866455,-117.2553166667,4.0,"North Pacific Ocean, CA, US",2023-12-16,2023-12-17 02:33:09 UTC,Pacific Time (US & Canada),research,2,0,False,False,https://inaturalist-open-data.s3.amazonaws.com/photos/341231501/medium.jpg,,,
49699,Pisaster ochraceus,Ochre Sea Star,Animalia,Ochre Sea Star,32.8714216667,-117.2537,6.0,"North Pacific Ocean, CA, US",2023-12-16,2023-12-17 03:01:39 UTC,Pacific Time (US & Canada),research,1,0,False,False,https://inaturalist-open-data.s3.amazonaws.com/photos/341234255/medium.jpg,,,
49699,Pisaster ochraceus,Ochre Sea Star,Animalia,Ochre Sea Star,32.8715966667,-117.25357,4.0,"North Pacific Ocean, CA, US",2023-12-17,2023-12-18 03:39:23 UTC,Pacific Time (US & Canada),research,3,0,False,False,https://static.inaturalist.org/photos/341413979/medium.jpg,,,
49699,Pisaster ochraceus,Ochre Sea Star,Animalia,Ochre Sea Star,32.9582521021,-117.3584719564,124.0,"San Diego County, US-CA, US",2023-12-15,2023-12-16 02:01:00 UTC,Pacific Time (US & Canada),research,2,0,False,True,https://inaturalist-open-data.s3.amazonaws.com/photos/341481700/medium.jpeg,,,
49699,Pisaster ochraceus,Ochre Sea Star,Animalia,Ochre Sea Star,32.8073609707,-117.226175615,124.0,"San Diego County, US-CA, US",2023-12-15,2023-12-16 02:01:00 UTC,Pacific Time (US & Canada),research,2,0,False,True,https://inaturalist-open-data.s3.amazonaws.com/photos/341481698/medium.jpeg,,,
49699,Pisaster ochraceus,Ochre Sea Star,Animalia,Ochre Sea Star,32.9275270898,-117.3065963046,124.0,"San Diego County, US-CA, US",2023-12-15,2023-12-16 02:01:00 UTC,Pacific Time (US & Canada),research,2,0,False,True,https://inaturalist-open-data.s3.amazonaws.com/photos/341481699/medium.jpeg,,,
49699,Pisaster ochraceus,Ochre Sea Star,Animalia,Ochre Sea Star,32.8716366667,-117.25363,4.0,"North Pacific Ocean, CA, US",2023-12-25,2023-12-25 22:50:45 UTC,Pacific Time (US & Canada),research,2,0,False,False,https://inaturalist-open-data.s3.amazonaws.com/photos/342641826/medium.jpg,,,
49699,Pisaster ochraceus,Ochre Sea Star,Animalia,Ochre Sea Star,32.871737028,-117.2533487369,88.0,"North Pacific Ocean, CA, US",2023-12-25,2023-12-26 02:41:06 UTC,Pacific Time (US & Canada),research,3,0,False,False,https://inaturalist-open-data.s3.amazonaws.com/photos/342643484/medium.jpg,,,
49699,Pisaster ochraceus,Ochre Sea Star,Animalia,Ochre Sea Star,32.8727116667,-117.2526866667,1827.0,"North Pacific Ocean, CA, US",2023-12-25,2023-12-25 22:49:48 UTC,Pacific Time (US & Canada),research,1,0,False,False,https://inaturalist-open-data.s3.amazonaws.com/photos/342760821/medium.jpg,,,
49699,Pisaster ochraceus,Ochre Sea Star,Animalia,Ochre Sea Star,32.866245,-117.255225,9.0,"North Pacific Ocean, CA, US",2023-12-25,2023-12-25 22:23:01 UTC,Pacific Time (US & Canada),research,1,0,False,False,https://inaturalist-open-data.s3.amazonaws.com/photos/342761158/medium.jpg,,,
49699,Pisaster ochraceus,Ochre Sea Star,Animalia,Ochre Sea Star,32.8664533333,-117.2551883333,4.0,"Ellen Browning Scripps Memorial Pier, CA, US",2023-12-26,2023-12-26 22:57:48 UTC,Pacific Time (US & Canada),research,2,0,False,False,https://inaturalist-open-data.s3.amazonaws.com/photos/342797641/medium.jpg,,,
49699,Pisaster ochraceus,Ochre Sea Star,Animalia,Ochre Sea Star,32.8697996261,-117.2541347613,3.0,"North Pacific Ocean, CA, US",2023-12-26,2023-12-27 00:05:06 UTC,Pacific Time (US & Canada),research,1,0,False,False,https://static.inaturalist.org/photos/342797928/medium.jpg,,,
49699,Pisaster ochraceus,Ochre Sea Star,Animalia,Ochre Sea Star,32.87165,-117.2536,5.0,"North Pacific Ocean, CA, US",2023-12-27,2023-12-27 23:01:51 UTC,Pacific Time (US & Canada),research,1,0,False,False,https://static.inaturalist.org/photos/343023441/medium.jpg,,,
49699,Pisaster ochraceus,Ochre Sea Star,Animalia,Ochre Sea Star,32.8716166667,-117.2535866667,3.0,"North Pacific Ocean, CA, US",2023-12-27,2023-12-27 22:55:10 UTC,Pacific Time (US & Canada),research,1,0,False,False,https://static.inaturalist.org/photos/343023559/medium.jpg,,,
49699,Pisaster ochraceus,Ochre Sea Star,Animalia,Ochre Sea Star,32.8664783333,-117.2551883333,4.0,"Ellen Browning Scripps Memorial Pier, CA, US",2023-12-27,2023-12-28 00:33:54 UTC,Pacific Time (US & Canada),research,1,0,False,False,https://inaturalist-open-data.s3.amazonaws.com/photos/343115115/medium.jpg,,,
49699,Pisaster ochraceus,Ochre Sea Star,Animalia,Ochre Sea Star,33.3844751363,-117.595198676,1815.0,"San Diego County, CA, USA",2023-12-28,2023-12-29 00:53:54 UTC,Pacific Time (US & Canada),research,1,0,False,False,https://static.inaturalist.org/photos/344578860/medium.jpeg,,,
49699,Pisaster ochraceus,Ochre Sea Star,Animalia,Ochre Sea Star,32.8714616667,-117.2536916667,8.0,"North Pacific Ocean, CA, US",2024-01-12,2024-01-13 00:04:27 UTC,Pacific Time (US & Canada),research,1,0,False,False,https://static.inaturalist.org/photos/345991507/medium.jpg,,,
49699,Pisaster ochraceus,Ochre Sea Star,Animalia,Ochre Sea Star,32.8716133333,-117.2535633333,4.0,"North Pacific Ocean, CA, US",2023-11-27,2023-11-27 23:15:19 UTC,Pacific Time (US & Canada),research,2,0,False,False,https://inaturalist-open-data.s3.amazonaws.com/photos/349162978/medium.jpg,,,
49699,Pisaster ochraceus,Ochre Sea Star,Animalia,Ochre Sea Star,32.843705,-117.2806783333,4.0,"North Pacific Ocean, CA, US",2023-08-03,2023-08-03 15:19:00 UTC,Pacific Time (US & Canada),research,1,0,False,False,https://inaturalist-open-data.s3.amazonaws.com/photos/349201885/medium.jpg,,,
49699,Pisaster ochraceus,Ochre Sea Star,Animalia,Ochre Sea Star,32.8721608818,-117.254530062,189.0,"North Pacific Ocean, CA, US",2020-03-07,2020-03-07 22:19:00 UTC,Pacific Time (US & Canada),research,2,0,False,False,https://inaturalist-open-data.s3.amazonaws.com/photos/349230066/medium.jpg,,,
49699,Pisaster ochraceus,Ochre Sea Star,Animalia,Ochre Sea Star,32.8714226091,-117.2535799966,4.0,"North Pacific Ocean, CA, US",2024-02-07,2024-02-07 21:28:50 UTC,Pacific Time (US & Canada),research,1,0,False,False,https://inaturalist-open-data.s3.amazonaws.com/photos/350270322/medium.jpg,,,
49699,Pisaster ochraceus,Ochre Sea Star,Animalia,Ochre Sea Star,32.86928922,-117.25367978,8.0,"La Jolla Shores, San Diego, CA 92037, USA",2024-02-07,2024-02-07 22:17:32 UTC,Pacific Time (US & Canada),research,1,0,False,False,https://inaturalist-open-data.s3.amazonaws.com/photos/350236507/medium.jpeg,,,
49699,Pisaster ochraceus,Ochre Sea Star,Animalia,Ochre Sea Star,32.8714194444,-117.2535666667,,"San Diego County, CA, USA",2024-02-07,2024-02-07 21:29:23 UTC,Pacific Time (US & Canada),research,1,0,False,False,https://static.inaturalist.org/photos/350241410/medium.jpeg,,,
49699,Pisaster ochraceus,Ochre Sea Star,Animalia,Ochre Sea Star,32.8693916667,-117.2538216667,5.0,"North Pacific Ocean, CA, US",2024-02-07,2024-02-07 22:17:19 UTC,Pacific Time (US & Canada),research,1,0,False,False,https://static.inaturalist.org/photos/350244261/medium.jpg,,,
49699,Pisaster ochraceus,Ochre Sea Star,Animalia,Ochre Sea Star,32.8717416667,-117.253555,4.0,"North Pacific Ocean, CA, US",2024-02-07,2024-02-07 21:50:24 UTC,Pacific Time (US & Canada),research,1,0,False,False,https://static.inaturalist.org/photos/350244769/medium.jpg,,,
49699,Pisaster ochraceus,Ochre Sea Star,Animalia,Ochre Sea Star,32.8713283333,-117.25377,28.0,"North Pacific Ocean, CA, US",2024-02-07,2024-02-07 21:26:14 UTC,Pacific Time (US & Canada),research,1,0,False,False,https://inaturalist-open-data.s3.amazonaws.com/photos/350244802/medium.jpg,,,
49699,Pisaster ochraceus,Ochre Sea Star,Animalia,Ochre Sea Star,32.8481888889,-117.2733055556,,"Village of La Jolla, San Diego, CA 92037, USA",2024-02-07,2024-02-07 21:28:43 UTC,Pacific Time (US & Canada),research,1,0,False,False,https://static.inaturalist.org/photos/350245416/medium.jpeg,,,
49699,Pisaster ochraceus,Ochre Sea Star,Animalia,Ochre Sea Star,32.8713677,-117.2535361,,"San Diego County, CA, USA",2024-02-07,2024-02-07 21:28:21 UTC,Pacific Time (US & Canada),research,1,0,False,False,https://static.inaturalist.org/photos/350246681/medium.jpeg,,,
49699,Pisaster ochraceus,Ochre Sea Star,Animalia,Ochre Sea Star,32.8716907963,-117.252946615,4.0,"La Jolla Farms, San Diego, CA 92037, USA",2024-02-07,2024-02-07 21:29:00 UTC,Pacific Time (US & Canada),research,1,0,False,False,https://static.inaturalist.org/photos/350247162/medium.jpg,,,
49699,Pisaster ochraceus,Ochre Sea Star,Animalia,Ochre Sea Star,32.869787302,-117.2534269093,15.0,"La Jolla, San Diego, CA, USA",2024-02-07,2024-02-07 22:18:00 UTC,Pacific Time (US & Canada),research,1,0,False,False,https://static.inaturalist.org/photos/350249717/medium.jpg,,,
49699,Pisaster ochraceus,Ochre Sea Star,Animalia,Ochre Sea Star,32.87138,-117.2535333333,5.0,"North Pacific Ocean, CA, US",2024-02-07,2024-02-07 21:26:26 UTC,Pacific Time (US & Canada),research,2,0,False,False,https://inaturalist-open-data.s3.amazonaws.com/photos/350251255/medium.jpg,,,
49699,Pisaster ochraceus,Ochre Sea Star,Animalia,Ochre Sea Star,32.8672983694,-117.2537393269,1.0,"La Jolla, San Diego, CA, USA",2024-02-07,2024-02-08 00:23:00 UTC,Pacific Time (US & Canada),research,2,0,False,False,https://inaturalist-open-data.s3.amazonaws.com/photos/350251933/medium.jpg,,,
49699,Pisaster ochraceus,Ochre Sea Star,Animalia,Ochre Sea Star,32.871345,-117.2535633333,4.0,"North Pacific Ocean, CA, US",2024-02-07,2024-02-07 21:26:57 UTC,Pacific Time (US & Canada),research,1,0,False,False,https://inaturalist-open-data.s3.amazonaws.com/photos/350253097/medium.jpg,,,
49699,Pisaster ochraceus,Ochre Sea Star,Animalia,Ochre Sea Star,32.8693916667,-117.2538383333,4.0,"North Pacific Ocean, CA, US",2024-02-07,2024-02-07 22:17:32 UTC,Pacific Time (US & Canada),research,1,0,False,False,https://inaturalist-open-data.s3.amazonaws.com/photos/350253774/medium.jpg,,,
49699,Pisaster ochraceus,Ochre Sea Star,Animalia,Ochre Sea Star,32.8714107117,-117.2534924559,9.0,"San Diego County, US-CA, US",2024-02-07,2024-02-07 21:30:59 UTC,Pacific Time (US & Canada),research,1,0,False,False,https://inaturalist-open-data.s3.amazonaws.com/photos/350265894/medium.jpeg,,,
49699,Pisaster ochraceus,Ochre Sea Star,Animalia,Ochre Sea Star,32.8673693182,-117.2540743276,53.0,"La Jolla Shores, San Diego, CA 92037, USA",2024-02-07,2024-02-07 22:18:07 UTC,Pacific Time (US & Canada),research,1,0,False,False,https://inaturalist-open-data.s3.amazonaws.com/photos/350266831/medium.jpeg,,,
49699,Pisaster ochraceus,Ochre Sea Star,Animalia,Ochre Sea Star,32.871445,-117.2534866667,36.0,"North Pacific Ocean, CA, US",2024-02-07,2024-02-07 23:09:42 UTC,Pacific Time (US & Canada),research,1,0,False,False,https://inaturalist-open-data.s3.amazonaws.com/photos/350268970/medium.jpg,,,
49699,Pisaster ochraceus,Ochre Sea Star,Animalia,Ochre Sea Star,32.8693444444,-117.25395,,"San Diego County, CA, USA",2024-02-07,2024-02-07 22:17:13 UTC,Pacific Time (US & Canada),research,2,0,False,False,https://inaturalist-open-data.s3.amazonaws.com/photos/350281342/medium.jpeg,,,
49699,Pisaster ochraceus,Ochre Sea Star,Animalia,Ochre Sea Star,32.8726102327,-117.2529919614,579.0,"North Pacific Ocean, CA, US",2024-02-08,2024-02-09 01:00:41 UTC,Pacific Time (US & Canada),research,2,0,False,False,https://inaturalist-open-data.s3.amazonaws.com/photos/350404209/medium.jpg,,,
49699,Pisaster ochraceus,Ochre Sea Star,Animalia,Ochre Sea Star,32.8713533333,-117.2535383333,5.0,"North Pacific Ocean, CA, US",2024-02-07,2024-02-07 22:49:18 UTC,Pacific Time (US & Canada),research,1,0,False,False,https://inaturalist-open-data.s3.amazonaws.com/photos/350563243/medium.jpg,,,
49699,Pisaster ochraceus,Ochre Sea Star,Animalia,Ochre Sea Star,32.8716783333,-117.2536083333,6.0,"North Pacific Ocean, CA, US",2024-02-09,2024-02-09 23:32:52 UTC,Pacific Time (US & Canada),research,1,0,False,False,https://inaturalist-open-data.s3.amazonaws.com/photos/350591998/medium.jpg,,,
49699,Pisaster ochraceus,Ochre Sea Star,Animalia,Pisaster ochraceus,32.8716283333,-117.253595,8.0,"North Pacific Ocean, CA, US",2024-02-09,2024-02-09 22:51:27 UTC,Pacific Time (US & Canada),research,2,0,False,False,https://static.inaturalist.org/photos/350598758/medium.jpg,,,
49699,Pisaster ochraceus,Ochre Sea Star,Animalia,Ochre Sea Star,32.871625,-117.253625,4.0,"North Pacific Ocean, CA, US",2024-02-10,2024-02-11 01:03:51 UTC,Pacific Time (US & Canada),research,1,0,False,False,https://inaturalist-open-data.s3.amazonaws.com/photos/350767993/medium.jpg,,huge,
49699,Pisaster ochraceus,Ochre Sea Star,Animalia,Ochre Sea Star,32.8716616667,-117.2536083333,4.0,"North Pacific Ocean, CA, US",2024-02-10,2024-02-11 00:00:33 UTC,Pacific Time (US & Canada),research,1,0,False,False,https://inaturalist-open-data.s3.amazonaws.com/photos/350771655/medium.jpg,,,
49699,Pisaster ochraceus,Ochre Sea Star,Animalia,Ochre Sea Star,32.871645,-117.25363,4.0,"North Pacific Ocean, CA, US",2024-02-10,2024-02-11 00:49:08 UTC,Pacific Time (US & Canada),research,1,0,False,False,https://inaturalist-open-data.s3.amazonaws.com/photos/350776207/medium.jpg,,,
49699,Pisaster ochraceus,Ochre Sea Star,Animalia,Pisaster ochraceus,32.87165,-117.2536083333,13.0,"North Pacific Ocean, CA, US",2024-02-09,2024-02-09 22:25:20 UTC,Pacific Time (US & Canada),research,1,0,False,False,https://static.inaturalist.org/photos/351006319/medium.jpg,,,
49699,Pisaster ochraceus,Ochre Sea Star,Animalia,Pisaster ochraceus,32.871575,-117.2537083333,5.0,"North Pacific Ocean, CA, US",2024-02-09,2024-02-10 00:07:20 UTC,Pacific Time (US & Canada),research,1,0,False,False,https://static.inaturalist.org/photos/351006808/medium.jpg,,,
49699,Pisaster ochraceus,Ochre Sea Star,Animalia,Pisaster ochraceus,32.8514866667,-117.2597366667,4604.0,"Roseland Dr, San Diego, CA, US",2024-02-09,2024-02-10 00:14:19 UTC,Pacific Time (US & Canada),research,1,0,False,False,https://static.inaturalist.org/photos/351006888/medium.jpg,,,
49699,Pisaster ochraceus,Ochre Sea Star,Animalia,Pisaster ochraceus,32.87135,-117.2537166667,5.0,"North Pacific Ocean, CA, US",2024-02-09,2024-02-10 00:17:34 UTC,Pacific Time (US & Canada),research,1,0,False,False,https://static.inaturalist.org/photos/351007013/medium.jpg,,,
49699,Pisaster ochraceus,Ochre Sea Star,Animalia,Pisaster ochraceus,32.871345,-117.2537,5.0,"North Pacific Ocean, CA, US",2024-02-09,2024-02-10 00:18:21 UTC,Pacific Time (US & Canada),research,1,0,False,False,https://static.inaturalist.org/photos/351007139/medium.jpg,,,
49699,Pisaster ochraceus,Ochre Sea Star,Animalia,Pisaster ochraceus,32.8713333333,-117.2537,5.0,"North Pacific Ocean, CA, US",2024-02-09,2024-02-10 00:19:26 UTC,Pacific Time (US & Canada),research,1,0,False,False,https://static.inaturalist.org/photos/351007175/medium.jpg,,,
49699,Pisaster ochraceus,Ochre Sea Star,Animalia,Pisaster ochraceus,32.8713116667,-117.25367,19.0,"North Pacific Ocean, CA, US",2024-02-09,2024-02-10 00:20:34 UTC,Pacific Time (US & Canada),research,1,0,False,False,https://static.inaturalist.org/photos/351007243/medium.jpg,,,
49699,Pisaster ochraceus,Ochre Sea Star,Animalia,Pisaster ochraceus,32.8712416667,-117.253625,18.0,"North Pacific Ocean, CA, US",2024-02-09,2024-02-10 00:24:40 UTC,Pacific Time (US & Canada),research,1,0,False,False,https://static.inaturalist.org/photos/351007294/medium.jpg,,,
49699,Pisaster ochraceus,Ochre Sea Star,Animalia,Pisaster ochraceus,32.8712,-117.2535783333,9.0,"North Pacific Ocean, CA, US",2024-02-09,2024-02-10 00:28:27 UTC,Pacific Time (US & Canada),research,1,0,False,False,https://static.inaturalist.org/photos/351007350/medium.jpg,,,
49699,Pisaster ochraceus,Ochre Sea Star,Animalia,Ochre Sea Star,32.8712510926,-117.2532666789,4.0,"La Jolla, San Diego, CA, USA",2024-02-10,2024-02-11 01:04:00 UTC,Pacific Time (US & Canada),research,1,0,False,False,https://inaturalist-open-data.s3.amazonaws.com/photos/351030684/medium.jpeg,,,
49699,Pisaster ochraceus,Ochre Sea Star,Animalia,Ochre Sea Star,32.8719848359,-117.2534011747,71.0,"North Pacific Ocean, CA, US",2024-02-07,2024-02-07 23:01:58 UTC,Pacific Time (US & Canada),research,1,0,False,False,https://static.inaturalist.org/photos/351436748/medium.jpg,,,
49699,Pisaster ochraceus,Ochre Sea Star,Animalia,Ochre Sea Star,32.7617833458,-117.2452844746,20.0,"Mission Bay, San Diego, CA, USA",2024-02-13,2024-02-14 06:58:00 UTC,Pacific Time (US & Canada),research,1,0,False,False,https://inaturalist-open-data.s3.amazonaws.com/photos/351487248/medium.jpg,,,
49699,Pisaster ochraceus,Ochre Sea Star,Animalia,Ochre Sea Star,32.7462216667,-117.25522,,"North Pacific Ocean, San Diego, CA, US",2024-02-12,2024-02-13 01:17:27 UTC,Pacific Time (US & Canada),research,1,0,False,False,https://inaturalist-open-data.s3.amazonaws.com/photos/351493658/medium.jpg,,,
49699,Pisaster ochraceus,Ochre Sea Star,Animalia,,32.7777900696,-117.2163696289,110.0,San Diego,2024-02-21,2024-02-21 16:24:00 UTC,Pacific Time (US & Canada),casual,0,0,True,False,https://static.inaturalist.org/photos/352787494/medium.jpeg,,,
49699,Pisaster ochraceus,Ochre Sea Star,Animalia,,32.7587509155,-117.2207641602,1000.0,San Diego,2024-02-21,2024-02-21 17:04:26 UTC,Pacific Time (US & Canada),casual,0,0,True,False,https://static.inaturalist.org/photos/352792963/medium.jpeg,,,
49699,Pisaster ochraceus,Ochre Sea Star,Animalia,Ochre Sea Star,33.202305,-117.39315,36.0,"North Pacific Ocean, CA, US",2023-11-26,2023-11-26 23:09:52 UTC,Pacific Time (US & Canada),research,2,0,False,False,https://inaturalist-open-data.s3.amazonaws.com/photos/355132442/medium.jpg,,,
49699,Pisaster ochraceus,Ochre Sea Star,Animalia,Ochre Sea Star,33.1454805,-117.34327,14.0,"Agua Hedionda, Carlsbad, CA, US",2024-03-06,2024-03-06 21:38:57 UTC,Pacific Time (US & Canada),research,1,0,False,False,https://inaturalist-open-data.s3.amazonaws.com/photos/355747317/medium.jpg,,,
49699,Pisaster ochraceus,Ochre Sea Star,Animalia,Ochre Sea Star,32.8554584763,-117.2618882858,274.0,"La Jolla Shores & La Jolla Canyon, California, USA",2024-01-27,2024-01-27 18:44:00 UTC,Pacific Time (US & Canada),research,3,1,False,False,https://static.inaturalist.org/photos/356311959/medium.jpg,,,La Jolla Shores
49699,Pisaster ochraceus,Ochre Sea Star,Animalia,Ochre Sea Star,32.8710480704,-117.2536375924,4.0,"North Pacific Ocean, CA, US",2024-03-09,2024-03-09 22:16:51 UTC,Pacific Time (US & Canada),research,2,0,False,False,https://inaturalist-open-data.s3.amazonaws.com/photos/356376472/medium.jpg,,,
49699,Pisaster ochraceus,Ochre Sea Star,Animalia,Ochre Sea Star,32.8710603878,-117.2536075897,4.0,"San Diego County, US-CA, US",2024-03-09,2024-03-09 22:20:02 UTC,Pacific Time (US & Canada),research,2,0,False,False,https://inaturalist-open-data.s3.amazonaws.com/photos/356425673/medium.jpg,,,
49699,Pisaster ochraceus,Ochre Sea Star,Animalia,Ochre Sea Star,32.8710783333,-117.2536616667,4.0,"North Pacific Ocean, CA, US",2024-03-09,2024-03-09 22:54:12 UTC,Pacific Time (US & Canada),research,1,0,False,False,https://inaturalist-open-data.s3.amazonaws.com/photos/356427876/medium.jpg,,,
49699,Pisaster ochraceus,Ochre Sea Star,Animalia,Ochre Sea Star,32.8710533333,-117.2533283333,4.0,"North Pacific Ocean, CA, US",2023-06-10,2023-06-10 17:00:39 UTC,Pacific Time (US & Canada),research,1,0,False,False,https://inaturalist-open-data.s3.amazonaws.com/photos/357638832/medium.jpg,,,
49699,Pisaster ochraceus,Ochre Sea Star,Animalia,Ochre Sea Star,32.8580905799,-117.2615181028,163.0,"Gorgonian Garden, La Jolla Submarine Canyon, La Jolla, San Diego County, CA, USA",2024-03-17,2024-03-17 14:43:00 UTC,Pacific Time (US & Canada),research,1,0,False,False,https://inaturalist-open-data.s3.amazonaws.com/photos/358410011/medium.jpeg,,,
49699,Pisaster ochraceus,Ochre Sea Star,Animalia,Ochre Sea Star,32.67878,-117.1801916667,3.0,"North Pacific Ocean, Coronado, CA, US",2024-03-18,2024-03-18 19:21:00 UTC,Pacific Time (US & Canada),research,2,0,False,False,https://static.inaturalist.org/photos/358622806/medium.jpg,,,
49699,Pisaster ochraceus,Ochre Sea Star,Animalia,Ochre Sea Star,33.2149276,-117.4046347,,"Oceanside, CA 92058, USA",2024-01-14,2024-01-15 00:57:38 UTC,Pacific Time (US & Canada),research,1,0,False,False,https://inaturalist-open-data.s3.amazonaws.com/photos/360156900/medium.jpeg,,,
49699,Pisaster ochraceus,Ochre Sea Star,Animalia,Ochre Sea Star,33.2149458997,-117.4046464,,"Oceanside, CA 92058, USA",2024-01-14,2024-01-15 01:00:36 UTC,Pacific Time (US & Canada),research,1,0,False,False,https://inaturalist-open-data.s3.amazonaws.com/photos/360163527/medium.jpeg,,,
49699,Pisaster ochraceus,Ochre Sea Star,Animalia,Ochre Sea Star,33.2149309997,-117.4046536,,"Oceanside, CA 92058, USA",2024-01-14,2024-01-15 01:01:59 UTC,Pacific Time (US & Canada),research,1,0,False,False,https://inaturalist-open-data.s3.amazonaws.com/photos/360163626/medium.jpeg,,,
49699,Pisaster ochraceus,Ochre Sea Star,Animalia,Ochre Sea Star,32.8662642809,-117.2546617314,12.0,"San Diego County, CA, USA",2024-03-23,2024-03-23 22:01:22 UTC,Pacific Time (US & Canada),research,1,0,False,False,https://inaturalist-open-data.s3.amazonaws.com/photos/360560431/medium.jpeg,,,
49699,Pisaster ochraceus,Ochre Sea Star,Animalia,Ochre Sea Star,32.8714111111,-117.2534444444,,"San Diego County, CA, USA",2024-04-03,2024-04-03 20:13:53 UTC,Pacific Time (US & Canada),research,1,0,False,False,https://inaturalist-open-data.s3.amazonaws.com/photos/362990686/medium.jpeg,,,
49699,Pisaster ochraceus,Ochre Sea Star,Animalia,Ochre Sea Star,32.8716366667,-117.25322,5.0,"North Pacific Ocean, CA, US",2024-03-27,2024-03-27 23:53:09 UTC,Pacific Time (US & Canada),research,2,0,False,False,https://static.inaturalist.org/photos/368338821/medium.jpg,,,
49699,Pisaster ochraceus,Ochre Sea Star,Animalia,Ochre Sea Star,33.2143378,-117.4051429,,"Oceanside, CA 92058, USA",2024-04-14,2024-04-14 18:28:57 UTC,Pacific Time (US & Canada),research,1,0,False,False,https://inaturalist-open-data.s3.amazonaws.com/photos/377754484/medium.jpeg,,,
49699,Pisaster ochraceus,Ochre Sea Star,Animalia,Ochre Sea Star,33.2138264,-117.4056592,,"Oceanside, CA 92058, USA",2024-04-14,2024-04-14 18:35:38 UTC,Pacific Time (US & Canada),research,1,0,False,False,https://inaturalist-open-data.s3.amazonaws.com/photos/377756238/medium.jpeg,,,
49699,Pisaster ochraceus,Ochre Sea Star,Animalia,Ochre Sea Star,32.8710366667,-117.253555,4.0,"North Pacific Ocean, CA, US",2024-05-07,2024-05-07 11:23:48 UTC,Pacific Time (US & Canada),research,1,0,False,False,https://inaturalist-open-data.s3.amazonaws.com/photos/378731843/medium.jpg,,,
49699,Pisaster ochraceus,Ochre Sea Star,Animalia,Ochre Sea Star,32.8713554008,-117.2534997926,23.0,"North Pacific Ocean, CA, US",2024-05-07,2024-05-07 11:37:00 UTC,Pacific Time (US & Canada),research,1,0,False,False,https://inaturalist-open-data.s3.amazonaws.com/photos/378736144/medium.jpg,,,
49699,Pisaster ochraceus,Ochre Sea Star,Animalia,Ochre Sea Star,32.8713416667,-117.2535783333,8.0,"North Pacific Ocean, CA, US",2024-01-12,2024-01-13 00:15:44 UTC,Pacific Time (US & Canada),research,1,0,False,False,https://static.inaturalist.org/photos/379979806/medium.jpg,,,
49699,Pisaster ochraceus,Ochre Sea Star,Animalia,Ochre Sea Star,32.8716151863,-117.2533169003,79.0,Dike Rock,2024-05-11,2024-05-11 13:36:00 UTC,Pacific Time (US & Canada),research,1,0,False,False,https://inaturalist-open-data.s3.amazonaws.com/photos/380183379/medium.jpeg,,,
49699,Pisaster ochraceus,Ochre Sea Star,Animalia,Ochre Sea Star,32.8716151863,-117.2533169003,79.0,Dike Rock,2024-05-11,2024-05-11 13:36:00 UTC,Pacific Time (US & Canada),research,1,0,False,False,https://inaturalist-open-data.s3.amazonaws.com/photos/380183380/medium.jpeg,,,
49699,Pisaster ochraceus,Ochre Sea Star,Animalia,Ochre Sea Star,32.8716151863,-117.2533169003,79.0,Dike Rock,2024-05-11,2024-05-11 13:38:00 UTC,Pacific Time (US & Canada),research,1,0,False,False,https://inaturalist-open-data.s3.amazonaws.com/photos/380183387/medium.jpeg,,,
49699,Pisaster ochraceus,Ochre Sea Star,Animalia,Ochre Sea Star,32.8716244,-117.2535704997,,"San Diego County, CA, USA",2024-05-16,2024-05-16 18:08:55 UTC,Pacific Time (US & Canada),research,1,0,False,False,https://inaturalist-open-data.s3.amazonaws.com/photos/382947986/medium.jpeg,,,
49699,Pisaster ochraceus,Ochre Sea Star,Animalia,Ochre Sea Star,32.865813701,-117.2506390885,257.0,"La Jolla Shores, San Diego, CA 92037, USA",2024-05-17,2024-05-17 20:28:49 UTC,Pacific Time (US & Canada),casual,0,0,True,False,https://static.inaturalist.org/photos/383840420/medium.jpeg,,,
49699,Pisaster ochraceus,Ochre Sea Star,Animalia,Ochre Sea Star,32.8761291504,-117.2570343018,7498.0,San Diego County,2024-05-26,2024-05-26 14:54:59 UTC,Pacific Time (US & Canada),research,1,0,False,False,https://inaturalist-open-data.s3.amazonaws.com/photos/386451284/medium.jpeg,,,
49699,Pisaster ochraceus,Ochre Sea Star,Animalia,Ochre Sea Star,32.8711792815,-117.2535723644,15.0,"San Diego County, CA, USA",2024-05-26,2024-05-26 13:41:00 UTC,Pacific Time (US & Canada),research,1,0,False,False,https://inaturalist-open-data.s3.amazonaws.com/photos/386575079/medium.jpeg,,,
49699,Pisaster ochraceus,Ochre Sea Star,Animalia,Ochre Sea Star,32.6789228618,-117.1801660584,6.0,"Coronado Central Beach, Coronado, CA, US",2024-05-28,2024-05-28 16:14:49 UTC,Pacific Time (US & Canada),research,1,0,False,False,https://inaturalist-open-data.s3.amazonaws.com/photos/387435736/medium.jpg,,,
49699,Pisaster ochraceus,Ochre Sea Star,Animalia,Ochre Sea Star,32.6789205568,-117.1802700778,3.0,"North Pacific Ocean, Coronado, CA, US",2024-05-28,2024-05-28 16:14:49 UTC,Pacific Time (US & Canada),research,1,0,False,False,https://static.inaturalist.org/photos/387435743/medium.jpg,,,
49699,Pisaster ochraceus,Ochre Sea Star,Animalia,Ochre Sea Star,32.678921255,-117.1802532366,4.0,"North Pacific Ocean, Coronado, CA, US",2024-05-28,2024-05-28 16:23:00 UTC,Pacific Time (US & Canada),research,2,0,False,False,https://inaturalist-open-data.s3.amazonaws.com/photos/387438949/medium.jpg,,,
49699,Pisaster ochraceus,Ochre Sea Star,Animalia,Ochre Sea Star,32.6788948663,-117.1803282482,3.0,"North Pacific Ocean, Coronado, CA, US",2024-05-28,2024-05-28 16:28:00 UTC,Pacific Time (US & Canada),research,1,0,False,False,https://static.inaturalist.org/photos/387837589/medium.jpg,,,
49699,Pisaster ochraceus,Ochre Sea Star,Animalia,Ochre Sea Star,32.6789026615,-117.1803168488,4.0,"Coronado Central Beach, Coronado, CA, US",2024-05-28,2024-05-28 16:28:01 UTC,Pacific Time (US & Canada),research,2,0,False,False,https://inaturalist-open-data.s3.amazonaws.com/photos/387441143/medium.jpg,,,
49699,Pisaster ochraceus,Ochre Sea Star,Animalia,Ochre Sea Star,32.6790393979,-117.180091311,4.0,"Coronado Central Beach, Coronado, CA, US",2024-05-28,2024-05-28 16:31:50 UTC,Pacific Time (US & Canada),research,1,0,False,False,https://inaturalist-open-data.s3.amazonaws.com/photos/387442178/medium.jpg,,,
49699,Pisaster ochraceus,Ochre Sea Star,Animalia,Ochre Sea Star,32.6789466667,-117.18013,4.0,"North Pacific Ocean, Coronado, CA, US",2024-05-28,2024-05-28 16:48:28 UTC,Pacific Time (US & Canada),research,2,0,False,False,https://inaturalist-open-data.s3.amazonaws.com/photos/387448127/medium.jpg,,,
49699,Pisaster ochraceus,Ochre Sea Star,Animalia,Ochre Sea Star,32.6789979722,-117.1801339722,,"Coronado, CA, USA",2024-05-28,2024-05-28 16:48:12 UTC,Pacific Time (US & Canada),research,3,0,False,False,https://inaturalist-open-data.s3.amazonaws.com/photos/387448899/medium.jpeg,,,
49699,Pisaster ochraceus,Ochre Sea Star,Animalia,Ochre Sea Star,32.869725,-117.2538861111,,"San Diego County, CA, USA",2024-06-01,2024-06-01 19:10:15 UTC,Pacific Time (US & Canada),research,1,0,False,False,https://inaturalist-open-data.s3.amazonaws.com/photos/389108178/medium.jpeg,,,
49699,Pisaster ochraceus,Ochre Sea Star,Animalia,Ochre Sea Star,32.7620418614,-117.2463362376,30.0,"Mission Bay, San Diego, CA, USA",2024-06-02,2024-06-03 05:18:00 UTC,Pacific Time (US & Canada),research,1,0,False,False,https://inaturalist-open-data.s3.amazonaws.com/photos/390098244/medium.jpg,,,
49699,Pisaster ochraceus,Ochre Sea Star,Animalia,Ochre Sea Star,33.1459666667,-117.3421166667,3.0,"Agua Hedionda, Carlsbad, CA, US",2024-06-03,2024-06-03 16:41:02 UTC,Pacific Time (US & Canada),research,2,0,False,False,https://static.inaturalist.org/photos/393775832/medium.jpg,,,
49699,Pisaster ochraceus,Ochre Sea Star,Animalia,Ochre Sea Star,32.8435514563,-117.2810862754,4.0,"North Pacific Ocean, CA, US",2024-06-23,2024-06-23 13:22:03 UTC,Pacific Time (US & Canada),research,2,0,False,False,https://inaturalist-open-data.s3.amazonaws.com/photos/398142278/medium.jpg,,,
49699,Pisaster ochraceus,Ochre Sea Star,Animalia,Ochre Sea Star,32.83097,-117.2812883333,27.0,"Neptune Pl, San Diego, CA, US",2024-06-24,2024-06-24 15:01:22 UTC,Pacific Time (US & Canada),research,1,0,False,False,https://inaturalist-open-data.s3.amazonaws.com/photos/398713534/medium.jpg,,,
49699,Pisaster ochraceus,Ochre Sea Star,Animalia,Ochre Sea Star,32.8435316667,-117.2811683333,,"La Jolla, San Diego, CA, USA",2024-06-25,2024-06-25 13:09:00 UTC,Pacific Time (US & Canada),research,1,0,False,False,https://inaturalist-open-data.s3.amazonaws.com/photos/399107948/medium.jpeg,,,
49699,Pisaster ochraceus,Ochre Sea Star,Animalia,Ochre Sea Star,32.6789527778,-117.180175,4.0,"Coronado, CA, USA",2024-06-26,2024-06-26 17:07:00 UTC,Pacific Time (US & Canada),research,2,0,False,False,https://static.inaturalist.org/photos/401219927/medium.jpeg,,,
49699,Pisaster ochraceus,Ochre Sea Star,Animalia,Ochre Sea Star,32.8523555164,-117.2847722552,14594.0,"North Pacific Ocean, CA, US",2024-06-24,2024-06-24 13:42:51 UTC,Pacific Time (US & Canada),research,2,0,False,False,https://inaturalist-open-data.s3.amazonaws.com/photos/402256506/medium.jpg,,,
49699,Pisaster ochraceus,Ochre Sea Star,Animalia,Ochre Sea Star,32.8716472222,-117.253625,5.0,"San Diego County, CA, USA",2024-02-07,2024-02-07 23:08:00 UTC,Pacific Time (US & Canada),research,1,0,False,False,https://inaturalist-open-data.s3.amazonaws.com/photos/405560026/medium.jpeg,,,
49699,Pisaster ochraceus,Ochre Sea Star,Animalia,Ochre Sea Star,32.8716388889,-117.2535944444,5.0,"San Diego County, CA, USA",2024-02-07,2024-02-07 23:07:00 UTC,Pacific Time (US & Canada),research,2,0,False,False,https://inaturalist-open-data.s3.amazonaws.com/photos/405560167/medium.jpeg,,,
49699,Pisaster ochraceus,Ochre Sea Star,Animalia,Ochre Sea Star,32.7619225916,-117.246501943,15.0,"Mission Bay, San Diego, CA, USA",2024-07-10,2024-07-11 04:44:00 UTC,Pacific Time (US & Canada),research,1,0,False,False,https://inaturalist-open-data.s3.amazonaws.com/photos/405933841/medium.jpg,,,
49699,Pisaster ochraceus,Ochre Sea Star,Animalia,Ochre Sea Star,32.7612158507,-117.2471515589,78.0,"Mission Bay, San Diego, CA, USA",2024-07-11,2024-07-11 15:46:00 UTC,Pacific Time (US & Canada),research,1,0,False,False,https://inaturalist-open-data.s3.amazonaws.com/photos/406201970/medium.jpg,,,
49699,Pisaster ochraceus,Ochre Sea Star,Animalia,Ochre Sea Star,32.7611776,-117.245933,114.0,"Mission Point Park, 2600 Bayside Ln, San Diego, CA 92109, USA",2024-07-11,2024-07-11 17:15:00 UTC,Pacific Time (US & Canada),research,1,0,False,False,https://inaturalist-open-data.s3.amazonaws.com/photos/412323204/medium.jpeg,,,
49699,Pisaster ochraceus,Ochre Sea Star,Animalia,Ochre Sea Star,32.7611776,-117.245933,114.0,"Mission Point Park, 2600 Bayside Ln, San Diego, CA 92109, USA",2024-07-11,2024-07-11 16:36:00 UTC,Pacific Time (US & Canada),research,1,0,False,False,https://inaturalist-open-data.s3.amazonaws.com/photos/412323209/medium.jpeg,,,
49699,Pisaster ochraceus,Ochre Sea Star,Animalia,Ochre Sea Star,32.7665596008,-117.2525405884,1695.0,San Diego,2024-07-24,2024-07-24 12:52:58 UTC,Pacific Time (US & Canada),research,2,0,False,False,https://inaturalist-open-data.s3.amazonaws.com/photos/412877399/medium.jpeg,,"Found washed up on the beach at low tide, alive, relocated to the jetty in a rocky alcove. ",
49699,Pisaster ochraceus,Ochre Sea Star,Animalia,Ochre Sea Star,32.8700050023,-117.2537533333,20.0,"North Pacific Ocean, CA, US",2024-07-11,2024-07-11 13:35:59 UTC,Pacific Time (US & Canada),research,1,0,False,False,https://inaturalist-open-data.s3.amazonaws.com/photos/413721211/medium.jpeg,,Lots more than normal here this year,
49699,Pisaster ochraceus,Ochre Sea Star,Animalia,Ochre Sea Star,32.8714833423,-117.2532716667,20.0,"North Pacific Ocean, CA, US",2024-07-11,2024-07-11 13:48:39 UTC,Pacific Time (US & Canada),research,1,0,False,False,https://inaturalist-open-data.s3.amazonaws.com/photos/413721742/medium.jpeg,,Under small rock,
49699,Pisaster ochraceus,Ochre Sea Star,Animalia,Ochre Sea Star,32.8716283423,-117.253655,20.0,"North Pacific Ocean, CA, US",2024-07-11,2024-07-11 13:57:05 UTC,Pacific Time (US & Canada),research,1,0,False,False,https://inaturalist-open-data.s3.amazonaws.com/photos/413721960/medium.jpeg,,,
49699,Pisaster ochraceus,Ochre Sea Star,Animalia,Ochre Sea Star,32.8716616723,-117.2532583333,20.0,"North Pacific Ocean, CA, US",2024-07-11,2024-07-11 14:18:22 UTC,Pacific Time (US & Canada),research,1,0,False,False,https://inaturalist-open-data.s3.amazonaws.com/photos/413722523/medium.jpeg,,,
49699,Pisaster ochraceus,Ochre Sea Star,Animalia,Ochre Sea Star,32.8715883423,-117.2536166667,20.0,"North Pacific Ocean, CA, US",2024-07-11,2024-07-11 14:48:07 UTC,Pacific Time (US & Canada),research,1,0,False,False,https://inaturalist-open-data.s3.amazonaws.com/photos/413723146/medium.jpeg,,Never seen a massive group like this here before,
49699,Pisaster ochraceus,Ochre Sea Star,Animalia,Ochre Sea Star,32.8718133423,-117.2531283333,20.0,"North Pacific Ocean, CA, US",2024-07-11,2024-07-11 15:25:23 UTC,Pacific Time (US & Canada),research,1,0,False,False,https://inaturalist-open-data.s3.amazonaws.com/photos/413723682/medium.jpeg,,,
49699,Pisaster ochraceus,Ochre Sea Star,Animalia,Ochre Sea Star,32.7611776,-117.245933,114.0,"Mission Point Park, 2600 Bayside Ln, San Diego, CA 92109, USA",2024-07-22,2024-07-22 16:10:00 UTC,Pacific Time (US & Canada),research,1,0,False,False,https://inaturalist-open-data.s3.amazonaws.com/photos/415565220/medium.jpeg,,,
49699,Pisaster ochraceus,Ochre Sea Star,Animalia,Ochre Sea Star,32.7618070312,-117.2465913144,15.0,"Mission Bay, San Diego, CA, USA",2024-08-05,2024-08-05 15:10:00 UTC,Pacific Time (US & Canada),research,1,0,False,False,https://inaturalist-open-data.s3.amazonaws.com/photos/415968969/medium.jpg,,,
49699,Pisaster ochraceus,Ochre Sea Star,Animalia,Ochre Sea Star,32.7599228995,-117.2469552765,15.0,"Mission Beach, San Diego, CA 92109, USA",2024-08-05,2024-08-05 16:11:00 UTC,Pacific Time (US & Canada),research,1,0,False,False,https://inaturalist-open-data.s3.amazonaws.com/photos/415973628/medium.jpg,,,
49699,Pisaster ochraceus,Ochre Sea Star,Animalia,Ochre Sea Star,32.7610146169,-117.2462975965,154.0,"Mission Beach, San Diego, CA 92109, USA",2024-08-05,2024-08-05 14:20:00 UTC,Pacific Time (US & Canada),research,1,0,False,False,https://inaturalist-open-data.s3.amazonaws.com/photos/416013330/medium.jpg,,,
49699,Pisaster ochraceus,Ochre Sea Star,Animalia,Ochre Sea Star,32.7611776,-117.245933,114.0,"Mission Point Park, 2600 Bayside Ln, San Diego, CA 92109, USA",2024-07-24,2024-07-24 16:56:00 UTC,Pacific Time (US & Canada),research,1,0,False,False,https://inaturalist-open-data.s3.amazonaws.com/photos/416377505/medium.jpeg,,,
49699,Pisaster ochraceus,Ochre Sea Star,Animalia,Ochre Sea Star,32.7611776,-117.245933,114.0,"Mission Point Park, 2600 Bayside Ln, San Diego, CA 92109, USA",2024-07-24,2024-07-24 17:01:00 UTC,Pacific Time (US & Canada),research,1,0,False,False,https://inaturalist-open-data.s3.amazonaws.com/photos/416377515/medium.jpeg,,,
49699,Pisaster ochraceus,Ochre Sea Star,Animalia,Ochre Sea Star,32.8663965284,-117.2551660833,50.0,"San Diego County, CA, USA",2024-08-06,2024-08-06 22:48:00 UTC,Pacific Time (US & Canada),research,1,0,False,False,https://inaturalist-open-data.s3.amazonaws.com/photos/416480722/medium.jpeg,,A few seastars among the mussels.,
49699,Pisaster ochraceus,Ochre Sea Star,Animalia,Ochre Sea Star,32.760205,-117.2460416667,11.0,"Entrance Channel, San Diego, CA, US",2024-08-10,2024-08-10 15:58:34 UTC,Pacific Time (US & Canada),research,1,0,False,False,https://inaturalist-open-data.s3.amazonaws.com/photos/417744923/medium.jpeg,,,
49699,Pisaster ochraceus,Ochre Sea Star,Animalia,Ochre Sea Star,32.8716151863,-117.2533169003,79.0,Dike Rock,2024-08-04,2024-08-04 12:05:00 UTC,Pacific Time (US & Canada),research,1,0,False,False,https://inaturalist-open-data.s3.amazonaws.com/photos/418287143/medium.jpeg,,,
49699,Pisaster ochraceus,Ochre Sea Star,Animalia,Ochre Sea Star,32.8716151863,-117.2533169003,79.0,Dike Rock,2024-08-04,2024-08-04 12:32:00 UTC,Pacific Time (US & Canada),research,1,0,False,False,https://inaturalist-open-data.s3.amazonaws.com/photos/418287674/medium.jpeg,,,
49699,Pisaster ochraceus,Ochre Sea Star,Animalia,Ochre Sea Star,32.8716151863,-117.2533169003,79.0,Dike Rock,2024-08-04,2024-08-04 12:33:00 UTC,Pacific Time (US & Canada),research,1,0,False,False,https://inaturalist-open-data.s3.amazonaws.com/photos/418287687/medium.jpeg,,,
49699,Pisaster ochraceus,Ochre Sea Star,Animalia,Ochre Sea Star,32.8716151863,-117.2533169003,79.0,Dike Rock,2024-08-04,2024-08-04 12:33:00 UTC,Pacific Time (US & Canada),research,1,0,False,False,https://inaturalist-open-data.s3.amazonaws.com/photos/418287671/medium.jpeg,,,
49699,Pisaster ochraceus,Ochre Sea Star,Animalia,Ochre Sea Star,32.7611776,-117.245933,114.0,"Mission Point Park, 2600 Bayside Ln, San Diego, CA 92109, USA",2024-07-28,2024-07-28 17:16:00 UTC,Pacific Time (US & Canada),research,1,0,False,False,https://inaturalist-open-data.s3.amazonaws.com/photos/418700221/medium.jpeg,,,
49699,Pisaster ochraceus,Ochre Sea Star,Animalia,Ochre Sea Star,32.7611776,-117.245933,114.0,"Mission Point Park, 2600 Bayside Ln, San Diego, CA 92109, USA",2024-07-29,2024-07-29 17:16:00 UTC,Pacific Time (US & Canada),research,1,0,False,False,https://inaturalist-open-data.s3.amazonaws.com/photos/419051933/medium.jpeg,,,
49699,Pisaster ochraceus,Ochre Sea Star,Animalia,Ochre Sea Star,32.7611776,-117.245933,114.0,"Mission Point Park, 2600 Bayside Ln, San Diego, CA 92109, USA",2024-07-29,2024-07-29 17:46:00 UTC,Pacific Time (US & Canada),research,1,0,False,False,https://inaturalist-open-data.s3.amazonaws.com/photos/419051948/medium.jpeg,,,
49699,Pisaster ochraceus,Ochre Sea Star,Animalia,Ochre Sea Star,32.7611776,-117.245933,114.0,"Mission Point Park, 2600 Bayside Ln, San Diego, CA 92109, USA",2024-07-31,2024-07-31 17:05:00 UTC,Pacific Time (US & Canada),research,1,0,False,False,https://inaturalist-open-data.s3.amazonaws.com/photos/419068957/medium.jpeg,,,
49699,Pisaster ochraceus,Ochre Sea Star,Animalia,Ochre Sea Star,32.7611776,-117.245933,114.0,"Mission Point Park, 2600 Bayside Ln, San Diego, CA 92109, USA",2024-08-05,2024-08-05 17:58:00 UTC,Pacific Time (US & Canada),research,1,0,False,False,https://inaturalist-open-data.s3.amazonaws.com/photos/419764310/medium.jpeg,,,
49699,Pisaster ochraceus,Ochre Sea Star,Animalia,Ochre Sea Star,32.7599618051,-117.2467617713,15.0,"Mission Beach, San Diego, CA 92109, USA",2024-08-16,2024-08-16 16:08:00 UTC,Pacific Time (US & Canada),research,1,0,False,False,https://inaturalist-open-data.s3.amazonaws.com/photos/420151149/medium.jpg,,,
49699,Pisaster ochraceus,Ochre Sea Star,Animalia,Ochre Sea Star,32.7611776,-117.245933,114.0,"Mission Point Park, 2600 Bayside Ln, San Diego, CA 92109, USA",2024-08-08,2024-08-08 17:06:00 UTC,Pacific Time (US & Canada),research,1,0,False,False,https://inaturalist-open-data.s3.amazonaws.com/photos/421222754/medium.jpeg,,,
49699,Pisaster ochraceus,Ochre Sea Star,Animalia,Ochre Sea Star,32.7611776,-117.245933,114.0,"Mission Point Park, 2600 Bayside Ln, San Diego, CA 92109, USA",2024-08-08,2024-08-08 17:34:00 UTC,Pacific Time (US & Canada),research,1,0,False,False,https://inaturalist-open-data.s3.amazonaws.com/photos/421222819/medium.jpeg,,,
49699,Pisaster ochraceus,Ochre Sea Star,Animalia,Ochre Sea Star,32.7611776,-117.245933,114.0,"Mission Point Park, 2600 Bayside Ln, San Diego, CA 92109, USA",2024-08-08,2024-08-08 17:44:00 UTC,Pacific Time (US & Canada),research,1,0,False,False,https://inaturalist-open-data.s3.amazonaws.com/photos/421222844/medium.jpeg,,,
49699,Pisaster ochraceus,Ochre Sea Star,Animalia,Ochre Sea Star,32.7611776,-117.245933,114.0,"Mission Point Park, 2600 Bayside Ln, San Diego, CA 92109, USA",2024-08-08,2024-08-08 17:54:00 UTC,Pacific Time (US & Canada),research,1,0,False,False,https://inaturalist-open-data.s3.amazonaws.com/photos/421222843/medium.jpeg,,,
49699,Pisaster ochraceus,Ochre Sea Star,Animalia,Ochre Sea Star,32.7610085754,-117.2452863482,8.0,"Mission Beach, San Diego, CA 92109, USA",2024-08-08,2024-08-08 17:33:00 UTC,Pacific Time (US & Canada),research,1,0,False,False,https://inaturalist-open-data.s3.amazonaws.com/photos/421223319/medium.jpeg,,,
49699,Pisaster ochraceus,Ochre Sea Star,Animalia,Ochre Sea Star,32.7611776,-117.245933,114.0,"Mission Point Park, 2600 Bayside Ln, San Diego, CA 92109, USA",2024-08-10,2024-08-10 16:42:00 UTC,Pacific Time (US & Canada),research,1,0,False,False,https://inaturalist-open-data.s3.amazonaws.com/photos/422788998/medium.jpeg,,,
49699,Pisaster ochraceus,Ochre Sea Star,Animalia,Ochre Sea Star,32.7611776,-117.245933,114.0,"Mission Point Park, 2600 Bayside Ln, San Diego, CA 92109, USA",2024-08-10,2024-08-10 16:46:00 UTC,Pacific Time (US & Canada),research,1,0,False,False,https://inaturalist-open-data.s3.amazonaws.com/photos/422789011/medium.jpeg,,,
49699,Pisaster ochraceus,Ochre Sea Star,Animalia,Ochre Sea Star,32.7611776,-117.245933,114.0,"Mission Point Park, 2600 Bayside Ln, San Diego, CA 92109, USA",2024-08-10,2024-08-10 16:51:00 UTC,Pacific Time (US & Canada),research,1,0,False,False,https://inaturalist-open-data.s3.amazonaws.com/photos/422789025/medium.jpeg,,,
49699,Pisaster ochraceus,Ochre Sea Star,Animalia,Ochre Sea Star,32.7611776,-117.245933,114.0,"Mission Point Park, 2600 Bayside Ln, San Diego, CA 92109, USA",2024-08-10,2024-08-10 16:57:00 UTC,Pacific Time (US & Canada),research,1,0,False,False,https://inaturalist-open-data.s3.amazonaws.com/photos/422789043/medium.jpeg,,,
49699,Pisaster ochraceus,Ochre Sea Star,Animalia,Ochre Sea Star,32.7585415041,-117.2430253303,20.0,"Mission Bay, San Diego, CA, USA",2024-08-24,2024-08-24 16:07:00 UTC,Pacific Time (US & Canada),research,1,0,False,False,https://inaturalist-open-data.s3.amazonaws.com/photos/423171765/medium.jpg,,,
49699,Pisaster ochraceus,Ochre Sea Star,Animalia,Ochre Sea Star,32.7611776,-117.245933,114.0,"Mission Point Park, 2600 Bayside Ln, San Diego, CA 92109, USA",2024-08-15,2024-08-15 18:07:00 UTC,Pacific Time (US & Canada),research,1,0,False,False,https://inaturalist-open-data.s3.amazonaws.com/photos/424268610/medium.jpeg,,,
49699,Pisaster ochraceus,Ochre Sea Star,Animalia,Ochre Sea Star,32.7611776,-117.245933,114.0,"Mission Point Park, 2600 Bayside Ln, San Diego, CA 92109, USA",2024-08-15,2024-08-15 18:08:00 UTC,Pacific Time (US & Canada),research,1,0,False,False,https://inaturalist-open-data.s3.amazonaws.com/photos/424268624/medium.jpeg,,,
49699,Pisaster ochraceus,Ochre Sea Star,Animalia,Ochre Sea Star,32.7611776,-117.245933,114.0,"Mission Point Park, 2600 Bayside Ln, San Diego, CA 92109, USA",2024-08-24,2024-08-24 16:36:00 UTC,Pacific Time (US & Canada),research,1,0,False,False,https://inaturalist-open-data.s3.amazonaws.com/photos/427190396/medium.jpeg,,,
49699,Pisaster ochraceus,Ochre Sea Star,Animalia,Ochre Sea Star,32.7622655013,-117.2465315515,315.0,"Bonita Bay, San Diego, CA, US",2023-09-08,2023-09-08 18:12:00 UTC,Pacific Time (US & Canada),research,1,0,False,False,https://inaturalist-open-data.s3.amazonaws.com/photos/429578779/medium.jpeg,,,
49699,Pisaster ochraceus,Ochre Sea Star,Animalia,Ochre Sea Star,32.7625374833,-117.2462136719,378.0,"Entrance Channel, San Diego, CA, US",2024-06-06,2024-06-06 18:45:12 UTC,Pacific Time (US & Canada),research,2,0,False,False,https://inaturalist-open-data.s3.amazonaws.com/photos/429589163/medium.jpeg,,,
49699,Pisaster ochraceus,Ochre Sea Star,Animalia,estrella ocre de mar,32.6788696553,-117.179672053,178.0,"Coronado Central Beach, Coronado, CA, US",2024-09-15,2024-09-16 00:51:03 UTC,Pacific Time (US & Canada),research,2,0,False,False,https://inaturalist-open-data.s3.amazonaws.com/photos/431375780/medium.jpeg,,,
49699,Pisaster ochraceus,Ochre Sea Star,Animalia,Ochre Sea Star,32.7621221653,-117.2457200239,15.0,"Mission Bay, San Diego, CA, USA",2024-09-15,2024-09-15 15:54:00 UTC,Pacific Time (US & Canada),research,1,0,False,False,https://inaturalist-open-data.s3.amazonaws.com/photos/431340014/medium.jpg,,,
49699,Pisaster ochraceus,Ochre Sea Star,Animalia,Ochre Sea Star,32.8665866667,-117.2553633333,4.0,"North Pacific Ocean, CA, US",2024-09-19,2024-09-19 23:54:12 UTC,Pacific Time (US & Canada),research,1,0,False,False,https://static.inaturalist.org/photos/432830005/medium.jpeg,,,
49699,Pisaster ochraceus,Ochre Sea Star,Animalia,Ochre Sea Star,32.869803292,-117.2684532329,1021.0,"North Pacific Ocean, CA, US",2024-09-20,2024-09-20 14:37:14 UTC,Pacific Time (US & Canada),research,1,0,False,False,https://static.inaturalist.org/photos/433114710/medium.jpeg,,,
49699,Pisaster ochraceus,Ochre Sea Star,Animalia,Ochre Sea Star,32.8825831704,-117.2793084242,2369.0,"North Pacific Ocean, CA, US",2024-09-20,2024-09-20 14:37:14 UTC,Pacific Time (US & Canada),research,1,0,False,False,https://static.inaturalist.org/photos/433115537/medium.jpeg,,,
49699,Pisaster ochraceus,Ochre Sea Star,Animalia,Ochre Sea Star,32.8710366667,-117.25335,4.0,"North Pacific Ocean, CA, US",2024-09-21,2024-09-21 23:00:52 UTC,Pacific Time (US & Canada),research,1,0,False,False,https://inaturalist-open-data.s3.amazonaws.com/photos/433682321/medium.jpeg,,,
49699,Pisaster ochraceus,Ochre Sea Star,Animalia,Ochre Sea Star,32.8710101491,-117.2534169364,8.0,"La Jolla Shores Park, San Diego, CA, US",2024-09-21,2024-09-22 01:32:05 UTC,Pacific Time (US & Canada),research,1,0,False,False,https://inaturalist-open-data.s3.amazonaws.com/photos/433692826/medium.jpeg,,,
49699,Pisaster ochraceus,Ochre Sea Star,Animalia,Ochre Sea Star,32.8710333333,-117.25335,4.0,"North Pacific Ocean, CA, US",2024-09-21,2024-09-21 23:01:44 UTC,Pacific Time (US & Canada),research,1,0,False,False,https://inaturalist-open-data.s3.amazonaws.com/photos/433782954/medium.jpeg,,,
49699,Pisaster ochraceus,Ochre Sea Star,Animalia,Ochre Sea Star,32.7608085938,-117.2454199293,15.0,"Mission Beach, San Diego, CA 92109, USA",2024-09-22,2024-09-22 16:31:00 UTC,Pacific Time (US & Canada),research,1,0,False,False,https://inaturalist-open-data.s3.amazonaws.com/photos/434117041/medium.jpg,,,
49699,Pisaster ochraceus,Ochre Sea Star,Animalia,Ochre Sea Star,32.7599237004,-117.2469138602,15.0,"Mission Beach, San Diego, CA 92109, USA",2024-09-22,2024-09-22 17:01:00 UTC,Pacific Time (US & Canada),research,1,0,False,False,https://inaturalist-open-data.s3.amazonaws.com/photos/434118402/medium.jpg,,with garibaldi photo-bombing!,
49699,Pisaster ochraceus,Ochre Sea Star,Animalia,Ochre Sea Star,32.7965383333,-117.257605,55.0,"North Pacific Beach, CA, US",2024-09-30,2024-09-30 23:27:28 UTC,Pacific Time (US & Canada),research,1,0,False,False,https://static.inaturalist.org/photos/437109258/medium.jpeg,,,
49699,Pisaster ochraceus,Ochre Sea Star,Animalia,Ochre Sea Star,32.7960966667,-117.2576666667,36.0,"Crystal Pier Hotel, CA, US",2024-09-30,2024-09-30 23:27:40 UTC,Pacific Time (US & Canada),research,3,0,False,False,https://static.inaturalist.org/photos/437109503/medium.jpeg,,,
49699,Pisaster ochraceus,Ochre Sea Star,Animalia,Ochre Sea Star,32.8682825688,-117.2518849745,2072.0,"La Jolla Farms, San Diego, CA 92037, USA",2024-10-04,2024-10-04 23:23:06 UTC,Pacific Time (US & Canada),research,1,0,False,False,https://static.inaturalist.org/photos/438447486/medium.jpeg,,,
49699,Pisaster ochraceus,Ochre Sea Star,Animalia,Ochre Sea Star,32.8690882378,-117.2524981946,1015.0,"La Jolla Shores, San Diego, CA 92037, USA",2024-10-04,2024-10-04 23:41:33 UTC,Pacific Time (US & Canada),research,2,0,False,False,https://static.inaturalist.org/photos/438447622/medium.jpeg,,,
49699,Pisaster ochraceus,Ochre Sea Star,Animalia,Ochre Sea Star,32.8716151863,-117.2533169003,79.0,Dike Rock,2024-10-05,2024-10-06 00:59:00 UTC,Pacific Time (US & Canada),research,3,0,False,False,https://inaturalist-open-data.s3.amazonaws.com/photos/438843520/medium.jpeg,,,
49699,Pisaster ochraceus,Ochre Sea Star,Animalia,Ochre Sea Star,32.8716151863,-117.2533169003,79.0,Dike Rock,2024-10-05,2024-10-06 00:13:00 UTC,Pacific Time (US & Canada),research,2,0,False,False,https://inaturalist-open-data.s3.amazonaws.com/photos/438843543/medium.jpeg,,,
49699,Pisaster ochraceus,Ochre Sea Star,Animalia,Ochre Sea Star,32.8716296732,-117.2538444901,24.0,"North Pacific Ocean, CA, US",2024-10-06,2024-10-06 08:33:41 UTC,Pacific Time (US & Canada),research,1,0,False,False,https://static.inaturalist.org/photos/439107358/medium.jpeg,,,
49699,Pisaster ochraceus,Ochre Sea Star,Animalia,Ochre Sea Star,32.871175,-117.2534305556,,"San Diego County, CA, USA",2024-10-04,2024-10-04 23:42:38 UTC,Pacific Time (US & Canada),research,1,0,False,False,https://inaturalist-open-data.s3.amazonaws.com/photos/439403938/medium.jpeg,,,
49699,Pisaster ochraceus,Ochre Sea Star,Animalia,Ochre Sea Star,32.8714777778,-117.2534666667,,"San Diego County, CA, USA",2024-10-04,2024-10-04 23:51:34 UTC,Pacific Time (US & Canada),research,1,0,False,False,https://inaturalist-open-data.s3.amazonaws.com/photos/439405849/medium.jpeg,,,
49699,Pisaster ochraceus,Ochre Sea Star,Animalia,Ochre Sea Star,32.871725,-117.2533861111,,"San Diego County, CA, USA",2024-10-04,2024-10-05 00:07:44 UTC,Pacific Time (US & Canada),research,1,0,False,False,https://inaturalist-open-data.s3.amazonaws.com/photos/439410765/medium.jpeg,,,
49699,Pisaster ochraceus,Ochre Sea Star,Animalia,Ochre Sea Star,32.8718527778,-117.2531666667,,"San Diego County, CA, USA",2024-10-04,2024-10-05 00:27:09 UTC,Pacific Time (US & Canada),research,1,0,False,False,https://inaturalist-open-data.s3.amazonaws.com/photos/439412202/medium.jpeg,,,
49699,Pisaster ochraceus,Ochre Sea Star,Animalia,Ochre Sea Star,32.759814735,-117.2478426943,15.0,"Mission Beach, San Diego, CA 92109, USA",2024-10-07,2024-10-07 16:42:00 UTC,Pacific Time (US & Canada),research,1,0,False,False,https://inaturalist-open-data.s3.amazonaws.com/photos/439528092/medium.jpg,,,
49699,Pisaster ochraceus,Ochre Sea Star,Animalia,Ochre Sea Star,32.8708416667,-117.2531533333,4.0,"Biological Grade, San Diego, CA, US",2024-10-13,2024-10-13 21:30:01 UTC,Pacific Time (US & Canada),research,2,0,False,False,https://inaturalist-open-data.s3.amazonaws.com/photos/441475684/medium.jpeg,,,
49699,Pisaster ochraceus,Ochre Sea Star,Animalia,Ochre Sea Star,33.0866555,-117.3134783333,7.0,"North Pacific Ocean, CA, US",2024-10-15,2024-10-15 21:23:13 UTC,Pacific Time (US & Canada),research,3,1,False,False,https://static.inaturalist.org/photos/442112800/medium.jpeg,,,
49699,Pisaster ochraceus,Ochre Sea Star,Animalia,Ochre Sea Star,32.8713170901,-117.2537446355,32.0,"North Pacific Ocean, CA, US",2024-10-18,2024-10-19 00:08:35 UTC,Pacific Time (US & Canada),research,1,0,False,False,https://static.inaturalist.org/photos/443044420/medium.jpeg,,,
49699,Pisaster ochraceus,Ochre Sea Star,Animalia,Ochre Sea Star,32.830543958,-117.2631589796,45221.0,United States,2012-06-19,2012-06-19 15:13:00 UTC,Pacific Time (US & Canada),research,1,0,False,False,https://static.inaturalist.org/photos/443054882/medium.jpeg,,,
49699,Pisaster ochraceus,Ochre Sea Star,Animalia,Ochre Sea Star,32.8078216667,-117.2683333333,5.0,"North Pacific Ocean, CA, US",2024-10-18,2024-10-18 23:22:22 UTC,Pacific Time (US & Canada),research,2,0,False,False,https://inaturalist-open-data.s3.amazonaws.com/photos/443089741/medium.jpeg,,,
49699,Pisaster ochraceus,Ochre Sea Star,Animalia,Ochre Sea Star,32.8317666667,-117.2810883333,42.0,"Neptune Park, San Diego, CA, US",2024-10-18,2024-10-19 00:31:01 UTC,Pacific Time (US & Canada),research,1,0,False,False,https://inaturalist-open-data.s3.amazonaws.com/photos/443975485/medium.jpeg,,,
49699,Pisaster ochraceus,Ochre Sea Star,Animalia,Ochre Sea Star,32.831995,-117.2825166667,4.0,"North Pacific Ocean, CA, US",2024-10-18,2024-10-19 00:31:55 UTC,Pacific Time (US & Canada),research,2,0,False,False,https://inaturalist-open-data.s3.amazonaws.com/photos/443975524/medium.jpeg,,,
49699,Pisaster ochraceus,Ochre Sea Star,Animalia,Ochre Sea Star,32.8078450039,-117.2662799803,33.0,"Sea Ridge Dr, San Diego, CA, US",2024-10-18,2024-10-18 23:23:13 UTC,Pacific Time (US & Canada),research,2,0,False,False,https://static.inaturalist.org/photos/443977937/medium.jpeg,,,
49699,Pisaster ochraceus,Ochre Sea Star,Animalia,Ochre Sea Star,32.7877936982,-117.2689769099,11878.0,"North Pacific Ocean, CA, US",2024-10-18,2024-10-18 23:26:23 UTC,Pacific Time (US & Canada),research,2,0,False,False,https://static.inaturalist.org/photos/444259576/medium.jpeg,,,
49699,Pisaster ochraceus,Ochre Sea Star,Animalia,Ochre Sea Star,32.8078216667,-117.2683416667,4.0,"North Pacific Ocean, CA, US",2024-10-18,2024-10-18 23:24:52 UTC,Pacific Time (US & Canada),research,3,0,False,False,https://inaturalist-open-data.s3.amazonaws.com/photos/444888418/medium.jpeg,,,
49699,Pisaster ochraceus,Ochre Sea Star,Animalia,Ochre Sea Star,32.8078166667,-117.26832,4.0,"North Pacific Ocean, CA, US",2024-10-18,2024-10-18 23:22:22 UTC,Pacific Time (US & Canada),research,2,0,False,False,https://inaturalist-open-data.s3.amazonaws.com/photos/444931682/medium.jpeg,,,
49699,Pisaster ochraceus,Ochre Sea Star,Animalia,Pisaster ochraceus,32.866351773,-117.2547894177,15.0,美国加利福尼亚圣迭戈县,2024-10-26,2024-10-27 04:33:00 UTC,Pacific Time (US & Canada),research,2,0,False,False,https://static.inaturalist.org/photos/445594978/medium.jpg,,,
49699,Pisaster ochraceus,Ochre Sea Star,Animalia,Ochre Sea Star,32.8075210795,-117.2661622169,3.0,"North Pacific Ocean, CA, US",2024-10-30,2024-10-30 21:11:10 UTC,Pacific Time (US & Canada),research,1,0,False,False,https://static.inaturalist.org/photos/446628048/medium.jpeg,,,
49699,Pisaster ochraceus,Ochre Sea Star,Animalia,Ochre Sea Star,32.8075299215,-117.2661466458,3.0,"North Pacific Ocean, CA, US",2024-10-30,2024-10-30 21:11:12 UTC,Pacific Time (US & Canada),research,1,0,False,False,https://static.inaturalist.org/photos/446628075/medium.jpeg,,,
49699,Pisaster ochraceus,Ochre Sea Star,Animalia,Ochre Sea Star,32.8075976043,-117.2659716428,59.0,"North Pacific Ocean, CA, US",2024-10-30,2024-10-30 21:52:47 UTC,Pacific Time (US & Canada),research,1,0,False,False,https://inaturalist-open-data.s3.amazonaws.com/photos/446637887/medium.jpeg,,,
49699,Pisaster ochraceus,Ochre Sea Star,Animalia,Ochre Sea Star,32.80746448,-117.26623383,7.0,"San Diego, CA, USA",2024-10-30,2024-10-30 21:50:44 UTC,Pacific Time (US & Canada),research,1,0,False,False,https://static.inaturalist.org/photos/446637900/medium.jpeg,,,
49699,Pisaster ochraceus,Ochre Sea Star,Animalia,Ochre Sea Star,32.807454695,-117.2662536522,5.0,"North Pacific Beach, CA, US",2024-10-30,2024-10-30 21:53:02 UTC,Pacific Time (US & Canada),research,1,0,False,False,https://inaturalist-open-data.s3.amazonaws.com/photos/446637919/medium.jpeg,,,
49699,Pisaster ochraceus,Ochre Sea Star,Animalia,Ochre Sea Star,32.8075499009,-117.2661748802,5.0,"North Pacific Ocean, CA, US",2024-10-30,2024-10-30 21:53:23 UTC,Pacific Time (US & Canada),research,1,0,False,False,https://static.inaturalist.org/photos/446639296/medium.jpeg,,,
49699,Pisaster ochraceus,Ochre Sea Star,Animalia,Ochre Sea Star,32.8075400095,-117.2661820131,4.0,"North Pacific Ocean, CA, US",2024-10-30,2024-10-30 21:53:02 UTC,Pacific Time (US & Canada),research,2,0,False,False,https://static.inaturalist.org/photos/446639008/medium.jpeg,,,
49699,Pisaster ochraceus,Ochre Sea Star,Animalia,Ochre Sea Star,32.8075551083,-117.2661932932,4.0,"North Pacific Ocean, CA, US",2024-10-30,2024-10-30 21:54:39 UTC,Pacific Time (US & Canada),research,1,0,False,False,https://inaturalist-open-data.s3.amazonaws.com/photos/446638342/medium.jpeg,,,
49699,Pisaster ochraceus,Ochre Sea Star,Animalia,Ochre Sea Star,32.8075514358,-117.2661901246,9.0,"North Pacific Ocean, CA, US",2024-10-30,2024-10-30 21:56:26 UTC,Pacific Time (US & Canada),research,1,0,False,False,https://inaturalist-open-data.s3.amazonaws.com/photos/446638720/medium.jpeg,,,
49699,Pisaster ochraceus,Ochre Sea Star,Animalia,Ochre Sea Star,32.8075015499,-117.2662110721,4.0,"North Pacific Ocean, CA, US",2024-10-30,2024-10-30 22:07:59 UTC,Pacific Time (US & Canada),research,1,0,False,False,https://inaturalist-open-data.s3.amazonaws.com/photos/446641166/medium.jpeg,,,
49699,Pisaster ochraceus,Ochre Sea Star,Animalia,Ochre Sea Star,32.8074154922,-117.2664575021,4.0,"North Pacific Ocean, CA, US",2024-10-30,2024-10-30 22:13:17 UTC,Pacific Time (US & Canada),research,1,0,False,False,https://inaturalist-open-data.s3.amazonaws.com/photos/446642093/medium.jpeg,,,
49699,Pisaster ochraceus,Ochre Sea Star,Animalia,Ochre Sea Star,32.8008899684,-117.2590180847,90.0,"North Pacific Beach, San Diego, CA, US",2024-10-30,2024-10-30 22:19:30 UTC,Pacific Time (US & Canada),research,1,0,False,False,https://inaturalist-open-data.s3.amazonaws.com/photos/446643393/medium.jpeg,,,
49699,Pisaster ochraceus,Ochre Sea Star,Animalia,Ochre Sea Star,32.80739563,-117.26655113,4.0,"San Diego, CA, USA",2024-10-30,2024-10-30 22:18:23 UTC,Pacific Time (US & Canada),research,2,0,False,False,https://static.inaturalist.org/photos/446643608/medium.jpeg,,,
49699,Pisaster ochraceus,Ochre Sea Star,Animalia,Ochre Sea Star,32.8074225558,-117.2664695102,4.0,"North Pacific Ocean, CA, US",2024-10-30,2024-10-30 22:19:31 UTC,Pacific Time (US & Canada),research,1,0,False,False,https://static.inaturalist.org/photos/446643451/medium.jpeg,,,
49699,Pisaster ochraceus,Ochre Sea Star,Animalia,Ochre Sea Star,32.8074463131,-117.2664350365,3.0,"Sea Ridge Dr, San Diego, CA, US",2024-10-30,2024-10-30 22:21:57 UTC,Pacific Time (US & Canada),research,3,1,False,False,https://inaturalist-open-data.s3.amazonaws.com/photos/446644551/medium.jpeg,,,
49699,Pisaster ochraceus,Ochre Sea Star,Animalia,Ochre Sea Star,32.8077754287,-117.2660137933,9.0,"North Pacific Ocean, CA, US",2024-10-30,2024-10-31 00:17:20 UTC,Pacific Time (US & Canada),research,2,1,False,False,https://inaturalist-open-data.s3.amazonaws.com/photos/446667796/medium.jpeg,,,
49699,Pisaster ochraceus,Ochre Sea Star,Animalia,Ochre Sea Star,32.8077663506,-117.2659893558,6.0,"North Pacific Ocean, CA, US",2024-10-30,2024-10-31 00:18:18 UTC,Pacific Time (US & Canada),research,1,0,False,False,https://inaturalist-open-data.s3.amazonaws.com/photos/446667856/medium.jpeg,,,
49699,Pisaster ochraceus,Ochre Sea Star,Animalia,Ochre Sea Star,32.8075108798,-117.265904633,12.0,"San Diego, CA, USA",2024-10-30,2024-10-30 21:49:00 UTC,Pacific Time (US & Canada),research,1,0,False,False,https://static.inaturalist.org/photos/446883282/medium.jpg,,,
49699,Pisaster ochraceus,Ochre Sea Star,Animalia,Ochre Sea Star,32.8072570248,-117.2679245599,7.0,"San Diego County, CA, USA",2024-10-31,2024-10-31 21:49:00 UTC,Pacific Time (US & Canada),research,1,0,False,False,https://static.inaturalist.org/photos/446883851/medium.jpg,,,
49699,Pisaster ochraceus,Ochre Sea Star,Animalia,Ochre Sea Star,32.8721162818,-117.2532504032,63.0,"North Pacific Ocean, CA, US",2024-11-14,2024-11-14 23:27:00 UTC,Pacific Time (US & Canada),research,1,0,False,False,https://static.inaturalist.org/photos/450498546/medium.jpeg,,,
49699,Pisaster ochraceus,Ochre Sea Star,Animalia,Pisaster ochraceus,32.834094557,-117.3887709333,4.0,"San Diego County, US-CA, US",2024-11-16,2024-11-16 23:03:42 UTC,Pacific Time (US & Canada),research,1,0,False,True,https://inaturalist-open-data.s3.amazonaws.com/photos/451147879/medium.jpeg,,,
49699,Pisaster ochraceus,Ochre Sea Star,Animalia,Ochre Sea Star,32.87167371,-117.25357152,4.0,"San Diego County, CA, USA",2024-11-17,2024-11-17 23:29:48 UTC,Pacific Time (US & Canada),research,1,0,False,False,https://inaturalist-open-data.s3.amazonaws.com/photos/451192612/medium.jpeg,,,
49699,Pisaster ochraceus,Ochre Sea Star,Animalia,Ochre Sea Star,32.8664366667,-117.2552116667,4.0,"Ellen Browning Scripps Memorial Pier, CA, US",2024-11-17,2024-11-18 01:04:36 UTC,Pacific Time (US & Canada),research,1,0,False,False,https://inaturalist-open-data.s3.amazonaws.com/photos/451250546/medium.jpeg,,,
49699,Pisaster ochraceus,Ochre Sea Star,Animalia,Ochre Sea Star,32.8712916667,-117.25367,4.0,"North Pacific Ocean, CA, US",2024-11-17,2024-11-18 00:39:37 UTC,Pacific Time (US & Canada),research,1,0,False,False,https://inaturalist-open-data.s3.amazonaws.com/photos/451250694/medium.jpeg,,,
49699,Pisaster ochraceus,Ochre Sea Star,Animalia,Ochre Sea Star,32.8711166667,-117.253525,3.0,"North Pacific Ocean, CA, US",2024-11-17,2024-11-18 00:09:59 UTC,Pacific Time (US & Canada),research,1,0,False,False,https://inaturalist-open-data.s3.amazonaws.com/photos/451251239/medium.jpeg,,,
49699,Pisaster ochraceus,Ochre Sea Star,Animalia,Ochre Sea Star,32.8713907277,-117.2537607117,25.0,"North Pacific Ocean, CA, US",2024-11-16,2024-11-16 23:33:54 UTC,Pacific Time (US & Canada),research,1,0,False,False,https://inaturalist-open-data.s3.amazonaws.com/photos/451514884/medium.jpeg,,,
49699,Pisaster ochraceus,Ochre Sea Star,Animalia,Ochre Sea Star,32.8710866667,-117.2535333333,4.0,"North Pacific Ocean, CA, US",2024-10-20,2024-10-21 00:37:41 UTC,Pacific Time (US & Canada),research,1,0,False,False,https://static.inaturalist.org/photos/451679218/medium.jpeg,,,
49699,Pisaster ochraceus,Ochre Sea Star,Animalia,Ochre Sea Star,32.8641507,-117.2550447997,,"8614, San Diego, CA 92037, USA",2024-11-20,2024-11-20 15:04:17 UTC,Pacific Time (US & Canada),research,1,0,False,False,https://inaturalist-open-data.s3.amazonaws.com/photos/451813270/medium.jpeg,,,
49699,Pisaster ochraceus,Ochre Sea Star,Animalia,Ochre Sea Star,32.8716266667,-117.2536533333,,"North Pacific Ocean, CA, US",2024-11-16,2024-11-17 06:27:14 UTC,Pacific Time (US & Canada),research,1,0,False,False,https://static.inaturalist.org/photos/452957328/medium.jpeg,,,
49699,Pisaster ochraceus,Ochre Sea Star,Animalia,Ochre Sea Star,32.8701581106,-117.2537249589,95.0,"North Pacific Ocean, CA, US",2024-11-28,2024-11-28 21:16:38 UTC,Pacific Time (US & Canada),research,1,0,False,False,https://inaturalist-open-data.s3.amazonaws.com/photos/453982228/medium.jpeg,,,
49699,Pisaster ochraceus,Ochre Sea Star,Animalia,Ochre Sea Star,32.9104783333,-117.2574916667,4.0,"North Pacific Ocean, CA, US",2024-12-01,2024-12-02 00:04:58 UTC,Pacific Time (US & Canada),research,1,0,False,False,https://static.inaturalist.org/photos/454540254/medium.jpeg,,,
49699,Pisaster ochraceus,Ochre Sea Star,Animalia,Ochre Sea Star,32.8075366018,-117.2655940427,14.0,"North Pacific Ocean, CA, US",2024-12-01,2024-12-02 00:29:24 UTC,Pacific Time (US & Canada),research,1,0,False,False,https://inaturalist-open-data.s3.amazonaws.com/photos/454544450/medium.jpeg,,,
49699,Pisaster ochraceus,Ochre Sea Star,Animalia,Ochre Sea Star,32.8076083333,-117.2658833333,23.0,"North Pacific Ocean, CA, US",2024-12-01,2024-12-02 00:02:02 UTC,Pacific Time (US & Canada),research,2,0,False,False,https://inaturalist-open-data.s3.amazonaws.com/photos/454614241/medium.jpeg,,,
49699,Pisaster ochraceus,Ochre Sea Star,Animalia,Ochre Sea Star,32.866268505,-117.2546392679,109.0,"San Diego County, CA, USA",2024-12-02,2024-12-02 23:42:05 UTC,Pacific Time (US & Canada),research,1,0,False,False,https://inaturalist-open-data.s3.amazonaws.com/photos/454763029/medium.jpeg,,,
49699,Pisaster ochraceus,Ochre Sea Star,Animalia,Ochre Sea Star,33.2068283333,-117.3991916667,3.0,"North Pacific Ocean, Oceanside, CA, US",2024-12-02,2024-12-03 00:32:00 UTC,Pacific Time (US & Canada),research,3,0,False,False,https://static.inaturalist.org/photos/454928285/medium.jpeg,,,
49699,Pisaster ochraceus,Ochre Sea Star,Animalia,Ochre Sea Star,32.9073033333,-117.2562166667,4.0,"North Pacific Ocean, CA, US",2024-12-01,2024-12-01 23:38:22 UTC,Pacific Time (US & Canada),research,2,0,False,False,https://inaturalist-open-data.s3.amazonaws.com/photos/454997273/medium.jpeg,,,
49699,Pisaster ochraceus,Ochre Sea Star,Animalia,Ochre Sea Star,32.8714966667,-117.2536383333,5.0,"North Pacific Ocean, CA, US",2024-11-14,2024-11-14 22:24:49 UTC,Pacific Time (US & Canada),research,1,0,False,False,https://static.inaturalist.org/photos/456179422/medium.jpg,,,
49699,Pisaster ochraceus,Ochre Sea Star,Animalia,Ochre Sea Star,32.8714533333,-117.2533283333,11.0,"North Pacific Ocean, CA, US",2024-11-14,2024-11-14 22:24:02 UTC,Pacific Time (US & Canada),research,1,0,False,False,https://static.inaturalist.org/photos/456182034/medium.jpg,,,
49699,Pisaster ochraceus,Ochre Sea Star,Animalia,Ochre Sea Star,32.8711466667,-117.2536916667,7.0,"North Pacific Ocean, CA, US",2024-11-14,2024-11-14 21:53:56 UTC,Pacific Time (US & Canada),research,1,0,False,False,https://static.inaturalist.org/photos/456208018/medium.jpg,,,
49699,Pisaster ochraceus,Ochre Sea Star,Animalia,Ochre Sea Star,32.8715883333,-117.25363,4.0,"North Pacific Ocean, CA, US",2024-12-11,2024-12-11 20:43:59 UTC,Pacific Time (US & Canada),research,1,0,False,False,https://inaturalist-open-data.s3.amazonaws.com/photos/456562053/medium.jpg,,,
49699,Pisaster ochraceus,Ochre Sea Star,Animalia,Ochre Sea Star,32.8717833333,-117.2535166667,4.0,"North Pacific Ocean, CA, US",2024-12-11,2024-12-11 20:54:51 UTC,Pacific Time (US & Canada),research,1,0,False,False,https://inaturalist-open-data.s3.amazonaws.com/photos/456562139/medium.jpg,,,
49699,Pisaster ochraceus,Ochre Sea Star,Animalia,Ochre Sea Star,32.8715550023,-117.253625,20.0,"North Pacific Ocean, CA, US",2024-12-11,2024-12-11 20:41:19 UTC,Pacific Time (US & Canada),research,1,0,False,False,https://inaturalist-open-data.s3.amazonaws.com/photos/456562244/medium.jpg,,,
49699,Pisaster ochraceus,Ochre Sea Star,Animalia,Ochre Sea Star,32.5839916477,-117.1336824541,4.0,"Ocean Ln, Imperial Beach, CA, US",2024-12-14,2024-12-14 22:54:42 UTC,Pacific Time (US & Canada),research,1,0,False,False,https://static.inaturalist.org/photos/457129609/medium.jpg,,,
49699,Pisaster ochraceus,Ochre Sea Star,Animalia,Ochre Sea Star,32.8714783333,-117.2537216667,5.0,"North Pacific Ocean, CA, US",2024-12-14,2024-12-14 23:12:41 UTC,Pacific Time (US & Canada),research,1,0,False,False,https://inaturalist-open-data.s3.amazonaws.com/photos/457138029/medium.jpg,,,
49699,Pisaster ochraceus,Ochre Sea Star,Animalia,,32.5840050023,-117.1336721667,23.0,"North Pacific Ocean, CA, US",,,Pacific Time (US & Canada),casual,0,0,False,False,https://static.inaturalist.org/photos/457139919/medium.jpg,,,
49699,Pisaster ochraceus,Ochre Sea Star,Animalia,Ochre Sea Star,32.583995,-117.1336666667,3.0,"North Pacific Ocean, CA, US",2024-12-14,2024-12-14 23:11:48 UTC,Pacific Time (US & Canada),research,1,0,False,False,https://inaturalist-open-data.s3.amazonaws.com/photos/457150868/medium.jpg,,,
49699,Pisaster ochraceus,Ochre Sea Star,Animalia,Ochre Sea Star,32.584005,-117.1336721667,4.0,"North Pacific Ocean, CA, US",2024-12-14,2024-12-15 01:57:38 UTC,Pacific Time (US & Canada),research,1,0,False,False,https://inaturalist-open-data.s3.amazonaws.com/photos/457151166/medium.jpg,,,
49699,Pisaster ochraceus,Ochre Sea Star,Animalia,Ochre Sea Star,32.5838790078,-117.1334998905,58.0,"North Pacific Ocean, CA, US",2024-12-14,2024-12-14 23:11:48 UTC,Pacific Time (US & Canada),research,1,0,False,False,https://inaturalist-open-data.s3.amazonaws.com/photos/457151378/medium.jpg,,,
49699,Pisaster ochraceus,Ochre Sea Star,Animalia,Ochre Sea Star,32.583995,-117.1336666667,3.0,"North Pacific Ocean, CA, US",2024-12-14,2024-12-14 23:11:48 UTC,Pacific Time (US & Canada),research,1,0,False,False,https://inaturalist-open-data.s3.amazonaws.com/photos/457151818/medium.jpg,,,
49699,Pisaster ochraceus,Ochre Sea Star,Animalia,Ochre Sea Star,32.5840050123,-117.1336721667,20.0,"North Pacific Ocean, CA, US",2024-12-14,2024-12-14 23:02:00 UTC,Pacific Time (US & Canada),research,1,0,False,False,https://inaturalist-open-data.s3.amazonaws.com/photos/457152099/medium.jpg,,,
49699,Pisaster ochraceus,Ochre Sea Star,Animalia,Ochre Sea Star,32.8665632635,-117.255705683,119.0,"North Pacific Ocean, CA, US",2024-12-13,2024-12-13 22:35:26 UTC,Pacific Time (US & Canada),research,1,0,False,False,https://inaturalist-open-data.s3.amazonaws.com/photos/457170299/medium.jpg,,,
49699,Pisaster ochraceus,Ochre Sea Star,Animalia,Ochre Sea Star,32.8664583333,-117.2553466667,2.0,"North Pacific Ocean, CA, US",2024-12-14,2024-12-14 21:25:52 UTC,Pacific Time (US & Canada),research,1,0,False,False,https://inaturalist-open-data.s3.amazonaws.com/photos/457192035/medium.jpg,,,
49699,Pisaster ochraceus,Ochre Sea Star,Animalia,Ochre Sea Star,32.87122,-117.2536083333,3.0,"North Pacific Ocean, CA, US",2024-12-14,2024-12-14 21:50:57 UTC,Pacific Time (US & Canada),research,1,0,False,False,https://inaturalist-open-data.s3.amazonaws.com/photos/457192060/medium.jpg,,,
49699,Pisaster ochraceus,Ochre Sea Star,Animalia,Ochre Sea Star,32.8715883333,-117.25357,4.0,"North Pacific Ocean, CA, US",2024-11-14,2024-11-14 22:30:37 UTC,Pacific Time (US & Canada),research,1,0,False,False,https://static.inaturalist.org/photos/457203595/medium.jpg,,,
49699,Pisaster ochraceus,Ochre Sea Star,Animalia,Ochre Sea Star,32.871105,-117.253495,3.0,"North Pacific Ocean, CA, US",2024-12-15,2024-12-16 00:14:44 UTC,Pacific Time (US & Canada),research,1,0,False,False,https://static.inaturalist.org/photos/457400628/medium.jpg,,,
49699,Pisaster ochraceus,Ochre Sea Star,Animalia,Ochre Sea Star,32.8664966667,-117.255195,21.0,"North Pacific Ocean, CA, US",2024-12-15,2024-12-15 23:32:56 UTC,Pacific Time (US & Canada),research,1,0,False,False,https://static.inaturalist.org/photos/507665757/medium.jpg,,,
49699,Pisaster ochraceus,Ochre Sea Star,Animalia,Ochre Sea Star,33.0417833333,-117.2975783333,81.0,"North Pacific Ocean, Encinitas, CA, US",2024-12-15,2024-12-15 23:08:31 UTC,Pacific Time (US & Canada),research,1,0,False,False,https://inaturalist-open-data.s3.amazonaws.com/photos/457404388/medium.jpg,,,
49699,Pisaster ochraceus,Ochre Sea Star,Animalia,Ochre Sea Star,32.8685219323,-117.2542154791,87.0,tidepools @ scripps,2024-12-16,2024-12-16 19:11:00 UTC,Pacific Time (US & Canada),research,1,0,False,False,https://inaturalist-open-data.s3.amazonaws.com/photos/457728838/medium.jpeg,,,
49699,Pisaster ochraceus,Ochre Sea Star,Animalia,Ochre Sea Star,32.871475,-117.2537616667,4.0,"North Pacific Ocean, CA, US",2024-11-17,2024-11-18 00:24:57 UTC,Pacific Time (US & Canada),research,1,0,False,False,https://static.inaturalist.org/photos/457734591/medium.jpg,,,
49699,Pisaster ochraceus,Ochre Sea Star,Animalia,Ochre Sea Star,32.8715283333,-117.2536383333,3.0,"North Pacific Ocean, CA, US",2024-11-17,2024-11-18 00:41:11 UTC,Pacific Time (US & Canada),research,1,0,False,False,https://static.inaturalist.org/photos/457734708/medium.jpg,,,
49699,Pisaster ochraceus,Ochre Sea Star,Animalia,Ochre Sea Star,32.8514838282,-117.26309371,11.0,"North Pacific Ocean, CA, US",2024-12-15,2024-12-15 23:07:02 UTC,Pacific Time (US & Canada),research,1,0,False,False,https://static.inaturalist.org/photos/458161509/medium.jpg,,,
49699,Pisaster ochraceus,Ochre Sea Star,Animalia,Ochre Sea Star,32.8664883333,-117.255425,5.0,"North Pacific Ocean, CA, US",2024-12-14,2024-12-14 22:23:28 UTC,Pacific Time (US & Canada),research,1,0,False,False,https://inaturalist-open-data.s3.amazonaws.com/photos/458191168/medium.jpg,,,
49699,Pisaster ochraceus,Ochre Sea Star,Animalia,Ochre Sea Star,32.8665216581,-117.2554033333,500.0,"Ellen Browning Scripps Memorial Pier, CA, US",2024-12-14,2024-12-14 22:38:19 UTC,Pacific Time (US & Canada),research,1,0,False,False,https://inaturalist-open-data.s3.amazonaws.com/photos/458191257/medium.jpg,,,
49699,Pisaster ochraceus,Ochre Sea Star,Animalia,Ochre Sea Star,32.8712166667,-117.253525,14.0,"North Pacific Ocean, CA, US",2024-12-14,2024-12-14 23:01:26 UTC,Pacific Time (US & Canada),research,1,0,False,False,https://inaturalist-open-data.s3.amazonaws.com/photos/458191372/medium.jpg,,,
49699,Pisaster ochraceus,Ochre Sea Star,Animalia,Ochre Sea Star,32.8664666667,-117.2551116667,5.0,"Ellen Browning Scripps Memorial Pier, CA, US",2024-12-15,2024-12-15 23:01:00 UTC,Pacific Time (US & Canada),research,1,0,False,False,https://inaturalist-open-data.s3.amazonaws.com/photos/458252590/medium.jpg,,,
49699,Pisaster ochraceus,Ochre Sea Star,Animalia,Ochre Sea Star,32.8721866667,-117.25315,3.0,"North Pacific Ocean, CA, US",2024-11-16,2024-11-16 23:31:36 UTC,Pacific Time (US & Canada),research,1,0,False,False,https://static.inaturalist.org/photos/458390516/medium.jpg,,,
49699,Pisaster ochraceus,Ochre Sea Star,Animalia,Ochre Sea Star,32.8666349686,-117.2556448361,37.0,"North Pacific Ocean, CA, US",2024-12-14,2024-12-14 21:23:25 UTC,Pacific Time (US & Canada),research,1,0,False,False,https://inaturalist-open-data.s3.amazonaws.com/photos/458572467/medium.jpg,,,
49699,Pisaster ochraceus,Ochre Sea Star,Animalia,Ochre Sea Star,32.8663974831,-117.2541987151,116.0,"La Jolla Shores, San Diego, CA 92037, USA",2024-12-14,,Pacific Time (US & Canada),casual,0,0,False,False,,,,
49699,Pisaster ochraceus,Ochre Sea Star,Animalia,Ochre Sea Star,32.8715383333,-117.2536166667,3.0,"North Pacific Ocean, CA, US",2024-12-13,2024-12-13 22:09:21 UTC,Pacific Time (US & Canada),research,1,0,False,False,https://inaturalist-open-data.s3.amazonaws.com/photos/459098390/medium.jpg,,,
49699,Pisaster ochraceus,Ochre Sea Star,Animalia,Ochre Sea Star,32.87190905,-117.2535114926,7.0,"North Pacific Ocean, CA, US",2024-12-15,2024-12-16 07:02:06 UTC,Pacific Time (US & Canada),research,2,0,False,False,https://inaturalist-open-data.s3.amazonaws.com/photos/459152261/medium.jpg,,Found north of Scripps Pier La Jolla,
49699,Pisaster ochraceus,Ochre Sea Star,Animalia,Ochre Sea Star,32.866607666,-117.2539138794,37.0,San Diego,2024-12-25,2024-12-25 20:41:16 UTC,Pacific Time (US & Canada),research,1,0,False,False,https://static.inaturalist.org/photos/459294327/medium.jpeg,,,
49699,Pisaster ochraceus,Ochre Sea Star,Animalia,Ochre Sea Star,32.8706149338,-117.2533240636,7.0,"Biological Grade, San Diego, CA, US",2024-12-26,2024-12-26 21:38:07 UTC,Pacific Time (US & Canada),research,1,0,False,False,https://static.inaturalist.org/photos/459542069/medium.jpg,,,
49699,Pisaster ochraceus,Ochre Sea Star,Animalia,Ochre Sea Star,32.8077383333,-117.2660666667,3.0,"North Pacific Ocean, CA, US",2024-12-26,2024-12-26 21:46:03 UTC,Pacific Time (US & Canada),research,1,0,False,False,https://static.inaturalist.org/photos/459520334/medium.jpg,,,
49699,Pisaster ochraceus,Ochre Sea Star,Animalia,Ochre Sea Star,32.8077083333,-117.2660133333,15.0,"North Pacific Ocean, CA, US",2024-12-26,2024-12-26 21:47:50 UTC,Pacific Time (US & Canada),research,1,0,False,False,https://inaturalist-open-data.s3.amazonaws.com/photos/459525700/medium.jpg,,,
49699,Pisaster ochraceus,Ochre Sea Star,Animalia,Ochre Sea Star,32.8663902032,-117.2550180462,4.0,"Naga Way, CA, US",2024-12-28,2024-12-28 22:35:55 UTC,Pacific Time (US & Canada),research,1,0,False,False,https://inaturalist-open-data.s3.amazonaws.com/photos/460015000/medium.jpg,,,
49699,Pisaster ochraceus,Ochre Sea Star,Animalia,Ochre Sea Star,32.8664268312,-117.2548599276,4.0,"Naga Way, CA, US",2024-12-28,2024-12-28 22:38:31 UTC,Pacific Time (US & Canada),research,1,0,False,False,https://inaturalist-open-data.s3.amazonaws.com/photos/460015756/medium.jpg,,,
49699,Pisaster ochraceus,Ochre Sea Star,Animalia,,32.8706764151,-117.2532870994,4.0,"North Pacific Ocean, CA, US",2024-12-28,2024-12-28 22:59:15 UTC,Pacific Time (US & Canada),casual,0,0,False,False,,,,
49699,Pisaster ochraceus,Ochre Sea Star,Animalia,Ochre Sea Star,32.8569533333,-117.2614133333,1809.0,"North Pacific Ocean, CA, US",2024-12-28,2024-12-28 22:43:33 UTC,Pacific Time (US & Canada),research,1,0,False,False,https://static.inaturalist.org/photos/460095612/medium.jpg,,,
49699,Pisaster ochraceus,Ochre Sea Star,Animalia,Ochre Sea Star,32.8714852752,-117.2534061037,4.0,"North Pacific Ocean, CA, US",2024-12-29,2024-12-29 23:17:10 UTC,Pacific Time (US & Canada),research,1,0,False,False,https://static.inaturalist.org/photos/460292852/medium.jpg,,,
49699,Pisaster ochraceus,Ochre Sea Star,Animalia,Ochre Sea Star,32.8715630109,-117.2535279115,4.0,"North Pacific Ocean, CA, US",2024-12-29,2024-12-29 23:24:32 UTC,Pacific Time (US & Canada),research,1,0,False,False,https://static.inaturalist.org/photos/460297389/medium.jpg,,,
49699,Pisaster ochraceus,Ochre Sea Star,Animalia,Ochre Sea Star,32.8715113364,-117.2533598543,28.0,"North Pacific Ocean, CA, US",2024-12-29,2024-12-29 23:35:45 UTC,Pacific Time (US & Canada),research,3,0,False,False,https://static.inaturalist.org/photos/460297525/medium.jpg,,,
49699,Pisaster ochraceus,Ochre Sea Star,Animalia,Ochre Sea Star,32.8663973,-117.2565285,4438.0,"North Pacific Ocean, CA, US",2024-12-29,2024-12-29 23:23:30 UTC,Pacific Time (US & Canada),research,1,0,False,False,https://static.inaturalist.org/photos/460316098/medium.jpg,,,
49699,Pisaster ochraceus,Ochre Sea Star,Animalia,Ochre Sea Star,32.8077366667,-117.266075,10.0,"North Pacific Ocean, CA, US",2024-12-29,2024-12-30 00:37:06 UTC,Pacific Time (US & Canada),research,1,0,False,False,https://inaturalist-open-data.s3.amazonaws.com/photos/460489386/medium.jpg,,,
49699,Pisaster ochraceus,Ochre Sea Star,Animalia,Ochre Sea Star,32.8576666667,-117.2574861111,,"La Jolla Shores, San Diego, CA 92037, USA",2024-12-30,2024-12-30 23:37:17 UTC,Pacific Time (US & Canada),research,1,0,False,False,https://inaturalist-open-data.s3.amazonaws.com/photos/460565256/medium.jpeg,,,
49699,Pisaster ochraceus,Ochre Sea Star,Animalia,Ochre Sea Star,32.8481888889,-117.2733055556,,"Village of La Jolla, San Diego, CA 92037, USA",2024-12-30,2024-12-30 23:48:54 UTC,Pacific Time (US & Canada),research,1,0,False,False,https://inaturalist-open-data.s3.amazonaws.com/photos/460565785/medium.jpeg,,,
49699,Pisaster ochraceus,Ochre Sea Star,Animalia,Ochre Sea Star,32.8072432798,-117.266906368,10.0,"North Pacific Ocean, CA, US",2024-12-30,2024-12-30 22:58:37 UTC,Pacific Time (US & Canada),research,1,0,False,False,https://static.inaturalist.org/photos/460611285/medium.jpg,,,
49699,Pisaster ochraceus,Ochre Sea Star,Animalia,Ochre Sea Star,32.8437583333,-117.279975,35.0,"Coast Blvd, San Diego, CA, US",2024-12-01,2024-12-01 23:53:34 UTC,Pacific Time (US & Canada),research,1,0,False,False,https://inaturalist-open-data.s3.amazonaws.com/photos/460647207/medium.jpg,,,
49699,Pisaster ochraceus,Ochre Sea Star,Animalia,Ochre Sea Star,32.8700775026,-117.2533028573,213.0,"La Jolla Shores, San Diego, CA 92037, USA",2024-12-28,2024-12-28 23:17:57 UTC,Pacific Time (US & Canada),research,1,0,False,False,https://inaturalist-open-data.s3.amazonaws.com/photos/460732234/medium.jpeg,,,
49699,Pisaster ochraceus,Ochre Sea Star,Animalia,Ochre Sea Star,32.8714883,-117.2536364,,"San Diego County, CA, USA",2024-12-28,2024-12-28 23:20:11 UTC,Pacific Time (US & Canada),research,1,0,False,False,https://inaturalist-open-data.s3.amazonaws.com/photos/460732959/medium.jpeg,,,
49699,Pisaster ochraceus,Ochre Sea Star,Animalia,Ochre Sea Star,32.8713358997,-117.2536896997,,"San Diego County, CA, USA",2024-12-28,2024-12-28 23:18:14 UTC,Pacific Time (US & Canada),research,1,0,False,False,https://inaturalist-open-data.s3.amazonaws.com/photos/460733044/medium.jpeg,,,
49699,Pisaster ochraceus,Ochre Sea Star,Animalia,Ochre Sea Star,32.8715383333,-117.2536616667,5.0,"North Pacific Ocean, CA, US",2024-12-16,2024-12-16 23:55:59 UTC,Pacific Time (US & Canada),research,1,0,False,False,https://static.inaturalist.org/photos/460764091/medium.jpg,,,
49699,Pisaster ochraceus,Ochre Sea Star,Animalia,Ochre Sea Star,32.8714467555,-117.2537788227,88.0,"North Pacific Ocean, CA, US",2024-12-30,2024-12-30 22:56:00 UTC,Pacific Time (US & Canada),research,1,0,False,False,https://static.inaturalist.org/photos/460772779/medium.jpg,,,
49699,Pisaster ochraceus,Ochre Sea Star,Animalia,Ochre Sea Star,32.8663333333,-117.2549966667,4.0,"North Pacific Ocean, CA, US",2024-12-31,2025-01-01 00:09:27 UTC,Pacific Time (US & Canada),research,1,0,False,False,https://inaturalist-open-data.s3.amazonaws.com/photos/460806387/medium.jpg,,,
49699,Pisaster ochraceus,Ochre Sea Star,Animalia,Ochre Sea Star,32.8321544141,-117.2825844848,20.0,"North Pacific Ocean, CA, US",2024-12-31,2025-01-01 00:26:47 UTC,Pacific Time (US & Canada),research,1,0,False,False,https://static.inaturalist.org/photos/460824054/medium.jpg,,,
49699,Pisaster ochraceus,Ochre Sea Star,Animalia,Ochre Sea Star,32.8700466667,-117.2536383333,2511.0,"North Pacific Ocean, CA, US",2024-12-30,2024-12-30 23:55:12 UTC,Pacific Time (US & Canada),research,1,0,False,False,https://inaturalist-open-data.s3.amazonaws.com/photos/460981150/medium.jpg,,,
49699,Pisaster ochraceus,Ochre Sea Star,Animalia,Ochre Sea Star,32.7948133333,-117.256395,6.0,"Pacific Beach, San Diego, CA, US",2024-12-31,2024-12-31 17:53:48 UTC,Pacific Time (US & Canada),research,1,0,False,False,https://inaturalist-open-data.s3.amazonaws.com/photos/460981660/medium.jpg,,,
49699,Pisaster ochraceus,Ochre Sea Star,Animalia,Ochre Sea Star,32.907545,-117.2563166667,118.0,"North Pacific Ocean, CA, US",2025-01-01,2025-01-01 23:56:56 UTC,Pacific Time (US & Canada),research,1,0,False,False,https://static.inaturalist.org/photos/461056695/medium.jpg,,,
49699,Pisaster ochraceus,Ochre Sea Star,Animalia,Ochre Sea Star,32.9073133333,-117.25618,6.0,"Torrey Pines State Natural Reserve, CA, US",2025-01-01,2025-01-01 23:59:43 UTC,Pacific Time (US & Canada),research,1,0,False,False,https://static.inaturalist.org/photos/461057197/medium.jpg,,,
49699,Pisaster ochraceus,Ochre Sea Star,Animalia,Ochre Sea Star,32.9073133333,-117.25618,6.0,"Torrey Pines State Natural Reserve, CA, US",2025-01-01,2025-01-01 23:59:43 UTC,Pacific Time (US & Canada),research,1,0,False,False,https://static.inaturalist.org/photos/461063973/medium.jpg,,,
49699,Pisaster ochraceus,Ochre Sea Star,Animalia,Ochre Sea Star,32.871655,-117.25363,12.0,"North Pacific Ocean, CA, US",2025-01-01,2025-01-01 23:27:23 UTC,Pacific Time (US & Canada),research,1,0,False,False,https://inaturalist-open-data.s3.amazonaws.com/photos/461077243/medium.jpg,,,
49699,Pisaster ochraceus,Ochre Sea Star,Animalia,Ochre Sea Star,32.8717033333,-117.2536166667,4.0,"North Pacific Ocean, CA, US",2025-01-01,2025-01-01 23:49:18 UTC,Pacific Time (US & Canada),research,1,0,False,False,https://inaturalist-open-data.s3.amazonaws.com/photos/461118617/medium.jpg,,,
49699,Pisaster ochraceus,Ochre Sea Star,Animalia,Ochre Sea Star,32.8717466667,-117.253595,9.0,"North Pacific Ocean, CA, US",2025-01-01,2025-01-01 23:50:09 UTC,Pacific Time (US & Canada),research,1,0,False,False,https://inaturalist-open-data.s3.amazonaws.com/photos/461118650/medium.jpg,,,
49699,Pisaster ochraceus,Ochre Sea Star,Animalia,Ochre Sea Star,32.8721466667,-117.25335,9.0,"North Pacific Ocean, CA, US",2025-01-01,2025-01-02 00:43:02 UTC,Pacific Time (US & Canada),research,1,0,False,False,https://inaturalist-open-data.s3.amazonaws.com/photos/461124808/medium.jpg,,,
49699,Pisaster ochraceus,Ochre Sea Star,Animalia,Pisaster ochraceus,32.8714408333,-117.253670555,,美国加利福尼亚圣迭戈县,2025-01-03,2025-01-04 00:48:00 UTC,Pacific Time (US & Canada),research,1,0,False,False,https://static.inaturalist.org/photos/461551838/medium.jpg,,,
49699,Pisaster ochraceus,Ochre Sea Star,Animalia,Ochre Sea Star,32.8521388889,-117.2606666667,,"La Jolla Shores, San Diego, CA 92037, USA",2025-01-01,2025-01-02 00:13:07 UTC,Pacific Time (US & Canada),research,1,0,False,False,https://static.inaturalist.org/photos/462003287/medium.jpeg,,,
49699,Pisaster ochraceus,Ochre Sea Star,Animalia,Ochre Sea Star,32.761896701,-117.2453333397,43.0,"Entrance Channel, San Diego, CA, US",2025-01-07,2025-01-07 19:48:36 UTC,Pacific Time (US & Canada),research,1,0,False,False,https://static.inaturalist.org/photos/462618970/medium.jpg,,,
49699,Pisaster ochraceus,Ochre Sea Star,Animalia,Ochre Sea Star,32.766025,-117.2470783333,4.0,"Mission Bay, San Diego, CA, US",2025-01-10,2025-01-10 21:12:04 UTC,Pacific Time (US & Canada),research,1,0,False,False,https://static.inaturalist.org/photos/463004451/medium.jpg,,,
49699,Pisaster ochraceus,Ochre Sea Star,Animalia,Ochre Sea Star,32.8411111028,-117.2816668823,202.0,"Village of La Jolla, San Diego, CA 92037, USA",2025-01-10,2025-01-10 20:46:30 UTC,Pacific Time (US & Canada),research,1,0,False,False,https://inaturalist-open-data.s3.amazonaws.com/photos/463132061/medium.jpeg,,,
49699,Pisaster ochraceus,Ochre Sea Star,Animalia,Ochre Sea Star,32.8717328997,-117.2535246997,,"San Diego County, CA, USA",2025-01-10,2025-01-10 22:21:38 UTC,Pacific Time (US & Canada),research,1,0,False,False,https://inaturalist-open-data.s3.amazonaws.com/photos/463174449/medium.jpeg,,,
49699,Pisaster ochraceus,Ochre Sea Star,Animalia,Ochre Sea Star,32.8516445638,-117.2626900091,11.0,"San Diego County, CA, USA",2025-01-11,2025-01-11 22:35:26 UTC,Pacific Time (US & Canada),research,1,0,False,False,https://inaturalist-open-data.s3.amazonaws.com/photos/463180348/medium.jpeg,,,
49699,Pisaster ochraceus,Ochre Sea Star,Animalia,Ochre Sea Star,32.8524390018,-117.2625203634,467.0,"North Pacific Ocean, CA, US",2025-01-11,2025-01-11 22:51:18 UTC,Pacific Time (US & Canada),research,1,0,False,False,https://inaturalist-open-data.s3.amazonaws.com/photos/463202737/medium.jpg,,,
49699,Pisaster ochraceus,Ochre Sea Star,Animalia,Ochre Sea Star,32.87129421,-117.25364797,3.0,"San Diego County, CA, USA",2025-01-12,2025-01-12 21:27:17 UTC,Pacific Time (US & Canada),research,1,0,False,False,https://static.inaturalist.org/photos/463402677/medium.jpeg,,,
49699,Pisaster ochraceus,Ochre Sea Star,Animalia,Ochre Sea Star,32.87129979,-117.25368616,4.0,"San Diego County, CA, USA",2025-01-12,2025-01-12 21:31:06 UTC,Pacific Time (US & Canada),research,1,0,False,False,https://static.inaturalist.org/photos/463403918/medium.jpeg,,,
49699,Pisaster ochraceus,Ochre Sea Star,Animalia,Ochre Sea Star,32.8714956209,-117.2536762712,4.0,"North Pacific Ocean, CA, US",2025-01-12,2025-01-12 22:34:12 UTC,Pacific Time (US & Canada),research,1,0,False,False,https://inaturalist-open-data.s3.amazonaws.com/photos/463416317/medium.jpg,,,
49699,Pisaster ochraceus,Ochre Sea Star,Animalia,Ochre Sea Star,32.8492889404,-117.2760620117,20.0,San Diego,2025-01-12,2025-01-12 22:40:03 UTC,Pacific Time (US & Canada),research,1,0,False,False,https://inaturalist-open-data.s3.amazonaws.com/photos/469759031/medium.jpeg,,,
49699,Pisaster ochraceus,Ochre Sea Star,Animalia,Ochre Sea Star,32.8720783333,-117.2534033333,3.0,"North Pacific Ocean, CA, US",2025-01-13,2025-01-13 23:59:36 UTC,Pacific Time (US & Canada),research,1,0,False,False,https://static.inaturalist.org/photos/463792403/medium.jpg,,,
49699,Pisaster ochraceus,Ochre Sea Star,Animalia,Ochre Sea Star,32.8716,-117.2536,3.0,"North Pacific Ocean, CA, US",2025-01-10,2025-01-10 22:48:55 UTC,Pacific Time (US & Canada),research,1,0,False,False,https://inaturalist-open-data.s3.amazonaws.com/photos/464410241/medium.jpg,,,
49699,Pisaster ochraceus,Ochre Sea Star,Animalia,Ochre Sea Star,32.8696216667,-117.25377,6.0,"North Pacific Ocean, CA, US",2025-01-23,2025-01-23 18:35:12 UTC,Pacific Time (US & Canada),research,1,0,False,False,https://static.inaturalist.org/photos/465555320/medium.jpg,,,
49699,Pisaster ochraceus,Ochre Sea Star,Animalia,Ochre Sea Star,32.869846344,-117.2537231445,161.0,San Diego County,2025-01-23,2025-01-23 18:49:17 UTC,Pacific Time (US & Canada),research,1,0,False,False,https://static.inaturalist.org/photos/465557018/medium.jpeg,,,
49699,Pisaster ochraceus,Ochre Sea Star,Animalia,Ochre Sea Star,32.8516444444,-117.2623916667,,"San Diego County, CA, USA",2025-01-01,2025-01-02 00:12:00 UTC,Pacific Time (US & Canada),research,1,0,False,False,https://inaturalist-open-data.s3.amazonaws.com/photos/465618748/medium.jpg,,,
49699,Pisaster ochraceus,Ochre Sea Star,Animalia,Ochre Sea Star,32.7611776,-117.245933,114.0,"Mission Point Park, 2600 Bayside Ln, San Diego, CA 92109, USA",2024-09-07,2024-09-07 16:01:00 UTC,Pacific Time (US & Canada),research,1,0,False,False,https://inaturalist-open-data.s3.amazonaws.com/photos/465999161/medium.jpeg,,,
49699,Pisaster ochraceus,Ochre Sea Star,Animalia,Ochre Sea Star,32.87175,-117.2534633333,4.0,"North Pacific Ocean, CA, US",2025-01-25,2025-01-25 21:33:14 UTC,Pacific Time (US & Canada),research,1,0,False,False,https://static.inaturalist.org/photos/466002569/medium.jpg,,,
49699,Pisaster ochraceus,Ochre Sea Star,Animalia,Ochre Sea Star,32.8717883333,-117.2535783333,13.0,"North Pacific Ocean, CA, US",2025-01-25,2025-01-25 21:31:25 UTC,Pacific Time (US & Canada),research,1,0,False,False,https://static.inaturalist.org/photos/466002661/medium.jpg,,,
49699,Pisaster ochraceus,Ochre Sea Star,Animalia,Ochre Sea Star,32.8663963068,-117.2550861276,8.0,"San Diego County, CA, USA",2024-11-17,2024-11-18 00:20:00 UTC,Pacific Time (US & Canada),research,1,0,False,False,https://inaturalist-open-data.s3.amazonaws.com/photos/466006600/medium.jpeg,,,
49699,Pisaster ochraceus,Ochre Sea Star,Animalia,Ochre Sea Star,32.8663963068,-117.2550861276,8.0,"San Diego County, CA, USA",2024-11-17,2024-11-18 00:20:00 UTC,Pacific Time (US & Canada),research,1,0,False,False,https://inaturalist-open-data.s3.amazonaws.com/photos/466006644/medium.jpeg,,,
49699,Pisaster ochraceus,Ochre Sea Star,Animalia,Ochre Sea Star,32.8663963068,-117.2550861276,8.0,"San Diego County, CA, USA",2024-11-17,2024-11-18 00:24:00 UTC,Pacific Time (US & Canada),research,1,0,False,False,https://inaturalist-open-data.s3.amazonaws.com/photos/466006665/medium.jpeg,,,
49699,Pisaster ochraceus,Ochre Sea Star,Animalia,Ochre Sea Star,32.8663963068,-117.2550861276,8.0,"San Diego County, CA, USA",2024-11-17,2024-11-18 00:24:00 UTC,Pacific Time (US & Canada),research,1,0,False,False,https://inaturalist-open-data.s3.amazonaws.com/photos/466006624/medium.jpeg,,,
49699,Pisaster ochraceus,Ochre Sea Star,Animalia,Ochre Sea Star,32.8663963068,-117.2550861276,8.0,"San Diego County, CA, USA",2024-11-28,2024-11-28 22:25:00 UTC,Pacific Time (US & Canada),research,1,0,False,False,https://inaturalist-open-data.s3.amazonaws.com/photos/466006683/medium.jpeg,,,
49699,Pisaster ochraceus,Ochre Sea Star,Animalia,Ochre Sea Star,32.8663963068,-117.2550861276,8.0,"San Diego County, CA, USA",2024-11-28,2024-11-28 22:26:00 UTC,Pacific Time (US & Canada),research,1,0,False,False,https://inaturalist-open-data.s3.amazonaws.com/photos/466006663/medium.jpeg,,,
49699,Pisaster ochraceus,Ochre Sea Star,Animalia,Ochre Sea Star,32.8663963068,-117.2550861276,8.0,"San Diego County, CA, USA",2024-11-28,2024-11-28 22:27:00 UTC,Pacific Time (US & Canada),research,1,0,False,False,https://inaturalist-open-data.s3.amazonaws.com/photos/466006704/medium.jpeg,,,
49699,Pisaster ochraceus,Ochre Sea Star,Animalia,Ochre Sea Star,32.871495,-117.253595,13.0,"North Pacific Ocean, CA, US",2025-01-25,2025-01-25 21:28:23 UTC,Pacific Time (US & Canada),research,1,0,False,False,https://static.inaturalist.org/photos/466007991/medium.jpg,,,
49699,Pisaster ochraceus,Ochre Sea Star,Animalia,Ochre Sea Star,32.87173,-117.2535383333,8.0,"North Pacific Ocean, CA, US",2025-01-25,2025-01-25 21:36:08 UTC,Pacific Time (US & Canada),research,1,0,False,False,https://static.inaturalist.org/photos/466008264/medium.jpg,,,
49699,Pisaster ochraceus,Ochre Sea Star,Animalia,Ochre Sea Star,32.8717383333,-117.2534716667,13.0,"North Pacific Ocean, CA, US",2025-01-25,2025-01-25 21:45:02 UTC,Pacific Time (US & Canada),research,1,0,False,False,https://static.inaturalist.org/photos/466009481/medium.jpg,,,
49699,Pisaster ochraceus,Ochre Sea Star,Animalia,Ochre Sea Star,32.8716916667,-117.2535866667,4.0,"North Pacific Ocean, CA, US",2025-01-25,2025-01-25 19:45:12 UTC,Pacific Time (US & Canada),research,1,0,False,False,https://inaturalist-open-data.s3.amazonaws.com/photos/466016589/medium.jpg,,,
49699,Pisaster ochraceus,Ochre Sea Star,Animalia,Ochre Sea Star,32.7611776,-117.245933,114.0,"Mission Point Park, 2600 Bayside Ln, San Diego, CA 92109, USA",2024-09-11,2024-09-11 16:46:00 UTC,Pacific Time (US & Canada),research,1,0,False,False,https://inaturalist-open-data.s3.amazonaws.com/photos/466220284/medium.jpeg,,,
49699,Pisaster ochraceus,Ochre Sea Star,Animalia,Ochre Sea Star,32.8712616667,-117.253525,30.0,"North Pacific Ocean, CA, US",2025-01-26,2025-01-26 22:08:46 UTC,Pacific Time (US & Canada),research,1,0,False,False,https://static.inaturalist.org/photos/466286222/medium.jpg,,,
49699,Pisaster ochraceus,Ochre Sea Star,Animalia,Ochre Sea Star,32.8710633333,-117.2535633333,3.0,"North Pacific Ocean, CA, US",2025-01-26,2025-01-26 21:23:14 UTC,Pacific Time (US & Canada),research,1,0,False,False,https://static.inaturalist.org/photos/466286472/medium.jpg,,,
49699,Pisaster ochraceus,Ochre Sea Star,Animalia,Ochre Sea Star,32.8711061531,-117.2535844923,3.0,"North Pacific Ocean, CA, US",2025-01-28,2025-01-28 22:02:14 UTC,Pacific Time (US & Canada),research,1,0,False,False,https://inaturalist-open-data.s3.amazonaws.com/photos/466640060/medium.jpg,,,
49699,Pisaster ochraceus,Ochre Sea Star,Animalia,Ochre Sea Star,32.8435636872,-117.2810532017,8.0,"La Jolla, San Diego, CA, USA",2025-01-28,2025-01-29 00:16:26 UTC,Pacific Time (US & Canada),research,1,0,False,False,https://inaturalist-open-data.s3.amazonaws.com/photos/466661026/medium.jpeg,,,
49699,Pisaster ochraceus,Ochre Sea Star,Animalia,Ochre Sea Star,32.8648083333,-117.25682,1953.0,"North Pacific Ocean, CA, US",2025-01-28,2025-01-28 22:04:41 UTC,Pacific Time (US & Canada),research,2,0,False,False,https://inaturalist-open-data.s3.amazonaws.com/photos/466664642/medium.jpg,,,
49699,Pisaster ochraceus,Ochre Sea Star,Animalia,Ochre Sea Star,32.8711083333,-117.2535383333,3.0,"North Pacific Ocean, CA, US",2025-01-28,2025-01-28 22:02:28 UTC,Pacific Time (US & Canada),research,1,0,False,False,https://inaturalist-open-data.s3.amazonaws.com/photos/466668753/medium.jpg,,,
49699,Pisaster ochraceus,Ochre Sea Star,Animalia,Pisaster ochraceus,32.8715783333,-117.2536616667,17.0,"Nordlige Stillehav, CA, US",2025-01-28,2025-01-28 22:35:42 UTC,Pacific Time (US & Canada),research,1,0,False,False,https://static.inaturalist.org/photos/466675124/medium.jpg,,,
49699,Pisaster ochraceus,Ochre Sea Star,Animalia,Ochre Sea Star,32.8718216667,-117.2535466667,4.0,"North Pacific Ocean, CA, US",2025-01-28,2025-01-28 22:48:08 UTC,Pacific Time (US & Canada),research,1,0,False,False,https://static.inaturalist.org/photos/466681033/medium.jpg,,,
49699,Pisaster ochraceus,Ochre Sea Star,Animalia,Ochre Sea Star,32.8711,-117.2535383333,13.0,"North Pacific Ocean, CA, US",2025-01-28,2025-01-28 22:05:22 UTC,Pacific Time (US & Canada),research,1,0,False,False,https://static.inaturalist.org/photos/466693450/medium.jpg,,,
49699,Pisaster ochraceus,Ochre Sea Star,Animalia,Ochre Sea Star,32.8717916667,-117.253555,15.0,"North Pacific Ocean, CA, US",2025-01-28,2025-01-28 22:48:33 UTC,Pacific Time (US & Canada),research,1,0,False,False,https://static.inaturalist.org/photos/466695013/medium.jpg,,,
49699,Pisaster ochraceus,Ochre Sea Star,Animalia,Ochre Sea Star,32.8710466667,-117.25357,11.0,"North Pacific Ocean, CA, US",2025-01-28,2025-01-28 22:02:28 UTC,Pacific Time (US & Canada),research,1,0,False,False,https://inaturalist-open-data.s3.amazonaws.com/photos/466697975/medium.jpg,,,
49699,Pisaster ochraceus,Ochre Sea Star,Animalia,Ochre Sea Star,32.8720982976,-117.2529496073,281.0,"North Pacific Ocean, CA, US",2025-01-28,2025-01-28 22:34:15 UTC,Pacific Time (US & Canada),research,1,0,False,False,https://static.inaturalist.org/photos/466704732/medium.jpg,,,
49699,Pisaster ochraceus,Ochre Sea Star,Animalia,Ochre Sea Star,32.8710666667,-117.253495,14.0,"North Pacific Ocean, CA, US",2025-01-28,2025-01-28 22:02:39 UTC,Pacific Time (US & Canada),research,1,0,False,False,https://inaturalist-open-data.s3.amazonaws.com/photos/466710425/medium.jpg,,,
49699,Pisaster ochraceus,Ochre Sea Star,Animalia,Ochre Sea Star,32.871075,-117.2535633333,4.0,"North Pacific Ocean, CA, US",2025-01-28,2025-01-28 22:01:47 UTC,Pacific Time (US & Canada),research,1,0,False,False,https://static.inaturalist.org/photos/466726380/medium.jpg,,,
49699,Pisaster ochraceus,Ochre Sea Star,Animalia,Ochre Sea Star,32.870958,-117.253574,,"San Diego County, CA, USA",2025-01-28,2025-01-28 22:01:50 UTC,Pacific Time (US & Canada),research,1,0,False,False,https://inaturalist-open-data.s3.amazonaws.com/photos/466795482/medium.jpeg,,,
49699,Pisaster ochraceus,Ochre Sea Star,Animalia,Ochre Sea Star,32.8753220384,-117.2524360889,33.0,"North Pacific Ocean, CA, US",2025-01-28,2025-01-28 23:24:00 UTC,Pacific Time (US & Canada),research,1,0,False,False,https://static.inaturalist.org/photos/466822216/medium.jpg,,,
49699,Pisaster ochraceus,Ochre Sea Star,Animalia,Ochre Sea Star,32.8738997948,-117.2536787606,662.0,"North Pacific Ocean, CA, US",2025-01-28,2025-01-29 00:00:00 UTC,Pacific Time (US & Canada),research,1,0,False,False,https://static.inaturalist.org/photos/466857764/medium.jpg,,,
49699,Pisaster ochraceus,Ochre Sea Star,Animalia,Ochre Sea Star,32.8710674,-117.2535404,,"San Diego County, CA, USA",2025-01-29,2025-01-30 00:04:58 UTC,Pacific Time (US & Canada),research,1,0,False,False,https://inaturalist-open-data.s3.amazonaws.com/photos/466899276/medium.jpeg,,,
49699,Pisaster ochraceus,Ochre Sea Star,Animalia,Ochre Sea Star,32.8736102721,-117.2532854546,1564.0,"North Pacific Ocean, CA, US",2025-01-28,2025-01-28 22:02:44 UTC,Pacific Time (US & Canada),research,1,0,False,False,https://inaturalist-open-data.s3.amazonaws.com/photos/466911822/medium.jpg,,,
49699,Pisaster ochraceus,Ochre Sea Star,Animalia,Ochre Sea Star,32.8720438,-117.2536718,,"San Diego County, CA, USA",2025-01-29,2025-01-29 23:50:31 UTC,Pacific Time (US & Canada),research,1,0,False,False,https://inaturalist-open-data.s3.amazonaws.com/photos/466977014/medium.jpeg,,,
49699,Pisaster ochraceus,Ochre Sea Star,Animalia,Ochre Sea Star,32.8710166667,-117.2535861111,14.0,"San Diego County, CA, USA",2025-01-28,2025-01-28 22:01:00 UTC,Pacific Time (US & Canada),research,1,0,False,False,https://inaturalist-open-data.s3.amazonaws.com/photos/466977230/medium.jpeg,,,
49699,Pisaster ochraceus,Ochre Sea Star,Animalia,Ochre Sea Star,32.8722093,-117.2532077997,,"San Diego County, CA, USA",2025-01-29,2025-01-29 23:19:34 UTC,Pacific Time (US & Canada),research,1,0,False,False,https://inaturalist-open-data.s3.amazonaws.com/photos/466978164/medium.jpeg,,,
49699,Pisaster ochraceus,Ochre Sea Star,Animalia,Ochre Sea Star,32.8674352145,-117.2538879141,326.0,"La Jolla Shores, San Diego, CA 92037, USA",2025-01-29,2025-01-29 23:11:01 UTC,Pacific Time (US & Canada),research,1,0,False,False,https://inaturalist-open-data.s3.amazonaws.com/photos/466997928/medium.jpeg,,,
49699,Pisaster ochraceus,Ochre Sea Star,Animalia,Ochre Sea Star,32.866394043,-117.2548599243,25.0,San Diego County,2025-01-30,2025-01-31 00:46:58 UTC,Pacific Time (US & Canada),research,1,0,False,False,https://inaturalist-open-data.s3.amazonaws.com/photos/467047134/medium.jpeg,,,
49699,Pisaster ochraceus,Ochre Sea Star,Animalia,Ochre Sea Star,32.8717533333,-117.2534633333,8.0,"North Pacific Ocean, CA, US",2025-01-30,2025-01-30 23:41:52 UTC,Pacific Time (US & Canada),research,1,0,False,False,https://static.inaturalist.org/photos/467062406/medium.jpg,,,
49699,Pisaster ochraceus,Ochre Sea Star,Animalia,Ochre Sea Star,32.9985121454,-117.2784824391,65.0,"North Pacific Ocean, Solana Beach, CA, US",2025-01-29,2025-01-30 00:07:03 UTC,Pacific Time (US & Canada),research,1,0,False,False,https://static.inaturalist.org/photos/467264495/medium.jpg,,,
49699,Pisaster ochraceus,Ochre Sea Star,Animalia,Ochre Sea Star,32.8436651617,-117.280543171,18.0,"Coast Blvd, San Diego, CA, US",2025-01-16,2025-01-17 02:12:56 UTC,Pacific Time (US & Canada),casual,2,0,True,False,https://inaturalist-open-data.s3.amazonaws.com/photos/467863060/medium.jpg,,,
49699,Pisaster ochraceus,Ochre Sea Star,Animalia,Ochre Sea Star,32.8718808838,-117.2589416139,1023.0,"North Pacific Ocean, CA, US",2025-01-27,2025-01-27 23:50:10 UTC,Pacific Time (US & Canada),research,1,0,False,False,https://static.inaturalist.org/photos/468491768/medium.jpg,,"larger group of dark red sea stars, at the edge of the intertidal zone during a very low tide. multiple groups found ",
49699,Pisaster ochraceus,Ochre Sea Star,Animalia,Ochre Sea Star,32.8665416667,-117.2554383333,14.0,"Ellen Browning Scripps Memorial Pier, CA, US",2025-02-08,2025-02-08 22:04:29 UTC,Pacific Time (US & Canada),research,1,0,False,False,https://static.inaturalist.org/photos/468946385/medium.jpg,,,
49699,Pisaster ochraceus,Ochre Sea Star,Animalia,Ochre Sea Star,32.8711,-117.2534466667,2.0,"North Pacific Ocean, CA, US",2025-02-09,2025-02-09 22:17:44 UTC,Pacific Time (US & Canada),research,1,0,False,False,https://inaturalist-open-data.s3.amazonaws.com/photos/469180714/medium.jpg,,,
49699,Pisaster ochraceus,Ochre Sea Star,Animalia,Ochre Sea Star,32.8717033,-117.2535690435,151.0,"North Pacific Ocean, CA, US",2025-02-09,2025-02-09 22:30:23 UTC,Pacific Time (US & Canada),research,1,0,False,False,https://inaturalist-open-data.s3.amazonaws.com/photos/469201559/medium.jpg,,,
49699,Pisaster ochraceus,Ochre Sea Star,Animalia,Ochre Sea Star,32.871495,-117.253625,3.0,"North Pacific Ocean, CA, US",2025-02-08,2025-02-08 21:31:39 UTC,Pacific Time (US & Canada),research,1,0,False,False,https://inaturalist-open-data.s3.amazonaws.com/photos/469219990/medium.jpg,,Abundant in rocky intertidal zone,
49699,Pisaster ochraceus,Ochre Sea Star,Animalia,Ochre Sea Star,32.8645166667,-117.2551333333,498.0,"North Pacific Ocean, CA, US",2025-02-09,2025-02-09 21:32:56 UTC,Pacific Time (US & Canada),research,1,0,False,False,https://static.inaturalist.org/photos/469458461/medium.jpg,,,
49699,Pisaster ochraceus,Ochre Sea Star,Animalia,Ochre Sea Star,32.8660083333,-117.2556616667,3.0,"North Pacific Ocean, CA, US",2025-01-30,2025-01-30 23:18:54 UTC,Pacific Time (US & Canada),research,1,0,False,False,https://inaturalist-open-data.s3.amazonaws.com/photos/471119072/medium.jpg,,,
49699,Pisaster ochraceus,Ochre Sea Star,Animalia,Ochre Sea Star,32.8714998001,-117.2534192989,214.0,"North Pacific Ocean, CA, US",2025-01-28,2025-01-28 23:26:26 UTC,Pacific Time (US & Canada),research,1,0,False,False,https://static.inaturalist.org/photos/471307302/medium.jpg,,,
49699,Pisaster ochraceus,Ochre Sea Star,Animalia,Ochre Sea Star,33.3486883333,-117.5266633333,6.0,"Gulf of Santa Catalina, CA, US",2025-02-21,2025-02-21 21:57:05 UTC,Pacific Time (US & Canada),research,1,0,False,False,https://inaturalist-open-data.s3.amazonaws.com/photos/471691095/medium.jpg,,,
49699,Pisaster ochraceus,Ochre Sea Star,Animalia,,32.8716621399,-117.2535400391,30.0,San Diego County,2025-02-23,2025-02-23 21:09:58 UTC,Pacific Time (US & Canada),casual,0,0,False,False,,,,
49699,Pisaster ochraceus,Ochre Sea Star,Animalia,Ochre Sea Star,32.8317616667,-117.2814633333,13.0,"Neptune Pl, San Diego, CA, US",2025-02-23,2025-02-23 21:46:10 UTC,Pacific Time (US & Canada),research,1,0,False,False,https://static.inaturalist.org/photos/472156157/medium.jpg,,,
49699,Pisaster ochraceus,Ochre Sea Star,Animalia,Ochre Sea Star,32.83205,-117.2825383333,4.0,"North Pacific Ocean, CA, US",2025-02-23,2025-02-23 21:39:33 UTC,Pacific Time (US & Canada),research,1,0,False,False,https://static.inaturalist.org/photos/472156178/medium.jpg,,,
49699,Pisaster ochraceus,Ochre Sea Star,Animalia,Ochre Sea Star,32.8716583333,-117.2535783333,2.0,"North Pacific Ocean, CA, US",2025-02-23,2025-02-23 20:59:20 UTC,Pacific Time (US & Canada),research,2,0,False,False,https://inaturalist-open-data.s3.amazonaws.com/photos/472197875/medium.jpg,,,
49699,Pisaster ochraceus,Ochre Sea Star,Animalia,Ochre Sea Star,32.8665166667,-117.25528,8.0,"North Pacific Ocean, CA, US",2025-02-23,2025-02-23 20:22:20 UTC,Pacific Time (US & Canada),research,4,0,False,False,https://inaturalist-open-data.s3.amazonaws.com/photos/472198103/medium.jpg,,,
49699,Pisaster ochraceus,Ochre Sea Star,Animalia,Ochre Sea Star,32.8716716667,-117.2536,8.0,"North Pacific Ocean, CA, US",2025-02-23,2025-02-23 20:23:38 UTC,Pacific Time (US & Canada),research,1,0,False,False,https://inaturalist-open-data.s3.amazonaws.com/photos/472213778/medium.jpg,,,
49699,Pisaster ochraceus,Ochre Sea Star,Animalia,Ochre Sea Star,32.8565264956,-117.2591247734,787.0,"North Pacific Ocean, CA, US",2025-02-24,2025-02-24 22:13:39 UTC,Pacific Time (US & Canada),research,1,0,False,False,https://static.inaturalist.org/photos/472369999/medium.jpg,,,
49699,Pisaster ochraceus,Ochre Sea Star,Animalia,Ochre Sea Star,32.8565264956,-117.2591247734,787.0,"North Pacific Ocean, CA, US",2025-02-24,2025-02-24 22:11:10 UTC,Pacific Time (US & Canada),research,1,0,False,False,https://static.inaturalist.org/photos/473155989/medium.jpg,,,
49699,Pisaster ochraceus,Ochre Sea Star,Animalia,Ochre Sea Star,32.8655804256,-117.2554997442,52.0,"North Pacific Ocean, CA, US",2025-02-25,2025-02-25 21:14:59 UTC,Pacific Time (US & Canada),research,1,0,False,False,https://static.inaturalist.org/photos/472665615/medium.jpg,,,
49699,Pisaster ochraceus,Ochre Sea Star,Animalia,Ochre Sea Star,32.8663899537,-117.2541534798,179.0,"Naga Way, CA, US",2025-02-28,2025-02-28 23:37:00 UTC,Pacific Time (US & Canada),research,1,0,False,False,https://inaturalist-open-data.s3.amazonaws.com/photos/473278594/medium.jpg,,,
49699,Pisaster ochraceus,Ochre Sea Star,Animalia,Ochre Sea Star,32.8717276063,-117.253560397,25.0,"North Pacific Ocean, CA, US",2025-03-01,2025-03-02 00:04:00 UTC,Pacific Time (US & Canada),research,1,0,False,False,https://inaturalist-open-data.s3.amazonaws.com/photos/473496643/medium.jpg,,,
49699,Pisaster ochraceus,Ochre Sea Star,Animalia,Ochre Sea Star,32.8715209961,-117.253616333,209.0,San Diego County,2025-03-01,2025-03-02 01:24:30 UTC,Pacific Time (US & Canada),research,1,0,False,False,https://inaturalist-open-data.s3.amazonaws.com/photos/473512562/medium.jpeg,,,
49699,Pisaster ochraceus,Ochre Sea Star,Animalia,Ochre Sea Star,32.8717195906,-117.253254428,122.0,"North Pacific Ocean, CA, US",2025-03-01,2025-03-01 23:58:34 UTC,Pacific Time (US & Canada),research,1,0,False,False,https://inaturalist-open-data.s3.amazonaws.com/photos/473534834/medium.jpg,,,
49699,Pisaster ochraceus,Ochre Sea Star,Animalia,Ochre Sea Star,32.746964238,-117.2537971861,32.0,"Niagara Ave, San Diego, CA, US",2025-02-21,2025-02-21 21:35:06 UTC,Pacific Time (US & Canada),research,1,0,False,False,https://inaturalist-open-data.s3.amazonaws.com/photos/473949965/medium.jpg,,,
49699,Pisaster ochraceus,Ochre Sea Star,Animalia,Ochre Sea Star,32.8665945581,-117.2554569003,20.0,"North Pacific Ocean, CA, US",2025-02-25,2025-02-25 21:33:00 UTC,Pacific Time (US & Canada),research,1,0,False,False,https://inaturalist-open-data.s3.amazonaws.com/photos/474884237/medium.jpg,,"Very low tide at Scripps pier exposed full assemblage of gooseneck barnacles, California mussels, and ochre sea stars.",
49699,Pisaster ochraceus,Ochre Sea Star,Animalia,Ochre Sea Star,32.8718208402,-117.2538660018,102.0,"North Pacific Ocean, CA, US",2025-03-09,2025-03-09 20:49:26 UTC,Pacific Time (US & Canada),research,1,0,False,False,https://static.inaturalist.org/photos/475442075/medium.jpg,,,
49699,Pisaster ochraceus,Ochre Sea Star,Animalia,Ochre Sea Star,33.1299388333,-117.3356866667,13.0,"North Pacific Ocean, Carlsbad, CA, US",2025-03-10,2025-03-10 22:30:34 UTC,Pacific Time (US & Canada),research,1,0,False,False,https://static.inaturalist.org/photos/475713498/medium.jpg,,,
49699,Pisaster ochraceus,Ochre Sea Star,Animalia,Ochre Sea Star,32.8713373701,-117.2529578581,220.0,"La Jolla Shores, San Diego, CA 92037, USA",2025-03-10,2025-03-10 21:07:44 UTC,Pacific Time (US & Canada),research,1,0,False,False,https://inaturalist-open-data.s3.amazonaws.com/photos/476180424/medium.jpeg,,,
49699,Pisaster ochraceus,Ochre Sea Star,Animalia,Ochre Sea Star,32.8319866667,-117.2825466667,3.0,"North Pacific Ocean, CA, US",2025-02-25,2025-02-25 22:31:44 UTC,Pacific Time (US & Canada),research,1,0,False,False,https://inaturalist-open-data.s3.amazonaws.com/photos/477026646/medium.jpg,,,
49699,Pisaster ochraceus,Ochre Sea Star,Animalia,Ochre Sea Star,32.8512758,-117.2629603,,"La Jolla Shores, San Diego, CA 92037, USA",2024-12-14,2024-12-14 23:14:08 UTC,Pacific Time (US & Canada),research,1,0,False,False,https://inaturalist-open-data.s3.amazonaws.com/photos/477484648/medium.jpeg,,,
49699,Pisaster ochraceus,Ochre Sea Star,Animalia,Ochre Sea Star,32.8663518997,-117.2550418,,"San Diego County, CA, USA",2025-02-08,2025-02-08 20:55:09 UTC,Pacific Time (US & Canada),research,1,0,False,False,https://inaturalist-open-data.s3.amazonaws.com/photos/477485184/medium.jpeg,,,
49699,Pisaster ochraceus,Ochre Sea Star,Animalia,Ochre Sea Star,32.8714984948,-117.2532288045,1.0,"San Diego County, CA, USA",2025-02-09,2025-02-09 10:01:00 UTC,Pacific Time (US & Canada),research,1,0,False,False,https://inaturalist-open-data.s3.amazonaws.com/photos/477977956/medium.jpg,,,
49699,Pisaster ochraceus,Ochre Sea Star,Animalia,Ochre Sea Star,32.8715879232,-117.2536363502,15.0,"North Pacific Ocean, CA, US",2025-03-23,2025-03-24 05:46:42 UTC,Pacific Time (US & Canada),research,1,0,False,False,https://static.inaturalist.org/photos/479455267/medium.jpg,,,
49699,Pisaster ochraceus,Ochre Sea Star,Animalia,Ochre Sea Star,32.871825,-117.2534633333,3.0,"North Pacific Ocean, CA, US",2025-03-23,2025-03-23 20:03:56 UTC,Pacific Time (US & Canada),research,1,0,False,False,https://inaturalist-open-data.s3.amazonaws.com/photos/479480226/medium.jpg,,,
49699,Pisaster ochraceus,Ochre Sea Star,Animalia,Ochre Sea Star,32.87174672,-117.25355339,9.0,"San Diego County, CA, USA",2025-03-26,2025-03-26 21:13:10 UTC,Pacific Time (US & Canada),research,1,0,False,False,https://static.inaturalist.org/photos/479970752/medium.jpeg,,,
49699,Pisaster ochraceus,Ochre Sea Star,Animalia,Ochre Sea Star,32.871455,-117.25367,4.0,"North Pacific Ocean, CA, US",2025-03-27,2025-03-27 22:10:32 UTC,Pacific Time (US & Canada),research,1,0,False,False,https://inaturalist-open-data.s3.amazonaws.com/photos/480310090/medium.jpg,,,
49699,Pisaster ochraceus,Ochre Sea Star,Animalia,Ochre Sea Star,32.8715523861,-117.2534981057,2.0,"San Diego County, CA, USA",2025-03-28,2025-03-28 22:43:00 UTC,Pacific Time (US & Canada),research,1,0,False,False,https://inaturalist-open-data.s3.amazonaws.com/photos/480592974/medium.jpeg,,,
49699,Pisaster ochraceus,Ochre Sea Star,Animalia,Ochre Sea Star,32.8716716667,-117.253555,14.0,"North Pacific Ocean, CA, US",2025-03-29,2025-03-29 22:58:13 UTC,Pacific Time (US & Canada),research,1,0,False,False,https://static.inaturalist.org/photos/481029239/medium.jpg,,,
49699,Pisaster ochraceus,Ochre Sea Star,Animalia,Ochre Sea Star,32.8717,-117.253525,3.0,"North Pacific Ocean, CA, US",2025-03-29,2025-03-29 22:59:47 UTC,Pacific Time (US & Canada),research,1,0,False,False,https://static.inaturalist.org/photos/481029329/medium.jpg,,,
49699,Pisaster ochraceus,Ochre Sea Star,Animalia,Ochre Sea Star,32.8711283333,-117.2534783333,13.0,"La Jolla, CA, US",2025-03-28,2025-03-28 22:27:54 UTC,Pacific Time (US & Canada),research,1,0,False,False,https://static.inaturalist.org/photos/482157920/medium.jpg,,,
49699,Pisaster ochraceus,Ochre Sea Star,Animalia,Ochre Sea Star,32.872067,-117.2392899722,,"Torrey Pines, San Diego, CA, USA",2025-04-03,2025-04-03 23:10:48 UTC,Pacific Time (US & Canada),casual,2,0,True,False,https://inaturalist-open-data.s3.amazonaws.com/photos/482780629/medium.jpeg,,Probably pulled from compost by a rat,
49699,Pisaster ochraceus,Ochre Sea Star,Animalia,Ochre Sea Star,32.8720133333,-117.2530583333,4.0,"North Pacific Ocean, CA, US",2025-04-05,2025-04-05 19:39:27 UTC,Pacific Time (US & Canada),research,1,0,False,False,https://inaturalist-open-data.s3.amazonaws.com/photos/483647810/medium.jpg,,,
49699,Pisaster ochraceus,Ochre Sea Star,Animalia,Ochre Sea Star,32.8721416667,-117.253145,4.0,"North Pacific Ocean, CA, US",2025-04-06,2025-04-06 20:02:02 UTC,Pacific Time (US & Canada),research,1,0,False,False,https://inaturalist-open-data.s3.amazonaws.com/photos/483709641/medium.jpg,,,
49699,Pisaster ochraceus,Ochre Sea Star,Animalia,Ochre Sea Star,32.87175,-117.2535633333,4.0,"North Pacific Ocean, CA, US",2025-04-06,2025-04-06 19:58:26 UTC,Pacific Time (US & Canada),research,3,0,False,False,https://static.inaturalist.org/photos/483744851/medium.jpg,,,
49699,Pisaster ochraceus,Ochre Sea Star,Animalia,Ochre Sea Star,32.87142,-117.2536216667,4.0,"North Pacific Ocean, CA, US",2025-04-06,2025-04-06 19:31:53 UTC,Pacific Time (US & Canada),research,1,0,False,False,https://static.inaturalist.org/photos/483746121/medium.jpg,,,
49699,Pisaster ochraceus,Ochre Sea Star,Animalia,Ochre Sea Star,32.8712466667,-117.2536166667,13.0,"North Pacific Ocean, CA, US",2025-04-06,2025-04-06 20:05:57 UTC,Pacific Time (US & Canada),research,2,0,False,False,https://static.inaturalist.org/photos/483938027/medium.jpg,,,
49699,Pisaster ochraceus,Ochre Sea Star,Animalia,Ochre Sea Star,32.8713989258,-117.2536468506,54.0,San Diego County,2025-04-10,2025-04-10 21:58:52 UTC,Pacific Time (US & Canada),research,1,0,False,False,https://static.inaturalist.org/photos/485669789/medium.jpeg,,,
49699,Pisaster ochraceus,Ochre Sea Star,Animalia,Ochre Sea Star,32.8663973,-117.2565285,4438.0,"North Pacific Ocean, CA, US",2025-04-08,2025-04-08 21:45:52 UTC,Pacific Time (US & Canada),research,1,0,False,False,https://inaturalist-open-data.s3.amazonaws.com/photos/485304361/medium.jpg,,,
49699,Pisaster ochraceus,Ochre Sea Star,Animalia,Ochre Sea Star,32.8664435997,-117.2552788997,,"San Diego County, CA, USA",2025-02-09,2025-02-09 23:02:06 UTC,Pacific Time (US & Canada),research,1,0,False,False,https://inaturalist-open-data.s3.amazonaws.com/photos/486405168/medium.jpeg,,,
49699,Pisaster ochraceus,Ochre Sea Star,Animalia,Ochre Sea Star,32.8712117997,-117.2532721997,,"La Jolla, San Diego, CA, USA",2025-01-11,2025-01-11 23:33:31 UTC,Pacific Time (US & Canada),research,1,0,False,False,https://inaturalist-open-data.s3.amazonaws.com/photos/486642820/medium.jpeg,,Some were huge 12 ish inches or more ,
49699,Pisaster ochraceus,Ochre Sea Star,Animalia,Ochre Sea Star,32.7321429,-117.1475273,56.0,"Balboa Park, San Diego, CA, USA",2025-04-11,2025-04-12 04:47:25 UTC,Pacific Time (US & Canada),casual,0,0,True,False,https://static.inaturalist.org/photos/486497197/medium.jpeg,,,
49699,Pisaster ochraceus,Ochre Sea Star,Animalia,Ochre Sea Star,32.843275,-117.2812666667,,"La Jolla, San Diego, CA, USA",2025-04-22,2025-04-22 19:45:17 UTC,Pacific Time (US & Canada),research,1,0,False,False,https://inaturalist-open-data.s3.amazonaws.com/photos/489972391/medium.jpeg,,,
49699,Pisaster ochraceus,Ochre Sea Star,Animalia,Ochre Sea Star,32.87175,-117.2534861111,,"San Diego County, CA, USA",2025-03-10,2025-03-10 22:01:10 UTC,Pacific Time (US & Canada),research,2,0,False,False,https://inaturalist-open-data.s3.amazonaws.com/photos/491035001/medium.jpeg,,,
49699,Pisaster ochraceus,Ochre Sea Star,Animalia,Ochre Sea Star,32.7610226358,-117.2453035545,10.0,"Mission Beach, San Diego, CA 92109, USA",2025-04-26,2025-04-26 16:20:00 UTC,Pacific Time (US & Canada),research,1,0,False,False,https://inaturalist-open-data.s3.amazonaws.com/photos/493085751/medium.jpg,,,
49699,Pisaster ochraceus,Ochre Sea Star,Animalia,Ochre Sea Star,32.8715366667,-117.2536166667,11.0,"CA, US",2025-03-10,2025-03-10 21:11:29 UTC,Pacific Time (US & Canada),research,1,0,False,False,https://inaturalist-open-data.s3.amazonaws.com/photos/495725931/medium.jpg,,,
49699,Pisaster ochraceus,Ochre Sea Star,Animalia,Ochre Sea Star,32.8482160589,-117.2775126923,162.0,"San Diego County, CA, USA",2025-04-26,2025-04-26 22:54:00 UTC,Pacific Time (US & Canada),research,1,0,False,False,https://inaturalist-open-data.s3.amazonaws.com/photos/496884937/medium.jpeg,,,
49699,Pisaster ochraceus,Ochre Sea Star,Animalia,Ochre Sea Star,32.8570984737,-117.2574626282,1826.0,"La Jolla Shores, San Diego, CA 92037, USA",2025-04-15,2025-04-15 14:22:13 UTC,Pacific Time (US & Canada),research,1,0,False,False,https://inaturalist-open-data.s3.amazonaws.com/photos/498260059/medium.jpeg,,,
49699,Pisaster ochraceus,Ochre Sea Star,Animalia,Ochre Sea Star,33.0710833333,-117.3085633333,5.0,"North Pacific Ocean, Encinitas, CA, US",2025-05-01,2025-05-01 15:43:19 UTC,Pacific Time (US & Canada),research,3,0,False,False,https://static.inaturalist.org/photos/498509899/medium.jpg,,,
49699,Pisaster ochraceus,Ochre Sea Star,Animalia,Ochre Sea Star,32.8684464239,-117.2541566539,583.0,"CA, US",2025-05-04,2025-05-04 18:20:00 UTC,Pacific Time (US & Canada),research,1,0,False,False,https://inaturalist-open-data.s3.amazonaws.com/photos/500973961/medium.jpg,,,
49699,Pisaster ochraceus,Ochre Sea Star,Animalia,Ochre Sea Star,32.8607870113,-117.2664237317,1272.0,"North Pacific Ocean, CA, US",2025-05-10,2025-05-10 14:57:05 UTC,Pacific Time (US & Canada),research,2,0,False,False,https://static.inaturalist.org/photos/502853298/medium.jpg,,,
49699,Pisaster ochraceus,Ochre Sea Star,Animalia,Ochre Sea Star,32.8662842753,-117.254636921,210.0,"San Diego County, CA, USA",2025-05-12,2025-05-13 00:21:01 UTC,Pacific Time (US & Canada),research,1,0,False,False,https://inaturalist-open-data.s3.amazonaws.com/photos/504104929/medium.jpeg,,,
49699,Pisaster ochraceus,Ochre Sea Star,Animalia,Ochre Sea Star,32.8712805556,-117.2537138611,,"San Diego County, CA, USA",2024-12-31,2024-12-31 23:22:00 UTC,Pacific Time (US & Canada),research,2,0,False,False,https://inaturalist-open-data.s3.amazonaws.com/photos/505752883/medium.jpg,,,
49699,Pisaster ochraceus,Ochre Sea Star,Animalia,Ochre Sea Star,32.8715166667,-117.2536861111,,"San Diego County, CA, USA",2024-12-31,2024-12-31 23:31:00 UTC,Pacific Time (US & Canada),research,2,0,False,False,https://inaturalist-open-data.s3.amazonaws.com/photos/505752925/medium.jpg,,,
49699,Pisaster ochraceus,Ochre Sea Star,Animalia,Ochre Sea Star,32.8715666667,-117.2536777778,5.0,"San Diego County, CA, USA",2024-12-31,2024-12-31 23:38:00 UTC,Pacific Time (US & Canada),research,2,0,False,False,https://inaturalist-open-data.s3.amazonaws.com/photos/505752935/medium.jpg,,,
49699,Pisaster ochraceus,Ochre Sea Star,Animalia,Ochre Sea Star,33.2168922424,-117.4039306641,,Oceanside,2025-05-17,2025-05-17 15:57:09 UTC,Pacific Time (US & Canada),research,2,0,False,False,https://inaturalist-open-data.s3.amazonaws.com/photos/506498326/medium.jpg,,,
49699,Pisaster ochraceus,Ochre Sea Star,Animalia,Ochre Sea Star,32.8709366667,-117.2535333333,12.0,"North Pacific Ocean, CA, US",2025-05-29,2025-05-29 12:53:46 UTC,Pacific Time (US & Canada),research,1,0,False,False,https://inaturalist-open-data.s3.amazonaws.com/photos/512699680/medium.jpg,,,
49699,Pisaster ochraceus,Ochre Sea Star,Animalia,Ochre Sea Star,32.8319783333,-117.282555,5.0,"North Pacific Ocean, CA, US",2025-01-23,2025-01-23 21:18:07 UTC,Pacific Time (US & Canada),research,2,0,False,False,https://inaturalist-open-data.s3.amazonaws.com/photos/512758678/medium.jpg,,,
49699,Pisaster ochraceus,Ochre Sea Star,Animalia,Ochre Sea Star,32.8715333333,-117.25363,4.0,"North Pacific Ocean, CA, US",2025-06-01,2025-06-01 15:51:07 UTC,Pacific Time (US & Canada),research,1,0,False,False,https://static.inaturalist.org/photos/514213594/medium.jpg,,,
49699,Pisaster ochraceus,Ochre Sea Star,Animalia,Ochre Sea Star,33.130025,-117.3356466667,3.0,"Shore Dr, Carlsbad, CA, US",2025-05-20,2025-05-20 18:14:35 UTC,Pacific Time (US & Canada),research,1,0,False,False,https://static.inaturalist.org/photos/514233274/medium.jpg,,,
49699,Pisaster ochraceus,Ochre Sea Star,Animalia,Ochre Sea Star,32.8324916667,-117.2824383333,6.0,"North Pacific Ocean, CA, US",2024-11-01,2024-11-01 23:29:43 UTC,Pacific Time (US & Canada),research,2,0,False,False,https://inaturalist-open-data.s3.amazonaws.com/photos/514519805/medium.jpg,,,
49699,Pisaster ochraceus,Ochre Sea Star,Animalia,Ochre Sea Star,32.745105,-117.2552716667,3.0,"Del Monte Ave, San Diego, CA, US",2025-06-01,2025-06-01 16:30:03 UTC,Pacific Time (US & Canada),research,1,0,False,False,https://static.inaturalist.org/photos/545664481/medium.jpg,,,
49699,Pisaster ochraceus,Ochre Sea Star,Animalia,Ochre Sea Star,32.8524375,-117.2663256,,"San Diego County, CA, USA",2025-06-16,2025-06-16 14:48:27 UTC,Pacific Time (US & Canada),research,1,0,False,False,https://inaturalist-open-data.s3.amazonaws.com/photos/521987729/medium.jpg,,,
49699,Pisaster ochraceus,Ochre Sea Star,Animalia,Ochre Sea Star,32.8687729123,-117.254634136,196.0,"North Pacific Ocean, CA, US",2025-06-18,2025-06-18 18:01:39 UTC,Pacific Time (US & Canada),research,1,0,False,False,https://static.inaturalist.org/photos/523594918/medium.jpg,,,
49699,Pisaster ochraceus,Ochre Sea Star,Animalia,Ochre Sea Star,32.7603320573,-117.2457974017,10.0,"Mission Beach, San Diego, CA 92109, USA",2025-06-20,2025-06-20 17:19:00 UTC,Pacific Time (US & Canada),research,1,0,False,False,https://inaturalist-open-data.s3.amazonaws.com/photos/524186577/medium.jpg,,,
49699,Pisaster ochraceus,Ochre Sea Star,Animalia,Ochre Sea Star,32.850968011,-117.2730530916,5.0,"La Jolla Cove, San Diego, California",2025-06-13,2025-06-13 14:59:00 UTC,Pacific Time (US & Canada),research,2,0,False,False,https://inaturalist-open-data.s3.amazonaws.com/photos/526138646/medium.jpg,,,
49699,Pisaster ochraceus,Ochre Sea Star,Animalia,Ochre Sea Star,32.84792,-117.278595,4.0,"North Pacific Ocean, CA, US",2025-06-24,2025-06-24 20:50:10 UTC,Pacific Time (US & Canada),research,1,0,False,False,https://static.inaturalist.org/photos/526444914/medium.jpg,,,
49699,Pisaster ochraceus,Ochre Sea Star,Animalia,Ochre Sea Star,32.84793,-117.2785716667,3.0,"North Pacific Ocean, CA, US",2025-06-24,2025-06-24 20:59:28 UTC,Pacific Time (US & Canada),research,2,0,False,False,https://static.inaturalist.org/photos/526444975/medium.jpg,,,
49699,Pisaster ochraceus,Ochre Sea Star,Animalia,Ochre Sea Star,32.8717116667,-117.2535633333,10.0,"CA, US",2025-02-28,2025-02-28 23:56:18 UTC,Pacific Time (US & Canada),research,1,0,False,False,https://inaturalist-open-data.s3.amazonaws.com/photos/527382455/medium.jpg,,,
49699,Pisaster ochraceus,Ochre Sea Star,Animalia,Ochre Sea Star,32.8715033333,-117.2536616667,4.0,"CA, US",2025-06-27,2025-06-27 13:10:33 UTC,Pacific Time (US & Canada),research,1,0,False,False,https://inaturalist-open-data.s3.amazonaws.com/photos/527837737/medium.jpg,,,
49699,Pisaster ochraceus,Ochre Sea Star,Animalia,Ochre Sea Star,32.8410993352,-117.2822852116,50.0,"North Pacific Ocean, CA, US",2025-07-02,2025-07-02 14:16:11 UTC,Pacific Time (US & Canada),research,2,0,False,False,https://inaturalist-open-data.s3.amazonaws.com/photos/532951773/medium.jpg,,,
49699,Pisaster ochraceus,Ochre Sea Star,Animalia,Ochre Sea Star,32.87173,-117.25357,3.0,"North Pacific Ocean, CA, US",2025-05-07,2025-05-07 20:35:31 UTC,Pacific Time (US & Canada),research,2,0,False,False,https://inaturalist-open-data.s3.amazonaws.com/photos/533427240/medium.jpg,,,
49699,Pisaster ochraceus,Ochre Sea Star,Animalia,Ochre Sea Star,32.84787778,-117.278625,,"San Diego, California, United States",2025-06-16,2025-06-16 15:42:00 UTC,Pacific Time (US & Canada),research,1,0,False,False,https://inaturalist-open-data.s3.amazonaws.com/photos/534560750/medium.jpg,,,
49699,Pisaster ochraceus,Ochre Sea Star,Animalia,Ochre Sea Star,32.84787778,-117.278625,,"San Diego, California, United States",2025-06-16,2025-06-16 15:42:00 UTC,Pacific Time (US & Canada),research,1,0,False,False,https://inaturalist-open-data.s3.amazonaws.com/photos/534560775/medium.jpg,,,
49699,Pisaster ochraceus,Ochre Sea Star,Animalia,Ochre Sea Star,32.7596140208,-117.2420320988,20.0,"Mission Bay, San Diego, CA, USA",2025-07-12,2025-07-12 17:16:00 UTC,Pacific Time (US & Canada),research,2,0,False,False,https://inaturalist-open-data.s3.amazonaws.com/photos/535623498/medium.jpg,,,
49699,Pisaster ochraceus,Ochre Sea Star,Animalia,Ochre Sea Star,32.7594658154,-117.2421147111,20.0,"Mission Bay, San Diego, CA, USA",2025-07-12,2025-07-12 17:20:00 UTC,Pacific Time (US & Canada),research,2,0,False,False,https://inaturalist-open-data.s3.amazonaws.com/photos/535623197/medium.jpg,,,
49699,Pisaster ochraceus,Ochre Sea Star,Animalia,Ochre Sea Star,32.8438819433,-117.2802491672,5.0,"La Jolla, CA 92037, USA",2025-07-15,2025-07-15 14:41:51 UTC,Pacific Time (US & Canada),research,1,0,False,False,https://inaturalist-open-data.s3.amazonaws.com/photos/537050975/medium.jpg,,,
49699,Pisaster ochraceus,Ochre Sea Star,Animalia,Ochre Sea Star,32.7754152281,-117.2467716783,2832.0,"Country Club, San Diego, CA 92037, USA",2025-07-15,2025-07-15 14:33:40 UTC,Pacific Time (US & Canada),research,1,0,False,False,https://inaturalist-open-data.s3.amazonaws.com/photos/537106363/medium.jpg,,,
49699,Pisaster ochraceus,Ochre Sea Star,Animalia,Ochre Sea Star,32.8438888,-117.2802279997,,"Village of La Jolla, San Diego, CA 92037, USA",2025-07-15,2025-07-15 14:42:32 UTC,Pacific Time (US & Canada),research,2,0,False,False,https://inaturalist-open-data.s3.amazonaws.com/photos/537763953/medium.jpg,,,
49699,Pisaster ochraceus,Ochre Sea Star,Animalia,Ochre Sea Star,33.1323916667,-117.337325,3.0,"Tierra del Oro St, Carlsbad, CA, US",2025-06-29,2025-06-29 14:01:55 UTC,Pacific Time (US & Canada),research,1,0,False,False,https://static.inaturalist.org/photos/538829639/medium.jpg,,,
49699,Pisaster ochraceus,Ochre Sea Star,Animalia,Ochre Sea Star,33.1300305,-117.335695,3.0,"Shore Dr, Carlsbad, CA, US",2025-06-29,2025-06-29 15:44:53 UTC,Pacific Time (US & Canada),research,1,0,False,False,https://static.inaturalist.org/photos/538829861/medium.jpg,,,
49699,Pisaster ochraceus,Ochre Sea Star,Animalia,Ochre Sea Star,32.8579714657,-117.2644243091,50.0,"San Diego County, CA, USA",2025-07-18,2025-07-18 15:24:00 UTC,Pacific Time (US & Canada),research,1,0,False,False,https://inaturalist-open-data.s3.amazonaws.com/photos/539055816/medium.jpg,,,
49699,Pisaster ochraceus,Ochre Sea Star,Animalia,Ochre Sea Star,32.6993182697,-117.1697250457,6.0,"Broadway Pier and San Diego Bay Ferry, Coronado, CA, US",2025-07-19,2025-07-19 20:12:49 UTC,Pacific Time (US & Canada),research,1,0,False,False,https://static.inaturalist.org/photos/539688437/medium.jpg,,,
49699,Pisaster ochraceus,Ochre Sea Star,Animalia,Ochre Sea Star,33.106489,-117.176523,,"San Marcos, CA, USA",2025-07-24,2025-07-25 00:36:00 UTC,Pacific Time (US & Canada),casual,1,0,True,False,https://inaturalist-open-data.s3.amazonaws.com/photos/542028861/medium.jpg,,Got this from Facebook Marketplace.,
49699,Pisaster ochraceus,Ochre Sea Star,Animalia,Ochre Sea Star,32.8670416667,-117.25712,13.0,"Ellen Browning Scripps Memorial Pier, CA, US",2025-07-17,2025-07-17 16:35:08 UTC,Pacific Time (US & Canada),needs_id,0,0,False,False,https://static.inaturalist.org/photos/542338501/medium.jpg,,,
49699,Pisaster ochraceus,Ochre Sea Star,Animalia,Ochre Sea Star,32.8434626736,-117.2809010983,33.0,"North Pacific Ocean, CA, US",2025-07-25,2025-07-25 11:42:22 UTC,Pacific Time (US & Canada),research,2,0,False,False,https://static.inaturalist.org/photos/542517908/medium.jpg,,,
49699,Pisaster ochraceus,Ochre Sea Star,Animalia,Ochre Sea Star,32.7613394712,-117.2451739133,15.0,"Mission Beach, San Diego, CA 92109, USA",2025-07-26,2025-07-26 16:11:00 UTC,Pacific Time (US & Canada),research,1,0,False,False,https://inaturalist-open-data.s3.amazonaws.com/photos/543021102/medium.jpg,,,
49699,Pisaster ochraceus,Ochre Sea Star,Animalia,Ochre Sea Star,32.7602747291,-117.2458957981,10.0,"Mission Beach, San Diego, CA 92109, USA",2025-07-26,2025-07-26 16:45:00 UTC,Pacific Time (US & Canada),research,1,0,False,False,https://inaturalist-open-data.s3.amazonaws.com/photos/543022712/medium.jpg,,11 - 12 inches diameter. I've included all my Pisaster sightings today in case anyone is still collecting data on sea star recovery etc.,
49699,Pisaster ochraceus,Ochre Sea Star,Animalia,Ochre Sea Star,32.7602324732,-117.2459598558,10.0,"Mission Bay, San Diego, CA, USA",2025-07-26,2025-07-26 16:46:00 UTC,Pacific Time (US & Canada),research,1,0,False,False,https://inaturalist-open-data.s3.amazonaws.com/photos/543023117/medium.jpg,,11 - 12 inches diameter,
49699,Pisaster ochraceus,Ochre Sea Star,Animalia,Ochre Sea Star,32.7601723798,-117.2460670857,10.0,"Mission Beach, San Diego, CA 92109, USA",2025-07-26,2025-07-26 16:47:00 UTC,Pacific Time (US & Canada),research,1,0,False,False,https://inaturalist-open-data.s3.amazonaws.com/photos/543023227/medium.jpg,,11 - 12 inches diameter,
49699,Pisaster ochraceus,Ochre Sea Star,Animalia,Ochre Sea Star,32.760704112,-117.2454672542,10.0,"Mission Bay, San Diego, CA, USA",2025-07-26,2025-07-26 17:27:00 UTC,Pacific Time (US & Canada),research,1,0,False,False,https://inaturalist-open-data.s3.amazonaws.com/photos/543024775/medium.jpg,,Quite a bit smaller than the others seen on this snorkel; perhaps 6 - 7 inches diameter.,
49699,Pisaster ochraceus,Ochre Sea Star,Animalia,Ochre Sea Star,32.7503347329,-117.2528965026,4.0,"Ocean Beach, San Diego, CA, USA",2025-07-26,2025-07-27 00:59:48 UTC,Pacific Time (US & Canada),research,1,0,False,False,https://inaturalist-open-data.s3.amazonaws.com/photos/543075039/medium.jpg,,,
49699,Pisaster ochraceus,Ochre Sea Star,Animalia,Ochre Sea Star,32.8411111,-117.2816667,200.0,"La Jolla Tide Pools, 303 Coast Blvd, La Jolla, CA 92037, USA",2025-07-26,2025-07-26 14:52:00 UTC,Pacific Time (US & Canada),research,1,0,False,False,https://inaturalist-open-data.s3.amazonaws.com/photos/543110491/medium.jpg,,,
49699,Pisaster ochraceus,Ochre Sea Star,Animalia,Ochre Sea Star,32.7966277778,-117.25755,,"San Diego County, CA, USA",2025-07-27,2025-07-27 14:07:00 UTC,Pacific Time (US & Canada),research,2,0,False,False,https://inaturalist-open-data.s3.amazonaws.com/photos/543774365/medium.jpg,,,
49699,Pisaster ochraceus,Ochre Sea Star,Animalia,Ochre Sea Star,32.8411111,-117.2816667,200.0,"La Jolla Tide Pools, 303 Coast Blvd, La Jolla, CA 92037, USA",2025-07-28,,Pacific Time (US & Canada),research,2,0,False,False,https://inaturalist-open-data.s3.amazonaws.com/photos/544215189/medium.jpg,,,
49699,Pisaster ochraceus,Ochre Sea Star,Animalia,Ochre Sea Star,32.6784966667,-117.179725,7.0,"North Pacific Ocean, Coronado, CA, US",2025-07-29,2025-07-29 13:56:14 UTC,Pacific Time (US & Canada),research,1,0,False,False,https://inaturalist-open-data.s3.amazonaws.com/photos/544676245/medium.jpg,,,
49699,Pisaster ochraceus,Ochre Sea Star,Animalia,Ochre Sea Star,32.6786333333,-117.1801133333,14.0,"North Pacific Ocean, Coronado, CA, US",2025-07-29,2025-07-29 13:46:46 UTC,Pacific Time (US & Canada),research,1,0,False,False,https://inaturalist-open-data.s3.amazonaws.com/photos/544676433/medium.jpg,,,
49699,Pisaster ochraceus,Ochre Sea Star,Animalia,Ochre Sea Star,32.67858,-117.1779033333,155.0,"North Island, Coronado, CA, US",2025-07-28,2025-07-29 02:17:33 UTC,Pacific Time (US & Canada),research,1,0,False,False,https://inaturalist-open-data.s3.amazonaws.com/photos/544677543/medium.jpg,,,
49699,Pisaster ochraceus,Ochre Sea Star,Animalia,Ochre Sea Star,32.843555,-117.28087,4.0,"Coast Blvd, San Diego, CA, US",2025-07-26,2025-07-26 15:02:16 UTC,Pacific Time (US & Canada),research,2,0,False,False,https://static.inaturalist.org/photos/544719979/medium.jpg,,,
49699,Pisaster ochraceus,Ochre Sea Star,Animalia,Ochre Sea Star,32.8476866667,-117.278145,45.0,"CA, US",2025-07-27,2025-07-27 16:01:46 UTC,Pacific Time (US & Canada),research,2,0,False,False,https://inaturalist-open-data.s3.amazonaws.com/photos/546166663/medium.jpg,,,
49699,Pisaster ochraceus,Ochre Sea Star,Animalia,Ochre Sea Star,32.8479,-117.2786116667,3.0,"Coast Blvd, CA, US",2025-07-27,2025-07-27 16:01:49 UTC,Pacific Time (US & Canada),research,1,0,False,False,https://inaturalist-open-data.s3.amazonaws.com/photos/546166704/medium.jpg,,,
49699,Pisaster ochraceus,Ochre Sea Star,Animalia,Ochre Sea Star,32.8917881802,-117.2841772478,4.0,"San Diego County, US-CA, US",2025-07-27,2025-07-27 16:01:52 UTC,Pacific Time (US & Canada),research,2,0,False,True,https://static.inaturalist.org/photos/553391267/medium.jpg,,,
49699,Pisaster ochraceus,Ochre Sea Star,Animalia,Ochre Sea Star,33.1468566337,-117.3449744157,44.0,"Carlsbad Blvd, Carlsbad, CA, US",2025-07-12,2025-07-12 16:22:25 UTC,Pacific Time (US & Canada),research,1,0,False,False,https://inaturalist-open-data.s3.amazonaws.com/photos/555568272/medium.jpg,,,
49699,Pisaster ochraceus,Ochre Sea Star,Animalia,Ochre Sea Star,32.8715283423,-117.2536466667,20.0,"North Pacific Ocean, CA, US",2024-12-11,2024-12-11 20:44:24 UTC,Pacific Time (US & Canada),research,2,0,False,False,https://static.inaturalist.org/photos/558210387/medium.jpg,,,
49699,Pisaster ochraceus,Ochre Sea Star,Animalia,Ochre Sea Star,32.872075,-117.2532716667,13.0,"CA, US",2024-12-29,2024-12-29 22:52:39 UTC,Pacific Time (US & Canada),research,1,0,False,False,https://inaturalist-open-data.s3.amazonaws.com/photos/558384311/medium.jpg,,,
49699,Pisaster ochraceus,Ochre Sea Star,Animalia,Ochre Sea Star,32.8665876129,-117.2559095148,170.0,"CA, US",2025-08-30,2025-08-30 17:43:00 UTC,Pacific Time (US & Canada),research,1,0,False,False,https://inaturalist-open-data.s3.amazonaws.com/photos/560594721/medium.jpg,,,
49699,Pisaster ochraceus,Ochre Sea Star,Animalia,Ochre Sea Star,32.7605316241,-117.2454357257,16.0,"Mission Bay, San Diego, CA, USA",2025-09-01,2025-09-01 15:45:00 UTC,Pacific Time (US & Canada),research,2,0,False,False,https://inaturalist-open-data.s3.amazonaws.com/photos/561068992/medium.jpg,,,
49699,Pisaster ochraceus,Ochre Sea Star,Animalia,Ochre Sea Star,32.7611776,-117.245933,114.0,"Mission Point Park, 2600 Bayside Ln, San Diego, CA 92109, USA",2025-06-16,2025-06-16 16:27:00 UTC,Pacific Time (US & Canada),research,1,0,False,False,https://inaturalist-open-data.s3.amazonaws.com/photos/562462304/medium.jpg,,,
49699,Pisaster ochraceus,Ochre Sea Star,Animalia,Ochre Sea Star,32.7611776,-117.245933,114.0,"Mission Point Park, 2600 Bayside Ln, San Diego, CA 92109, USA",2025-06-16,2025-06-16 17:22:00 UTC,Pacific Time (US & Canada),research,2,0,False,False,https://inaturalist-open-data.s3.amazonaws.com/photos/562462307/medium.jpg,,,
49699,Pisaster ochraceus,Ochre Sea Star,Animalia,Ochre Sea Star,32.7611776,-117.245933,114.0,"Mission Point Park, 2600 Bayside Ln, San Diego, CA 92109, USA",2025-06-16,2025-06-16 17:36:00 UTC,Pacific Time (US & Canada),research,1,0,False,False,https://inaturalist-open-data.s3.amazonaws.com/photos/562462323/medium.jpg,,,
49699,Pisaster ochraceus,Ochre Sea Star,Animalia,Ochre Sea Star,32.7611776,-117.245933,114.0,"Mission Point Park, 2600 Bayside Ln, San Diego, CA 92109, USA",2025-06-18,2025-06-18 16:07:00 UTC,Pacific Time (US & Canada),research,2,0,False,False,https://inaturalist-open-data.s3.amazonaws.com/photos/562473356/medium.jpg,,,
49699,Pisaster ochraceus,Ochre Sea Star,Animalia,Ochre Sea Star,32.7611776,-117.245933,114.0,"Mission Point Park, 2600 Bayside Ln, San Diego, CA 92109, USA",2025-06-18,2025-06-18 17:56:00 UTC,Pacific Time (US & Canada),research,2,0,False,False,https://inaturalist-open-data.s3.amazonaws.com/photos/562473363/medium.jpg,,,
49699,Pisaster ochraceus,Ochre Sea Star,Animalia,Ochre Sea Star,32.7611776,-117.245933,114.0,"Mission Point Park, 2600 Bayside Ln, San Diego, CA 92109, USA",2025-06-18,2025-06-18 17:28:00 UTC,Pacific Time (US & Canada),research,2,0,False,False,https://inaturalist-open-data.s3.amazonaws.com/photos/562473381/medium.jpg,,,
49699,Pisaster ochraceus,Ochre Sea Star,Animalia,Ochre Sea Star,32.7611776,-117.245933,114.0,"Mission Point Park, 2600 Bayside Ln, San Diego, CA 92109, USA",2025-06-18,2025-06-18 16:37:00 UTC,Pacific Time (US & Canada),research,1,0,False,False,https://inaturalist-open-data.s3.amazonaws.com/photos/562473371/medium.jpg,,,
49699,Pisaster ochraceus,Ochre Sea Star,Animalia,Ochre Sea Star,32.7611772646,-117.2452560148,15.0,"Mission Beach, San Diego, CA 92109, USA",2025-09-05,2025-09-05 15:59:00 UTC,Pacific Time (US & Canada),research,1,0,False,False,https://inaturalist-open-data.s3.amazonaws.com/photos/562879784/medium.jpg,,,
49699,Pisaster ochraceus,Ochre Sea Star,Animalia,Ochre Sea Star,32.7603895643,-117.2457531706,15.0,"Mission Beach, San Diego, CA 92109, USA",2025-09-05,2025-09-05 16:54:00 UTC,Pacific Time (US & Canada),research,1,0,False,False,https://inaturalist-open-data.s3.amazonaws.com/photos/562880052/medium.jpg,,,
49699,Pisaster ochraceus,Ochre Sea Star,Animalia,Ochre Sea Star,32.8716666667,-117.2535783333,3.0,"CA, US",2025-09-06,2025-09-06 11:34:56 UTC,Pacific Time (US & Canada),research,1,0,False,False,https://static.inaturalist.org/photos/563399570/medium.jpg,,,
49699,Pisaster ochraceus,Ochre Sea Star,Animalia,Ochre Sea Star,32.86648,-117.2550716667,3.0,"CA, US",2025-09-06,2025-09-06 11:14:34 UTC,Pacific Time (US & Canada),research,1,0,False,False,https://static.inaturalist.org/photos/563399648/medium.jpg,,,
49699,Pisaster ochraceus,Ochre Sea Star,Animalia,Ochre Sea Star,32.8506852518,-117.3820204536,42.0,"San Diego County, US-CA, US",2025-09-07,2025-09-07 17:39:14 UTC,Pacific Time (US & Canada),research,2,0,False,True,https://inaturalist-open-data.s3.amazonaws.com/photos/563870127/medium.jpg,,,
49699,Pisaster ochraceus,Ochre Sea Star,Animalia,Ochre Sea Star,32.9971860897,-117.361698845,30.0,"San Diego County, US-CA, US",2025-09-07,2025-09-07 16:37:18 UTC,Pacific Time (US & Canada),research,2,0,False,True,https://inaturalist-open-data.s3.amazonaws.com/photos/563871465/medium.jpg,,,
49699,Pisaster ochraceus,Ochre Sea Star,Animalia,Ochre Sea Star,32.8467051387,-117.3749240826,37.0,"San Diego County, US-CA, US",2025-09-07,2025-09-07 16:48:52 UTC,Pacific Time (US & Canada),research,2,0,False,True,https://inaturalist-open-data.s3.amazonaws.com/photos/563871626/medium.jpg,,,
49699,Pisaster ochraceus,Ochre Sea Star,Animalia,Ochre Sea Star,32.8709900526,-117.2533787959,3.0,"CA, US",2025-09-08,2025-09-08 23:04:46 UTC,Pacific Time (US & Canada),research,1,0,False,False,https://inaturalist-open-data.s3.amazonaws.com/photos/564446461/medium.jpg,,,
49699,Pisaster ochraceus,Ochre Sea Star,Animalia,Ochre Sea Star,32.7611776,-117.245933,114.0,"Mission Point Park, 2600 Bayside Ln, San Diego, CA 92109, USA",2025-06-23,2025-06-23 16:37:00 UTC,Pacific Time (US & Canada),research,1,0,False,False,https://inaturalist-open-data.s3.amazonaws.com/photos/564704127/medium.jpg,,,
49699,Pisaster ochraceus,Ochre Sea Star,Animalia,Ochre Sea Star,32.7611776,-117.245933,114.0,"Mission Point Park, 2600 Bayside Ln, San Diego, CA 92109, USA",2025-06-23,2025-06-23 16:50:00 UTC,Pacific Time (US & Canada),research,1,0,False,False,https://inaturalist-open-data.s3.amazonaws.com/photos/564704129/medium.jpg,,,
49699,Pisaster ochraceus,Ochre Sea Star,Animalia,Ochre Sea Star,32.8078583333,-117.266175,3.0,"Sea Ridge Drive, San Diego, CA, US",2025-09-15,2025-09-15 15:39:11 UTC,Pacific Time (US & Canada),research,2,0,False,False,https://inaturalist-open-data.s3.amazonaws.com/photos/567414398/medium.jpg,,,
49699,Pisaster ochraceus,Ochre Sea Star,Animalia,Ochre Sea Star,32.7599330292,-117.2468547478,10.0,"Mission Beach, San Diego, CA 92109, USA",2025-09-16,2025-09-16 16:54:00 UTC,Pacific Time (US & Canada),research,2,0,False,False,https://inaturalist-open-data.s3.amazonaws.com/photos/567960073/medium.jpg,,two separate individuals observed today,
49699,Pisaster ochraceus,Ochre Sea Star,Animalia,Ochre Sea Star,32.7600378898,-117.2463465792,15.0,"Mission Beach, San Diego, CA 92109, USA",2025-09-16,2025-09-16 17:30:00 UTC,Pacific Time (US & Canada),research,2,0,False,False,https://inaturalist-open-data.s3.amazonaws.com/photos/567957012/medium.jpg,,two separate individuals observed today,
49699,Pisaster ochraceus,Ochre Sea Star,Animalia,Ochre Sea Star,32.7611776,-117.245933,114.0,"Mission Point Park, 2600 Bayside Ln, San Diego, CA 92109, USA",2025-06-20,2025-06-20 18:27:00 UTC,Pacific Time (US & Canada),research,1,0,False,False,https://inaturalist-open-data.s3.amazonaws.com/photos/569533663/medium.jpg,,,
49699,Pisaster ochraceus,Ochre Sea Star,Animalia,Giant Sea Stars,32.7611776,-117.245933,114.0,"Mission Point Park, 2600 Bayside Ln, San Diego, CA 92109, USA",2025-06-26,2025-06-26 16:16:00 UTC,Pacific Time (US & Canada),needs_id,1,0,False,False,https://inaturalist-open-data.s3.amazonaws.com/photos/569547980/medium.jpg,,Juvenile: ochre or giant?,
49699,Pisaster ochraceus,Ochre Sea Star,Animalia,Ochre Sea Star,32.7611776,-117.245933,114.0,"Mission Point Park, 2600 Bayside Ln, San Diego, CA 92109, USA",2025-06-26,2025-06-26 15:37:00 UTC,Pacific Time (US & Canada),research,1,0,False,False,https://inaturalist-open-data.s3.amazonaws.com/photos/569548032/medium.jpg,,,
49699,Pisaster ochraceus,Ochre Sea Star,Animalia,Ochre Sea Star,32.7611776,-117.245933,114.0,"Mission Point Park, 2600 Bayside Ln, San Diego, CA 92109, USA",2025-06-26,2025-06-26 16:13:00 UTC,Pacific Time (US & Canada),research,1,0,False,False,https://inaturalist-open-data.s3.amazonaws.com/photos/569548051/medium.jpg,,,
49699,Pisaster ochraceus,Ochre Sea Star,Animalia,Ochre Sea Star,32.7611776,-117.245933,114.0,"Mission Point Park, 2600 Bayside Ln, San Diego, CA 92109, USA",2025-06-26,2025-06-26 16:14:00 UTC,Pacific Time (US & Canada),research,1,0,False,False,https://inaturalist-open-data.s3.amazonaws.com/photos/569548053/medium.jpg,,,
49699,Pisaster ochraceus,Ochre Sea Star,Animalia,Ochre Sea Star,32.7611776,-117.245933,114.0,"Mission Point Park, 2600 Bayside Ln, San Diego, CA 92109, USA",2025-06-26,2025-06-26 16:27:00 UTC,Pacific Time (US & Canada),research,1,0,False,False,https://inaturalist-open-data.s3.amazonaws.com/photos/569548110/medium.jpg,,,
49699,Pisaster ochraceus,Ochre Sea Star,Animalia,Ochre Sea Star,32.7611776,-117.245933,114.0,"Mission Point Park, 2600 Bayside Ln, San Diego, CA 92109, USA",2025-06-26,2025-06-26 16:16:00 UTC,Pacific Time (US & Canada),research,1,0,False,False,https://inaturalist-open-data.s3.amazonaws.com/photos/569548072/medium.jpg,,,
49699,Pisaster ochraceus,Ochre Sea Star,Animalia,Ochre Sea Star,32.7611776,-117.245933,114.0,"Mission Point Park, 2600 Bayside Ln, San Diego, CA 92109, USA",2025-06-26,2025-06-26 17:02:00 UTC,Pacific Time (US & Canada),research,1,0,False,False,https://inaturalist-open-data.s3.amazonaws.com/photos/569548114/medium.jpg,,,
49699,Pisaster ochraceus,Ochre Sea Star,Animalia,Ochre Sea Star,32.7611776,-117.245933,114.0,"Mission Point Park, 2600 Bayside Ln, San Diego, CA 92109, USA",2025-06-26,2025-06-26 17:03:00 UTC,Pacific Time (US & Canada),research,1,0,False,False,https://inaturalist-open-data.s3.amazonaws.com/photos/569548144/medium.jpg,,,
49699,Pisaster ochraceus,Ochre Sea Star,Animalia,Ochre Sea Star,32.7611776,-117.245933,114.0,"Mission Point Park, 2600 Bayside Ln, San Diego, CA 92109, USA",2025-06-26,2025-06-26 16:50:00 UTC,Pacific Time (US & Canada),research,1,0,False,False,https://inaturalist-open-data.s3.amazonaws.com/photos/569548109/medium.jpg,,,
49699,Pisaster ochraceus,Ochre Sea Star,Animalia,Ochre Sea Star,32.7611776,-117.245933,114.0,"Mission Point Park, 2600 Bayside Ln, San Diego, CA 92109, USA",2025-06-26,2025-06-26 17:04:00 UTC,Pacific Time (US & Canada),research,1,0,False,False,https://inaturalist-open-data.s3.amazonaws.com/photos/569548155/medium.jpg,,,
49699,Pisaster ochraceus,Ochre Sea Star,Animalia,Ochre Sea Star,32.7469633333,-117.25415,4.0,"North Pacific Ocean, CA, US",2025-09-19,2025-09-19 22:37:22 UTC,Pacific Time (US & Canada),research,2,0,False,False,https://static.inaturalist.org/photos/569845897/medium.jpg,,,
49699,Pisaster ochraceus,Ochre Sea Star,Animalia,Ochre Sea Star,32.9074469722,-117.2561579722,,"San Diego County, CA, USA",2025-09-21,2025-09-21 23:29:00 UTC,Pacific Time (US & Canada),research,2,0,False,False,https://inaturalist-open-data.s3.amazonaws.com/photos/571286092/medium.jpg,,,
49699,Pisaster ochraceus,Ochre Sea Star,Animalia,Ochre Sea Star,32.5876340326,-117.1334301443,18.0,"Coronado, CA, US",2025-09-24,2025-09-24 23:33:16 UTC,Pacific Time (US & Canada),research,2,0,False,False,https://inaturalist-open-data.s3.amazonaws.com/photos/571684415/medium.jpg,,,
49699,Pisaster ochraceus,Ochre Sea Star,Animalia,Ochre Sea Star,32.7611776,-117.245933,114.0,"Mission Point Park, 2600 Bayside Ln, San Diego, CA 92109, USA",2025-06-28,2025-06-28 15:51:00 UTC,Pacific Time (US & Canada),research,1,0,False,False,https://inaturalist-open-data.s3.amazonaws.com/photos/573388394/medium.jpg,,,
49699,Pisaster ochraceus,Ochre Sea Star,Animalia,Ochre Sea Star,32.7611776,-117.245933,114.0,"Mission Point Park, 2600 Bayside Ln, San Diego, CA 92109, USA",2025-06-28,2025-06-28 16:00:00 UTC,Pacific Time (US & Canada),research,1,0,False,False,https://inaturalist-open-data.s3.amazonaws.com/photos/573388401/medium.jpg,,,
49699,Pisaster ochraceus,Ochre Sea Star,Animalia,Ochre Sea Star,32.7611776,-117.245933,114.0,"Mission Point Park, 2600 Bayside Ln, San Diego, CA 92109, USA",2025-06-28,2025-06-28 17:16:00 UTC,Pacific Time (US & Canada),research,1,0,False,False,https://inaturalist-open-data.s3.amazonaws.com/photos/573388407/medium.jpg,,,
49699,Pisaster ochraceus,Ochre Sea Star,Animalia,Ochre Sea Star,32.7611776,-117.245933,114.0,"Mission Point Park, 2600 Bayside Ln, San Diego, CA 92109, USA",2025-06-30,2025-06-30 16:28:00 UTC,Pacific Time (US & Canada),research,1,0,False,False,https://inaturalist-open-data.s3.amazonaws.com/photos/573403358/medium.jpg,,,
49699,Pisaster ochraceus,Ochre Sea Star,Animalia,Ochre Sea Star,32.7611776,-117.245933,114.0,"Mission Point Park, 2600 Bayside Ln, San Diego, CA 92109, USA",2025-06-30,2025-06-30 16:52:00 UTC,Pacific Time (US & Canada),research,1,0,False,False,https://inaturalist-open-data.s3.amazonaws.com/photos/573403380/medium.jpg,,,
49699,Pisaster ochraceus,Ochre Sea Star,Animalia,Ochre Sea Star,32.7611776,-117.245933,114.0,"Mission Point Park, 2600 Bayside Ln, San Diego, CA 92109, USA",2025-06-30,2025-06-30 17:03:00 UTC,Pacific Time (US & Canada),research,1,0,False,False,https://inaturalist-open-data.s3.amazonaws.com/photos/573403382/medium.jpg,,,
49699,Pisaster ochraceus,Ochre Sea Star,Animalia,Ochre Sea Star,32.7611776,-117.245933,114.0,"Mission Point Park, 2600 Bayside Ln, San Diego, CA 92109, USA",2025-06-30,2025-06-30 17:07:00 UTC,Pacific Time (US & Canada),research,1,0,False,False,https://inaturalist-open-data.s3.amazonaws.com/photos/573403397/medium.jpg,,,
49699,Pisaster ochraceus,Ochre Sea Star,Animalia,Ochre Sea Star,32.7611776,-117.245933,114.0,"Mission Point Park, 2600 Bayside Ln, San Diego, CA 92109, USA",2025-06-30,2025-06-30 17:10:00 UTC,Pacific Time (US & Canada),research,1,0,False,False,https://inaturalist-open-data.s3.amazonaws.com/photos/573403417/medium.jpg,,,
49699,Pisaster ochraceus,Ochre Sea Star,Animalia,Ochre Sea Star,33.1943083333,-117.3850416667,48.0,"Oceanside Pier, Oceanside, CA, US",2025-09-22,2025-09-22 22:38:23 UTC,Pacific Time (US & Canada),research,1,0,False,False,https://static.inaturalist.org/photos/574096437/medium.jpg,,,
49699,Pisaster ochraceus,Ochre Sea Star,Animalia,Ochre Sea Star,33.1938833333,-117.3852,8.0,"Oceanside Pier, CA, US",2025-09-22,2025-09-22 22:44:17 UTC,Pacific Time (US & Canada),research,1,0,False,False,https://static.inaturalist.org/photos/574096490/medium.jpg,,,
49699,Pisaster ochraceus,Ochre Sea Star,Animalia,Ochre Sea Star,32.7611727447,-117.2452245927,15.0,"Mission Beach, San Diego, CA 92109, USA",2025-10-04,2025-10-04 16:40:00 UTC,Pacific Time (US & Canada),research,1,0,False,False,https://inaturalist-open-data.s3.amazonaws.com/photos/576113157/medium.jpg,,This star and the next one were within 18 inches of each other on opposite sides of a boulder.,
49699,Pisaster ochraceus,Ochre Sea Star,Animalia,Ochre Sea Star,32.7611771954,-117.2452250517,10.0,"Mission Beach, San Diego, CA 92109, USA",2025-10-04,2025-10-04 16:40:00 UTC,Pacific Time (US & Canada),research,1,0,False,False,https://inaturalist-open-data.s3.amazonaws.com/photos/576136990/medium.jpg,,,
49699,Pisaster ochraceus,Ochre Sea Star,Animalia,Ochre Sea Star,32.7605854544,-117.2455625581,15.0,"Mission Beach, San Diego, CA 92109, USA",2025-10-04,2025-10-04 16:49:00 UTC,Pacific Time (US & Canada),research,1,0,False,False,https://inaturalist-open-data.s3.amazonaws.com/photos/576113215/medium.jpg,,,
49699,Pisaster ochraceus,Ochre Sea Star,Animalia,Ochre Sea Star,32.7607354707,-117.2454434159,15.0,"Mission Beach, San Diego, CA 92109, USA",2025-10-04,2025-10-04 16:51:00 UTC,Pacific Time (US & Canada),research,1,0,False,False,https://inaturalist-open-data.s3.amazonaws.com/photos/576113234/medium.jpg,,,
49699,Pisaster ochraceus,Ochre Sea Star,Animalia,Ochre Sea Star,32.7599179932,-117.2472310029,15.0,"Mission Beach, San Diego, CA 92109, USA",2025-10-04,2025-10-04 16:55:00 UTC,Pacific Time (US & Canada),research,1,0,False,False,https://inaturalist-open-data.s3.amazonaws.com/photos/576113261/medium.jpg,,,
49699,Pisaster ochraceus,Ochre Sea Star,Animalia,Ochre Sea Star,32.870629,-117.2533509722,,"La Jolla Shores, San Diego, CA 92037, USA",2025-10-05,2025-10-05 20:43:00 UTC,Pacific Time (US & Canada),research,1,0,False,False,https://inaturalist-open-data.s3.amazonaws.com/photos/576609093/medium.jpg,,,
49699,Pisaster ochraceus,Ochre Sea Star,Animalia,Ochre Sea Star,32.8714259722,-117.253274,,"San Diego County, CA, USA",2025-10-05,2025-10-05 20:54:00 UTC,Pacific Time (US & Canada),research,2,0,False,False,https://inaturalist-open-data.s3.amazonaws.com/photos/576609194/medium.jpg,,,
49699,Pisaster ochraceus,Ochre Sea Star,Animalia,Ochre Sea Star,32.7967796326,-117.2574539185,146.0,San Diego,2024-10-04,2024-10-05 02:00:00 UTC,Pacific Time (US & Canada),research,1,0,False,False,https://inaturalist-open-data.s3.amazonaws.com/photos/577066924/medium.jpg,,,
49699,Pisaster ochraceus,Ochre Sea Star,Animalia,Ochre Sea Star,32.8717271104,-117.253483551,35.0,"San Diego County, CA, USA",2024-02-10,2024-02-11 01:56:00 UTC,Pacific Time (US & Canada),research,1,0,False,False,https://inaturalist-open-data.s3.amazonaws.com/photos/577104024/medium.jpg,,,
49699,Pisaster ochraceus,Ochre Sea Star,Animalia,Ochre Sea Star,32.8717328256,-117.2529865269,32.0,"La Jolla, CA, US",2024-10-19,2024-10-20 00:15:19 UTC,Pacific Time (US & Canada),research,1,0,False,False,https://inaturalist-open-data.s3.amazonaws.com/photos/577128580/medium.jpg,,,
49699,Pisaster ochraceus,Ochre Sea Star,Animalia,Ochre Sea Star,32.8719611111,-117.2529111111,,"La Jolla Farms, San Diego, CA 92037, USA",2025-10-07,2025-10-08 00:15:02 UTC,Pacific Time (US & Canada),research,1,0,False,False,https://static.inaturalist.org/photos/577552952/medium.jpg,,,
49699,Pisaster ochraceus,Ochre Sea Star,Animalia,Ochre Sea Star,32.7619955636,-117.2463659031,20.0,"Mission Bay, San Diego, CA, USA",2025-10-08,2025-10-09 03:34:00 UTC,Pacific Time (US & Canada),research,1,0,False,False,https://inaturalist-open-data.s3.amazonaws.com/photos/578106117/medium.jpg,,,
49699,Pisaster ochraceus,Ochre Sea Star,Animalia,Ochre Sea Star,32.7611776,-117.245933,114.0,"Mission Point Park, 2600 Bayside Ln, San Diego, CA 92109, USA",2025-07-03,2025-07-03 16:23:00 UTC,Pacific Time (US & Canada),research,1,0,False,False,https://inaturalist-open-data.s3.amazonaws.com/photos/578181124/medium.jpg,,,
49699,Pisaster ochraceus,Ochre Sea Star,Animalia,Ochre Sea Star,32.7611776,-117.245933,114.0,"Mission Point Park, 2600 Bayside Ln, San Diego, CA 92109, USA",2025-07-03,2025-07-03 16:40:00 UTC,Pacific Time (US & Canada),research,1,0,False,False,https://inaturalist-open-data.s3.amazonaws.com/photos/578181133/medium.jpg,,,
49699,Pisaster ochraceus,Ochre Sea Star,Animalia,Ochre Sea Star,32.7603326508,-117.2457997161,10.0,"Mission Beach, San Diego, CA 92109, USA",2025-10-08,2025-10-09 03:29:00 UTC,Pacific Time (US & Canada),research,1,0,False,False,https://inaturalist-open-data.s3.amazonaws.com/photos/578237743/medium.jpg,,,
49699,Pisaster ochraceus,Ochre Sea Star,Animalia,Ochre Sea Star,32.8712833333,-117.2533416667,6.0,"San Diego County, US-CA, US",2025-10-06,2025-10-06 23:06:21 UTC,Pacific Time (US & Canada),research,1,0,False,False,https://static.inaturalist.org/photos/578342253/medium.jpg,,,
49699,Pisaster ochraceus,Ochre Sea Star,Animalia,Ochre Sea Star,32.8712083333,-117.2535166667,4.0,"CA, US",2025-10-10,2025-10-11 01:23:25 UTC,Pacific Time (US & Canada),research,1,0,False,False,https://inaturalist-open-data.s3.amazonaws.com/photos/578879790/medium.jpg,,,
49699,Pisaster ochraceus,Ochre Sea Star,Animalia,Ochre Sea Star,32.871605,-117.253625,4.0,"CA, US",2025-10-10,2025-10-11 00:57:49 UTC,Pacific Time (US & Canada),research,1,0,False,False,https://inaturalist-open-data.s3.amazonaws.com/photos/578879828/medium.jpg,,,
49699,Pisaster ochraceus,Ochre Sea Star,Animalia,Ochre Sea Star,32.7583583333,-117.25985,,"San Diego County, CA, USA",2025-10-07,2025-10-07 22:27:27 UTC,Pacific Time (US & Canada),research,1,0,False,False,https://static.inaturalist.org/photos/579771604/medium.jpg,,,
49699,Pisaster ochraceus,Ochre Sea Star,Animalia,Ochre Sea Star,32.871445,-117.2536166667,2.0,"CA, US",2025-10-10,2025-10-11 00:23:25 UTC,Pacific Time (US & Canada),research,1,0,False,False,https://inaturalist-open-data.s3.amazonaws.com/photos/579866193/medium.jpg,,,
49699,Pisaster ochraceus,Ochre Sea Star,Animalia,Ochre Sea Star,32.871345,-117.2536166667,9.0,"CA, US",2025-10-10,2025-10-11 00:32:37 UTC,Pacific Time (US & Canada),research,1,0,False,False,https://inaturalist-open-data.s3.amazonaws.com/photos/579866289/medium.jpg,,,
49699,Pisaster ochraceus,Ochre Sea Star,Animalia,Ochre Sea Star,32.7611776,-117.245933,114.0,"Mission Point Park, 2600 Bayside Ln, San Diego, CA 92109, USA",2025-07-02,2025-07-02 16:41:00 UTC,Pacific Time (US & Canada),research,1,0,False,False,https://inaturalist-open-data.s3.amazonaws.com/photos/580591418/medium.jpg,,,
49699,Pisaster ochraceus,Ochre Sea Star,Animalia,Ochre Sea Star,32.7451166667,-117.2553033333,3.0,"North Pacific Ocean, San Diego, CA, US",2025-10-18,2025-10-18 22:29:15 UTC,Pacific Time (US & Canada),research,2,0,False,False,https://static.inaturalist.org/photos/606972018/medium.jpg,,,
49699,Pisaster ochraceus,Ochre Sea Star,Animalia,Ochre Sea Star,32.8436524436,-117.2803015698,18.0,"Coast Blvd, San Diego, CA, US",2025-10-19,2025-10-19 19:14:44 UTC,Pacific Time (US & Canada),research,3,0,False,False,https://inaturalist-open-data.s3.amazonaws.com/photos/582220966/medium.jpg,,,
49699,Pisaster ochraceus,Ochre Sea Star,Animalia,Ochre Sea Star,32.8713421691,-117.253562565,13.0,"North Pacific Ocean, CA, US",2025-10-24,2025-10-24 23:44:02 UTC,Pacific Time (US & Canada),research,1,0,False,False,https://inaturalist-open-data.s3.amazonaws.com/photos/584175508/medium.jpg,,,
49699,Pisaster ochraceus,Ochre Sea Star,Animalia,Ochre Sea Star,32.871314127,-117.2536451591,9.0,"North Pacific Ocean, CA, US",2025-10-24,2025-10-24 23:48:12 UTC,Pacific Time (US & Canada),research,1,0,False,False,https://inaturalist-open-data.s3.amazonaws.com/photos/584175740/medium.jpg,,,
49699,Pisaster ochraceus,Ochre Sea Star,Animalia,Ochre Sea Star,32.871360306,-117.2536192674,11.0,"North Pacific Ocean, CA, US",2025-10-24,2025-10-24 23:49:13 UTC,Pacific Time (US & Canada),research,1,0,False,False,https://inaturalist-open-data.s3.amazonaws.com/photos/584176097/medium.jpg,,,
49699,Pisaster ochraceus,Ochre Sea Star,Animalia,Ochre Sea Star,32.8711296621,-117.2535183575,20.0,"North Pacific Ocean, CA, US",2025-10-24,2025-10-25 00:26:49 UTC,Pacific Time (US & Canada),research,2,0,False,False,https://inaturalist-open-data.s3.amazonaws.com/photos/584178930/medium.jpg,,A fairly large one.,
49699,Pisaster ochraceus,Ochre Sea Star,Animalia,Ochre Sea Star,32.8693754937,-117.2539387858,25.0,"North Pacific Ocean, CA, US",2025-10-24,2025-10-25 00:32:07 UTC,Pacific Time (US & Canada),research,2,0,False,False,https://inaturalist-open-data.s3.amazonaws.com/photos/584179874/medium.jpg,,"In a recently formed rock pool on the beach, farther away from the rest of the rock pools.",
49699,Pisaster ochraceus,Ochre Sea Star,Animalia,Ochre Sea Star,32.8688285113,-117.2545696583,558.0,"San Diego County, CA, USA",2025-10-23,2025-10-23 23:25:00 UTC,Pacific Time (US & Canada),research,1,0,False,False,https://inaturalist-open-data.s3.amazonaws.com/photos/584374349/medium.jpg,,,
49699,Pisaster ochraceus,Ochre Sea Star,Animalia,Ochre Sea Star,32.8688285113,-117.2545696583,558.0,"San Diego County, CA, USA",2025-10-23,2025-10-23 23:37:00 UTC,Pacific Time (US & Canada),research,2,0,False,False,https://inaturalist-open-data.s3.amazonaws.com/photos/584374363/medium.jpg,,,
49699,Pisaster ochraceus,Ochre Sea Star,Animalia,Ochre Sea Star,32.8718279082,-117.2530866042,68.0,"San Diego County, US-CA, US",2025-01-31,2025-01-31 22:29:53 UTC,Pacific Time (US & Canada),research,1,0,False,False,https://static.inaturalist.org/photos/585909865/medium.jpg,,,
49699,Pisaster ochraceus,Ochre Sea Star,Animalia,Ochre Sea Star,32.7616447632,-117.2452024968,15.0,"Mission Beach, San Diego, CA 92109, USA",2025-10-31,2025-10-31 15:52:00 UTC,Pacific Time (US & Canada),research,1,0,False,False,https://inaturalist-open-data.s3.amazonaws.com/photos/586817930/medium.jpg,,,
49699,Pisaster ochraceus,Ochre Sea Star,Animalia,Ochre Sea Star,32.7606514506,-117.2455046375,15.0,"Mission Beach, San Diego, CA 92109, USA",2025-10-31,2025-10-31 16:17:00 UTC,Pacific Time (US & Canada),research,1,0,False,False,https://inaturalist-open-data.s3.amazonaws.com/photos/586817587/medium.jpg,,,
49699,Pisaster ochraceus,Ochre Sea Star,Animalia,Ochre Sea Star,32.7605647787,-117.2455803307,15.0,"Mission Beach, San Diego, CA 92109, USA",2025-10-31,2025-10-31 16:22:00 UTC,Pacific Time (US & Canada),research,1,0,False,False,https://inaturalist-open-data.s3.amazonaws.com/photos/586817599/medium.jpg,,,
49699,Pisaster ochraceus,Ochre Sea Star,Animalia,Ochre Sea Star,32.7605146994,-117.2456237291,15.0,"Mission Beach, San Diego, CA 92109, USA",2025-10-31,2025-10-31 16:23:00 UTC,Pacific Time (US & Canada),research,1,0,False,False,https://inaturalist-open-data.s3.amazonaws.com/photos/586817616/medium.jpg,,,
49699,Pisaster ochraceus,Ochre Sea Star,Animalia,Ochre Sea Star,32.8667864381,-117.2562147773,118.0,"San Diego County, CA, USA",2025-11-03,2025-11-03 23:41:00 UTC,Pacific Time (US & Canada),research,2,0,False,False,https://inaturalist-open-data.s3.amazonaws.com/photos/588459656/medium.jpg,,,
49699,Pisaster ochraceus,Ochre Sea Star,Animalia,Ochre Sea Star,32.8715666667,-117.2536,3.0,"North Pacific Ocean, CA, US",2025-11-04,2025-11-04 23:29:57 UTC,Pacific Time (US & Canada),research,1,0,False,False,https://static.inaturalist.org/photos/588539012/medium.jpg,,,
49699,Pisaster ochraceus,Ochre Sea Star,Animalia,Ochre Sea Star,32.9072583333,-117.2561633333,3.0,"CA, US",2025-11-05,2025-11-05 22:09:17 UTC,Pacific Time (US & Canada),research,1,0,False,False,https://inaturalist-open-data.s3.amazonaws.com/photos/588543349/medium.jpg,,,
49699,Pisaster ochraceus,Ochre Sea Star,Animalia,Ochre Sea Star,32.9983416667,-117.278625,15.0,"North Pacific Ocean, Solana Beach, CA, US",2025-11-05,2025-11-05 22:30:05 UTC,Pacific Time (US & Canada),research,2,0,False,False,https://static.inaturalist.org/photos/588562322/medium.jpg,,,
49699,Pisaster ochraceus,Ochre Sea Star,Animalia,Ochre Sea Star,32.8717116667,-117.253655,17.0,"CA, US",2025-11-05,2025-11-05 23:31:42 UTC,Pacific Time (US & Canada),research,1,0,False,False,https://inaturalist-open-data.s3.amazonaws.com/photos/588585256/medium.jpg,,,
49699,Pisaster ochraceus,Ochre Sea Star,Animalia,Ochre Sea Star,32.8715216667,-117.253625,3.0,"CA, US",2025-11-05,2025-11-05 21:29:12 UTC,Pacific Time (US & Canada),research,1,0,False,False,https://inaturalist-open-data.s3.amazonaws.com/photos/588585390/medium.jpg,,,
49699,Pisaster ochraceus,Ochre Sea Star,Animalia,Ochre Sea Star,32.8715166667,-117.25363,3.0,"CA, US",2025-11-05,2025-11-05 21:29:15 UTC,Pacific Time (US & Canada),research,1,0,False,False,https://inaturalist-open-data.s3.amazonaws.com/photos/588585516/medium.jpg,,,
49699,Pisaster ochraceus,Ochre Sea Star,Animalia,Ochre Sea Star,32.759175,-117.2546166667,4.0,"North Pacific Ocean, CA, US",2025-11-06,2025-11-06 23:10:29 UTC,Pacific Time (US & Canada),research,2,0,False,False,https://inaturalist-open-data.s3.amazonaws.com/photos/588894241/medium.jpg,,,
49699,Pisaster ochraceus,Ochre Sea Star,Animalia,Ochre Sea Star,32.7592,-117.2547133333,86.0,"North Pacific Ocean, CA, US",2025-11-06,2025-11-06 23:26:30 UTC,Pacific Time (US & Canada),research,2,0,False,False,https://inaturalist-open-data.s3.amazonaws.com/photos/588894370/medium.jpg,,,
49699,Pisaster ochraceus,Ochre Sea Star,Animalia,Ochre Sea Star,32.9410826558,-117.2587207241,3.0,"San Diego County, US-CA, US",2025-11-06,2025-11-07 01:00:28 UTC,Pacific Time (US & Canada),research,1,0,False,True,https://static.inaturalist.org/photos/588921080/medium.jpg,,,
49699,Pisaster ochraceus,Ochre Sea Star,Animalia,Ochre Sea Star,33.1450583333,-117.3441383333,9.0,"North Pacific Ocean, Carlsbad, CA, US",2025-11-06,2025-11-06 23:47:30 UTC,Pacific Time (US & Canada),research,1,0,False,False,https://inaturalist-open-data.s3.amazonaws.com/photos/588938618/medium.jpg,,,
49699,Pisaster ochraceus,Ochre Sea Star,Animalia,Ochre Sea Star,32.86912045,-117.3799227417,3.0,"San Diego County, US-CA, US",2025-11-06,2025-11-07 01:01:33 UTC,Pacific Time (US & Canada),research,1,0,False,True,https://static.inaturalist.org/photos/589202112/medium.jpg,,,
49699,Pisaster ochraceus,Ochre Sea Star,Animalia,Ochre Sea Star,32.8712216667,-117.2535383333,9.0,"CA, US",2025-11-07,2025-11-07 23:42:56 UTC,Pacific Time (US & Canada),research,1,0,False,False,https://static.inaturalist.org/photos/589160940/medium.jpg,,,
49699,Pisaster ochraceus,Ochre Sea Star,Animalia,Ochre Sea Star,32.8714103699,-117.2536087036,4.0,San Diego County,2025-11-07,2025-11-08 00:47:07 UTC,Pacific Time (US & Canada),research,1,0,False,False,https://static.inaturalist.org/photos/589529263/medium.jpg,,,
49699,Pisaster ochraceus,Ochre Sea Star,Animalia,Ochre Sea Star,32.8713416667,-117.2535222222,,"La Jolla Shores Dr & Shellback Way, San Diego, CA 92037, USA",2025-11-06,2025-11-07 00:32:26 UTC,Pacific Time (US & Canada),research,1,0,False,False,https://static.inaturalist.org/photos/589368706/medium.jpg,,,
49699,Pisaster ochraceus,Ochre Sea Star,Animalia,Ochre Sea Star,32.8714333333,-117.2537,,"La Jolla Shores Dr & Shellback Way, San Diego, CA 92037, USA",2025-11-06,2025-11-07 00:32:45 UTC,Pacific Time (US & Canada),research,1,0,False,False,https://static.inaturalist.org/photos/589408659/medium.jpg,,,
49699,Pisaster ochraceus,Ochre Sea Star,Animalia,Ochre Sea Star,32.8714333333,-117.2537,,"La Jolla Shores Dr & Shellback Way, San Diego, CA 92037, USA",2025-11-06,2025-11-07 00:32:55 UTC,Pacific Time (US & Canada),research,1,0,False,False,https://static.inaturalist.org/photos/589408755/medium.jpg,,,
49699,Pisaster ochraceus,Ochre Sea Star,Animalia,Ochre Sea Star,32.8714333333,-117.2537,,"La Jolla Shores Dr & Shellback Way, San Diego, CA 92037, USA",2025-11-06,2025-11-07 00:33:34 UTC,Pacific Time (US & Canada),research,2,0,False,False,https://static.inaturalist.org/photos/589409014/medium.jpg,,,
49699,Pisaster ochraceus,Ochre Sea Star,Animalia,Ochre Sea Star,32.8713472222,-117.2534222222,,"La Jolla Shores Dr & Shellback Way, San Diego, CA 92037, USA",2025-11-06,2025-11-07 00:35:07 UTC,Pacific Time (US & Canada),research,2,0,False,False,https://static.inaturalist.org/photos/589409139/medium.jpg,,,
49699,Pisaster ochraceus,Ochre Sea Star,Animalia,Ochre Sea Star,32.8713472222,-117.2534222222,,"La Jolla Shores Dr & Shellback Way, San Diego, CA 92037, USA",2025-11-06,2025-11-07 00:35:10 UTC,Pacific Time (US & Canada),research,2,0,False,False,https://static.inaturalist.org/photos/589409248/medium.jpg,,,
49699,Pisaster ochraceus,Ochre Sea Star,Animalia,Ochre Sea Star,32.8716083333,-117.2532366667,3.0,"CA, US",2025-11-08,2025-11-09 00:05:19 UTC,Pacific Time (US & Canada),research,2,0,False,False,https://static.inaturalist.org/photos/589565682/medium.jpg,,,
49699,Pisaster ochraceus,Ochre Sea Star,Animalia,Ochre Sea Star,32.8698138889,-117.2537416667,,"La Jolla Shores Dr & Biological Grade, San Diego, CA 92037, USA",2025-11-06,2025-11-06 23:43:57 UTC,Pacific Time (US & Canada),research,2,0,False,False,https://static.inaturalist.org/photos/589975915/medium.jpg,,,
49699,Pisaster ochraceus,Ochre Sea Star,Animalia,Ochre Sea Star,32.8713972222,-117.2536777778,,"La Jolla Shores Dr & Shellback Way, San Diego, CA 92037, USA",2025-11-06,2025-11-06 23:50:07 UTC,Pacific Time (US & Canada),research,2,0,False,False,https://static.inaturalist.org/photos/589976367/medium.jpg,,,
49699,Pisaster ochraceus,Ochre Sea Star,Animalia,Ochre Sea Star,32.8680350374,-117.2537390515,311.0,"La Jolla Shores Dr & Downwind Way, San Diego, CA 92037, USA",2025-11-09,2025-11-10 01:50:49 UTC,Pacific Time (US & Canada),research,1,0,False,False,https://inaturalist-open-data.s3.amazonaws.com/photos/589976851/medium.jpg,,,
49699,Pisaster ochraceus,Ochre Sea Star,Animalia,Ochre Sea Star,32.8675092773,-117.2539616749,232.0,"La Jolla Shores Dr & Downwind Way, San Diego, CA 92037, USA",2025-11-09,2025-11-10 02:31:00 UTC,Pacific Time (US & Canada),research,1,0,False,False,https://inaturalist-open-data.s3.amazonaws.com/photos/589981036/medium.jpg,,,
49699,Pisaster ochraceus,Ochre Sea Star,Animalia,Ochre Sea Star,32.8665254295,-117.2554583763,6.0,"CA, US",2025-11-05,2025-11-05 23:52:06 UTC,Pacific Time (US & Canada),research,1,0,False,False,https://inaturalist-open-data.s3.amazonaws.com/photos/590124059/medium.jpg,,,
49699,Pisaster ochraceus,Ochre Sea Star,Animalia,Ochre Sea Star,32.8717218938,-117.2535208157,4.0,"CA, US",2025-11-05,2025-11-06 00:11:10 UTC,Pacific Time (US & Canada),research,1,0,False,False,https://inaturalist-open-data.s3.amazonaws.com/photos/590124134/medium.jpg,,,
49699,Pisaster ochraceus,Ochre Sea Star,Animalia,Ochre Sea Star,32.8714166667,-117.253555,45.0,"CA, US",2025-11-10,2025-11-11 04:17:41 UTC,Pacific Time (US & Canada),research,3,0,False,False,https://inaturalist-open-data.s3.amazonaws.com/photos/590309136/medium.jpg,,,
49699,Pisaster ochraceus,Ochre Sea Star,Animalia,Ochre Sea Star,32.8714783333,-117.253495,6.0,"CA, US",2025-11-10,2025-11-11 04:19:06 UTC,Pacific Time (US & Canada),research,2,0,False,False,https://inaturalist-open-data.s3.amazonaws.com/photos/590309163/medium.jpg,,,
49699,Pisaster ochraceus,Ochre Sea Star,Animalia,Ochre Sea Star,32.7611776,-117.245933,114.0,"Mission Point Park, 2600 Bayside Ln, San Diego, CA 92109, USA",2025-07-14,2025-07-14 16:18:00 UTC,Pacific Time (US & Canada),research,1,0,False,False,https://inaturalist-open-data.s3.amazonaws.com/photos/590795063/medium.jpg,,,
49699,Pisaster ochraceus,Ochre Sea Star,Animalia,Ochre Sea Star,32.7611776,-117.245933,114.0,"Mission Point Park, 2600 Bayside Ln, San Diego, CA 92109, USA",2025-07-14,2025-07-14 16:57:00 UTC,Pacific Time (US & Canada),research,1,0,False,False,https://inaturalist-open-data.s3.amazonaws.com/photos/590795067/medium.jpg,,,
49699,Pisaster ochraceus,Ochre Sea Star,Animalia,Ochre Sea Star,32.7611776,-117.245933,114.0,"Mission Point Park, 2600 Bayside Ln, San Diego, CA 92109, USA",2025-07-14,2025-07-14 17:12:00 UTC,Pacific Time (US & Canada),research,1,0,False,False,https://inaturalist-open-data.s3.amazonaws.com/photos/590795071/medium.jpg,,,
49699,Pisaster ochraceus,Ochre Sea Star,Animalia,Ochre Sea Star,32.7611776,-117.245933,114.0,"Mission Point Park, 2600 Bayside Ln, San Diego, CA 92109, USA",2025-07-14,2025-07-14 17:26:00 UTC,Pacific Time (US & Canada),research,1,0,False,False,https://inaturalist-open-data.s3.amazonaws.com/photos/590795080/medium.jpg,,,
49699,Pisaster ochraceus,Ochre Sea Star,Animalia,Ochre Sea Star,32.7611776,-117.245933,114.0,"Mission Point Park, 2600 Bayside Ln, San Diego, CA 92109, USA",2025-07-14,2025-07-14 17:28:00 UTC,Pacific Time (US & Canada),research,1,0,False,False,https://inaturalist-open-data.s3.amazonaws.com/photos/590795086/medium.jpg,,,
49699,Pisaster ochraceus,Ochre Sea Star,Animalia,Ochre Sea Star,32.7611776,-117.245933,114.0,"Mission Point Park, 2600 Bayside Ln, San Diego, CA 92109, USA",2025-07-23,2025-07-23 19:09:00 UTC,Pacific Time (US & Canada),research,1,0,False,False,https://inaturalist-open-data.s3.amazonaws.com/photos/590798254/medium.jpg,,,
49699,Pisaster ochraceus,Ochre Sea Star,Animalia,Ochre Sea Star,32.7611776,-117.245933,114.0,"Mission Point Park, 2600 Bayside Ln, San Diego, CA 92109, USA",2025-07-23,2025-07-23 19:16:00 UTC,Pacific Time (US & Canada),research,1,0,False,False,https://inaturalist-open-data.s3.amazonaws.com/photos/590798255/medium.jpg,,,
49699,Pisaster ochraceus,Ochre Sea Star,Animalia,Ochre Sea Star,32.7611776,-117.245933,114.0,"Mission Point Park, 2600 Bayside Ln, San Diego, CA 92109, USA",2025-07-23,2025-07-23 19:26:00 UTC,Pacific Time (US & Canada),research,1,0,False,False,https://inaturalist-open-data.s3.amazonaws.com/photos/590798281/medium.jpg,,,
49699,Pisaster ochraceus,Ochre Sea Star,Animalia,Ochre Sea Star,32.8715200584,-117.2530299407,110.0,"La Jolla, San Diego, CA, USA",2025-11-04,2025-11-04 22:47:00 UTC,Pacific Time (US & Canada),research,1,0,False,False,https://inaturalist-open-data.s3.amazonaws.com/photos/591093244/medium.jpg,,,
49699,Pisaster ochraceus,Ochre Sea Star,Animalia,Ochre Sea Star,32.8715200584,-117.2530299407,110.0,"La Jolla, San Diego, CA, USA",2025-11-04,2025-11-04 22:52:00 UTC,Pacific Time (US & Canada),research,1,0,False,False,https://inaturalist-open-data.s3.amazonaws.com/photos/591093246/medium.jpg,,,
49699,Pisaster ochraceus,Ochre Sea Star,Animalia,Ochre Sea Star,32.8715200584,-117.2530299407,110.0,"La Jolla, San Diego, CA, USA",2025-11-04,2025-11-04 22:55:00 UTC,Pacific Time (US & Canada),research,1,0,False,False,https://inaturalist-open-data.s3.amazonaws.com/photos/591093254/medium.jpg,,,
49699,Pisaster ochraceus,Ochre Sea Star,Animalia,Ochre Sea Star,32.8715200584,-117.2530299407,110.0,"La Jolla, San Diego, CA, USA",2025-11-04,2025-11-04 22:57:00 UTC,Pacific Time (US & Canada),research,1,0,False,False,https://inaturalist-open-data.s3.amazonaws.com/photos/591093255/medium.jpg,,,
49699,Pisaster ochraceus,Ochre Sea Star,Animalia,Ochre Sea Star,32.8715200584,-117.2530299407,110.0,"La Jolla, San Diego, CA, USA",2025-11-04,2025-11-04 23:03:00 UTC,Pacific Time (US & Canada),research,1,0,False,False,https://inaturalist-open-data.s3.amazonaws.com/photos/591093284/medium.jpg,,,
49699,Pisaster ochraceus,Ochre Sea Star,Animalia,Ochre Sea Star,32.8715200584,-117.2530299407,110.0,"La Jolla, San Diego, CA, USA",2025-11-04,2025-11-04 23:04:00 UTC,Pacific Time (US & Canada),research,1,0,False,False,https://inaturalist-open-data.s3.amazonaws.com/photos/591093285/medium.jpg,,,
49699,Pisaster ochraceus,Ochre Sea Star,Animalia,Ochre Sea Star,32.8715200584,-117.2530299407,110.0,"La Jolla, San Diego, CA, USA",2025-11-04,2025-11-04 23:07:00 UTC,Pacific Time (US & Canada),research,1,0,False,False,https://inaturalist-open-data.s3.amazonaws.com/photos/591093286/medium.jpg,,,
49699,Pisaster ochraceus,Ochre Sea Star,Animalia,Ochre Sea Star,32.8703978094,-117.2533002716,117.0,"La Jolla, San Diego, CA, USA",2025-11-05,2025-11-05 23:47:00 UTC,Pacific Time (US & Canada),research,1,0,False,False,https://inaturalist-open-data.s3.amazonaws.com/photos/591094500/medium.jpg,,,
49699,Pisaster ochraceus,Ochre Sea Star,Animalia,Ochre Sea Star,32.8703978094,-117.2533002716,117.0,"La Jolla, San Diego, CA, USA",2025-11-05,2025-11-05 23:47:00 UTC,Pacific Time (US & Canada),research,1,0,False,False,https://inaturalist-open-data.s3.amazonaws.com/photos/591094504/medium.jpg,,,
49699,Pisaster ochraceus,Ochre Sea Star,Animalia,Ochre Sea Star,32.8703978094,-117.2533002716,117.0,"La Jolla, San Diego, CA, USA",2025-11-05,2025-11-06 00:05:00 UTC,Pacific Time (US & Canada),research,1,0,False,False,https://inaturalist-open-data.s3.amazonaws.com/photos/591094516/medium.jpg,,,
49699,Pisaster ochraceus,Ochre Sea Star,Animalia,Ochre Sea Star,32.8703978094,-117.2533002716,117.0,"La Jolla, San Diego, CA, USA",2025-11-05,2025-11-06 00:13:00 UTC,Pacific Time (US & Canada),research,2,0,False,False,https://inaturalist-open-data.s3.amazonaws.com/photos/591094524/medium.jpg,,,
49699,Pisaster ochraceus,Ochre Sea Star,Animalia,Ochre Sea Star,32.7609122914,-117.2481140933,579.0,"Mission Beach, San Diego, CA 92109, USA",2025-10-05,2025-10-05 17:37:00 UTC,Pacific Time (US & Canada),research,3,0,False,False,https://inaturalist-open-data.s3.amazonaws.com/photos/591441064/medium.jpg,,,
49699,Pisaster ochraceus,Ochre Sea Star,Animalia,Ochre Sea Star,32.9073,-117.2562166667,4.0,"North Pacific Ocean, CA, US",2025-11-20,2025-11-20 23:21:59 UTC,Pacific Time (US & Canada),research,1,0,False,False,https://static.inaturalist.org/photos/593249137/medium.jpg,,,
49699,Pisaster ochraceus,Ochre Sea Star,Animalia,Ochre Sea Star,32.8712949576,-117.2534388957,9.0,"Kennel Way, San Diego, CA, US",2025-11-21,2025-11-22 00:35:12 UTC,Pacific Time (US & Canada),research,1,0,False,False,https://static.inaturalist.org/photos/593506548/medium.jpg,,,
49699,Pisaster ochraceus,Ochre Sea Star,Animalia,Ochre Sea Star,33.2212673134,-117.4054266885,198.0,"Camp Pendleton South, CA 92058, USA",2025-11-19,2025-11-19 22:46:49 UTC,Pacific Time (US & Canada),research,2,0,False,False,https://inaturalist-open-data.s3.amazonaws.com/photos/593711567/medium.jpg,,Found while paddle boarding ,
49699,Pisaster ochraceus,Ochre Sea Star,Animalia,Ochre Sea Star,33.2212673134,-117.4054266885,198.0,"Camp Pendleton South, CA 92058, USA",,,Pacific Time (US & Canada),casual,0,0,False,False,https://inaturalist-open-data.s3.amazonaws.com/photos/593714100/medium.jpg,,,
49699,Pisaster ochraceus,Ochre Sea Star,Animalia,Ochre Sea Star,32.8710116667,-117.2533716667,3.0,"Océano Pacífico Norte, CA, US",2025-11-22,2025-11-23 00:52:00 UTC,Pacific Time (US & Canada),research,2,0,False,False,https://static.inaturalist.org/photos/593894234/medium.jpg,,,
49699,Pisaster ochraceus,Ochre Sea Star,Animalia,Ochre Sea Star,32.8714716667,-117.2533283333,4.0,"Océano Pacífico Norte, CA, US",2025-11-22,2025-11-23 00:54:00 UTC,Pacific Time (US & Canada),research,2,0,False,False,https://static.inaturalist.org/photos/593894524/medium.jpg,,,
49699,Pisaster ochraceus,Ochre Sea Star,Animalia,Ochre Sea Star,32.8434,-117.2810883333,6.0,"North Pacific Ocean, CA, US",2025-11-24,2025-11-25 01:49:21 UTC,Pacific Time (US & Canada),research,1,0,False,False,https://static.inaturalist.org/photos/594906130/medium.jpg,,,
49699,Pisaster ochraceus,Ochre Sea Star,Animalia,Ochre Sea Star,32.9073250454,-117.2562158226,14.0,"CA, US",2025-10-18,2025-10-18 20:46:04 UTC,Pacific Time (US & Canada),research,2,0,False,False,https://inaturalist-open-data.s3.amazonaws.com/photos/594970126/medium.jpg,,,
49699,Pisaster ochraceus,Ochre Sea Star,Animalia,Ochre Sea Star,32.8713716667,-117.253395,13.0,"North Pacific Ocean, CA, US",2025-11-07,2025-11-08 00:26:03 UTC,Pacific Time (US & Canada),research,1,0,False,False,https://static.inaturalist.org/photos/595032637/medium.jpg,,,
49699,Pisaster ochraceus,Ochre Sea Star,Animalia,Ochre Sea Star,32.861555,-117.25763,,"La Jolla Shores, San Diego, CA, US",2025-11-26,2025-11-27 01:36:58 UTC,Pacific Time (US & Canada),research,1,0,False,False,https://inaturalist-open-data.s3.amazonaws.com/photos/595343891/medium.jpg,,,
49699,Pisaster ochraceus,Ochre Sea Star,Animalia,Ochre Sea Star,32.8542006144,-117.261058415,87.0,"San Diego County, CA, USA",2025-11-27,2025-11-27 21:09:00 UTC,Pacific Time (US & Canada),research,1,0,False,False,https://inaturalist-open-data.s3.amazonaws.com/photos/595398010/medium.jpg,,,
49699,Pisaster ochraceus,Ochre Sea Star,Animalia,Ochre Sea Star,32.8478916667,-117.278595,4.0,"Coast Blvd, CA, US",2025-11-16,2025-11-16 21:39:06 UTC,Pacific Time (US & Canada),research,1,0,False,False,https://inaturalist-open-data.s3.amazonaws.com/photos/596016010/medium.jpg,,,
49699,Pisaster ochraceus,Ochre Sea Star,Animalia,Ochre Sea Star,33.2212673134,-117.4054266885,198.0,"Camp Pendleton South, CA 92058, USA",2025-11-30,2025-11-30 19:09:26 UTC,Pacific Time (US & Canada),research,1,0,False,False,https://inaturalist-open-data.s3.amazonaws.com/photos/596252950/medium.jpg,,,
49699,Pisaster ochraceus,Ochre Sea Star,Animalia,Ochre Sea Star,33.2212673134,-117.4054266885,198.0,"Camp Pendleton South, CA 92058, USA",2025-11-30,2025-11-30 19:02:09 UTC,Pacific Time (US & Canada),research,1,0,False,False,https://inaturalist-open-data.s3.amazonaws.com/photos/596253352/medium.jpg,,,
49699,Pisaster ochraceus,Ochre Sea Star,Animalia,Ochre Sea Star,33.2212673134,-117.4054266885,198.0,"Camp Pendleton South, CA 92058, USA",2025-11-30,2025-11-30 18:46:09 UTC,Pacific Time (US & Canada),research,1,0,False,False,https://inaturalist-open-data.s3.amazonaws.com/photos/596253803/medium.jpg,,,
49699,Pisaster ochraceus,Ochre Sea Star,Animalia,Ochre Sea Star,32.8523559996,-117.2724652846,146.0,"La Jolla Cove, CA",2025-12-01,2025-12-01 17:47:00 UTC,Pacific Time (US & Canada),research,2,0,False,False,https://inaturalist-open-data.s3.amazonaws.com/photos/596483743/medium.jpg,,,
49699,Pisaster ochraceus,Ochre Sea Star,Animalia,Ochre Sea Star,32.9072633333,-117.2562033333,13.0,"CA, US",2025-12-01,2025-12-01 21:09:23 UTC,Pacific Time (US & Canada),research,2,0,False,False,https://inaturalist-open-data.s3.amazonaws.com/photos/597065229/medium.jpg,,,
49699,Pisaster ochraceus,Ochre Sea Star,Animalia,Ochre Sea Star,32.8639966667,-117.2549966667,1.0,"CA, US",2025-11-19,2025-11-19 23:42:53 UTC,Pacific Time (US & Canada),research,1,0,False,False,https://inaturalist-open-data.s3.amazonaws.com/photos/597065310/medium.jpg,,,
49699,Pisaster ochraceus,Ochre Sea Star,Animalia,Ochre Sea Star,32.8569866667,-117.2575716667,1.0,"San Diego, CA, US",2025-05-16,2025-05-16 13:48:34 UTC,Pacific Time (US & Canada),research,1,0,False,False,https://inaturalist-open-data.s3.amazonaws.com/photos/597066392/medium.jpg,,,
49699,Pisaster ochraceus,Ochre Sea Star,Animalia,Ochre Sea Star,32.6511995157,-117.1517599908,1666.0,"Coronado, CA, USA",2005-06-29,2005-06-30 05:07:00 UTC,Pacific Time (US & Canada),research,2,0,False,False,https://inaturalist-open-data.s3.amazonaws.com/photos/597131963/medium.jpg,,,
49699,Pisaster ochraceus,Ochre Sea Star,Animalia,Ochre Sea Star,32.8669660544,-117.2571172938,321.0,"La Jolla, CA 92037, USA",2025-01-25,2025-01-25 21:21:12 UTC,Pacific Time (US & Canada),research,1,0,False,False,https://inaturalist-open-data.s3.amazonaws.com/photos/597222318/medium.jpg,,Dike Rock,
49699,Pisaster ochraceus,Ochre Sea Star,Animalia,Ochre Sea Star,32.9074615855,-117.2562152274,669.0,"CA, US",2025-09-16,2025-09-16 13:09:00 UTC,Pacific Time (US & Canada),research,1,0,False,False,https://inaturalist-open-data.s3.amazonaws.com/photos/597223951/medium.jpg,,,
49699,Pisaster ochraceus,Ochre Sea Star,Animalia,Ochre Sea Star,32.6787213626,-117.1800070647,592.0,"Coronado, CA, US",2025-06-30,2025-07-01 05:25:00 UTC,Pacific Time (US & Canada),research,1,0,False,False,https://inaturalist-open-data.s3.amazonaws.com/photos/597224508/medium.jpg,,,
49699,Pisaster ochraceus,Ochre Sea Star,Animalia,Ochre Sea Star,32.8434063997,-117.2810812997,,"La Jolla, CA 92037, USA",2025-12-03,2025-12-03 22:24:58 UTC,Pacific Time (US & Canada),research,2,0,False,False,https://inaturalist-open-data.s3.amazonaws.com/photos/597292707/medium.jpg,,,
49699,Pisaster ochraceus,Ochre Sea Star,Animalia,Ochre Sea Star,32.8710216667,-117.2535866667,4.0,"CA, US",2025-12-04,2025-12-04 22:20:03 UTC,Pacific Time (US & Canada),research,1,0,False,False,https://inaturalist-open-data.s3.amazonaws.com/photos/597296857/medium.jpg,,,
49699,Pisaster ochraceus,Ochre Sea Star,Animalia,Pisaster ochraceus,32.7958831787,-117.2583618164,178.0,San Diego,2025-12-04,2025-12-05 01:10:11 UTC,Pacific Time (US & Canada),research,1,0,False,False,https://inaturalist-open-data.s3.amazonaws.com/photos/597314565/medium.jpg,,,
49699,Pisaster ochraceus,Ochre Sea Star,Animalia,Ochre Sea Star,32.8778621311,-117.2489192078,,"Scripps Coastal Reserve, CA, US",2025-11-27,2025-11-27 21:11:00 UTC,Pacific Time (US & Canada),research,1,0,False,False,https://inaturalist-open-data.s3.amazonaws.com/photos/597336943/medium.jpg,,,
49699,Pisaster ochraceus,Ochre Sea Star,Animalia,Ochre Sea Star,32.8687768514,-117.2535411092,35.0,"La Jolla, San Diego, CA, USA",2025-12-02,2025-12-02 18:42:00 UTC,Pacific Time (US & Canada),research,1,0,False,False,https://inaturalist-open-data.s3.amazonaws.com/photos/597362642/medium.jpg,,,
49699,Pisaster ochraceus,Ochre Sea Star,Animalia,Ochre Sea Star,32.8664420724,-117.2550463174,5.0,"Naga Way, San Diego, CA, US",2025-12-05,2025-12-05 23:00:45 UTC,Pacific Time (US & Canada),research,1,0,False,False,https://inaturalist-open-data.s3.amazonaws.com/photos/597534615/medium.jpg,,,
49699,Pisaster ochraceus,Ochre Sea Star,Animalia,Ochre Sea Star,32.871645,-117.2536383333,3.0,"CA, US",2025-12-05,2025-12-06 00:15:14 UTC,Pacific Time (US & Canada),research,2,0,False,False,https://inaturalist-open-data.s3.amazonaws.com/photos/597550995/medium.jpg,,,
49699,Pisaster ochraceus,Ochre Sea Star,Animalia,Ochre Sea Star,32.8717116667,-117.253595,13.0,"CA, US",2025-12-05,2025-12-06 00:14:42 UTC,Pacific Time (US & Canada),research,1,0,False,False,https://inaturalist-open-data.s3.amazonaws.com/photos/597551011/medium.jpg,,,
49699,Pisaster ochraceus,Ochre Sea Star,Animalia,Ochre Sea Star,32.9983283333,-117.2786466667,4.0,"Solana Beach, CA, US",2025-12-05,2025-12-06 00:34:07 UTC,Pacific Time (US & Canada),research,2,0,False,False,https://inaturalist-open-data.s3.amazonaws.com/photos/597553558/medium.jpg,,,
49699,Pisaster ochraceus,Ochre Sea Star,Animalia,Ochre Sea Star,32.7963333333,-117.2581,,"Mission Bl & Felspar St, San Diego, CA 92109, USA",2025-12-05,2025-12-05 23:49:06 UTC,Pacific Time (US & Canada),research,1,0,False,False,https://static.inaturalist.org/photos/597574097/medium.jpg,,,
49699,Pisaster ochraceus,Ochre Sea Star,Animalia,Ochre Sea Star,32.7971916667,-117.2571277778,,"Mission Bl & Felspar St, San Diego, CA 92109, USA",2025-12-05,2025-12-05 23:45:17 UTC,Pacific Time (US & Canada),research,1,0,False,False,https://static.inaturalist.org/photos/597574303/medium.jpg,,,
49699,Pisaster ochraceus,Ochre Sea Star,Animalia,Ochre Sea Star,32.7971722222,-117.2569416667,,"Mission Bl & Felspar St, San Diego, CA 92109, USA",2025-12-05,2025-12-05 23:44:17 UTC,Pacific Time (US & Canada),research,1,0,False,False,https://static.inaturalist.org/photos/597574440/medium.jpg,,,
49699,Pisaster ochraceus,Ochre Sea Star,Animalia,Ochre Sea Star,32.7971722222,-117.2569416667,,"Mission Bl & Felspar St, San Diego, CA 92109, USA",2025-12-05,2025-12-05 23:43:32 UTC,Pacific Time (US & Canada),research,1,0,False,False,https://static.inaturalist.org/photos/597574536/medium.jpg,,,
49699,Pisaster ochraceus,Ochre Sea Star,Animalia,Ochre Sea Star,32.7961555556,-117.2578944444,,"Mission Bl & Felspar St, San Diego, CA 92109, USA",2025-12-05,2025-12-05 23:45:42 UTC,Pacific Time (US & Canada),research,1,0,False,False,https://static.inaturalist.org/photos/597574593/medium.jpg,,,
49699,Pisaster ochraceus,Ochre Sea Star,Animalia,Ochre Sea Star,32.8713216667,-117.2535466667,14.0,"CA, US",2025-12-04,2025-12-04 23:44:34 UTC,Pacific Time (US & Canada),research,1,0,False,False,https://inaturalist-open-data.s3.amazonaws.com/photos/597580203/medium.jpg,,,
49699,Pisaster ochraceus,Ochre Sea Star,Animalia,Ochre Sea Star,32.871095,-117.2536,4.0,"CA, US",2025-12-04,2025-12-04 23:40:48 UTC,Pacific Time (US & Canada),research,1,0,False,False,https://inaturalist-open-data.s3.amazonaws.com/photos/597580429/medium.jpg,,,
49699,Pisaster ochraceus,Ochre Sea Star,Animalia,Ochre Sea Star,32.872105,-117.2532716667,3.0,"CA, US",2025-12-05,2025-12-05 23:48:45 UTC,Pacific Time (US & Canada),research,1,0,False,False,https://inaturalist-open-data.s3.amazonaws.com/photos/597589185/medium.jpg,,,
49699,Pisaster ochraceus,Ochre Sea Star,Animalia,Ochre Sea Star,33.1323984371,-117.3371631062,254.0,"North Pacific Ocean, Carlsbad, CA, US",2025-12-03,2025-12-03 21:41:18 UTC,Pacific Time (US & Canada),research,2,0,False,False,https://inaturalist-open-data.s3.amazonaws.com/photos/597610132/medium.jpg,,,
49699,Pisaster ochraceus,Ochre Sea Star,Animalia,Ochre Sea Star,32.8717242815,-117.2530084848,61.0,"La Jolla Shores Dr & Shellback Way, San Diego, CA 92037, USA",2025-12-05,2025-12-06 00:20:44 UTC,Pacific Time (US & Canada),research,1,0,False,False,https://inaturalist-open-data.s3.amazonaws.com/photos/597617747/medium.jpg,,Dike Rock,
49699,Pisaster ochraceus,Ochre Sea Star,Animalia,Ochre Sea Star,32.8717124546,-117.2530436888,76.0,"La Jolla Shores Dr & Shellback Way, San Diego, CA 92037, USA",2025-12-05,2025-12-06 00:22:45 UTC,Pacific Time (US & Canada),research,1,0,False,False,https://inaturalist-open-data.s3.amazonaws.com/photos/597617995/medium.jpg,,Dike Rock,
49699,Pisaster ochraceus,Ochre Sea Star,Animalia,Ochre Sea Star,32.8717727158,-117.2531838343,210.0,"La Jolla Shores Dr & Shellback Way, San Diego, CA 92037, USA",2025-12-05,2025-12-06 00:35:51 UTC,Pacific Time (US & Canada),research,1,0,False,False,https://inaturalist-open-data.s3.amazonaws.com/photos/597618450/medium.jpg,,Dike Rock,
49699,Pisaster ochraceus,Ochre Sea Star,Animalia,Ochre Sea Star,32.8710783333,-117.2536,13.0,"North Pacific Ocean, CA, US",2025-12-05,2025-12-05 23:53:35 UTC,Pacific Time (US & Canada),research,1,0,False,False,https://static.inaturalist.org/photos/597628055/medium.jpg,,,
49699,Pisaster ochraceus,Ochre Sea Star,Animalia,Ochre Sea Star,32.8715133333,-117.2536616667,3.0,"CA, US",2025-12-05,2025-12-05 22:46:10 UTC,Pacific Time (US & Canada),research,1,0,False,False,https://static.inaturalist.org/photos/597718696/medium.jpg,,,
49699,Pisaster ochraceus,Ochre Sea Star,Animalia,Ochre Sea Star,32.8712616667,-117.253555,3.0,"CA, US",2025-12-04,2025-12-05 00:28:20 UTC,Pacific Time (US & Canada),research,1,0,False,False,https://static.inaturalist.org/photos/597718971/medium.jpg,,,
49699,Pisaster ochraceus,Ochre Sea Star,Animalia,Ochre Sea Star,32.8715283333,-117.2536783333,3.0,"CA, US",2025-12-04,2025-12-05 00:09:06 UTC,Pacific Time (US & Canada),research,1,0,False,False,https://static.inaturalist.org/photos/597719177/medium.jpg,,,
49699,Pisaster ochraceus,Ochre Sea Star,Animalia,Ochre Sea Star,32.8433916667,-117.28112,3.0,"Coast Blvd, CA, US",2025-12-05,2025-12-06 01:00:00 UTC,Pacific Time (US & Canada),research,1,0,False,False,https://static.inaturalist.org/photos/597736285/medium.jpg,,,
49699,Pisaster ochraceus,Ochre Sea Star,Animalia,Ochre Sea Star,32.8663416667,-117.2551033333,7.0,"CA, US",2025-12-04,2025-12-04 23:36:59 UTC,Pacific Time (US & Canada),research,1,0,False,False,https://static.inaturalist.org/photos/597751255/medium.jpg,,,
49699,Pisaster ochraceus,Ochre Sea Star,Animalia,Ochre Sea Star,32.6785964966,-117.1796951294,16.0,Coronado,2025-12-06,2025-12-07 00:10:44 UTC,Pacific Time (US & Canada),research,1,0,False,False,https://inaturalist-open-data.s3.amazonaws.com/photos/597888199/medium.jpg,,,
49699,Pisaster ochraceus,Ochre Sea Star,Animalia,Ochre Sea Star,32.7455333333,-117.25525,11.0,"Ocean Front St, San Diego, CA, US",2025-12-05,2025-12-05 23:44:46 UTC,Pacific Time (US & Canada),research,2,0,False,False,https://inaturalist-open-data.s3.amazonaws.com/photos/597822894/medium.jpg,,,
49699,Pisaster ochraceus,Ochre Sea Star,Animalia,Ochre Sea Star,32.8715388889,-117.2535305556,,"La Jolla Shores Dr & Shellback Way, San Diego, CA 92037, USA",2025-12-06,2025-12-06 23:38:55 UTC,Pacific Time (US & Canada),research,1,0,False,False,https://static.inaturalist.org/photos/597835706/medium.jpg,,,
49699,Pisaster ochraceus,Ochre Sea Star,Animalia,Ochre Sea Star,32.8719,-117.2533638889,,"La Jolla Shores Dr & Shellback Way, San Diego, CA 92037, USA",2025-12-06,2025-12-06 23:51:56 UTC,Pacific Time (US & Canada),research,1,0,False,False,https://static.inaturalist.org/photos/597836878/medium.jpg,,,
49699,Pisaster ochraceus,Ochre Sea Star,Animalia,Ochre Sea Star,32.8719,-117.2533638889,,"La Jolla Shores Dr & Shellback Way, San Diego, CA 92037, USA",2025-12-06,2025-12-06 23:52:27 UTC,Pacific Time (US & Canada),research,1,0,False,False,https://static.inaturalist.org/photos/597836913/medium.jpg,,,
49699,Pisaster ochraceus,Ochre Sea Star,Animalia,Ochre Sea Star,32.8713444444,-117.2534638889,,"La Jolla Shores Dr & Shellback Way, San Diego, CA 92037, USA",2025-12-06,2025-12-07 00:18:53 UTC,Pacific Time (US & Canada),research,1,0,False,False,https://static.inaturalist.org/photos/597838484/medium.jpg,,,
49699,Pisaster ochraceus,Ochre Sea Star,Animalia,Ochre Sea Star,32.8664777778,-117.2556194444,,"La Jolla, CA 92037, USA",2025-12-06,2025-12-07 00:41:05 UTC,Pacific Time (US & Canada),research,2,0,False,False,https://static.inaturalist.org/photos/597849084/medium.jpg,,,
49699,Pisaster ochraceus,Ochre Sea Star,Animalia,Ochre Sea Star,33.1317888333,-117.3374166667,6.0,"North Pacific Ocean, CA, US",2025-12-06,2025-12-07 00:50:31 UTC,Pacific Time (US & Canada),research,2,0,False,False,https://inaturalist-open-data.s3.amazonaws.com/photos/597853107/medium.jpg,,,
49699,Pisaster ochraceus,Ochre Sea Star,Animalia,Ochre Sea Star,32.90723,-117.25615,8.0,"CA, US",2025-12-06,2025-12-07 00:02:40 UTC,Pacific Time (US & Canada),research,2,0,False,False,https://inaturalist-open-data.s3.amazonaws.com/photos/597851060/medium.jpg,,,
49699,Pisaster ochraceus,Ochre Sea Star,Animalia,Ochre Sea Star,32.6786340133,-117.1799274935,21.0,"Coronado, CA, US",2025-12-06,2025-12-06 23:41:43 UTC,Pacific Time (US & Canada),research,3,0,False,False,https://inaturalist-open-data.s3.amazonaws.com/photos/597888302/medium.jpg,,,
49699,Pisaster ochraceus,Ochre Sea Star,Animalia,Ochre Sea Star,32.8665166667,-117.2555,4.0,"CA, US",2025-12-06,2025-12-07 00:39:04 UTC,Pacific Time (US & Canada),research,2,0,False,False,https://static.inaturalist.org/photos/598015039/medium.jpg,,photos are all taken within a few feet from each other,
49699,Pisaster ochraceus,Ochre Sea Star,Animalia,Ochre Sea Star,32.7956085205,-117.2577285767,,San Diego County,2025-12-06,2025-12-07 00:59:52 UTC,Pacific Time (US & Canada),research,2,0,False,False,https://static.inaturalist.org/photos/598030657/medium.jpg,,"Pacific Beach Pier pylon, 2 healthy individuals ",
49699,Pisaster ochraceus,Ochre Sea Star,Animalia,Ochre Sea Star,33.1858583333,-117.3773583333,4.0,"North Pacific Ocean, Oceanside, CA, US",2025-12-06,2025-12-07 01:02:22 UTC,Pacific Time (US & Canada),research,2,0,False,False,https://static.inaturalist.org/photos/598088551/medium.jpg,,Ochre sea star making use of the damaged sea wall rip rap ,
49699,Pisaster ochraceus,Ochre Sea Star,Animalia,Ochre Sea Star,32.8664583333,-117.2553,,"La Jolla, CA 92037, USA",2025-12-07,2025-12-08 00:47:10 UTC,Pacific Time (US & Canada),research,2,0,False,False,https://inaturalist-open-data.s3.amazonaws.com/photos/598142480/medium.jpg,,,
49699,Pisaster ochraceus,Ochre Sea Star,Animalia,Ochre Sea Star,32.8667466678,-117.2561720327,40.0,"Ellen Browning Scripps Memorial Pier, CA, US",2025-12-06,2025-12-06 22:01:34 UTC,Pacific Time (US & Canada),research,2,0,False,False,https://inaturalist-open-data.s3.amazonaws.com/photos/598160804/medium.jpg,,,
49699,Pisaster ochraceus,Ochre Sea Star,Animalia,Ochre Sea Star,32.745257658,-117.2553718335,469.0,"Del Monte Ave, San Diego, CA, US",2025-12-07,2025-12-08 01:54:40 UTC,Pacific Time (US & Canada),research,4,0,False,False,https://inaturalist-open-data.s3.amazonaws.com/photos/598168800/medium.jpg,,,
49699,Pisaster ochraceus,Ochre Sea Star,Animalia,Ochre Sea Star,32.9643337039,-117.3556143847,159.0,"San Diego County, US-CA, US",2025-12-07,2025-12-07 23:18:22 UTC,Pacific Time (US & Canada),research,2,0,False,True,https://static.inaturalist.org/photos/598209088/medium.jpg,,,
49699,Pisaster ochraceus,Ochre Sea Star,Animalia,Ochre Sea Star,32.90733,-117.256225,3.0,"North Pacific Ocean, CA, US",2025-12-04,2025-12-04 23:31:49 UTC,Pacific Time (US & Canada),research,2,0,False,False,https://inaturalist-open-data.s3.amazonaws.com/photos/598353589/medium.jpg,,,
49699,Pisaster ochraceus,Ochre Sea Star,Animalia,Ochre Sea Star,32.9073111111,-117.2562416667,2.0,"San Diego County, CA, USA",2025-12-06,2025-12-07 00:48:00 UTC,Pacific Time (US & Canada),research,2,0,False,False,https://inaturalist-open-data.s3.amazonaws.com/photos/598427842/medium.jpg,,,
49699,Pisaster ochraceus,Ochre Sea Star,Animalia,Ochre Sea Star,32.8715383333,-117.2536166667,3.0,"CA, US",2025-12-07,2025-12-07 23:54:00 UTC,Pacific Time (US & Canada),research,1,0,False,False,https://inaturalist-open-data.s3.amazonaws.com/photos/598440801/medium.jpg,,,
49699,Pisaster ochraceus,Ochre Sea Star,Animalia,Ochre Sea Star,32.87162,-117.2536083333,6.0,"CA, US",2025-12-07,2025-12-08 00:04:11 UTC,Pacific Time (US & Canada),research,1,0,False,False,https://inaturalist-open-data.s3.amazonaws.com/photos/598440818/medium.jpg,,,
49699,Pisaster ochraceus,Ochre Sea Star,Animalia,Ochre Sea Star,32.8711973085,-117.2534983425,3.0,"North Pacific Ocean, CA, US",2025-12-05,2025-12-05 22:14:21 UTC,Pacific Time (US & Canada),research,1,0,False,False,https://static.inaturalist.org/photos/598457418/medium.jpg,,,
49699,Pisaster ochraceus,Ochre Sea Star,Animalia,Ochre Sea Star,32.8711900349,-117.2535048196,3.0,"North Pacific Ocean, CA, US",2025-12-05,2025-12-05 22:13:40 UTC,Pacific Time (US & Canada),research,1,0,False,False,https://static.inaturalist.org/photos/598458074/medium.jpg,,,
49699,Pisaster ochraceus,Ochre Sea Star,Animalia,Ochre Sea Star,32.8520287644,-117.2637300343,65.0,"San Diego County, CA, USA",2025-12-10,2025-12-11 01:24:00 UTC,Pacific Time (US & Canada),research,2,0,False,False,https://inaturalist-open-data.s3.amazonaws.com/photos/598913157/medium.jpg,,,
49699,Pisaster ochraceus,Ochre Sea Star,Animalia,Ochre Sea Star,32.8549266343,-117.2612729541,75.0,"San Diego County, CA, USA",2025-12-10,2025-12-11 01:24:00 UTC,Pacific Time (US & Canada),research,1,0,False,False,https://inaturalist-open-data.s3.amazonaws.com/photos/598913162/medium.jpg,,,
49699,Pisaster ochraceus,Ochre Sea Star,Animalia,Ochre Sea Star,32.8715944444,-117.2535277778,,"San Diego County, CA, USA",2025-11-08,2025-11-09 01:30:00 UTC,Pacific Time (US & Canada),research,2,0,False,False,https://inaturalist-open-data.s3.amazonaws.com/photos/599064894/medium.jpg,,,
49699,Pisaster ochraceus,Ochre Sea Star,Animalia,Ochre Sea Star,32.8715944444,-117.2535277778,,"San Diego County, CA, USA",2025-11-08,2025-11-09 01:30:00 UTC,Pacific Time (US & Canada),research,2,0,False,False,https://inaturalist-open-data.s3.amazonaws.com/photos/599065375/medium.jpg,,,
49699,Pisaster ochraceus,Ochre Sea Star,Animalia,Ochre Sea Star,32.8706342651,-117.2532063413,219.0,"La Jolla, San Diego, CA, USA",2025-12-07,2025-12-08 03:08:00 UTC,Pacific Time (US & Canada),research,2,0,False,False,https://inaturalist-open-data.s3.amazonaws.com/photos/599836588/medium.jpg,,,
49699,Pisaster ochraceus,Ochre Sea Star,Animalia,Ochre Sea Star,32.869695,-117.25377,3.0,"Scripps Coastal Trail, CA, US",2025-12-14,2025-12-14 22:28:16 UTC,Pacific Time (US & Canada),research,1,0,False,False,https://inaturalist-open-data.s3.amazonaws.com/photos/599906632/medium.jpg,,,
49699,Pisaster ochraceus,Ochre Sea Star,Animalia,Ochre Sea Star,32.7413203293,-117.1628325629,4.0,"Scripps Coastal Trail, CA, US",2025-12-14,2025-12-14 23:28:32 UTC,Pacific Time (US & Canada),research,1,0,False,False,https://inaturalist-open-data.s3.amazonaws.com/photos/599966496/medium.jpg,,,
49699,Pisaster ochraceus,Ochre Sea Star,Animalia,Ochre Sea Star,32.8716325059,-117.2530817438,2153.0,"La Jolla Shores Ln, CA, US",2025-12-07,2025-12-08 00:10:29 UTC,Pacific Time (US & Canada),research,2,0,False,False,https://inaturalist-open-data.s3.amazonaws.com/photos/600176395/medium.jpg,,,
49699,Pisaster ochraceus,Ochre Sea Star,Animalia,Ochre Sea Star,32.8328112,-117.2712717,13029.0,"La Jolla, San Diego, CA, USA",2025-12-14,2025-12-14 22:45:00 UTC,Pacific Time (US & Canada),research,1,0,False,False,https://inaturalist-open-data.s3.amazonaws.com/photos/600190595/medium.jpg,,,
49699,Pisaster ochraceus,Ochre Sea Star,Animalia,Ochre Sea Star,32.8710014653,-117.2534668912,3.0,"CA, US",2025-12-05,2025-12-05 22:31:56 UTC,Pacific Time (US & Canada),research,1,0,False,False,https://inaturalist-open-data.s3.amazonaws.com/photos/600355777/medium.jpg,,,
49699,Pisaster ochraceus,Ochre Sea Star,Animalia,Ochre Sea Star,32.871345,-117.2536783333,5.0,"North Pacific Ocean, CA, US",2025-12-04,2025-12-04 23:09:35 UTC,Pacific Time (US & Canada),research,1,0,False,False,https://static.inaturalist.org/photos/600415992/medium.jpg,,,
49699,Pisaster ochraceus,Ochre Sea Star,Animalia,Ochre Sea Star,32.8709739,-117.2535383,,"La Jolla Shores Dr & Shellback Way, San Diego, CA 92037, USA",2025-12-02,2025-12-02 21:31:43 UTC,Pacific Time (US & Canada),research,2,0,False,False,https://inaturalist-open-data.s3.amazonaws.com/photos/600445968/medium.jpg,,,
49699,Pisaster ochraceus,Ochre Sea Star,Animalia,Ochre Sea Star,33.1291591185,-117.3344487497,11.0,"North Pacific Ocean, Carlsbad, CA, US",2025-12-18,2025-12-18 22:55:21 UTC,Pacific Time (US & Canada),research,1,0,False,False,https://inaturalist-open-data.s3.amazonaws.com/photos/600938927/medium.jpg,,,
49699,Pisaster ochraceus,Ochre Sea Star,Animalia,Ochre Sea Star,32.8715283333,-117.2536616667,3.0,"North Pacific Ocean, CA, US",2025-12-05,2025-12-06 00:23:40 UTC,Pacific Time (US & Canada),research,2,0,False,False,https://static.inaturalist.org/photos/601081650/medium.jpg,,,
49699,Pisaster ochraceus,Ochre Sea Star,Animalia,Ochre Sea Star,32.8714716667,-117.2537383333,9.0,"North Pacific Ocean, CA, US",2025-12-05,2025-12-06 00:23:33 UTC,Pacific Time (US & Canada),research,2,0,False,False,https://static.inaturalist.org/photos/601081996/medium.jpg,,,
49699,Pisaster ochraceus,Ochre Sea Star,Animalia,Ochre Sea Star,32.8478888889,-117.2785722222,9.0,"La Jolla, San Diego, CA, USA",2025-12-19,2025-12-19 22:55:00 UTC,Pacific Time (US & Canada),research,1,0,False,False,https://inaturalist-open-data.s3.amazonaws.com/photos/601179669/medium.jpg,,"3 sea stars just outside the sea wall at the Children's pool, La Jolla
There are a lot of starfish here, but unfortunately the area is closed so I apologize for the far-away photos",
49699,Pisaster ochraceus,Ochre Sea Star,Animalia,Ochre Sea Star,32.8478583333,-117.2786111111,5.0,"La Jolla, San Diego, CA, USA",2025-12-19,2025-12-19 23:03:00 UTC,Pacific Time (US & Canada),research,1,0,False,False,https://inaturalist-open-data.s3.amazonaws.com/photos/601180088/medium.jpg,,,
49699,Pisaster ochraceus,Ochre Sea Star,Animalia,Ochre Sea Star,32.8478611111,-117.278625,5.0,"La Jolla, San Diego, CA, USA",2025-12-19,2025-12-19 23:03:00 UTC,Pacific Time (US & Canada),research,1,0,False,False,https://inaturalist-open-data.s3.amazonaws.com/photos/601180137/medium.jpg,,,
49699,Pisaster ochraceus,Ochre Sea Star,Animalia,Ochre Sea Star,32.8473083333,-117.2788916667,8.0,"La Jolla, San Diego, CA, USA",2025-12-19,2025-12-19 23:07:00 UTC,Pacific Time (US & Canada),research,1,0,False,False,https://inaturalist-open-data.s3.amazonaws.com/photos/601180179/medium.jpg,,2 sea stars,
49699,Pisaster ochraceus,Ochre Sea Star,Animalia,Ochre Sea Star,32.8477054764,-117.2789330419,20.0,"La Jolla, San Diego, CA, USA",2025-12-14,2025-12-14 22:34:00 UTC,Pacific Time (US & Canada),research,2,0,False,False,https://static.inaturalist.org/photos/601270763/medium.jpg,,,
49699,Pisaster ochraceus,Ochre Sea Star,Animalia,Ochre Sea Star,32.866425,-117.2550366667,3.0,"CA, US",2025-12-20,2025-12-20 21:32:20 UTC,Pacific Time (US & Canada),research,1,0,False,False,https://static.inaturalist.org/photos/601318695/medium.jpg,,,
49699,Pisaster ochraceus,Ochre Sea Star,Animalia,Ochre Sea Star,32.86645,-117.2550366667,4.0,"CA, US",2025-12-20,2025-12-20 21:32:33 UTC,Pacific Time (US & Canada),research,1,0,False,False,https://static.inaturalist.org/photos/601318717/medium.jpg,,,
49699,Pisaster ochraceus,Ochre Sea Star,Animalia,Ochre Sea Star,32.8664966667,-117.2549366667,4.0,"CA, US",2025-12-20,2025-12-20 21:33:33 UTC,Pacific Time (US & Canada),research,1,0,False,False,https://static.inaturalist.org/photos/601318738/medium.jpg,,,
49699,Pisaster ochraceus,Ochre Sea Star,Animalia,Ochre Sea Star,32.8664466667,-117.2550133333,3.0,"CA, US",2025-12-20,2025-12-20 21:32:09 UTC,Pacific Time (US & Canada),research,1,0,False,False,https://static.inaturalist.org/photos/601318775/medium.jpg,,,
49699,Pisaster ochraceus,Ochre Sea Star,Animalia,Ochre Sea Star,32.8661651535,-117.2542077675,51.0,"La Jolla Shores Dr & Naga Way, San Diego, CA 92037, USA",2025-12-19,2025-12-19 21:14:26 UTC,Pacific Time (US & Canada),research,1,0,False,False,https://inaturalist-open-data.s3.amazonaws.com/photos/601346890/medium.jpg,,,
49699,Pisaster ochraceus,Ochre Sea Star,Animalia,Ochre Sea Star,32.8716051558,-117.2535995412,2.0,"CA, US",2025-12-20,2025-12-20 23:38:00 UTC,Pacific Time (US & Canada),research,1,0,False,False,https://inaturalist-open-data.s3.amazonaws.com/photos/601394722/medium.jpg,,,
49699,Pisaster ochraceus,Ochre Sea Star,Animalia,Ochre Sea Star,32.8474598373,-117.277966378,25.0,"Coast Blvd, San Diego, CA, US",2025-12-21,2025-12-21 21:16:35 UTC,Pacific Time (US & Canada),research,1,0,False,False,https://static.inaturalist.org/photos/601573004/medium.jpg,,,
49699,Pisaster ochraceus,Ochre Sea Star,Animalia,Ochre Sea Star,32.86648,-117.2551033333,2.0,"North Pacific Ocean, CA, US",2025-12-21,2025-12-21 22:28:59 UTC,Pacific Time (US & Canada),research,2,0,False,False,https://static.inaturalist.org/photos/601590127/medium.jpg,,,
49699,Pisaster ochraceus,Ochre Sea Star,Animalia,Ochre Sea Star,32.8663487161,-117.2550504912,4.0,"Ellen Browning Scripps Memorial Pier, CA, US",2025-12-21,2025-12-21 22:36:44 UTC,Pacific Time (US & Canada),research,3,0,False,False,https://static.inaturalist.org/photos/601590358/medium.jpg,,,
49699,Pisaster ochraceus,Ochre Sea Star,Animalia,Ochre Sea Star,32.9073133333,-117.2562333333,2.0,"North Pacific Ocean, CA, US",2025-12-20,2025-12-21 00:32:26 UTC,Pacific Time (US & Canada),research,1,0,False,False,https://inaturalist-open-data.s3.amazonaws.com/photos/601601654/medium.jpg,,,
49699,Pisaster ochraceus,Ochre Sea Star,Animalia,Ochre Sea Star,33.1297909722,-117.3360069722,,"San Diego County, CA, USA",2025-12-21,2025-12-21 23:32:00 UTC,Pacific Time (US & Canada),research,1,0,False,False,https://inaturalist-open-data.s3.amazonaws.com/photos/601645516/medium.jpg,,,
49699,Pisaster ochraceus,Ochre Sea Star,Animalia,Ochre Sea Star,33.0636740396,-117.3048098808,15.0,"Leucadia, Encinitas, CA 92024, USA",2025-12-22,2025-12-23 00:19:00 UTC,Pacific Time (US & Canada),research,1,0,False,False,https://inaturalist-open-data.s3.amazonaws.com/photos/601936331/medium.jpg,,,
49699,Pisaster ochraceus,Ochre Sea Star,Animalia,Ochre Sea Star,32.7453944947,-117.2551750979,4.0,"Ocean Front St, San Diego, CA, US",2025-12-28,2025-12-28 19:35:55 UTC,Pacific Time (US & Canada),research,2,0,False,False,https://inaturalist-open-data.s3.amazonaws.com/photos/603417003/medium.jpg,,,
49699,Pisaster ochraceus,Ochre Sea Star,Animalia,Ochre Sea Star,32.8716043,-117.2534702,208.0,"9036 La Jolla Shores Ln, La Jolla, CA 92037, USA",2025-12-23,2025-12-24 03:20:00 UTC,Pacific Time (US & Canada),research,1,0,False,False,https://inaturalist-open-data.s3.amazonaws.com/photos/603550629/medium.jpg,,,
49699,Pisaster ochraceus,Ochre Sea Star,Animalia,Ochre Sea Star,32.8778621311,-117.2489192078,330096.0,"Blacks Beach Way, San Diego, CA, US",2025-04-23,2025-04-23 20:09:45 UTC,Pacific Time (US & Canada),research,2,0,False,False,https://inaturalist-open-data.s3.amazonaws.com/photos/603697440/medium.jpg,,,
49699,Pisaster ochraceus,Ochre Sea Star,Animalia,,33.3445670047,-117.5205453584,225.0,"Gulf of Santa Catalina, CA, US",2025-12-29,2025-12-29 20:56:57 UTC,Pacific Time (US & Canada),casual,0,0,False,False,,,,
49699,Pisaster ochraceus,Ochre Sea Star,Animalia,Ochre Sea Star,32.8491896309,-117.2762034273,1.0,"San Diego County, CA, USA",2025-12-21,2025-12-21 22:19:00 UTC,Pacific Time (US & Canada),research,2,0,False,False,https://inaturalist-open-data.s3.amazonaws.com/photos/603733736/medium.jpg,,,
49699,Pisaster ochraceus,Ochre Sea Star,Animalia,Ochre Sea Star,32.74543,-117.2552416667,4.0,"Del Monte Ave, San Diego, CA, US",2025-12-29,2025-12-29 20:06:54 UTC,Pacific Time (US & Canada),research,1,0,False,False,https://inaturalist-open-data.s3.amazonaws.com/photos/603929981/medium.jpg,,,
49699,Pisaster ochraceus,Ochre Sea Star,Animalia,Ochre Sea Star,32.8717175233,-117.2534651309,17.0,"La Jolla Shores Dr & Shellback Way, San Diego, CA 92037, USA",2025-12-29,,Pacific Time (US & Canada),research,1,0,False,False,https://static.inaturalist.org/photos/604017101/medium.jpg,,,
49699,Pisaster ochraceus,Ochre Sea Star,Animalia,Ochre Sea Star,32.8073533333,-117.26545,7.0,"Sea Ridge Drive, CA, US",2020-11-14,2020-11-14 21:37:11 UTC,Pacific Time (US & Canada),research,2,0,False,False,https://inaturalist-open-data.s3.amazonaws.com/photos/604130545/medium.jpg,,,
49699,Pisaster ochraceus,Ochre Sea Star,Animalia,Ochre Sea Star,32.8492977,-117.2763688997,,"La Jolla, CA 92037, USA",2025-12-30,2025-12-30 19:59:49 UTC,Pacific Time (US & Canada),research,1,0,False,False,https://inaturalist-open-data.s3.amazonaws.com/photos/604139513/medium.jpg,,,
49699,Pisaster ochraceus,Ochre Sea Star,Animalia,Ochre Sea Star,33.1288869476,-117.3340190526,20.0,"North Pacific Ocean, Carlsbad, CA, US",2025-12-31,2025-12-31 18:14:46 UTC,Pacific Time (US & Canada),research,1,0,False,False,https://static.inaturalist.org/photos/604258296/medium.jpg,,,
49699,Pisaster ochraceus,Ochre Sea Star,Animalia,Ochre Sea Star,32.813975,-117.27343,3.0,"San Diego County, US-CA, US",2025-12-31,2025-12-31 21:34:55 UTC,Pacific Time (US & Canada),research,1,0,False,False,https://inaturalist-open-data.s3.amazonaws.com/photos/604330304/medium.jpg,,,
49699,Pisaster ochraceus,Ochre Sea Star,Animalia,Ochre Sea Star,33.2017283333,-117.393945,4.0,"North Pacific Ocean, CA, US",2025-12-31,2026-01-01 00:49:55 UTC,Pacific Time (US & Canada),research,2,0,False,False,https://inaturalist-open-data.s3.amazonaws.com/photos/604364387/medium.jpg,,,
49699,Pisaster ochraceus,Ochre Sea Star,Animalia,Ochre Sea Star,32.87105185,-117.25352031,5.0,"La Jolla Shores Dr & Shellback Way, San Diego, CA 92037, USA",2026-01-01,2026-01-01 23:15:11 UTC,Pacific Time (US & Canada),research,1,0,False,False,https://inaturalist-open-data.s3.amazonaws.com/photos/604607773/medium.jpg,,,
49699,Pisaster ochraceus,Ochre Sea Star,Animalia,Ochre Sea Star,33.2021,-117.393425,6.0,"North Pacific Ocean, CA, US",2026-01-01,2026-01-01 23:04:55 UTC,Pacific Time (US & Canada),research,2,0,False,False,https://inaturalist-open-data.s3.amazonaws.com/photos/604613795/medium.jpg,,,
49699,Pisaster ochraceus,Ochre Sea Star,Animalia,Ochre Sea Star,32.9074491207,-117.2561323338,7.0,"North Pacific Ocean, CA, US",2026-01-01,2026-01-01 23:54:53 UTC,Pacific Time (US & Canada),research,2,0,False,False,https://inaturalist-open-data.s3.amazonaws.com/photos/604618561/medium.jpg,,,
49699,Pisaster ochraceus,Ochre Sea Star,Animalia,Ochre Sea Star,32.8710583333,-117.2535633333,7.0,"CA, US",2026-01-01,2026-01-01 21:32:35 UTC,Pacific Time (US & Canada),research,1,0,False,False,https://inaturalist-open-data.s3.amazonaws.com/photos/604629978/medium.jpg,,,
49699,Pisaster ochraceus,Ochre Sea Star,Animalia,Ochre Sea Star,32.907295,-117.2562033333,3.0,"CA, US",2025-12-30,2025-12-30 20:48:36 UTC,Pacific Time (US & Canada),research,1,0,False,False,https://inaturalist-open-data.s3.amazonaws.com/photos/604630264/medium.jpg,,,
49699,Pisaster ochraceus,Ochre Sea Star,Animalia,Ochre Sea Star,32.8720383333,-117.2534416667,4.0,"North Pacific Ocean, CA, US",2026-01-01,2026-01-01 23:41:40 UTC,Pacific Time (US & Canada),research,4,1,False,False,https://inaturalist-open-data.s3.amazonaws.com/photos/604679200/medium.jpg,,,
49699,Pisaster ochraceus,Ochre Sea Star,Animalia,Ochre Sea Star,32.866405,-117.2551633333,4.0,"CA, US",2024-12-15,2024-12-15 23:41:06 UTC,Pacific Time (US & Canada),research,1,0,False,False,https://inaturalist-open-data.s3.amazonaws.com/photos/604679881/medium.jpg,,,
49699,Pisaster ochraceus,Ochre Sea Star,Animalia,Ochre Sea Star,32.8665179701,-117.2553840397,8.0,"San Diego County, CA, USA",2026-01-01,2026-01-01 23:33:00 UTC,Pacific Time (US & Canada),research,1,0,False,False,https://inaturalist-open-data.s3.amazonaws.com/photos/604678950/medium.jpg,,"most of the pier pillars had at least one, each observation is from a different pillar",
49699,Pisaster ochraceus,Ochre Sea Star,Animalia,Ochre Sea Star,32.8665683916,-117.2554673095,8.0,"San Diego County, CA, USA",2026-01-01,2026-01-01 23:34:00 UTC,Pacific Time (US & Canada),research,1,0,False,False,https://inaturalist-open-data.s3.amazonaws.com/photos/604679438/medium.jpg,,"most of the pier pillars had at least one, each observation is from a different pillar",
49699,Pisaster ochraceus,Ochre Sea Star,Animalia,Ochre Sea Star,32.8665459276,-117.2555302595,8.0,"San Diego County, CA, USA",2026-01-01,2026-01-01 23:35:00 UTC,Pacific Time (US & Canada),research,1,0,False,False,https://inaturalist-open-data.s3.amazonaws.com/photos/604679935/medium.jpg,,"most of the pier pillars had at least one, each observation is from a different pillar",
49699,Pisaster ochraceus,Ochre Sea Star,Animalia,Ochre Sea Star,32.8716966667,-117.253525,3.0,"North Pacific Ocean, CA, US",2026-01-01,2026-01-01 22:29:45 UTC,Pacific Time (US & Canada),research,4,1,False,False,https://static.inaturalist.org/photos/604710438/medium.jpg,,,
49699,Pisaster ochraceus,Ochre Sea Star,Animalia,Ochre Sea Star,32.8704133333,-117.253395,8.0,"Biological Grade, CA, US",2025-12-29,2025-12-29 22:52:02 UTC,Pacific Time (US & Canada),research,1,0,False,False,https://inaturalist-open-data.s3.amazonaws.com/photos/604718810/medium.jpg,,,
49699,Pisaster ochraceus,Ochre Sea Star,Animalia,Ochre Sea Star,32.7959805672,-117.2581623821,33.0,"Pacific Pier, CA, US",2026-01-01,2026-01-01 21:57:49 UTC,Pacific Time (US & Canada),research,1,0,False,False,https://inaturalist-open-data.s3.amazonaws.com/photos/604725558/medium.jpg,,This sea star under Crystal Pier didn’t look normal to me. Is this wasting syndrome?,
49699,Pisaster ochraceus,Ochre Sea Star,Animalia,Ochre Sea Star,32.7967716667,-117.2545166667,5032.0,"Garnet Ave, San Diego, CA, US",2026-01-01,2026-01-01 22:00:02 UTC,Pacific Time (US & Canada),research,1,0,False,False,https://inaturalist-open-data.s3.amazonaws.com/photos/604727275/medium.jpg,,,
49699,Pisaster ochraceus,Ochre Sea Star,Animalia,Ochre Sea Star,32.7967716667,-117.2545166667,5032.0,"Garnet Ave, San Diego, CA, US",2025-12-03,2025-12-03 22:21:28 UTC,Pacific Time (US & Canada),research,1,0,False,False,https://inaturalist-open-data.s3.amazonaws.com/photos/604727321/medium.jpg,,,
49699,Pisaster ochraceus,Ochre Sea Star,Animalia,Ochre Sea Star,32.8078529365,-117.2653512336,74.0,"Sea Ridge Dr, San Diego, CA, US",2026-01-01,2026-01-01 22:26:07 UTC,Pacific Time (US & Canada),research,1,0,False,False,https://inaturalist-open-data.s3.amazonaws.com/photos/604728806/medium.jpg,,,
49699,Pisaster ochraceus,Ochre Sea Star,Animalia,Ochre Sea Star,33.1303079307,-117.3356151496,372.0,"Shore Dr, Carlsbad, CA, US",2026-01-01,2026-01-01 21:44:00 UTC,Pacific Time (US & Canada),research,1,0,False,False,https://inaturalist-open-data.s3.amazonaws.com/photos/604757376/medium.jpg,,,
49699,Pisaster ochraceus,Ochre Sea Star,Animalia,Ochre Sea Star,32.866458809,-117.2552949005,3.0,"North Pacific Ocean, CA, US",2026-01-02,2026-01-02 23:07:17 UTC,Pacific Time (US & Canada),research,3,0,False,False,https://inaturalist-open-data.s3.amazonaws.com/photos/604894126/medium.jpg,,,
49699,Pisaster ochraceus,Ochre Sea Star,Animalia,Ochre Sea Star,32.8663883333,-117.2551583333,4.0,"North Pacific Ocean, CA, US",2026-01-02,2026-01-02 23:29:57 UTC,Pacific Time (US & Canada),research,2,0,False,False,https://static.inaturalist.org/photos/604899446/medium.jpg,,,
49699,Pisaster ochraceus,Ochre Sea Star,Animalia,Ochre Sea Star,33.1326789856,-117.3377227783,3.0,San Diego County,2026-01-02,2026-01-02 23:45:31 UTC,Pacific Time (US & Canada),research,1,0,False,False,https://inaturalist-open-data.s3.amazonaws.com/photos/605170709/medium.jpg,,,
49699,Pisaster ochraceus,Ochre Sea Star,Animalia,Ochre Sea Star,33.1324869735,-117.3370658318,849.0,"North Pacific Ocean, Carlsbad, CA, US",2026-01-02,2026-01-02 21:59:28 UTC,Pacific Time (US & Canada),research,1,0,False,False,https://inaturalist-open-data.s3.amazonaws.com/photos/604916467/medium.jpg,,,
49699,Pisaster ochraceus,Ochre Sea Star,Animalia,Ochre Sea Star,33.1309607143,-117.3363016876,38.0,"North Pacific Ocean, Carlsbad, CA, US",2026-01-02,2026-01-02 22:24:45 UTC,Pacific Time (US & Canada),research,2,0,False,False,https://static.inaturalist.org/photos/604933703/medium.jpg,,,
49699,Pisaster ochraceus,Ochre Sea Star,Animalia,Ochre Sea Star,33.192075,-117.38817,4.0,"Oceanside Pier, Oceanside, CA, US",2026-01-02,2026-01-02 23:33:48 UTC,Pacific Time (US & Canada),research,1,0,False,False,https://static.inaturalist.org/photos/604935888/medium.jpg,,,
49699,Pisaster ochraceus,Ochre Sea Star,Animalia,Ochre Sea Star,32.8710783333,-117.25335,179.0,"CA, US",2026-01-02,2026-01-02 23:54:05 UTC,Pacific Time (US & Canada),research,3,0,False,False,https://inaturalist-open-data.s3.amazonaws.com/photos/604942124/medium.jpg,,,
49699,Pisaster ochraceus,Ochre Sea Star,Animalia,Ochre Sea Star,32.8668216667,-117.25463,52.0,"Naga Way, CA, US",2026-01-02,2026-01-02 23:20:15 UTC,Pacific Time (US & Canada),research,3,0,False,False,https://inaturalist-open-data.s3.amazonaws.com/photos/604942289/medium.jpg,,,
49699,Pisaster ochraceus,Ochre Sea Star,Animalia,Ochre Sea Star,32.9260724,-117.0930115,9045.0,"La Jolla Shores Ln, CA, US",2026-01-02,2026-01-02 23:40:38 UTC,Pacific Time (US & Canada),research,2,0,False,False,https://static.inaturalist.org/photos/604959966/medium.jpg,,,
49699,Pisaster ochraceus,Ochre Sea Star,Animalia,Ochre Sea Star,32.8689563359,-117.2536502974,58.0,"Scripps Coastal Trail, CA, US",2026-01-01,2026-01-01 23:01:32 UTC,Pacific Time (US & Canada),research,1,0,False,False,https://inaturalist-open-data.s3.amazonaws.com/photos/604984600/medium.jpg,,,
49699,Pisaster ochraceus,Ochre Sea Star,Animalia,Ochre Sea Star,32.8689037123,-117.2536484834,34.0,"Biological Grade, San Diego, CA, US",2026-01-01,2026-01-01 23:01:32 UTC,Pacific Time (US & Canada),research,1,0,False,False,https://inaturalist-open-data.s3.amazonaws.com/photos/604985331/medium.jpg,,,
49699,Pisaster ochraceus,Ochre Sea Star,Animalia,Ochre Sea Star,32.9072916667,-117.25622,8.0,"North Pacific Ocean, CA, US",2026-01-02,2026-01-02 18:19:57 UTC,Pacific Time (US & Canada),research,1,0,False,False,https://inaturalist-open-data.s3.amazonaws.com/photos/605397336/medium.jpg,,,
49699,Pisaster ochraceus,Ochre Sea Star,Animalia,Ochre Sea Star,32.8436083333,-117.2810883333,4.0,"Coast Blvd, CA, US",2026-01-02,2026-01-02 23:58:30 UTC,Pacific Time (US & Canada),research,2,0,False,False,https://inaturalist-open-data.s3.amazonaws.com/photos/605100982/medium.jpg,,,
49699,Pisaster ochraceus,Ochre Sea Star,Animalia,Ochre Sea Star,32.8436616667,-117.281075,14.0,"Coast Blvd, CA, US",2026-01-02,2026-01-02 23:57:57 UTC,Pacific Time (US & Canada),research,1,0,False,False,https://inaturalist-open-data.s3.amazonaws.com/photos/605101242/medium.jpg,,,
49699,Pisaster ochraceus,Ochre Sea Star,Animalia,,32.86672,-117.2554466667,25.0,"North Pacific Ocean, CA, US",2026-01-02,2026-01-02 22:52:19 UTC,Pacific Time (US & Canada),casual,0,0,False,False,,,"Under Scripps Pier at a negative low tide. 
",
49699,Pisaster ochraceus,Ochre Sea Star,Animalia,Ochre Sea Star,32.86642,-117.25483,9.0,"North Pacific Ocean, CA, US",2026-01-03,2026-01-03 21:17:06 UTC,Pacific Time (US & Canada),research,1,0,False,False,https://inaturalist-open-data.s3.amazonaws.com/photos/605162599/medium.jpg,,,
49699,Pisaster ochraceus,Ochre Sea Star,Animalia,Ochre Sea Star,32.8663866667,-117.2549283333,5.0,"Ellen Browning Scripps Memorial Pier, CA, US",2026-01-03,2026-01-03 21:17:35 UTC,Pacific Time (US & Canada),research,1,0,False,False,https://inaturalist-open-data.s3.amazonaws.com/photos/605162662/medium.jpg,,,
49699,Pisaster ochraceus,Ochre Sea Star,Animalia,Ochre Sea Star,32.8664133333,-117.2550283333,9.0,"Ellen Browning Scripps Memorial Pier, CA, US",2026-01-03,2026-01-03 21:18:09 UTC,Pacific Time (US & Canada),research,1,0,False,False,https://inaturalist-open-data.s3.amazonaws.com/photos/605162734/medium.jpg,,,
49699,Pisaster ochraceus,Ochre Sea Star,Animalia,Ochre Sea Star,32.9081939215,-117.2559532757,157.0,"Torrey Pines State Natural Reserve, CA, US",2026-01-03,2026-01-03 21:29:34 UTC,Pacific Time (US & Canada),research,2,0,False,False,https://inaturalist-open-data.s3.amazonaws.com/photos/605165864/medium.jpg,,,
49699,Pisaster ochraceus,Ochre Sea Star,Animalia,Ochre Sea Star,32.9069527392,-117.2560877873,156.0,"North Pacific Ocean, CA, US",2026-01-03,2026-01-03 21:29:44 UTC,Pacific Time (US & Canada),research,2,0,False,False,https://inaturalist-open-data.s3.amazonaws.com/photos/605166048/medium.jpg,,,
49699,Pisaster ochraceus,Ochre Sea Star,Animalia,Ochre Sea Star,32.871445,-117.2536083333,13.0,"North Pacific Ocean, CA, US",2026-01-03,2026-01-03 21:35:16 UTC,Pacific Time (US & Canada),research,1,0,False,False,https://inaturalist-open-data.s3.amazonaws.com/photos/605167354/medium.jpg,,,
49699,Pisaster ochraceus,Ochre Sea Star,Animalia,Ochre Sea Star,32.8714883333,-117.2536616667,14.0,"North Pacific Ocean, CA, US",2026-01-03,2026-01-03 21:36:23 UTC,Pacific Time (US & Canada),research,1,0,False,False,https://inaturalist-open-data.s3.amazonaws.com/photos/605167451/medium.jpg,,,
49699,Pisaster ochraceus,Ochre Sea Star,Animalia,Ochre Sea Star,32.8702638889,-117.2537138889,,"La Jolla Shores Dr & Biological Grade, San Diego, CA 92037, USA",2026-01-03,2026-01-03 23:14:57 UTC,Pacific Time (US & Canada),research,1,0,False,False,https://inaturalist-open-data.s3.amazonaws.com/photos/605231500/medium.jpg,,,
49699,Pisaster ochraceus,Ochre Sea Star,Animalia,Ochre Sea Star,32.8721716667,-117.253205,3.0,"CA, US",2026-01-03,2026-01-04 00:03:33 UTC,Pacific Time (US & Canada),research,1,0,False,False,https://inaturalist-open-data.s3.amazonaws.com/photos/605236472/medium.jpg,,,
49699,Pisaster ochraceus,Ochre Sea Star,Animalia,Ochre Sea Star,32.8718055556,-117.2534861111,,"La Jolla Shores Dr & Shellback Way, San Diego, CA 92037, USA",2026-01-03,2026-01-03 23:51:25 UTC,Pacific Time (US & Canada),research,1,0,False,False,https://inaturalist-open-data.s3.amazonaws.com/photos/605250515/medium.jpg,,,
49699,Pisaster ochraceus,Ochre Sea Star,Animalia,Ochre Sea Star,32.82407,-117.28067,4.0,"Camino de la Costa, CA, US",2026-01-03,2026-01-04 00:09:09 UTC,Pacific Time (US & Canada),research,2,0,False,False,https://inaturalist-open-data.s3.amazonaws.com/photos/605292732/medium.jpg,,,
49699,Pisaster ochraceus,Ochre Sea Star,Animalia,Ochre Sea Star,32.871145,-117.253355,638.0,"North Pacific Ocean, CA, US",2026-01-03,2026-01-03 22:03:43 UTC,Pacific Time (US & Canada),research,1,0,False,False,https://static.inaturalist.org/photos/605379796/medium.jpg,,,
49699,Pisaster ochraceus,Ochre Sea Star,Animalia,Ochre Sea Star,32.8665083333,-117.25522,15.0,"North Pacific Ocean, CA, US",2026-01-03,2026-01-04 00:01:58 UTC,Pacific Time (US & Canada),research,1,0,False,False,https://inaturalist-open-data.s3.amazonaws.com/photos/605388905/medium.jpg,,,
49699,Pisaster ochraceus,Ochre Sea Star,Animalia,Ochre Sea Star,32.8241533333,-117.280595,5.0,"Camino de la Costa, CA, US",2026-01-03,2026-01-04 00:03:13 UTC,Pacific Time (US & Canada),research,2,0,False,False,https://inaturalist-open-data.s3.amazonaws.com/photos/605404932/medium.jpg,,,
49699,Pisaster ochraceus,Ochre Sea Star,Animalia,Ochre Sea Star,32.795895,-117.258155,3.0,"North Pacific Ocean, CA, US",2026-01-03,2026-01-03 23:22:02 UTC,Pacific Time (US & Canada),research,3,0,False,False,https://inaturalist-open-data.s3.amazonaws.com/photos/605423546/medium.jpg,,,
49699,Pisaster ochraceus,Ochre Sea Star,Animalia,Ochre Sea Star,32.8714234941,-117.2536352837,4.0,"North Pacific Ocean, CA, US",2026-01-04,2026-01-04 23:04:23 UTC,Pacific Time (US & Canada),research,2,0,False,False,https://inaturalist-open-data.s3.amazonaws.com/photos/605488325/medium.jpg,,,
49699,Pisaster ochraceus,Ochre Sea Star,Animalia,Ochre Sea Star,32.8716043223,-117.2534701601,208.0,"La Jolla Shores Dr & Shellback Way, San Diego, CA 92037, USA",2026-01-04,2026-01-04 23:36:06 UTC,Pacific Time (US & Canada),research,1,0,False,False,https://inaturalist-open-data.s3.amazonaws.com/photos/605539987/medium.jpg,,,
49699,Pisaster ochraceus,Ochre Sea Star,Animalia,Ochre Sea Star,32.872025,-117.2534033333,4.0,"CA, US",2026-01-04,2026-01-04 23:42:28 UTC,Pacific Time (US & Canada),research,1,0,False,False,https://static.inaturalist.org/photos/605544604/medium.jpg,,,
49699,Pisaster ochraceus,Ochre Sea Star,Animalia,Ochre Sea Star,32.8720883333,-117.25325,19.0,"CA, US",2026-01-04,2026-01-04 23:54:01 UTC,Pacific Time (US & Canada),research,1,0,False,False,https://static.inaturalist.org/photos/605545132/medium.jpg,,,
49699,Pisaster ochraceus,Ochre Sea Star,Animalia,Ochre Sea Star,32.7474258,-117.2540972,,"San Diego, CA 92107, USA",2026-01-02,2026-01-03 00:17:30 UTC,Pacific Time (US & Canada),research,1,0,False,False,https://inaturalist-open-data.s3.amazonaws.com/photos/605557769/medium.jpg,,,
49699,Pisaster ochraceus,Ochre Sea Star,Animalia,Ochre Sea Star,32.8716,-117.2535555556,,"La Jolla Shores Dr & Shellback Way, San Diego, CA 92037, USA",2026-01-04,2026-01-04 23:42:12 UTC,Pacific Time (US & Canada),research,1,0,False,False,https://static.inaturalist.org/photos/605576045/medium.jpg,,,
49699,Pisaster ochraceus,Ochre Sea Star,Animalia,Ochre Sea Star,32.8712777778,-117.253275,,"La Jolla Shores Dr & Shellback Way, San Diego, CA 92037, USA",2026-01-04,2026-01-04 23:30:37 UTC,Pacific Time (US & Canada),research,1,0,False,False,https://static.inaturalist.org/photos/605577065/medium.jpg,,,
49699,Pisaster ochraceus,Ochre Sea Star,Animalia,Ochre Sea Star,32.8436366667,-117.2810833333,3.0,"Coast Blvd, CA, US",2026-01-02,2026-01-02 23:59:18 UTC,Pacific Time (US & Canada),research,1,0,False,False,https://inaturalist-open-data.s3.amazonaws.com/photos/605584427/medium.jpg,,,
49699,Pisaster ochraceus,Ochre Sea Star,Animalia,Ochre Sea Star,32.866445,-117.2551116667,3.0,"CA, US",2026-01-04,2026-01-04 22:31:26 UTC,Pacific Time (US & Canada),research,1,0,False,False,https://inaturalist-open-data.s3.amazonaws.com/photos/605650782/medium.jpg,,,
49699,Pisaster ochraceus,Ochre Sea Star,Animalia,Ochre Sea Star,32.8405856896,-117.2825512402,183.0,"Coast Blvd, CA, US",2026-01-03,2026-01-03 23:25:06 UTC,Pacific Time (US & Canada),research,1,0,False,False,https://inaturalist-open-data.s3.amazonaws.com/photos/605656055/medium.jpg,,,
49699,Pisaster ochraceus,Ochre Sea Star,Animalia,Ochre Sea Star,32.866470006,-117.254162643,91.0,"Naga Way, CA, US",2026-01-05,2026-01-06 00:15:14 UTC,Pacific Time (US & Canada),research,2,0,False,False,https://static.inaturalist.org/photos/605767458/medium.jpg,,,
49699,Pisaster ochraceus,Ochre Sea Star,Animalia,Ochre Sea Star,32.9547132194,-117.235823458,,"San Diego County, US-CA, US",2026-01-05,2026-01-06 00:17:57 UTC,Pacific Time (US & Canada),research,1,0,False,True,https://static.inaturalist.org/photos/605793603/medium.jpg,,,
49699,Pisaster ochraceus,Ochre Sea Star,Animalia,Ochre Sea Star,32.8702841906,-117.2544425841,39.0,"North Pacific Ocean, CA, US",2026-01-05,2026-01-06 01:05:45 UTC,Pacific Time (US & Canada),research,3,0,False,False,https://static.inaturalist.org/photos/605821187/medium.jpg,,,
49699,Pisaster ochraceus,Ochre Sea Star,Animalia,Ochre Sea Star,32.9708830392,-117.2024370064,78.0,"San Diego County, US-CA, US",2026-01-05,2026-01-06 00:18:37 UTC,Pacific Time (US & Canada),research,3,0,False,True,https://inaturalist-open-data.s3.amazonaws.com/photos/605974140/medium.jpg,,,
49699,Pisaster ochraceus,Ochre Sea Star,Animalia,Ochre Sea Star,32.8322216667,-117.2825783333,3.0,"North Pacific Ocean, CA, US",2026-01-03,2026-01-03 22:59:37 UTC,Pacific Time (US & Canada),research,1,0,False,False,https://static.inaturalist.org/photos/606541319/medium.jpg,,,
49699,Pisaster ochraceus,Ochre Sea Star,Animalia,Ochre Sea Star,32.86563,-117.254905,257.0,"Océano Pacífico Norte, CA, US",2026-01-05,2026-01-06 00:39:47 UTC,Pacific Time (US & Canada),research,1,0,False,False,https://inaturalist-open-data.s3.amazonaws.com/photos/606806160/medium.jpg,,,
49699,Pisaster ochraceus,Ochre Sea Star,Animalia,Ochre Sea Star,32.872139069,-117.2531308606,5.0,"La Jolla Shores Dr & Shellback Way, San Diego, CA 92037, USA",2024-04-07,2024-04-07 15:17:49 UTC,Pacific Time (US & Canada),research,1,0,False,False,https://inaturalist-open-data.s3.amazonaws.com/photos/606936516/medium.jpg,,,
49699,Pisaster ochraceus,Ochre Sea Star,Animalia,Ochre Sea Star,32.9073133333,-117.2562166667,6.0,"CA, US",2025-10-05,2025-10-05 20:37:16 UTC,Pacific Time (US & Canada),research,1,0,False,False,https://inaturalist-open-data.s3.amazonaws.com/photos/606950412/medium.jpg,,,
49699,Pisaster ochraceus,Ochre Sea Star,Animalia,Ochre Sea Star,32.9073033333,-117.256195,4.0,"CA, US",2025-10-05,2025-10-05 20:30:34 UTC,Pacific Time (US & Canada),research,1,0,False,False,https://inaturalist-open-data.s3.amazonaws.com/photos/606950420/medium.jpg,,,
49699,Pisaster ochraceus,Ochre Sea Star,Animalia,Ochre Sea Star,32.8714666723,-117.25335,20.0,"North Pacific Ocean, CA, US",2025-07-02,2025-07-02 15:43:06 UTC,Pacific Time (US & Canada),research,2,0,False,False,https://inaturalist-open-data.s3.amazonaws.com/photos/607628726/medium.jpg,,,
49699,Pisaster ochraceus,Ochre Sea Star,Animalia,Ochre Sea Star,32.8670243752,-117.2545597891,56.0,"North Pacific Ocean, CA, US",2025-07-02,2025-07-02 16:05:07 UTC,Pacific Time (US & Canada),research,2,0,False,False,https://inaturalist-open-data.s3.amazonaws.com/photos/607628863/medium.jpg,,,
49699,Pisaster ochraceus,Ochre Sea Star,Animalia,Ochre Sea Star,32.8664383333,-117.2551116667,6.0,"Ellen Browning Scripps Memorial Pier, CA, US",2026-01-01,2026-01-01 22:02:35 UTC,Pacific Time (US & Canada),research,1,0,False,False,https://inaturalist-open-data.s3.amazonaws.com/photos/607762672/medium.jpg,,,
49699,Pisaster ochraceus,Ochre Sea Star,Animalia,Ochre Sea Star,32.8493216667,-117.276375,4.0,"La Jolla Coastal Trail, CA, US",2026-01-14,2026-01-14 22:26:59 UTC,Pacific Time (US & Canada),research,1,0,False,False,https://inaturalist-open-data.s3.amazonaws.com/photos/608009083/medium.jpg,,,
49699,Pisaster ochraceus,Ochre Sea Star,Animalia,Ochre Sea Star,32.8715783333,-117.2533716667,5.0,"San Diego County, US-CA, US",2026-01-14,2026-01-14 21:36:01 UTC,Pacific Time (US & Canada),research,2,0,False,False,https://inaturalist-open-data.s3.amazonaws.com/photos/608029532/medium.jpg,,,
49699,Pisaster ochraceus,Ochre Sea Star,Animalia,Ochre Sea Star,32.87138,-117.253625,5.0,"CA, US",2026-01-14,2026-01-14 21:34:09 UTC,Pacific Time (US & Canada),research,1,0,False,False,https://inaturalist-open-data.s3.amazonaws.com/photos/608035603/medium.jpg,,,
49699,Pisaster ochraceus,Ochre Sea Star,Animalia,Ochre Sea Star,32.8717702234,-117.2533093691,2.0,"San Diego County, CA, USA",2026-01-14,2026-01-14 21:33:00 UTC,Pacific Time (US & Canada),research,2,0,False,False,https://inaturalist-open-data.s3.amazonaws.com/photos/608052177/medium.jpg,,This Pisaster was observed feeding on a mussel during mid day. ,
49699,Pisaster ochraceus,Ochre Sea Star,Animalia,Ochre Sea Star,32.8696514525,-117.2537783064,27.0,"Scripps Coastal Trail, CA, US",2026-01-14,2026-01-14 21:05:00 UTC,Pacific Time (US & Canada),research,1,0,False,False,https://inaturalist-open-data.s3.amazonaws.com/photos/608055365/medium.jpg,,,
49699,Pisaster ochraceus,Ochre Sea Star,Animalia,Ochre Sea Star,32.871227989,-117.2533707938,9.0,"CA, US",2026-01-14,2026-01-14 22:32:00 UTC,Pacific Time (US & Canada),research,1,0,False,False,https://inaturalist-open-data.s3.amazonaws.com/photos/608055632/medium.jpg,,,
49699,Pisaster ochraceus,Ochre Sea Star,Animalia,Ochre Sea Star,32.8715216667,-117.2534333333,3.0,"CA, US",2026-01-14,2026-01-14 22:07:56 UTC,Pacific Time (US & Canada),research,1,0,False,False,https://inaturalist-open-data.s3.amazonaws.com/photos/608056358/medium.jpg,,,
49699,Pisaster ochraceus,Ochre Sea Star,Animalia,Ochre Sea Star,32.8715133333,-117.2534416667,3.0,"CA, US",2026-01-14,2026-01-14 21:38:54 UTC,Pacific Time (US & Canada),research,1,0,False,False,https://inaturalist-open-data.s3.amazonaws.com/photos/608059163/medium.jpg,,,
49699,Pisaster ochraceus,Ochre Sea Star,Animalia,Ochre Sea Star,32.8695712701,-117.2537845055,46.0,"Scripps Coastal Trail, CA, US",2026-01-14,2026-01-14 10:08:00 UTC,Pacific Time (US & Canada),research,2,0,False,False,https://inaturalist-open-data.s3.amazonaws.com/photos/608060846/medium.jpg,,,
49699,Pisaster ochraceus,Ochre Sea Star,Animalia,Ochre Sea Star,32.86997,-117.2537616667,3.0,"Scripps Coastal Trail, CA, US",2026-01-14,2026-01-14 21:10:41 UTC,Pacific Time (US & Canada),research,1,0,False,False,https://inaturalist-open-data.s3.amazonaws.com/photos/608061525/medium.jpg,,,
49699,Pisaster ochraceus,Ochre Sea Star,Animalia,Ochre Sea Star,32.8699388889,-117.2537388889,3.0,"San Diego County, CA, USA",2026-01-14,2026-01-14 21:10:00 UTC,Pacific Time (US & Canada),research,1,0,False,False,https://inaturalist-open-data.s3.amazonaws.com/photos/608066657/medium.jpg,,,
49699,Pisaster ochraceus,Ochre Sea Star,Animalia,Ochre Sea Star,32.8715218284,-117.253148156,4.0,"La Jolla Shores, San Diego, CA 92037, USA",2026-01-14,2026-01-14 21:08:00 UTC,Pacific Time (US & Canada),research,1,0,False,False,https://inaturalist-open-data.s3.amazonaws.com/photos/608072449/medium.jpg,,,
49699,Pisaster ochraceus,Ochre Sea Star,Animalia,Ochre Sea Star,32.8698383333,-117.2537533333,4.0,"North Pacific Ocean, CA, US",2026-01-14,2026-01-14 21:08:49 UTC,Pacific Time (US & Canada),research,2,0,False,False,https://inaturalist-open-data.s3.amazonaws.com/photos/608073191/medium.jpg,,,
49699,Pisaster ochraceus,Ochre Sea Star,Animalia,Ochre Sea Star,32.8699716667,-117.2537533333,2.0,"Scripps Coastal Trail, CA, US",2026-01-14,2026-01-14 21:08:20 UTC,Pacific Time (US & Canada),research,1,0,False,False,https://inaturalist-open-data.s3.amazonaws.com/photos/608075886/medium.jpg,,,
49699,Pisaster ochraceus,Ochre Sea Star,Animalia,Ochre Sea Star,32.8715723762,-117.2532275808,2.0,"San Diego County, CA, USA",2026-01-14,2026-01-14 22:47:00 UTC,Pacific Time (US & Canada),research,2,0,False,False,https://inaturalist-open-data.s3.amazonaws.com/photos/608074542/medium.jpg,,,
49699,Pisaster ochraceus,Ochre Sea Star,Animalia,Ochre Sea Star,32.8698366667,-117.2537533333,3.0,"North Pacific Ocean, CA, US",2026-01-14,2026-01-14 21:10:34 UTC,Pacific Time (US & Canada),research,1,0,False,False,https://static.inaturalist.org/photos/608080956/medium.jpg,,,
49699,Pisaster ochraceus,Ochre Sea Star,Animalia,Ochre Sea Star,32.8715666667,-117.2535944444,5.0,"San Diego County, CA, USA",2026-01-14,2026-01-14 21:46:00 UTC,Pacific Time (US & Canada),research,2,0,False,False,https://inaturalist-open-data.s3.amazonaws.com/photos/608080277/medium.jpg,,,
49699,Pisaster ochraceus,Ochre Sea Star,Animalia,Ochre Sea Star,32.8710526142,-117.2535333848,12.0,"San Diego County, CA, USA",2026-01-14,2026-01-14 21:25:00 UTC,Pacific Time (US & Canada),research,1,0,False,False,https://inaturalist-open-data.s3.amazonaws.com/photos/608066451/medium.jpg,,,
49699,Pisaster ochraceus,Ochre Sea Star,Animalia,Ochre Sea Star,32.87125,-117.253383,3.0,"San Diego County, CA, USA",2026-01-14,2026-01-14 21:30:00 UTC,Pacific Time (US & Canada),research,1,0,False,False,https://inaturalist-open-data.s3.amazonaws.com/photos/608066509/medium.jpg,,,
49699,Pisaster ochraceus,Ochre Sea Star,Animalia,Ochre Sea Star,32.87165,-117.253567,6.0,"San Diego County, CA, USA",2026-01-14,2026-01-14 21:51:00 UTC,Pacific Time (US & Canada),research,1,0,False,False,https://inaturalist-open-data.s3.amazonaws.com/photos/608066753/medium.jpg,,,
49699,Pisaster ochraceus,Ochre Sea Star,Animalia,Ochre Sea Star,32.86988,-117.2537833333,3.0,"Scripps Coastal Trail, CA, US",2026-01-14,2026-01-14 21:09:11 UTC,Pacific Time (US & Canada),research,1,0,False,False,https://inaturalist-open-data.s3.amazonaws.com/photos/608081925/medium.jpg,,,
49699,Pisaster ochraceus,Ochre Sea Star,Animalia,Ochre Sea Star,32.8698433333,-117.253765,,"San Diego County, CA, USA",2026-01-14,2026-01-14 21:09:00 UTC,Pacific Time (US & Canada),research,1,0,False,False,https://inaturalist-open-data.s3.amazonaws.com/photos/608081278/medium.jpg,,,
49699,Pisaster ochraceus,Ochre Sea Star,Animalia,Ochre Sea Star,32.866425,-117.2550283333,8.0,"CA, US",2026-01-15,2026-01-15 21:26:15 UTC,Pacific Time (US & Canada),research,2,0,False,False,https://inaturalist-open-data.s3.amazonaws.com/photos/608236443/medium.jpg,,,
49699,Pisaster ochraceus,Ochre Sea Star,Animalia,Ochre Sea Star,32.8659697115,-117.2542843363,44.0,"Naga Way, San Diego, CA, US",2026-01-15,2026-01-15 21:02:25 UTC,Pacific Time (US & Canada),research,2,0,False,False,https://inaturalist-open-data.s3.amazonaws.com/photos/608240430/medium.jpg,,,
49699,Pisaster ochraceus,Ochre Sea Star,Animalia,Ochre Sea Star,32.8713416667,-117.2537466667,5.0,"CA, US",2026-01-15,2026-01-15 20:46:23 UTC,Pacific Time (US & Canada),research,2,0,False,False,https://inaturalist-open-data.s3.amazonaws.com/photos/608265716/medium.jpg,,,
49699,Pisaster ochraceus,Ochre Sea Star,Animalia,Ochre Sea Star,32.8663712132,-117.2549720628,7.0,"CA, US",2026-01-16,2026-01-16 22:06:42 UTC,Pacific Time (US & Canada),research,1,0,False,False,https://static.inaturalist.org/photos/608471074/medium.jpg,,,
49699,Pisaster ochraceus,Ochre Sea Star,Animalia,Ochre Sea Star,32.8716184327,-117.253463114,75.0,"North Pacific Ocean, CA, US",2026-01-16,2026-01-16 21:40:54 UTC,Pacific Time (US & Canada),research,1,0,False,False,https://static.inaturalist.org/photos/608501450/medium.jpg,,,
49699,Pisaster ochraceus,Ochre Sea Star,Animalia,Ochre Sea Star,32.8668428458,-117.254117624,56.0,"Naga Way, CA, US",2026-01-16,2026-01-16 21:38:18 UTC,Pacific Time (US & Canada),research,1,0,False,False,https://inaturalist-open-data.s3.amazonaws.com/photos/608561661/medium.jpg,,,
49699,Pisaster ochraceus,Ochre Sea Star,Animalia,Ochre Sea Star,32.8662990205,-117.2546238809,186.0,"CA, US",2026-01-03,2026-01-03 22:45:08 UTC,Pacific Time (US & Canada),research,2,0,False,False,https://inaturalist-open-data.s3.amazonaws.com/photos/608664419/medium.jpg,,,
49699,Pisaster ochraceus,Ochre Sea Star,Animalia,Ochre Sea Star,32.8662472222,-117.2544138889,,"La Jolla Shores Dr & Naga Way, San Diego, CA 92037, USA",2026-01-14,2026-01-14 21:33:48 UTC,Pacific Time (US & Canada),research,1,0,False,False,https://inaturalist-open-data.s3.amazonaws.com/photos/608771296/medium.jpg,,,
49699,Pisaster ochraceus,Ochre Sea Star,Animalia,Ochre Sea Star,32.8803923208,-117.2521172043,2597.0,"CA, US",2026-01-01,2026-01-01 21:22:26 UTC,Pacific Time (US & Canada),research,2,0,False,False,https://inaturalist-open-data.s3.amazonaws.com/photos/609285018/medium.jpg,,,
49699,Pisaster ochraceus,Ochre Sea Star,Animalia,Ochre Sea Star,32.8664633333,-117.2551883333,4.0,"Ellen Browning Scripps Memorial Pier, CA, US",2025-10-09,2025-10-10 00:46:35 UTC,Pacific Time (US & Canada),research,1,0,False,False,https://inaturalist-open-data.s3.amazonaws.com/photos/609288037/medium.jpg,,,
49699,Pisaster ochraceus,Ochre Sea Star,Animalia,Ochre Sea Star,32.87153,-117.25367,4.0,"North Pacific Ocean, CA, US",2026-01-05,2026-01-06 01:14:57 UTC,Pacific Time (US & Canada),research,1,0,False,False,https://inaturalist-open-data.s3.amazonaws.com/photos/609322778/medium.jpg,,,
49699,Pisaster ochraceus,Ochre Sea Star,Animalia,Ochre Sea Star,32.907345,-117.256195,4.0,"North Pacific Ocean, CA, US",2026-01-19,2026-01-19 23:52:30 UTC,Pacific Time (US & Canada),research,1,0,False,False,https://static.inaturalist.org/photos/609401920/medium.jpg,,,
49699,Pisaster ochraceus,Ochre Sea Star,Animalia,Ochre Sea Star,32.8663716667,-117.2549216667,3.0,"Ellen Browning Scripps Memorial Pier, CA, US",2026-01-20,2026-01-20 23:10:00 UTC,Pacific Time (US & Canada),research,4,0,False,False,https://static.inaturalist.org/photos/609631043/medium.jpg,,,
49699,Pisaster ochraceus,Ochre Sea Star,Animalia,Ochre Sea Star,32.67862,-117.17993,4.0,"Coronado, CA, US",2023-10-15,2023-10-15 23:40:06 UTC,Pacific Time (US & Canada),research,2,0,False,False,https://inaturalist-open-data.s3.amazonaws.com/photos/610039051/medium.jpg,,,
49699,Pisaster ochraceus,Ochre Sea Star,Animalia,Ochre Sea Star,32.8711389496,-117.2535248045,8.0,"San Diego County, CA, USA",2026-01-13,2026-01-13 22:49:00 UTC,Pacific Time (US & Canada),research,3,0,False,False,https://inaturalist-open-data.s3.amazonaws.com/photos/610035255/medium.jpg,,,
49699,Pisaster ochraceus,Ochre Sea Star,Animalia,Ochre Sea Star,32.8714037792,-117.2535038516,8.0,"San Diego County, CA, USA",2026-01-15,2026-01-15 22:00:00 UTC,Pacific Time (US & Canada),research,3,0,False,False,https://inaturalist-open-data.s3.amazonaws.com/photos/610422381/medium.jpg,,,
49699,Pisaster ochraceus,Ochre Sea Star,Animalia,Ochre Sea Star,32.7592375,-117.2536094,195.0,"QP5W+MHR San Diego, CA",2025-12-21,2025-12-22 00:24:00 UTC,Pacific Time (US & Canada),research,1,0,False,False,https://static.inaturalist.org/photos/610873778/medium.jpg,,,
49699,Pisaster ochraceus,Ochre Sea Star,Animalia,Ochre Sea Star,32.8555799,-117.2536898,4849.0,"La Jolla Shores Dr, San Diego, CA, US",2026-01-26,2026-01-26 17:54:53 UTC,Pacific Time (US & Canada),research,1,0,False,False,https://inaturalist-open-data.s3.amazonaws.com/photos/611040729/medium.jpg,,,
49699,Pisaster ochraceus,Ochre Sea Star,Animalia,Ochre Sea Star,32.8713530782,-117.2532470897,35.0,"San Diego, CA, US",2026-01-16,2026-01-16 23:00:00 UTC,Pacific Time (US & Canada),research,1,0,False,False,https://static.inaturalist.org/photos/611069196/medium.jpg,,,
49699,Pisaster ochraceus,Ochre Sea Star,Animalia,Ochre Sea Star,32.871604,-117.25347,156.0,"La Jolla Shores Tide Pools, La Jolla, CA, USA",2026-01-26,2026-01-26 18:32:00 UTC,Pacific Time (US & Canada),research,1,0,False,False,https://inaturalist-open-data.s3.amazonaws.com/photos/611070921/medium.jpg,,,
49699,Pisaster ochraceus,Ochre Sea Star,Animalia,Ochre Sea Star,32.6786853224,-117.1790512843,15.0,"Coronado, CA, USA",2023-12-28,2023-12-29 00:50:00 UTC,Pacific Time (US & Canada),research,1,0,False,False,https://inaturalist-open-data.s3.amazonaws.com/photos/611085349/medium.jpg,,,
49699,Pisaster ochraceus,Ochre Sea Star,Animalia,Ochre Sea Star,32.87158,-117.253595,4.0,"CA, US",2026-01-27,2026-01-27 18:24:37 UTC,Pacific Time (US & Canada),research,2,0,False,False,https://inaturalist-open-data.s3.amazonaws.com/photos/611276149/medium.jpg,,,
49699,Pisaster ochraceus,Ochre Sea Star,Animalia,Ochre Sea Star,32.8715960997,-117.2536008,,"La Jolla Shores Dr & Shellback Way, San Diego, CA 92037, USA",2026-01-27,2026-01-27 19:35:55 UTC,Pacific Time (US & Canada),research,1,0,False,False,https://inaturalist-open-data.s3.amazonaws.com/photos/611293574/medium.jpg,,,
49699,Pisaster ochraceus,Ochre Sea Star,Animalia,Ochre Sea Star,32.8715619997,-117.2535957997,,"La Jolla Shores Dr & Shellback Way, San Diego, CA 92037, USA",2026-01-27,2026-01-27 19:37:06 UTC,Pacific Time (US & Canada),research,2,0,False,False,https://inaturalist-open-data.s3.amazonaws.com/photos/611293728/medium.jpg,,,
49699,Pisaster ochraceus,Ochre Sea Star,Animalia,Ochre Sea Star,32.8715052697,-117.2536403433,5.0,"CA, US",2026-01-27,2026-01-27 18:29:28 UTC,Pacific Time (US & Canada),research,1,0,False,False,https://inaturalist-open-data.s3.amazonaws.com/photos/611309184/medium.jpg,,,
49699,Pisaster ochraceus,Ochre Sea Star,Animalia,Ochre Sea Star,32.8658279898,-117.2542340291,258.0,"CA, US",2026-01-28,2026-01-28 19:00:44 UTC,Pacific Time (US & Canada),research,3,0,False,False,https://inaturalist-open-data.s3.amazonaws.com/photos/611560063/medium.jpg,,,
49699,Pisaster ochraceus,Ochre Sea Star,Animalia,Ochre Sea Star,32.8715083333,-117.25377,10.0,"CA, US",2026-01-31,2026-01-31 22:45:26 UTC,Pacific Time (US & Canada),research,1,0,False,False,https://inaturalist-open-data.s3.amazonaws.com/photos/612272027/medium.jpg,,Wasting disease,
49699,Pisaster ochraceus,Ochre Sea Star,Animalia,Ochre Sea Star,32.8664383333,-117.2552116667,17.0,"La Jolla Shores, San Diego County, US-CA, US",2026-01-17,2026-01-17 22:41:43 UTC,Pacific Time (US & Canada),research,2,0,False,False,https://inaturalist-open-data.s3.amazonaws.com/photos/612339481/medium.jpg,,,
49699,Pisaster ochraceus,Ochre Sea Star,Animalia,Ochre Sea Star,32.8710595261,-117.2535843216,86.0,"CA, US",2026-01-31,2026-01-31 23:39:14 UTC,Pacific Time (US & Canada),research,1,0,False,False,https://inaturalist-open-data.s3.amazonaws.com/photos/612348296/medium.jpg,,,
49699,Pisaster ochraceus,Ochre Sea Star,Animalia,Ochre Sea Star,32.8715083333,-117.2533333333,3.0,"CA, US",2026-01-31,2026-02-01 00:02:16 UTC,Pacific Time (US & Canada),research,1,0,False,False,https://inaturalist-open-data.s3.amazonaws.com/photos/612353734/medium.jpg,,Just the arm,
49699,Pisaster ochraceus,Ochre Sea Star,Animalia,Ochre Sea Star,32.8717533333,-117.253555,3.0,"CA, US",2026-01-31,2026-02-01 00:16:51 UTC,Pacific Time (US & Canada),research,1,0,False,False,https://inaturalist-open-data.s3.amazonaws.com/photos/612353831/medium.jpg,,A separate cluster,
49699,Pisaster ochraceus,Ochre Sea Star,Animalia,Ochre Sea Star,32.87172,-117.2535633333,10.0,"CA, US",2026-01-31,2026-02-01 00:16:35 UTC,Pacific Time (US & Canada),research,1,0,False,False,https://inaturalist-open-data.s3.amazonaws.com/photos/612353833/medium.jpg,,,
49699,Pisaster ochraceus,Ochre Sea Star,Animalia,Ochre Sea Star,32.8717533333,-117.2535783333,3.0,"CA, US",2026-01-31,2026-02-01 00:16:53 UTC,Pacific Time (US & Canada),research,1,0,False,False,https://inaturalist-open-data.s3.amazonaws.com/photos/612353839/medium.jpg,,Another cluster,
49699,Pisaster ochraceus,Ochre Sea Star,Animalia,Ochre Sea Star,32.8717833333,-117.2536616667,3.0,"CA, US",2026-01-31,2026-02-01 00:19:18 UTC,Pacific Time (US & Canada),research,1,0,False,False,https://inaturalist-open-data.s3.amazonaws.com/photos/612353856/medium.jpg,,Another cluster,
49699,Pisaster ochraceus,Ochre Sea Star,Animalia,Ochre Sea Star,32.8721583096,-117.2531074079,39.0,"CA, US",2026-01-31,2026-02-01 00:40:32 UTC,Pacific Time (US & Canada),research,1,0,False,False,https://inaturalist-open-data.s3.amazonaws.com/photos/612354026/medium.jpg,,,
49699,Pisaster ochraceus,Ochre Sea Star,Animalia,Ochre Sea Star,32.865895,-117.25402,64.0,"Kennel Way, San Diego, CA, US",2026-01-19,2026-01-20 01:07:07 UTC,Pacific Time (US & Canada),research,2,0,False,False,https://inaturalist-open-data.s3.amazonaws.com/photos/612361062/medium.jpg,,,
49699,Pisaster ochraceus,Ochre Sea Star,Animalia,Ochre Sea Star,33.2036039874,-117.3923964511,43.0,"Harbor Beach, Oceanside, CA, US",2026-02-01,2026-02-01 22:57:50 UTC,Pacific Time (US & Canada),research,2,0,False,False,https://static.inaturalist.org/photos/612553536/medium.jpg,,,
49699,Pisaster ochraceus,Ochre Sea Star,Animalia,Ochre Sea Star,33.2035693179,-117.3922885747,31.0,"Oceanside Harbor, Oceanside, CA, US",2026-02-01,2026-02-01 22:58:27 UTC,Pacific Time (US & Canada),research,1,0,False,False,https://static.inaturalist.org/photos/612553628/medium.jpg,,,
49699,Pisaster ochraceus,Ochre Sea Star,Animalia,Ochre Sea Star,32.8347221091,-117.2823102772,199.0,"Beach Barber Tract, San Diego, CA 92037, USA",2026-02-01,2026-02-01 22:56:16 UTC,Pacific Time (US & Canada),research,1,0,False,False,https://inaturalist-open-data.s3.amazonaws.com/photos/612572420/medium.jpg,,,
49699,Pisaster ochraceus,Ochre Sea Star,Animalia,Ochre Sea Star,32.871587,-117.253655,20.0,"San Diego County, CA, USA",2026-02-01,2026-02-01 22:00:00 UTC,Pacific Time (US & Canada),research,1,0,False,False,https://inaturalist-open-data.s3.amazonaws.com/photos/612602427/medium.jpg,,very common here,
49699,Pisaster ochraceus,Ochre Sea Star,Animalia,Ochre Sea Star,32.8492666667,-117.2761466667,2.0,"La Jolla Coastal Trail, CA, US",2026-02-01,2026-02-02 00:59:58 UTC,Pacific Time (US & Canada),research,1,0,False,False,https://inaturalist-open-data.s3.amazonaws.com/photos/612659392/medium.jpg,,,
49699,Pisaster ochraceus,Ochre Sea Star,Animalia,Ochre Sea Star,32.8710548,-117.2535816,,"La Jolla Shores Dr & Shellback Way, San Diego, CA 92037, USA",2026-02-01,2026-02-01 23:27:12 UTC,Pacific Time (US & Canada),research,1,0,False,False,https://inaturalist-open-data.s3.amazonaws.com/photos/612704643/medium.jpg,,,
49699,Pisaster ochraceus,Ochre Sea Star,Animalia,Pisaster ochraceus,32.8716349288,-117.2536100046,5.0,"North Pacific Ocean, CA, US",2026-02-02,2026-02-02 23:59:56 UTC,Pacific Time (US & Canada),research,1,0,False,False,https://inaturalist-open-data.s3.amazonaws.com/photos/612829974/medium.jpg,,,
49699,Pisaster ochraceus,Ochre Sea Star,Animalia,Ochre Sea Star,32.8714556401,-117.2529159486,153.0,"La Jolla Shores Dr & Shellback Way, San Diego, CA 92037, USA",2026-02-02,2026-02-03 00:00:22 UTC,Pacific Time (US & Canada),research,1,0,False,False,https://inaturalist-open-data.s3.amazonaws.com/photos/613107128/medium.jpg,,,
49699,Pisaster ochraceus,Ochre Sea Star,Animalia,Ochre Sea Star,32.871525,-117.253655,1652.0,"North Pacific Ocean, CA, US",2026-02-03,2026-02-04 00:46:20 UTC,Pacific Time (US & Canada),research,1,0,False,False,https://inaturalist-open-data.s3.amazonaws.com/photos/613110587/medium.jpg,,,
49699,Pisaster ochraceus,Ochre Sea Star,Animalia,Ochre Sea Star,32.7514383333,-117.2537616667,3.0,"CA, US",2025-11-06,2025-11-07 00:24:06 UTC,Pacific Time (US & Canada),research,1,0,False,False,https://static.inaturalist.org/photos/613116786/medium.jpg,,,
49699,Pisaster ochraceus,Ochre Sea Star,Animalia,Ochre Sea Star,32.751495,-117.2534116667,4.0,"CA, US",2025-11-06,2025-11-07 00:18:37 UTC,Pacific Time (US & Canada),research,1,0,False,False,https://static.inaturalist.org/photos/613116800/medium.jpg,,,
49699,Pisaster ochraceus,Ochre Sea Star,Animalia,Ochre Sea Star,32.7515966667,-117.252655,37.0,Little Rock Jetty,2025-11-06,2025-11-07 00:19:34 UTC,Pacific Time (US & Canada),research,1,0,False,False,https://static.inaturalist.org/photos/613116860/medium.jpg,,,
49699,Pisaster ochraceus,Ochre Sea Star,Animalia,Ochre Sea Star,32.7514716667,-117.2535783333,3.0,"CA, US",2025-11-06,2025-11-07 00:21:31 UTC,Pacific Time (US & Canada),research,1,0,False,False,https://static.inaturalist.org/photos/613117150/medium.jpg,,,
49699,Pisaster ochraceus,Ochre Sea Star,Animalia,Ochre Sea Star,32.8663333333,-117.2549533333,4.0,"Kennel Way, CA, US",2026-01-18,2026-01-18 22:27:07 UTC,Pacific Time (US & Canada),research,2,0,False,False,https://inaturalist-open-data.s3.amazonaws.com/photos/613499668/medium.jpg,,,
49699,Pisaster ochraceus,Ochre Sea Star,Animalia,Ochre Sea Star,32.7962992819,-117.257704418,51.0,"North Pacific Ocean, CA, US",2026-01-31,2026-01-31 21:01:55 UTC,Pacific Time (US & Canada),research,2,0,False,False,https://static.inaturalist.org/photos/614110040/medium.jpg,,,
49699,Pisaster ochraceus,Ochre Sea Star,Animalia,Ochre Sea Star,32.8439533333,-117.2801666667,53.0,"Coast Blvd, CA, US",2026-01-31,2026-01-31 22:18:21 UTC,Pacific Time (US & Canada),research,1,0,False,False,https://static.inaturalist.org/photos/615011940/medium.jpg,,,
49699,Pisaster ochraceus,Ochre Sea Star,Animalia,Ochre Sea Star,32.87157,-117.253595,4.0,"CA, US",2026-02-14,2026-02-14 22:01:55 UTC,Pacific Time (US & Canada),research,1,0,False,False,https://inaturalist-open-data.s3.amazonaws.com/photos/615934246/medium.jpg,,,
49699,Pisaster ochraceus,Ochre Sea Star,Animalia,Ochre Sea Star,33.1305611667,-117.3363283333,6.0,"Shore Dr, CA, US",2026-02-14,2026-02-14 21:31:50 UTC,Pacific Time (US & Canada),research,2,0,False,False,https://static.inaturalist.org/photos/616049698/medium.jpg,,,
49699,Pisaster ochraceus,Ochre Sea Star,Animalia,Ochre Sea Star,32.86642,-117.2550133333,3.0,"CA, US",2026-02-14,2026-02-14 20:19:01 UTC,Pacific Time (US & Canada),research,1,0,False,False,https://inaturalist-open-data.s3.amazonaws.com/photos/616100697/medium.jpg,,,
49699,Pisaster ochraceus,Ochre Sea Star,Animalia,Ochre Sea Star,32.8664916667,-117.2508916667,,"La Jolla Shores Dr & Naga Way, San Diego, CA 92037, USA",2026-02-17,2026-02-17 23:34:53 UTC,Pacific Time (US & Canada),research,1,0,False,False,https://inaturalist-open-data.s3.amazonaws.com/photos/616991550/medium.jpg,,,
49699,Pisaster ochraceus,Ochre Sea Star,Animalia,Ochre Sea Star,32.8715583333,-117.2537416667,,"La Jolla Shores Dr & Shellback Way, San Diego, CA 92037, USA",2026-02-17,2026-02-17 23:31:27 UTC,Pacific Time (US & Canada),research,1,0,False,False,https://inaturalist-open-data.s3.amazonaws.com/photos/616997727/medium.jpg,,,
49699,Pisaster ochraceus,Ochre Sea Star,Animalia,Ochre Sea Star,32.8717166667,-117.2535666667,,"La Jolla Shores Dr & Shellback Way, San Diego, CA 92037, USA",2026-02-17,2026-02-17 22:58:32 UTC,Pacific Time (US & Canada),research,1,0,False,False,https://inaturalist-open-data.s3.amazonaws.com/photos/616998538/medium.jpg,,,
49699,Pisaster ochraceus,Ochre Sea Star,Animalia,Ochre Sea Star,32.8720472222,-117.2533027778,,"La Jolla Shores Dr & Shellback Way, San Diego, CA 92037, USA",2026-02-17,2026-02-17 22:39:25 UTC,Pacific Time (US & Canada),research,2,0,False,False,https://inaturalist-open-data.s3.amazonaws.com/photos/617000371/medium.jpg,,,
49699,Pisaster ochraceus,Ochre Sea Star,Animalia,Ochre Sea Star,32.8424451851,-117.2814092125,1011.0,"La Jolla, San Diego, CA, USA",2026-01-18,2026-01-18 23:33:00 UTC,Pacific Time (US & Canada),research,2,0,False,False,https://static.inaturalist.org/photos/616991616/medium.jpg,,,
49699,Pisaster ochraceus,Ochre Sea Star,Animalia,Ochre Sea Star,33.1916416667,-117.3033533333,10.0,"Barnard Dr, Oceanside, CA, US",2023-02-21,2023-02-21 19:08:22 UTC,Pacific Time (US & Canada),research,1,0,False,False,https://inaturalist-open-data.s3.amazonaws.com/photos/617089525/medium.jpg,,,
49699,Pisaster ochraceus,Ochre Sea Star,Animalia,Ochre Sea Star,32.8495102031,-117.2755456295,482.0,"La Jolla, San Diego, CA, USA",2026-02-22,2026-02-22 17:29:00 UTC,Pacific Time (US & Canada),research,1,0,False,False,https://inaturalist-open-data.s3.amazonaws.com/photos/619157332/medium.jpg,,,
49699,Pisaster ochraceus,Ochre Sea Star,Animalia,Ochre Sea Star,32.8495102031,-117.2755456295,482.0,"La Jolla, San Diego, CA, USA",2026-02-22,2026-02-22 17:30:00 UTC,Pacific Time (US & Canada),research,1,0,False,False,https://inaturalist-open-data.s3.amazonaws.com/photos/619157345/medium.jpg,,,
49699,Pisaster ochraceus,Ochre Sea Star,Animalia,Ochre Sea Star,32.8495102031,-117.2755456295,482.0,"La Jolla, San Diego, CA, USA",2026-02-22,2026-02-22 17:30:00 UTC,Pacific Time (US & Canada),research,1,0,False,False,https://inaturalist-open-data.s3.amazonaws.com/photos/619157352/medium.jpg,,,
49699,Pisaster ochraceus,Ochre Sea Star,Animalia,Ochre Sea Star,32.8495102031,-117.2755456295,482.0,"La Jolla, San Diego, CA, USA",2026-02-22,2026-02-22 17:31:00 UTC,Pacific Time (US & Canada),research,1,0,False,False,https://inaturalist-open-data.s3.amazonaws.com/photos/619157349/medium.jpg,,,
49699,Pisaster ochraceus,Ochre Sea Star,Animalia,Ochre Sea Star,32.8714098039,-117.2537353244,5.0,"CA, US",2026-02-27,2026-02-27 21:02:06 UTC,Pacific Time (US & Canada),research,1,0,False,False,https://inaturalist-open-data.s3.amazonaws.com/photos/620668790/medium.jpg,,,
49699,Pisaster ochraceus,Ochre Sea Star,Animalia,Ochre Sea Star,32.8715657454,-117.2536217643,5.0,"CA, US",2026-02-27,2026-02-27 21:11:47 UTC,Pacific Time (US & Canada),research,1,0,False,False,https://inaturalist-open-data.s3.amazonaws.com/photos/619670134/medium.jpg,,,
49699,Pisaster ochraceus,Ochre Sea Star,Animalia,Ochre Sea Star,32.8424179423,-117.2821491834,372.0,"CA, US",2025-11-08,2025-11-09 01:13:50 UTC,Pacific Time (US & Canada),research,2,0,False,False,https://inaturalist-open-data.s3.amazonaws.com/photos/619781281/medium.jpg,,,
49699,Pisaster ochraceus,Ochre Sea Star,Animalia,Ochre Sea Star,32.87138,-117.2536,16.0,"San Diego County, US-CA, US",2026-02-28,2026-02-28 21:29:07 UTC,Pacific Time (US & Canada),research,1,0,False,False,https://inaturalist-open-data.s3.amazonaws.com/photos/620012485/medium.jpg,,,
49699,Pisaster ochraceus,Ochre Sea Star,Animalia,Ochre Sea Star,32.907325,-117.256195,3.0,"CA, US",2026-02-28,2026-03-01 00:11:47 UTC,Pacific Time (US & Canada),research,1,0,False,False,https://inaturalist-open-data.s3.amazonaws.com/photos/620333923/medium.jpg,,,
49699,Pisaster ochraceus,Ochre Sea Star,Animalia,Ochre Sea Star,32.7962633333,-117.2580716667,8.0,"North Pacific Ocean, CA, US",2026-03-01,2026-03-01 21:38:14 UTC,Pacific Time (US & Canada),research,1,0,False,False,https://static.inaturalist.org/photos/620429403/medium.jpg,,,
49699,Pisaster ochraceus,Ochre Sea Star,Animalia,Ochre Sea Star,32.8520330923,-117.2629867579,28.0,"North Pacific Ocean, CA, US",2026-01-20,2026-01-20 18:30:00 UTC,Pacific Time (US & Canada),research,1,0,False,False,https://inaturalist-open-data.s3.amazonaws.com/photos/620431219/medium.jpg,,,
49699,Pisaster ochraceus,Ochre Sea Star,Animalia,Ochre Sea Star,33.2142716667,-117.4048616667,14.0,"Oceanside, CA, US",2026-03-01,2026-03-01 22:21:50 UTC,Pacific Time (US & Canada),research,1,0,False,False,https://inaturalist-open-data.s3.amazonaws.com/photos/620439469/medium.jpg,,,
49699,Pisaster ochraceus,Ochre Sea Star,Animalia,Ochre Sea Star,33.2151866667,-117.4033583333,2.0,"CA, US",2026-03-01,2026-03-01 23:49:59 UTC,Pacific Time (US & Canada),research,1,0,False,False,https://inaturalist-open-data.s3.amazonaws.com/photos/620439574/medium.jpg,,,
49699,Pisaster ochraceus,Ochre Sea Star,Animalia,Ochre Sea Star,33.1752626631,-117.3682539887,538.0,"North Pacific Ocean, Oceanside, CA, US",2026-03-01,2026-03-01 21:58:15 UTC,Pacific Time (US & Canada),research,1,0,False,False,https://static.inaturalist.org/photos/620892460/medium.jpg,,,
49699,Pisaster ochraceus,Ochre Sea Star,Animalia,Ochre Sea Star,32.8712778639,-117.2532555121,17.0,"San Diego, CA, US",2026-03-02,2026-03-02 22:49:42 UTC,Pacific Time (US & Canada),research,1,0,False,False,https://inaturalist-open-data.s3.amazonaws.com/photos/620696960/medium.jpg,,,
49699,Pisaster ochraceus,Ochre Sea Star,Animalia,Ochre Sea Star,32.9357342948,-117.2614574432,599.0,"N Torrey Pines Rd & Torrey Pines State Beach, San Diego, CA 92037, USA",2026-03-02,2026-03-02 23:20:21 UTC,Pacific Time (US & Canada),research,1,0,False,False,https://inaturalist-open-data.s3.amazonaws.com/photos/620749975/medium.jpg,,,
49699,Pisaster ochraceus,Ochre Sea Star,Animalia,Ochre Sea Star,32.8720542917,-117.2532469807,36.0,"CA, US",2026-03-02,2026-03-02 23:50:04 UTC,Pacific Time (US & Canada),research,1,0,False,False,https://inaturalist-open-data.s3.amazonaws.com/photos/620886829/medium.jpg,,,
49699,Pisaster ochraceus,Ochre Sea Star,Animalia,Ochre Sea Star,32.8475475,-117.2785475,202.0,"Children's Pool La Jolla, 834 Coast S Blvd, La Jolla, CA 92037, USA",2026-03-02,2026-03-02 22:36:00 UTC,Pacific Time (US & Canada),research,1,0,False,False,https://inaturalist-open-data.s3.amazonaws.com/photos/621031399/medium.jpg,,,
49699,Pisaster ochraceus,Ochre Sea Star,Animalia,Ochre Sea Star,32.8479,-117.2786166667,14.0,"Coast Blvd, CA, US",2026-03-04,2026-03-04 22:14:35 UTC,Pacific Time (US & Canada),research,2,0,False,False,https://inaturalist-open-data.s3.amazonaws.com/photos/621279509/medium.jpg,,,
49699,Pisaster ochraceus,Ochre Sea Star,Animalia,Ochre Sea Star,32.8715300763,-117.2534340059,60.0,"North Pacific Ocean, CA, US",2026-03-04,2026-03-05 01:18:49 UTC,Pacific Time (US & Canada),research,1,0,False,False,https://static.inaturalist.org/photos/621899423/medium.jpg,,,
49699,Pisaster ochraceus,Ochre Sea Star,Animalia,Ochre Sea Star,32.8714616667,-117.2537,3.0,"CA, US",2026-02-27,2026-02-27 21:58:06 UTC,Pacific Time (US & Canada),research,1,0,False,False,https://inaturalist-open-data.s3.amazonaws.com/photos/621955323/medium.jpg,,,
49699,Pisaster ochraceus,Ochre Sea Star,Animalia,Ochre Sea Star,32.866375,-117.254805,4.0,"CA, US",2026-02-04,2026-02-04 23:47:04 UTC,Pacific Time (US & Canada),research,1,0,False,False,https://inaturalist-open-data.s3.amazonaws.com/photos/622517507/medium.jpg,,,
49699,Pisaster ochraceus,Ochre Sea Star,Animalia,Ochre Sea Star,32.9074805556,-117.256175,,"La Jolla, CA 92037, USA",2026-01-18,2026-01-18 23:09:28 UTC,Pacific Time (US & Canada),research,2,0,False,False,https://static.inaturalist.org/photos/623073395/medium.jpg,,,
49699,Pisaster ochraceus,Ochre Sea Star,Animalia,Ochre Sea Star,32.8720033551,-117.2525436142,58.0,"San Diego County, US-CA, US",2025-01-31,2025-02-01 00:28:20 UTC,Pacific Time (US & Canada),research,2,0,False,False,https://inaturalist-open-data.s3.amazonaws.com/photos/623897592/medium.jpg,,,
49699,Pisaster ochraceus,Ochre Sea Star,Animalia,Ochre Sea Star,32.871005,-117.25357,4.0,"CA, US",2026-03-01,2026-03-01 22:04:35 UTC,Pacific Time (US & Canada),research,1,0,False,False,https://static.inaturalist.org/photos/624010044/medium.jpg,,,
49699,Pisaster ochraceus,Ochre Sea Star,Animalia,Ochre Sea Star,32.8717283333,-117.2536083333,9.0,"CA, US",2024-12-12,2024-12-12 21:45:27 UTC,Pacific Time (US & Canada),research,1,0,False,False,https://inaturalist-open-data.s3.amazonaws.com/photos/624642939/medium.jpg,,,
49699,Pisaster ochraceus,Ochre Sea Star,Animalia,Ochre Sea Star,32.8664333333,-117.2550666667,14.0,"Ellen Browning Scripps Memorial Pier, CA, US",2026-03-13,2026-03-13 20:08:01 UTC,Pacific Time (US & Canada),research,2,0,False,False,https://inaturalist-open-data.s3.amazonaws.com/photos/625235892/medium.jpg,,,
49699,Pisaster ochraceus,Ochre Sea Star,Animalia,Ochre Sea Star,32.8715466667,-117.253595,3.0,"North Pacific Ocean, CA, US",2026-03-17,2026-03-17 22:45:56 UTC,Pacific Time (US & Canada),research,2,0,False,False,https://inaturalist-open-data.s3.amazonaws.com/photos/626198973/medium.jpg,,,
49699,Pisaster ochraceus,Ochre Sea Star,Animalia,Ochre Sea Star,32.8663564011,-117.2550405789,6.0,"CA, US",2026-03-18,2026-03-18 22:39:29 UTC,Pacific Time (US & Canada),research,1,0,False,False,https://inaturalist-open-data.s3.amazonaws.com/photos/626212742/medium.jpg,,,
49699,Pisaster ochraceus,Ochre Sea Star,Animalia,Ochre Sea Star,32.8737866667,-117.251945,1717.0,"CA, US",2026-03-18,2026-03-18 22:28:02 UTC,Pacific Time (US & Canada),research,1,0,False,False,https://inaturalist-open-data.s3.amazonaws.com/photos/626243502/medium.jpg,,,
49699,Pisaster ochraceus,Ochre Sea Star,Animalia,Ochre Sea Star,33.1950778997,-117.3858394082,1027.0,"San Diego County, US-CA, US",2025-11-25,2025-11-26 00:44:09 UTC,Pacific Time (US & Canada),research,3,0,False,False,https://inaturalist-open-data.s3.amazonaws.com/photos/626773501/medium.jpg,,,
49699,Pisaster ochraceus,Ochre Sea Star,Animalia,Ochre Sea Star,32.8894274759,-117.2602933645,2140.0,"San Diego County, CA, USA",2025-10-23,2025-10-23 23:32:32 UTC,Pacific Time (US & Canada),research,1,0,False,False,https://inaturalist-open-data.s3.amazonaws.com/photos/627470723/medium.jpg,,,
49699,Pisaster ochraceus,Ochre Sea Star,Animalia,Ochre Sea Star,32.8694777198,-117.2531386521,150.0,"Scripps Coastal Trail, San Diego, CA, US",2026-03-23,2026-03-23 14:16:34 UTC,Pacific Time (US & Canada),research,1,0,False,False,https://inaturalist-open-data.s3.amazonaws.com/photos/628061850/medium.jpg,,,
49699,Pisaster ochraceus,Ochre Sea Star,Animalia,Ochre Sea Star,32.87142713,-117.25356724,7.0,"La Jolla Shores Dr & Shellback Way, San Diego, CA 92037, USA",2026-03-23,2026-03-23 14:16:41 UTC,Pacific Time (US & Canada),research,2,0,False,False,https://inaturalist-open-data.s3.amazonaws.com/photos/628062103/medium.jpg,,,
49699,Pisaster ochraceus,Ochre Sea Star,Animalia,Ochre Sea Star,32.8714287975,-117.2536591982,4.0,"La Jolla Shores Ln, San Diego, CA, US",2026-03-23,2026-03-23 14:18:22 UTC,Pacific Time (US & Canada),research,1,0,False,False,https://inaturalist-open-data.s3.amazonaws.com/photos/628062464/medium.jpg,,,
49699,Pisaster ochraceus,Ochre Sea Star,Animalia,Ochre Sea Star,32.87159881,-117.25387411,10.0,"La Jolla Shores Dr & Shellback Way, San Diego, CA 92037, USA",2026-03-23,2026-03-23 14:19:02 UTC,Pacific Time (US & Canada),research,1,0,False,False,https://inaturalist-open-data.s3.amazonaws.com/photos/628062819/medium.jpg,,,
49699,Pisaster ochraceus,Ochre Sea Star,Animalia,Ochre Sea Star,32.8716812474,-117.2535653655,5.0,"North Pacific Ocean, CA, US",2026-03-23,2026-03-23 14:21:10 UTC,Pacific Time (US & Canada),research,1,0,False,False,https://inaturalist-open-data.s3.amazonaws.com/photos/628063606/medium.jpg,,,
49699,Pisaster ochraceus,Ochre Sea Star,Animalia,Ochre Sea Star,32.87150726,-117.25364274,5.0,"La Jolla Shores Dr & Shellback Way, San Diego, CA 92037, USA",2026-03-23,2026-03-23 14:21:01 UTC,Pacific Time (US & Canada),research,2,0,False,False,https://inaturalist-open-data.s3.amazonaws.com/photos/628063529/medium.jpg,,,
49699,Pisaster ochraceus,Ochre Sea Star,Animalia,Ochre Sea Star,32.871673808,-117.2535612323,7.0,"North Pacific Ocean, CA, US",2026-03-23,2026-03-23 14:21:38 UTC,Pacific Time (US & Canada),research,2,0,False,False,https://inaturalist-open-data.s3.amazonaws.com/photos/628064313/medium.jpg,,,
49699,Pisaster ochraceus,Ochre Sea Star,Animalia,Ochre Sea Star,32.8716773156,-117.2535976984,8.0,"North Pacific Ocean, CA, US",2026-03-23,2026-03-23 14:22:36 UTC,Pacific Time (US & Canada),research,2,0,False,False,https://inaturalist-open-data.s3.amazonaws.com/photos/628064091/medium.jpg,,,
49699,Pisaster ochraceus,Ochre Sea Star,Animalia,Ochre Sea Star,32.8716760239,-117.2535916907,7.0,"North Pacific Ocean, CA, US",2026-03-23,2026-03-23 14:23:35 UTC,Pacific Time (US & Canada),research,1,0,False,False,https://inaturalist-open-data.s3.amazonaws.com/photos/628064366/medium.jpg,,,
49699,Pisaster ochraceus,Ochre Sea Star,Animalia,Ochre Sea Star,32.8713764434,-117.2535788681,4.0,"CA, US",2026-03-23,2026-03-23 14:20:03 UTC,Pacific Time (US & Canada),research,1,0,False,False,https://inaturalist-open-data.s3.amazonaws.com/photos/628064335/medium.jpg,,,
49699,Pisaster ochraceus,Ochre Sea Star,Animalia,Ochre Sea Star,32.8716958453,-117.2535451772,6.0,"North Pacific Ocean, CA, US",2026-03-23,2026-03-23 14:24:53 UTC,Pacific Time (US & Canada),research,2,0,False,False,https://inaturalist-open-data.s3.amazonaws.com/photos/628065947/medium.jpg,,,
49699,Pisaster ochraceus,Ochre Sea Star,Animalia,Ochre Sea Star,32.8714223624,-117.253620763,2.0,"North Pacific Ocean, CA, US",2026-03-23,2026-03-23 14:25:20 UTC,Pacific Time (US & Canada),research,2,0,False,False,https://inaturalist-open-data.s3.amazonaws.com/photos/628065017/medium.jpg,,,
49699,Pisaster ochraceus,Ochre Sea Star,Animalia,Ochre Sea Star,32.87140622,-117.25365377,9.0,"La Jolla Shores Dr & Shellback Way, San Diego, CA 92037, USA",2026-03-23,2026-03-23 14:24:45 UTC,Pacific Time (US & Canada),research,2,0,False,False,https://inaturalist-open-data.s3.amazonaws.com/photos/628064974/medium.jpg,,,
49699,Pisaster ochraceus,Ochre Sea Star,Animalia,Ochre Sea Star,32.8714513275,-117.2535703821,6.0,"CA, US",2026-03-23,2026-03-23 14:16:37 UTC,Pacific Time (US & Canada),research,2,0,False,False,https://inaturalist-open-data.s3.amazonaws.com/photos/628065050/medium.jpg,,,
49699,Pisaster ochraceus,Ochre Sea Star,Animalia,Ochre Sea Star,32.8715593159,-117.2532380603,134.0,"North Pacific Ocean, CA, US",2026-03-23,2026-03-23 14:25:32 UTC,Pacific Time (US & Canada),research,1,0,False,False,https://inaturalist-open-data.s3.amazonaws.com/photos/628065154/medium.jpg,,,
49699,Pisaster ochraceus,Ochre Sea Star,Animalia,Ochre Sea Star,32.87144745,-117.25371208,9.0,"La Jolla Shores Dr & Shellback Way, San Diego, CA 92037, USA",2026-03-23,2026-03-23 14:25:15 UTC,Pacific Time (US & Canada),research,1,0,False,False,https://inaturalist-open-data.s3.amazonaws.com/photos/628065277/medium.jpg,,,
49699,Pisaster ochraceus,Ochre Sea Star,Animalia,Ochre Sea Star,32.87144114,-117.25366595,8.0,"La Jolla Shores Dr & Shellback Way, San Diego, CA 92037, USA",2026-03-23,2026-03-23 14:27:08 UTC,Pacific Time (US & Canada),research,2,0,False,False,https://inaturalist-open-data.s3.amazonaws.com/photos/628065998/medium.jpg,,,
49699,Pisaster ochraceus,Ochre Sea Star,Animalia,Ochre Sea Star,32.8717229491,-117.253527278,8.0,"North Pacific Ocean, CA, US",2026-03-23,2026-03-23 14:27:54 UTC,Pacific Time (US & Canada),research,2,0,False,False,https://inaturalist-open-data.s3.amazonaws.com/photos/628066005/medium.jpg,,,
49699,Pisaster ochraceus,Ochre Sea Star,Animalia,Ochre Sea Star,32.8717507144,-117.2535119372,6.0,"North Pacific Ocean, CA, US",2026-03-23,2026-03-23 14:29:16 UTC,Pacific Time (US & Canada),research,1,0,False,False,https://inaturalist-open-data.s3.amazonaws.com/photos/628066449/medium.jpg,,,
49699,Pisaster ochraceus,Ochre Sea Star,Animalia,Ochre Sea Star,32.87135563,-117.25373592,5.0,"La Jolla Shores Dr & Shellback Way, San Diego, CA 92037, USA",2026-03-23,2026-03-23 14:29:12 UTC,Pacific Time (US & Canada),research,1,0,False,False,https://inaturalist-open-data.s3.amazonaws.com/photos/628066579/medium.jpg,,,
49699,Pisaster ochraceus,Ochre Sea Star,Animalia,Ochre Sea Star,32.8712905861,-117.2535065125,13.0,"North Pacific Ocean, CA, US",2026-03-23,2026-03-23 14:29:46 UTC,Pacific Time (US & Canada),research,4,1,False,False,https://inaturalist-open-data.s3.amazonaws.com/photos/628066655/medium.jpg,,,
49699,Pisaster ochraceus,Ochre Sea Star,Animalia,Ochre Sea Star,32.871756642,-117.2535199258,6.0,"North Pacific Ocean, CA, US",2026-03-23,2026-03-23 14:30:15 UTC,Pacific Time (US & Canada),research,2,0,False,False,https://inaturalist-open-data.s3.amazonaws.com/photos/628066937/medium.jpg,,,
49699,Pisaster ochraceus,Ochre Sea Star,Animalia,Ochre Sea Star,32.8715467005,-117.253596982,6.0,"North Pacific Ocean, CA, US",2026-03-23,2026-03-23 14:33:43 UTC,Pacific Time (US & Canada),research,2,0,False,False,https://inaturalist-open-data.s3.amazonaws.com/photos/628067961/medium.jpg,,,
49699,Pisaster ochraceus,Ochre Sea Star,Animalia,Ochre Sea Star,32.8711275388,-117.2534082418,987.0,"North Pacific Ocean, CA, US",2026-03-23,2026-03-23 14:34:42 UTC,Pacific Time (US & Canada),research,2,0,False,False,https://inaturalist-open-data.s3.amazonaws.com/photos/628068160/medium.jpg,,,
49699,Pisaster ochraceus,Ochre Sea Star,Animalia,Ochre Sea Star,32.8716318204,-117.2535830394,5.0,"North Pacific Ocean, CA, US",2026-03-23,2026-03-23 14:42:38 UTC,Pacific Time (US & Canada),research,4,1,False,False,https://inaturalist-open-data.s3.amazonaws.com/photos/628076610/medium.jpg,,,
49699,Pisaster ochraceus,Ochre Sea Star,Animalia,Ochre Sea Star,32.8718341214,-117.2534587262,10.0,"La Jolla Shores Ln, San Diego, CA, US",2026-03-23,2026-03-23 14:50:12 UTC,Pacific Time (US & Canada),research,2,0,False,False,https://inaturalist-open-data.s3.amazonaws.com/photos/628075186/medium.jpg,,,
49699,Pisaster ochraceus,Ochre Sea Star,Animalia,Ochre Sea Star,32.8716204561,-117.2535756956,12.0,"La Jolla, San Diego, CA, US",2026-03-23,2026-03-23 14:46:43 UTC,Pacific Time (US & Canada),research,1,0,False,False,https://inaturalist-open-data.s3.amazonaws.com/photos/628089295/medium.jpg,,,
49699,Pisaster ochraceus,Ochre Sea Star,Animalia,Ochre Sea Star,32.8720113547,-117.2517639593,86.0,"La Jolla Shores Ln, San Diego, CA, US",2026-03-23,2026-03-23 14:53:30 UTC,Pacific Time (US & Canada),research,1,0,False,False,https://inaturalist-open-data.s3.amazonaws.com/photos/628089357/medium.jpg,,,
49699,Pisaster ochraceus,Ochre Sea Star,Animalia,Ochre Sea Star,32.8716758641,-117.2533575696,7.0,"CA, US",2025-12-31,2025-12-31 19:29:24 UTC,Pacific Time (US & Canada),research,1,0,False,False,https://static.inaturalist.org/photos/628263198/medium.jpg,,,
49699,Pisaster ochraceus,Ochre Sea Star,Animalia,Ochre Sea Star,32.8714866667,-117.2537166667,2.0,"San Diego County, US-CA, US",2026-01-18,2026-01-18 23:35:10 UTC,Pacific Time (US & Canada),research,1,0,False,False,https://inaturalist-open-data.s3.amazonaws.com/photos/628325675/medium.jpg,,,
49699,Pisaster ochraceus,Ochre Sea Star,Animalia,Ochre Sea Star,32.8666389466,-117.2544936844,36.0,"Naga Way, CA, US",2026-03-23,2026-03-23 13:00:00 UTC,Pacific Time (US & Canada),research,1,0,False,False,https://inaturalist-open-data.s3.amazonaws.com/photos/628526223/medium.jpg,,,
49699,Pisaster ochraceus,Ochre Sea Star,Animalia,Ochre Sea Star,32.8667948127,-117.2543750192,69.0,"Naga Way, CA, US",2026-03-23,2026-03-23 14:04:00 UTC,Pacific Time (US & Canada),research,2,0,False,False,https://inaturalist-open-data.s3.amazonaws.com/photos/628526572/medium.jpg,,,
49699,Pisaster ochraceus,Ochre Sea Star,Animalia,Ochre Sea Star,32.871655,-117.2537166667,3.0,"CA, US",2023-03-19,2023-03-19 22:19:09 UTC,Pacific Time (US & Canada),research,1,0,False,False,https://inaturalist-open-data.s3.amazonaws.com/photos/628722986/medium.jpg,,,
49699,Pisaster ochraceus,Ochre Sea Star,Animalia,Ochre Sea Star,32.8700466667,-117.2538083333,3.0,"CA, US",2024-07-23,2024-07-23 12:42:02 UTC,Pacific Time (US & Canada),research,1,0,False,False,https://inaturalist-open-data.s3.amazonaws.com/photos/628725993/medium.jpg,,,
49699,Pisaster ochraceus,Ochre Sea Star,Animalia,Ochre Sea Star,32.8700633333,-117.2538133333,4.0,"CA, US",2024-07-23,2024-07-23 12:43:07 UTC,Pacific Time (US & Canada),research,1,0,False,False,https://inaturalist-open-data.s3.amazonaws.com/photos/628729166/medium.jpg,,,
49699,Pisaster ochraceus,Ochre Sea Star,Animalia,Ochre Sea Star,32.8717033333,-117.2536,3.0,"CA, US",2024-12-12,2024-12-12 21:44:16 UTC,Pacific Time (US & Canada),research,1,0,False,False,https://inaturalist-open-data.s3.amazonaws.com/photos/628729230/medium.jpg,,,
49699,Pisaster ochraceus,Ochre Sea Star,Animalia,Ochre Sea Star,32.8721166667,-117.2530133333,3.0,"CA, US",2026-03-25,2026-03-25 18:14:37 UTC,Pacific Time (US & Canada),research,1,0,False,False,https://inaturalist-open-data.s3.amazonaws.com/photos/629044231/medium.jpg,,,
49699,Pisaster ochraceus,Ochre Sea Star,Animalia,Ochre Sea Star,32.871376035,-117.2537215346,225.0,"CA, US",2026-03-25,2026-03-25 18:31:12 UTC,Pacific Time (US & Canada),research,1,0,False,False,https://inaturalist-open-data.s3.amazonaws.com/photos/629044400/medium.jpg,,,
49699,Pisaster ochraceus,Ochre Sea Star,Animalia,Ochre Sea Star,32.8715286554,-117.2536437272,247.0,"CA, US",2026-03-25,2026-03-25 18:32:09 UTC,Pacific Time (US & Canada),research,1,0,False,False,https://inaturalist-open-data.s3.amazonaws.com/photos/629044432/medium.jpg,,,
49699,Pisaster ochraceus,Ochre Sea Star,Animalia,Ochre Sea Star,32.6766471863,-117.1739349365,359.0,Coronado,2026-03-20,2026-03-20 23:40:34 UTC,Pacific Time (US & Canada),research,2,0,False,False,https://inaturalist-open-data.s3.amazonaws.com/photos/629128195/medium.jpg,,,
49699,Pisaster ochraceus,Ochre Sea Star,Animalia,Ochre Sea Star,32.86647,-117.2550666667,3.0,"North Pacific Ocean, CA, US",2026-01-21,2026-01-22 00:14:00 UTC,Pacific Time (US & Canada),research,2,0,False,False,https://inaturalist-open-data.s3.amazonaws.com/photos/629331989/medium.jpg,,,
49699,Pisaster ochraceus,Ochre Sea Star,Animalia,Ochre Sea Star,32.8714074873,-117.2533953935,166.0,"La Jolla Shores Dr & Shellback Way, San Diego, CA 92037, USA",2026-03-26,2026-03-26 19:10:44 UTC,Pacific Time (US & Canada),research,1,0,False,False,https://inaturalist-open-data.s3.amazonaws.com/photos/629360481/medium.jpg,,,
49699,Pisaster ochraceus,Ochre Sea Star,Animalia,Ochre Sea Star,32.8663973,-117.2565285,4438.0,"North Pacific Ocean, CA, US",2026-03-26,2026-03-26 20:44:22 UTC,Pacific Time (US & Canada),research,1,0,False,False,https://static.inaturalist.org/photos/629358947/medium.jpg,,,
49699,Pisaster ochraceus,Ochre Sea Star,Animalia,Ochre Sea Star,32.8709592,-117.2457492,,"La Jolla Shores Dr & Horizon Way, San Diego, CA 92037, USA",2026-03-26,2026-03-26 18:54:14 UTC,Pacific Time (US & Canada),research,3,0,False,False,https://static.inaturalist.org/photos/629612450/medium.jpg,,,
49699,Pisaster ochraceus,Ochre Sea Star,Animalia,Ochre Sea Star,32.8673842,-117.2537015,,"La Jolla Shores Dr & Downwind Way, San Diego, CA 92037, USA",2026-03-26,2026-03-26 18:40:02 UTC,Pacific Time (US & Canada),research,3,0,False,False,https://static.inaturalist.org/photos/629612541/medium.jpg,,,
49699,Pisaster ochraceus,Ochre Sea Star,Animalia,Ochre Sea Star,32.8719636456,-117.253132435,43.0,"North Pacific Ocean, CA, US",2026-03-27,2026-03-27 20:18:00 UTC,Pacific Time (US & Canada),research,1,0,False,False,https://inaturalist-open-data.s3.amazonaws.com/photos/629906529/medium.jpg,,,
49699,Pisaster ochraceus,Ochre Sea Star,Animalia,Ochre Sea Star,32.907299623,-117.2561790051,3.0,"San Diego County, US-CA, US",2026-01-28,2026-01-28 21:10:02 UTC,Pacific Time (US & Canada),research,1,0,False,False,https://inaturalist-open-data.s3.amazonaws.com/photos/630047430/medium.jpg,,,
49699,Pisaster ochraceus,Ochre Sea Star,Animalia,Ochre Sea Star,32.9072960789,-117.2561624509,2.0,"CA, US",2026-01-28,2026-01-28 21:11:54 UTC,Pacific Time (US & Canada),research,1,0,False,False,https://inaturalist-open-data.s3.amazonaws.com/photos/630047489/medium.jpg,,,
49699,Pisaster ochraceus,Ochre Sea Star,Animalia,Ochre Sea Star,32.907314972,-117.2562202997,4.0,"CA, US",2026-02-12,2026-02-12 20:45:13 UTC,Pacific Time (US & Canada),research,1,0,False,False,https://inaturalist-open-data.s3.amazonaws.com/photos/630047623/medium.jpg,,,
49699,Pisaster ochraceus,Ochre Sea Star,Animalia,Ochre Sea Star,32.9119533333,-117.25795,8.0,"North Pacific Ocean, CA, US",2026-03-28,2026-03-28 21:37:32 UTC,Pacific Time (US & Canada),research,1,0,False,False,https://inaturalist-open-data.s3.amazonaws.com/photos/630233177/medium.jpg,,,
49699,Pisaster ochraceus,Ochre Sea Star,Animalia,Ochre Sea Star,32.871997,-117.2530619722,,"La Jolla Shores Dr & Shellback Way, San Diego, CA 92037, USA",2026-03-28,2026-03-28 21:19:05 UTC,Pacific Time (US & Canada),research,1,0,False,False,https://inaturalist-open-data.s3.amazonaws.com/photos/630262595/medium.jpg,,,
49699,Pisaster ochraceus,Ochre Sea Star,Animalia,Ochre Sea Star,32.869979,-117.25368,,"La Jolla Shores Dr & Biological Grade, San Diego, CA 92037, USA",2026-03-28,2026-03-28 20:59:26 UTC,Pacific Time (US & Canada),research,1,0,False,False,https://inaturalist-open-data.s3.amazonaws.com/photos/630265958/medium.jpg,,,
49699,Pisaster ochraceus,Ochre Sea Star,Animalia,Ochre Sea Star,32.8717045682,-117.253226846,85.0,"North Pacific Ocean, CA, US",2026-03-29,2026-03-29 21:07:52 UTC,Pacific Time (US & Canada),research,1,0,False,False,https://inaturalist-open-data.s3.amazonaws.com/photos/630771623/medium.jpg,,,
49699,Pisaster ochraceus,Ochre Sea Star,Animalia,Ochre Sea Star,32.870995,-117.2535783333,2.0,"CA, US",2026-03-29,2026-03-29 21:40:39 UTC,Pacific Time (US & Canada),research,1,0,False,False,https://inaturalist-open-data.s3.amazonaws.com/photos/630812055/medium.jpg,,,
49699,Pisaster ochraceus,Ochre Sea Star,Animalia,Ochre Sea Star,32.8718216667,-117.251755,264.0,"La Jolla Shores Ln, San Diego, CA, US",2026-03-30,2026-03-30 21:18:13 UTC,Pacific Time (US & Canada),research,1,0,False,False,https://inaturalist-open-data.s3.amazonaws.com/photos/631135356/medium.jpg,,,
49699,Pisaster ochraceus,Ochre Sea Star,Animalia,Ochre Sea Star,32.80737,-117.26493,4.0,"North Pacific Ocean, CA, US",2026-03-29,2026-03-29 20:45:43 UTC,Pacific Time (US & Canada),research,2,0,False,False,https://static.inaturalist.org/photos/631136931/medium.jpg,,,
49699,Pisaster ochraceus,Ochre Sea Star,Animalia,Ochre Sea Star,32.8078041077,-117.2684020996,,San Diego County,2024-10-18,2024-10-18 23:39:58 UTC,Pacific Time (US & Canada),research,1,0,False,False,https://inaturalist-open-data.s3.amazonaws.com/photos/631189796/medium.jpg,,,
49699,Pisaster ochraceus,Ochre Sea Star,Animalia,Ochre Sea Star,32.8714633333,-117.2536616667,3.0,"CA, US",2026-03-30,2026-03-30 21:05:52 UTC,Pacific Time (US & Canada),research,1,0,False,False,https://inaturalist-open-data.s3.amazonaws.com/photos/631485436/medium.jpg,,,
49699,Pisaster ochraceus,Ochre Sea Star,Animalia,Ochre Sea Star,32.871175,-117.2533283333,13.0,"CA, US",2026-03-30,2026-03-30 21:16:28 UTC,Pacific Time (US & Canada),research,1,0,False,False,https://inaturalist-open-data.s3.amazonaws.com/photos/631485562/medium.jpg,,,
49699,Pisaster ochraceus,Ochre Sea Star,Animalia,Ochre Sea Star,32.8711966667,-117.2535383333,3.0,"CA, US",2026-03-30,2026-03-30 21:14:03 UTC,Pacific Time (US & Canada),research,1,0,False,False,https://inaturalist-open-data.s3.amazonaws.com/photos/631485664/medium.jpg,,,
49699,Pisaster ochraceus,Ochre Sea Star,Animalia,Ochre Sea Star,32.8699277778,-117.2536166667,6.0,"San Diego County, CA, USA",2026-03-21,2026-03-21 22:15:00 UTC,Pacific Time (US & Canada),research,1,0,False,False,https://inaturalist-open-data.s3.amazonaws.com/photos/631683622/medium.jpg,,,
49699,Pisaster ochraceus,Ochre Sea Star,Animalia,Ochre Sea Star,32.8720805556,-117.2511444444,,"La Jolla Shores Dr & Shellback Way, San Diego, CA 92037, USA",2026-03-18,2026-03-18 23:39:55 UTC,Pacific Time (US & Canada),research,1,0,False,False,https://static.inaturalist.org/photos/631965651/medium.jpg,,,
49699,Pisaster ochraceus,Ochre Sea Star,Animalia,Ochre Sea Star,32.8720638889,-117.2512027778,,"La Jolla Shores Dr & Shellback Way, San Diego, CA 92037, USA",2026-03-18,2026-03-18 23:41:06 UTC,Pacific Time (US & Canada),research,1,0,False,False,https://static.inaturalist.org/photos/631965832/medium.jpg,,,
49699,Pisaster ochraceus,Ochre Sea Star,Animalia,Ochre Sea Star,32.8717716667,-117.2535383333,3.0,"Océano Pacífico Norte, CA, US",2026-04-01,2026-04-01 22:03:27 UTC,Pacific Time (US & Canada),research,1,0,False,False,https://inaturalist-open-data.s3.amazonaws.com/photos/631988621/medium.jpg,,,
49699,Pisaster ochraceus,Ochre Sea Star,Animalia,Ochre Sea Star,32.7600469784,-117.246074304,114.0,"Mission Bay, San Diego, CA, USA",2026-04-06,2026-04-06 08:23:41 UTC,Pacific Time (US & Canada),research,1,0,False,False,https://inaturalist-open-data.s3.amazonaws.com/photos/634224283/medium.jpg,,,
49699,Pisaster ochraceus,Ochre Sea Star,Animalia,Ochre Sea Star,32.8717416667,-117.2534866667,12.0,"North Pacific Ocean, CA, US",2026-03-29,2026-03-29 20:18:54 UTC,Pacific Time (US & Canada),research,1,0,False,False,https://static.inaturalist.org/photos/634606307/medium.jpg,,,
49699,Pisaster ochraceus,Ochre Sea Star,Animalia,Ochre Sea Star,32.8717333333,-117.2534866667,12.0,"North Pacific Ocean, CA, US",2026-03-29,2026-03-29 20:18:56 UTC,Pacific Time (US & Canada),research,1,0,False,False,https://static.inaturalist.org/photos/634606590/medium.jpg,,,
49699,Pisaster ochraceus,Ochre Sea Star,Animalia,Ochre Sea Star,32.7957307175,-117.2577420809,3.0,"CA, US",2026-03-31,2026-03-31 23:24:50 UTC,Pacific Time (US & Canada),research,1,0,False,False,https://inaturalist-open-data.s3.amazonaws.com/photos/635267891/medium.jpg,,Spotted clinging to the pier at north pacific beach. There were plenty of them under the pier. Mostly dark orange and purple coloring amongst them. Pretty big in size too - about 8 inches in diameter and all looked to be the same size. They were all located on the bottom part of the legs so he tide kept submerging them.,
49699,Pisaster ochraceus,Ochre Sea Star,Animalia,Ochre Sea Star,32.8664633333,-117.2551283333,4.0,"CA, US",2026-03-30,2026-03-30 23:10:29 UTC,Pacific Time (US & Canada),research,2,0,False,False,https://inaturalist-open-data.s3.amazonaws.com/photos/636095945/medium.jpg,,,
49699,Pisaster ochraceus,Ochre Sea Star,Animalia,Ochre Sea Star,32.7441166667,-117.255395,5.0,"North Pacific Ocean, San Diego, CA, US",2026-04-11,2026-04-11 20:22:55 UTC,Pacific Time (US & Canada),research,1,0,False,False,https://static.inaturalist.org/photos/636790687/medium.jpg,,,
49699,Pisaster ochraceus,Ochre Sea Star,Animalia,Ochre Sea Star,32.8095470289,-117.2689072788,56.0,"La Jolla, CA 92037, USA",2026-04-10,2026-04-10 21:24:29 UTC,Pacific Time (US & Canada),research,1,0,False,False,https://inaturalist-open-data.s3.amazonaws.com/photos/636842635/medium.jpg,,,
49699,Pisaster ochraceus,Ochre Sea Star,Animalia,Ochre Sea Star,32.8662842753,-117.254636921,210.0,"La Jolla Shores Dr & Naga Way, San Diego, CA 92037, USA",2026-04-10,2026-04-10 21:33:35 UTC,Pacific Time (US & Canada),research,1,0,False,False,https://inaturalist-open-data.s3.amazonaws.com/photos/636933667/medium.jpg,,,
49699,Pisaster ochraceus,Ochre Sea Star,Animalia,Ochre Sea Star,32.8411111028,-117.2816668823,201.0,"Village of La Jolla, San Diego, CA 92037, USA",2026-03-19,2026-03-19 23:25:17 UTC,Pacific Time (US & Canada),research,2,0,False,False,https://inaturalist-open-data.s3.amazonaws.com/photos/637340399/medium.jpg,,,
49699,Pisaster ochraceus,Ochre Sea Star,Animalia,Ochre Sea Star,32.8662526393,-117.2544951837,8.0,"CA, US",2026-04-11,2026-04-11 19:47:45 UTC,Pacific Time (US & Canada),research,1,0,False,False,https://inaturalist-open-data.s3.amazonaws.com/photos/637524024/medium.jpg,,,
49699,Pisaster ochraceus,Ochre Sea Star,Animalia,Ochre Sea Star,32.871375,-117.2534333333,9.0,"CA, US",2026-04-16,2026-04-16 20:57:18 UTC,Pacific Time (US & Canada),research,1,0,False,False,https://inaturalist-open-data.s3.amazonaws.com/photos/639337482/medium.jpg,,,
49699,Pisaster ochraceus,Ochre Sea Star,Animalia,Ochre Sea Star,32.8077800227,-117.2660284474,269.0,"San Diego County, CA, USA",2026-04-18,2026-04-18 10:59:00 UTC,Pacific Time (US & Canada),research,1,0,False,False,https://inaturalist-open-data.s3.amazonaws.com/photos/640310276/medium.jpg,,,
