filepath,scientific_name,common_name,taxon_id,image_url
cv_dataset/Bombus_pensylvanicus/Bombus_pensylvanicus_1.jpg,Bombus pensylvanicus,American Bumble Bee,56887,https://inaturalist-open-data.s3.amazonaws.com/photos/204283678/medium.jpg
cv_dataset/Bombus_pensylvanicus/Bombus_pensylvanicus_2.jpg,Bombus pensylvanicus,American Bumble Bee,56887,https://inaturalist-open-data.s3.amazonaws.com/photos/204706413/medium.jpg
cv_dataset/Bombus_pensylvanicus/Bombus_pensylvanicus_3.jpg,Bombus pensylvanicus,American Bumble Bee,56887,https://inaturalist-open-data.s3.amazonaws.com/photos/624739805/medium.jpg
cv_dataset/Bombus_pensylvanicus/Bombus_pensylvanicus_4.jpg,Bombus pensylvanicus,American Bumble Bee,56887,https://static.inaturalist.org/photos/243933767/medium.jpg
cv_dataset/Bombus_pensylvanicus/Bombus_pensylvanicus_5.jpg,Bombus pensylvanicus,American Bumble Bee,56887,https://inaturalist-open-data.s3.amazonaws.com/photos/505488748/medium.jpg
cv_dataset/Bombus_pensylvanicus/Bombus_pensylvanicus_6.jpg,Bombus pensylvanicus,American Bumble Bee,56887,https://static.inaturalist.org/photos/5074140/medium.jpg
cv_dataset/Bombus_pensylvanicus/Bombus_pensylvanicus_7.jpg,Bombus pensylvanicus,American Bumble Bee,56887,https://static.inaturalist.org/photos/202553833/medium.jpg
cv_dataset/Bombus_pensylvanicus/Bombus_pensylvanicus_8.jpg,Bombus pensylvanicus,American Bumble Bee,56887,https://inaturalist-open-data.s3.amazonaws.com/photos/504620615/medium.jpg
cv_dataset/Bombus_pensylvanicus/Bombus_pensylvanicus_9.jpg,Bombus pensylvanicus,American Bumble Bee,56887,https://static.inaturalist.org/photos/5069173/medium.jpg
cv_dataset/Bombus_pensylvanicus/Bombus_pensylvanicus_10.jpg,Bombus pensylvanicus,American Bumble Bee,56887,https://inaturalist-open-data.s3.amazonaws.com/photos/575680753/medium.jpg
cv_dataset/Bombus_pensylvanicus/Bombus_pensylvanicus_11.jpg,Bombus pensylvanicus,American Bumble Bee,56887,https://inaturalist-open-data.s3.amazonaws.com/photos/9551587/medium.jpg
cv_dataset/Bombus_pensylvanicus/Bombus_pensylvanicus_12.jpg,Bombus pensylvanicus,American Bumble Bee,56887,https://inaturalist-open-data.s3.amazonaws.com/photos/46054694/medium.jpg
cv_dataset/Bombus_pensylvanicus/Bombus_pensylvanicus_13.jpg,Bombus pensylvanicus,American Bumble Bee,56887,https://inaturalist-open-data.s3.amazonaws.com/photos/575259839/medium.jpg
cv_dataset/Bombus_pensylvanicus/Bombus_pensylvanicus_14.jpg,Bombus pensylvanicus,American Bumble Bee,56887,https://inaturalist-open-data.s3.amazonaws.com/photos/504353594/medium.jpg
cv_dataset/Bombus_pensylvanicus/Bombus_pensylvanicus_15.jpg,Bombus pensylvanicus,American Bumble Bee,56887,https://inaturalist-open-data.s3.amazonaws.com/photos/202526655/medium.jpg
cv_dataset/Bombus_pensylvanicus/Bombus_pensylvanicus_16.jpg,Bombus pensylvanicus,American Bumble Bee,56887,https://inaturalist-open-data.s3.amazonaws.com/photos/23734388/medium.jpg
cv_dataset/Bombus_pensylvanicus/Bombus_pensylvanicus_17.jpg,Bombus pensylvanicus,American Bumble Bee,56887,https://inaturalist-open-data.s3.amazonaws.com/photos/504953990/medium.jpg
cv_dataset/Bombus_pensylvanicus/Bombus_pensylvanicus_18.jpg,Bombus pensylvanicus,American Bumble Bee,56887,https://inaturalist-open-data.s3.amazonaws.com/photos/575261245/medium.jpg
cv_dataset/Bombus_pensylvanicus/Bombus_pensylvanicus_19.jpg,Bombus pensylvanicus,American Bumble Bee,56887,https://inaturalist-open-data.s3.amazonaws.com/photos/508350790/medium.jpg
cv_dataset/Bombus_pensylvanicus/Bombus_pensylvanicus_20.jpg,Bombus pensylvanicus,American Bumble Bee,56887,https://inaturalist-open-data.s3.amazonaws.com/photos/504547939/medium.jpg
cv_dataset/Bombus_pensylvanicus/Bombus_pensylvanicus_21.jpg,Bombus pensylvanicus,American Bumble Bee,56887,https://inaturalist-open-data.s3.amazonaws.com/photos/335635892/medium.jpg
cv_dataset/Bombus_pensylvanicus/Bombus_pensylvanicus_22.jpg,Bombus pensylvanicus,American Bumble Bee,56887,https://inaturalist-open-data.s3.amazonaws.com/photos/506146866/medium.jpg
cv_dataset/Bombus_pensylvanicus/Bombus_pensylvanicus_23.jpg,Bombus pensylvanicus,American Bumble Bee,56887,https://inaturalist-open-data.s3.amazonaws.com/photos/574969145/medium.jpg
cv_dataset/Bombus_pensylvanicus/Bombus_pensylvanicus_24.jpg,Bombus pensylvanicus,American Bumble Bee,56887,https://inaturalist-open-data.s3.amazonaws.com/photos/575372331/medium.jpg
cv_dataset/Bombus_pensylvanicus/Bombus_pensylvanicus_25.jpg,Bombus pensylvanicus,American Bumble Bee,56887,https://inaturalist-open-data.s3.amazonaws.com/photos/569319016/medium.jpg
cv_dataset/Bombus_pensylvanicus/Bombus_pensylvanicus_26.jpg,Bombus pensylvanicus,American Bumble Bee,56887,https://static.inaturalist.org/photos/202530916/medium.jpg
cv_dataset/Bombus_pensylvanicus/Bombus_pensylvanicus_27.jpg,Bombus pensylvanicus,American Bumble Bee,56887,https://inaturalist-open-data.s3.amazonaws.com/photos/589058855/medium.jpg
cv_dataset/Bombus_pensylvanicus/Bombus_pensylvanicus_28.jpg,Bombus pensylvanicus,American Bumble Bee,56887,https://inaturalist-open-data.s3.amazonaws.com/photos/410025920/medium.jpeg
cv_dataset/Bombus_pensylvanicus/Bombus_pensylvanicus_29.jpg,Bombus pensylvanicus,American Bumble Bee,56887,https://inaturalist-open-data.s3.amazonaws.com/photos/575108925/medium.jpg
cv_dataset/Bombus_pensylvanicus/Bombus_pensylvanicus_30.jpg,Bombus pensylvanicus,American Bumble Bee,56887,https://inaturalist-open-data.s3.amazonaws.com/photos/364026296/medium.jpg
cv_dataset/Bombus_pensylvanicus/Bombus_pensylvanicus_31.jpg,Bombus pensylvanicus,American Bumble Bee,56887,https://static.inaturalist.org/photos/40575036/medium.jpg
cv_dataset/Bombus_pensylvanicus/Bombus_pensylvanicus_32.jpg,Bombus pensylvanicus,American Bumble Bee,56887,https://inaturalist-open-data.s3.amazonaws.com/photos/30670477/medium.jpeg
cv_dataset/Bombus_pensylvanicus/Bombus_pensylvanicus_33.jpg,Bombus pensylvanicus,American Bumble Bee,56887,https://inaturalist-open-data.s3.amazonaws.com/photos/570723441/medium.jpg
cv_dataset/Bombus_pensylvanicus/Bombus_pensylvanicus_34.jpg,Bombus pensylvanicus,American Bumble Bee,56887,https://static.inaturalist.org/photos/329805502/medium.jpg
cv_dataset/Bombus_pensylvanicus/Bombus_pensylvanicus_35.jpg,Bombus pensylvanicus,American Bumble Bee,56887,https://inaturalist-open-data.s3.amazonaws.com/photos/543918909/medium.jpg
cv_dataset/Bombus_pensylvanicus/Bombus_pensylvanicus_36.jpg,Bombus pensylvanicus,American Bumble Bee,56887,https://inaturalist-open-data.s3.amazonaws.com/photos/624735371/medium.jpg
cv_dataset/Bombus_pensylvanicus/Bombus_pensylvanicus_37.jpg,Bombus pensylvanicus,American Bumble Bee,56887,https://inaturalist-open-data.s3.amazonaws.com/photos/41224366/medium.jpeg
cv_dataset/Bombus_pensylvanicus/Bombus_pensylvanicus_38.jpg,Bombus pensylvanicus,American Bumble Bee,56887,https://inaturalist-open-data.s3.amazonaws.com/photos/424133585/medium.jpg
cv_dataset/Bombus_pensylvanicus/Bombus_pensylvanicus_39.jpg,Bombus pensylvanicus,American Bumble Bee,56887,https://inaturalist-open-data.s3.amazonaws.com/photos/202536861/medium.jpg
cv_dataset/Bombus_pensylvanicus/Bombus_pensylvanicus_40.jpg,Bombus pensylvanicus,American Bumble Bee,56887,https://inaturalist-open-data.s3.amazonaws.com/photos/321865847/medium.jpg
cv_dataset/Bombus_pensylvanicus/Bombus_pensylvanicus_41.jpg,Bombus pensylvanicus,American Bumble Bee,56887,https://inaturalist-open-data.s3.amazonaws.com/photos/243885971/medium.jpg
cv_dataset/Bombus_pensylvanicus/Bombus_pensylvanicus_42.jpg,Bombus pensylvanicus,American Bumble Bee,56887,https://inaturalist-open-data.s3.amazonaws.com/photos/5074131/medium.jpg
cv_dataset/Bombus_pensylvanicus/Bombus_pensylvanicus_43.jpg,Bombus pensylvanicus,American Bumble Bee,56887,https://inaturalist-open-data.s3.amazonaws.com/photos/40672730/medium.jpg
cv_dataset/Bombus_pensylvanicus/Bombus_pensylvanicus_44.jpg,Bombus pensylvanicus,American Bumble Bee,56887,https://inaturalist-open-data.s3.amazonaws.com/photos/198514117/medium.jpg
cv_dataset/Bombus_pensylvanicus/Bombus_pensylvanicus_45.jpg,Bombus pensylvanicus,American Bumble Bee,56887,https://inaturalist-open-data.s3.amazonaws.com/photos/505838713/medium.jpg
cv_dataset/Bombus_pensylvanicus/Bombus_pensylvanicus_46.jpg,Bombus pensylvanicus,American Bumble Bee,56887,https://static.inaturalist.org/photos/202516477/medium.jpg
cv_dataset/Bombus_pensylvanicus/Bombus_pensylvanicus_47.jpg,Bombus pensylvanicus,American Bumble Bee,56887,https://static.inaturalist.org/photos/40574817/medium.jpg
cv_dataset/Bombus_pensylvanicus/Bombus_pensylvanicus_48.jpg,Bombus pensylvanicus,American Bumble Bee,56887,https://static.inaturalist.org/photos/202526921/medium.jpg
cv_dataset/Strymon_melinus/Strymon_melinus_1.jpg,Strymon melinus,Gray Hairstreak,50931,https://static.inaturalist.org/photos/40557572/medium.jpg
cv_dataset/Strymon_melinus/Strymon_melinus_2.jpg,Strymon melinus,Gray Hairstreak,50931,https://inaturalist-open-data.s3.amazonaws.com/photos/5069021/medium.jpg
cv_dataset/Strymon_melinus/Strymon_melinus_3.jpg,Strymon melinus,Gray Hairstreak,50931,https://inaturalist-open-data.s3.amazonaws.com/photos/202524758/medium.jpg
cv_dataset/Strymon_melinus/Strymon_melinus_4.jpg,Strymon melinus,Gray Hairstreak,50931,https://inaturalist-open-data.s3.amazonaws.com/photos/41224591/medium.jpeg
cv_dataset/Strymon_melinus/Strymon_melinus_5.jpg,Strymon melinus,Gray Hairstreak,50931,https://static.inaturalist.org/photos/40473733/medium.jpg
cv_dataset/Strymon_melinus/Strymon_melinus_6.jpg,Strymon melinus,Gray Hairstreak,50931,https://inaturalist-open-data.s3.amazonaws.com/photos/508482410/medium.jpg
cv_dataset/Strymon_melinus/Strymon_melinus_7.jpg,Strymon melinus,Gray Hairstreak,50931,https://inaturalist-open-data.s3.amazonaws.com/photos/41099247/medium.jpg
cv_dataset/Strymon_melinus/Strymon_melinus_8.jpg,Strymon melinus,Gray Hairstreak,50931,https://inaturalist-open-data.s3.amazonaws.com/photos/515710704/medium.jpg
cv_dataset/Strymon_melinus/Strymon_melinus_9.jpg,Strymon melinus,Gray Hairstreak,50931,https://inaturalist-open-data.s3.amazonaws.com/photos/505840582/medium.jpg
cv_dataset/Strymon_melinus/Strymon_melinus_10.jpg,Strymon melinus,Gray Hairstreak,50931,https://inaturalist-open-data.s3.amazonaws.com/photos/504160589/medium.jpg
cv_dataset/Strymon_melinus/Strymon_melinus_11.jpg,Strymon melinus,Gray Hairstreak,50931,https://inaturalist-open-data.s3.amazonaws.com/photos/506418621/medium.jpg
cv_dataset/Strymon_melinus/Strymon_melinus_12.jpg,Strymon melinus,Gray Hairstreak,50931,https://inaturalist-open-data.s3.amazonaws.com/photos/132352113/medium.jpg
cv_dataset/Strymon_melinus/Strymon_melinus_13.jpg,Strymon melinus,Gray Hairstreak,50931,https://static.inaturalist.org/photos/202521292/medium.jpg
cv_dataset/Strymon_melinus/Strymon_melinus_14.jpg,Strymon melinus,Gray Hairstreak,50931,https://inaturalist-open-data.s3.amazonaws.com/photos/364195150/medium.jpg
cv_dataset/Strymon_melinus/Strymon_melinus_15.jpg,Strymon melinus,Gray Hairstreak,50931,https://inaturalist-open-data.s3.amazonaws.com/photos/5095818/medium.jpg
cv_dataset/Strymon_melinus/Strymon_melinus_16.jpg,Strymon melinus,Gray Hairstreak,50931,https://static.inaturalist.org/photos/320217239/medium.jpeg
cv_dataset/Strymon_melinus/Strymon_melinus_17.jpg,Strymon melinus,Gray Hairstreak,50931,https://inaturalist-open-data.s3.amazonaws.com/photos/506418703/medium.jpg
cv_dataset/Strymon_melinus/Strymon_melinus_18.jpg,Strymon melinus,Gray Hairstreak,50931,https://inaturalist-open-data.s3.amazonaws.com/photos/505222339/medium.jpg
cv_dataset/Strymon_melinus/Strymon_melinus_19.jpg,Strymon melinus,Gray Hairstreak,50931,https://inaturalist-open-data.s3.amazonaws.com/photos/202557340/medium.jpg
cv_dataset/Strymon_melinus/Strymon_melinus_20.jpg,Strymon melinus,Gray Hairstreak,50931,https://inaturalist-open-data.s3.amazonaws.com/photos/40469078/medium.jpg
cv_dataset/Strymon_melinus/Strymon_melinus_21.jpg,Strymon melinus,Gray Hairstreak,50931,https://inaturalist-open-data.s3.amazonaws.com/photos/202521049/medium.jpg
cv_dataset/Strymon_melinus/Strymon_melinus_22.jpg,Strymon melinus,Gray Hairstreak,50931,https://inaturalist-open-data.s3.amazonaws.com/photos/40468714/medium.jpg
cv_dataset/Strymon_melinus/Strymon_melinus_23.jpg,Strymon melinus,Gray Hairstreak,50931,https://inaturalist-open-data.s3.amazonaws.com/photos/7056689/medium.jpg
cv_dataset/Strymon_melinus/Strymon_melinus_24.jpg,Strymon melinus,Gray Hairstreak,50931,https://inaturalist-open-data.s3.amazonaws.com/photos/5078257/medium.jpg
cv_dataset/Strymon_melinus/Strymon_melinus_25.jpg,Strymon melinus,Gray Hairstreak,50931,https://inaturalist-open-data.s3.amazonaws.com/photos/505233105/medium.jpg
cv_dataset/Strymon_melinus/Strymon_melinus_26.jpg,Strymon melinus,Gray Hairstreak,50931,https://inaturalist-open-data.s3.amazonaws.com/photos/505818117/medium.jpg
cv_dataset/Strymon_melinus/Strymon_melinus_27.jpg,Strymon melinus,Gray Hairstreak,50931,https://inaturalist-open-data.s3.amazonaws.com/photos/18739959/medium.jpg
cv_dataset/Strymon_melinus/Strymon_melinus_28.jpg,Strymon melinus,Gray Hairstreak,50931,https://inaturalist-open-data.s3.amazonaws.com/photos/291061062/medium.jpg
cv_dataset/Strymon_melinus/Strymon_melinus_29.jpg,Strymon melinus,Gray Hairstreak,50931,https://inaturalist-open-data.s3.amazonaws.com/photos/40436637/medium.jpg
cv_dataset/Strymon_melinus/Strymon_melinus_30.jpg,Strymon melinus,Gray Hairstreak,50931,https://static.inaturalist.org/photos/40585390/medium.jpg
cv_dataset/Strymon_melinus/Strymon_melinus_31.jpg,Strymon melinus,Gray Hairstreak,50931,https://inaturalist-open-data.s3.amazonaws.com/photos/505854947/medium.jpg
cv_dataset/Strymon_melinus/Strymon_melinus_32.jpg,Strymon melinus,Gray Hairstreak,50931,https://inaturalist-open-data.s3.amazonaws.com/photos/291061523/medium.jpg
cv_dataset/Strymon_melinus/Strymon_melinus_33.jpg,Strymon melinus,Gray Hairstreak,50931,https://inaturalist-open-data.s3.amazonaws.com/photos/364060665/medium.jpg
cv_dataset/Strymon_melinus/Strymon_melinus_34.jpg,Strymon melinus,Gray Hairstreak,50931,https://inaturalist-open-data.s3.amazonaws.com/photos/41224370/medium.jpeg
cv_dataset/Strymon_melinus/Strymon_melinus_35.jpg,Strymon melinus,Gray Hairstreak,50931,https://inaturalist-open-data.s3.amazonaws.com/photos/506294366/medium.jpg
cv_dataset/Strymon_melinus/Strymon_melinus_36.jpg,Strymon melinus,Gray Hairstreak,50931,https://inaturalist-open-data.s3.amazonaws.com/photos/40439878/medium.jpg
cv_dataset/Strymon_melinus/Strymon_melinus_37.jpg,Strymon melinus,Gray Hairstreak,50931,https://static.inaturalist.org/photos/202527449/medium.jpg
cv_dataset/Strymon_melinus/Strymon_melinus_38.jpg,Strymon melinus,Gray Hairstreak,50931,https://inaturalist-open-data.s3.amazonaws.com/photos/507581585/medium.jpg
cv_dataset/Strymon_melinus/Strymon_melinus_39.jpg,Strymon melinus,Gray Hairstreak,50931,https://inaturalist-open-data.s3.amazonaws.com/photos/295765143/medium.jpg
cv_dataset/Strymon_melinus/Strymon_melinus_40.jpg,Strymon melinus,Gray Hairstreak,50931,https://static.inaturalist.org/photos/40385389/medium.jpg
cv_dataset/Strymon_melinus/Strymon_melinus_41.jpg,Strymon melinus,Gray Hairstreak,50931,https://inaturalist-open-data.s3.amazonaws.com/photos/204026433/medium.jpg
cv_dataset/Strymon_melinus/Strymon_melinus_42.jpg,Strymon melinus,Gray Hairstreak,50931,https://static.inaturalist.org/photos/40395850/medium.jpeg
cv_dataset/Strymon_melinus/Strymon_melinus_43.jpg,Strymon melinus,Gray Hairstreak,50931,https://inaturalist-open-data.s3.amazonaws.com/photos/211520334/medium.jpg
cv_dataset/Strymon_melinus/Strymon_melinus_44.jpg,Strymon melinus,Gray Hairstreak,50931,https://inaturalist-open-data.s3.amazonaws.com/photos/387604653/medium.jpg
cv_dataset/Euptoieta_claudia/Euptoieta_claudia_1.jpg,Euptoieta claudia,Variegated Fritillary,68244,https://inaturalist-open-data.s3.amazonaws.com/photos/5082147/medium.jpeg
cv_dataset/Euptoieta_claudia/Euptoieta_claudia_2.jpg,Euptoieta claudia,Variegated Fritillary,68244,https://inaturalist-open-data.s3.amazonaws.com/photos/632881214/medium.jpg
cv_dataset/Euptoieta_claudia/Euptoieta_claudia_3.jpg,Euptoieta claudia,Variegated Fritillary,68244,https://inaturalist-open-data.s3.amazonaws.com/photos/40588303/medium.jpg
cv_dataset/Euptoieta_claudia/Euptoieta_claudia_4.jpg,Euptoieta claudia,Variegated Fritillary,68244,https://inaturalist-open-data.s3.amazonaws.com/photos/66226937/medium.jpg
cv_dataset/Euptoieta_claudia/Euptoieta_claudia_5.jpg,Euptoieta claudia,Variegated Fritillary,68244,https://inaturalist-open-data.s3.amazonaws.com/photos/203585935/medium.jpeg
cv_dataset/Euptoieta_claudia/Euptoieta_claudia_6.jpg,Euptoieta claudia,Variegated Fritillary,68244,https://inaturalist-open-data.s3.amazonaws.com/photos/204673034/medium.jpg
cv_dataset/Euptoieta_claudia/Euptoieta_claudia_7.jpg,Euptoieta claudia,Variegated Fritillary,68244,https://static.inaturalist.org/photos/40468631/medium.jpg
cv_dataset/Euptoieta_claudia/Euptoieta_claudia_8.jpg,Euptoieta claudia,Variegated Fritillary,68244,https://inaturalist-open-data.s3.amazonaws.com/photos/7001842/medium.jpg
cv_dataset/Euptoieta_claudia/Euptoieta_claudia_9.jpg,Euptoieta claudia,Variegated Fritillary,68244,https://inaturalist-open-data.s3.amazonaws.com/photos/8116482/medium.jpeg
cv_dataset/Euptoieta_claudia/Euptoieta_claudia_10.jpg,Euptoieta claudia,Variegated Fritillary,68244,https://inaturalist-open-data.s3.amazonaws.com/photos/243541441/medium.jpg
cv_dataset/Euptoieta_claudia/Euptoieta_claudia_11.jpg,Euptoieta claudia,Variegated Fritillary,68244,https://static.inaturalist.org/photos/336383788/medium.jpeg
cv_dataset/Euptoieta_claudia/Euptoieta_claudia_12.jpg,Euptoieta claudia,Variegated Fritillary,68244,https://static.inaturalist.org/photos/5075739/medium.jpg
cv_dataset/Euptoieta_claudia/Euptoieta_claudia_13.jpg,Euptoieta claudia,Variegated Fritillary,68244,https://static.inaturalist.org/photos/40445070/medium.jpg
cv_dataset/Euptoieta_claudia/Euptoieta_claudia_14.jpg,Euptoieta claudia,Variegated Fritillary,68244,https://inaturalist-open-data.s3.amazonaws.com/photos/41224633/medium.jpeg
cv_dataset/Euptoieta_claudia/Euptoieta_claudia_15.jpg,Euptoieta claudia,Variegated Fritillary,68244,https://inaturalist-open-data.s3.amazonaws.com/photos/196629275/medium.jpeg
cv_dataset/Euptoieta_claudia/Euptoieta_claudia_16.jpg,Euptoieta claudia,Variegated Fritillary,68244,https://inaturalist-open-data.s3.amazonaws.com/photos/42183825/medium.jpeg
cv_dataset/Euptoieta_claudia/Euptoieta_claudia_17.jpg,Euptoieta claudia,Variegated Fritillary,68244,https://static.inaturalist.org/photos/40440548/medium.jpeg
cv_dataset/Euptoieta_claudia/Euptoieta_claudia_18.jpg,Euptoieta claudia,Variegated Fritillary,68244,https://static.inaturalist.org/photos/381518620/medium.jpg
cv_dataset/Euptoieta_claudia/Euptoieta_claudia_19.jpg,Euptoieta claudia,Variegated Fritillary,68244,https://static.inaturalist.org/photos/381518309/medium.jpg
cv_dataset/Euptoieta_claudia/Euptoieta_claudia_20.jpg,Euptoieta claudia,Variegated Fritillary,68244,https://static.inaturalist.org/photos/40440272/medium.jpg
cv_dataset/Euptoieta_claudia/Euptoieta_claudia_21.jpg,Euptoieta claudia,Variegated Fritillary,68244,https://static.inaturalist.org/photos/203045935/medium.jpg
cv_dataset/Euptoieta_claudia/Euptoieta_claudia_22.jpg,Euptoieta claudia,Variegated Fritillary,68244,https://inaturalist-open-data.s3.amazonaws.com/photos/74639194/medium.jpg
cv_dataset/Euptoieta_claudia/Euptoieta_claudia_23.jpg,Euptoieta claudia,Variegated Fritillary,68244,https://inaturalist-open-data.s3.amazonaws.com/photos/11466190/medium.jpeg
cv_dataset/Euptoieta_claudia/Euptoieta_claudia_24.jpg,Euptoieta claudia,Variegated Fritillary,68244,https://inaturalist-open-data.s3.amazonaws.com/photos/203835895/medium.jpg
cv_dataset/Euptoieta_claudia/Euptoieta_claudia_25.jpg,Euptoieta claudia,Variegated Fritillary,68244,https://inaturalist-open-data.s3.amazonaws.com/photos/40440321/medium.jpg
cv_dataset/Euptoieta_claudia/Euptoieta_claudia_26.jpg,Euptoieta claudia,Variegated Fritillary,68244,https://inaturalist-open-data.s3.amazonaws.com/photos/505846882/medium.jpg
cv_dataset/Euptoieta_claudia/Euptoieta_claudia_27.jpg,Euptoieta claudia,Variegated Fritillary,68244,https://inaturalist-open-data.s3.amazonaws.com/photos/40438357/medium.jpg
cv_dataset/Euptoieta_claudia/Euptoieta_claudia_28.jpg,Euptoieta claudia,Variegated Fritillary,68244,https://static.inaturalist.org/photos/41049540/medium.jpg
cv_dataset/Euptoieta_claudia/Euptoieta_claudia_29.jpg,Euptoieta claudia,Variegated Fritillary,68244,https://inaturalist-open-data.s3.amazonaws.com/photos/279808344/medium.jpeg
cv_dataset/Euptoieta_claudia/Euptoieta_claudia_30.jpg,Euptoieta claudia,Variegated Fritillary,68244,https://static.inaturalist.org/photos/203590717/medium.jpg
cv_dataset/Euptoieta_claudia/Euptoieta_claudia_31.jpg,Euptoieta claudia,Variegated Fritillary,68244,https://static.inaturalist.org/photos/381404336/medium.jpg
cv_dataset/Euptoieta_claudia/Euptoieta_claudia_32.jpg,Euptoieta claudia,Variegated Fritillary,68244,https://inaturalist-open-data.s3.amazonaws.com/photos/574764070/medium.jpg
cv_dataset/Euptoieta_claudia/Euptoieta_claudia_33.jpg,Euptoieta claudia,Variegated Fritillary,68244,https://inaturalist-open-data.s3.amazonaws.com/photos/5080354/medium.jpeg
cv_dataset/Euptoieta_claudia/Euptoieta_claudia_34.jpg,Euptoieta claudia,Variegated Fritillary,68244,https://inaturalist-open-data.s3.amazonaws.com/photos/202483431/medium.jpg
cv_dataset/Euptoieta_claudia/Euptoieta_claudia_35.jpg,Euptoieta claudia,Variegated Fritillary,68244,https://inaturalist-open-data.s3.amazonaws.com/photos/5096292/medium.jpg
cv_dataset/Euptoieta_claudia/Euptoieta_claudia_36.jpg,Euptoieta claudia,Variegated Fritillary,68244,https://inaturalist-open-data.s3.amazonaws.com/photos/291060159/medium.jpg
cv_dataset/Euptoieta_claudia/Euptoieta_claudia_37.jpg,Euptoieta claudia,Variegated Fritillary,68244,https://inaturalist-open-data.s3.amazonaws.com/photos/70836760/medium.jpg
cv_dataset/Euptoieta_claudia/Euptoieta_claudia_38.jpg,Euptoieta claudia,Variegated Fritillary,68244,https://inaturalist-open-data.s3.amazonaws.com/photos/20669853/medium.jpeg
cv_dataset/Euptoieta_claudia/Euptoieta_claudia_39.jpg,Euptoieta claudia,Variegated Fritillary,68244,https://inaturalist-open-data.s3.amazonaws.com/photos/282440466/medium.jpg
cv_dataset/Platycryptus_undatus/Platycryptus_undatus_1.jpg,Platycryptus undatus,Tan Jumping Spider,81839,https://static.inaturalist.org/photos/320024856/medium.jpeg
cv_dataset/Platycryptus_undatus/Platycryptus_undatus_2.jpg,Platycryptus undatus,Tan Jumping Spider,81839,https://static.inaturalist.org/photos/206312188/medium.jpg
cv_dataset/Platycryptus_undatus/Platycryptus_undatus_3.jpg,Platycryptus undatus,Tan Jumping Spider,81839,https://inaturalist-open-data.s3.amazonaws.com/photos/30670501/medium.jpeg
cv_dataset/Platycryptus_undatus/Platycryptus_undatus_4.jpg,Platycryptus undatus,Tan Jumping Spider,81839,https://inaturalist-open-data.s3.amazonaws.com/photos/505768760/medium.jpg
cv_dataset/Platycryptus_undatus/Platycryptus_undatus_5.jpg,Platycryptus undatus,Tan Jumping Spider,81839,https://inaturalist-open-data.s3.amazonaws.com/photos/6050165/medium.jpeg
cv_dataset/Platycryptus_undatus/Platycryptus_undatus_6.jpg,Platycryptus undatus,Tan Jumping Spider,81839,https://inaturalist-open-data.s3.amazonaws.com/photos/7009283/medium.jpg
cv_dataset/Platycryptus_undatus/Platycryptus_undatus_7.jpg,Platycryptus undatus,Tan Jumping Spider,81839,https://inaturalist-open-data.s3.amazonaws.com/photos/415962102/medium.jpeg
cv_dataset/Platycryptus_undatus/Platycryptus_undatus_8.jpg,Platycryptus undatus,Tan Jumping Spider,81839,https://inaturalist-open-data.s3.amazonaws.com/photos/505749371/medium.jpg
cv_dataset/Platycryptus_undatus/Platycryptus_undatus_9.jpg,Platycryptus undatus,Tan Jumping Spider,81839,https://static.inaturalist.org/photos/206304240/medium.jpeg
cv_dataset/Platycryptus_undatus/Platycryptus_undatus_10.jpg,Platycryptus undatus,Tan Jumping Spider,81839,https://inaturalist-open-data.s3.amazonaws.com/photos/504461496/medium.jpg
cv_dataset/Platycryptus_undatus/Platycryptus_undatus_11.jpg,Platycryptus undatus,Tan Jumping Spider,81839,https://inaturalist-open-data.s3.amazonaws.com/photos/203860863/medium.jpg
cv_dataset/Platycryptus_undatus/Platycryptus_undatus_12.jpg,Platycryptus undatus,Tan Jumping Spider,81839,https://inaturalist-open-data.s3.amazonaws.com/photos/206348107/medium.jpg
cv_dataset/Platycryptus_undatus/Platycryptus_undatus_13.jpg,Platycryptus undatus,Tan Jumping Spider,81839,https://inaturalist-open-data.s3.amazonaws.com/photos/204223971/medium.jpg
cv_dataset/Platycryptus_undatus/Platycryptus_undatus_14.jpg,Platycryptus undatus,Tan Jumping Spider,81839,https://inaturalist-open-data.s3.amazonaws.com/photos/31356771/medium.jpg
cv_dataset/Platycryptus_undatus/Platycryptus_undatus_15.jpg,Platycryptus undatus,Tan Jumping Spider,81839,https://inaturalist-open-data.s3.amazonaws.com/photos/212527707/medium.jpg
cv_dataset/Platycryptus_undatus/Platycryptus_undatus_16.jpg,Platycryptus undatus,Tan Jumping Spider,81839,https://inaturalist-open-data.s3.amazonaws.com/photos/206350080/medium.jpg
cv_dataset/Platycryptus_undatus/Platycryptus_undatus_17.jpg,Platycryptus undatus,Tan Jumping Spider,81839,https://static.inaturalist.org/photos/202439226/medium.jpg
cv_dataset/Platycryptus_undatus/Platycryptus_undatus_18.jpg,Platycryptus undatus,Tan Jumping Spider,81839,https://inaturalist-open-data.s3.amazonaws.com/photos/103522282/medium.jpg
cv_dataset/Platycryptus_undatus/Platycryptus_undatus_19.jpg,Platycryptus undatus,Tan Jumping Spider,81839,https://inaturalist-open-data.s3.amazonaws.com/photos/292338678/medium.jpeg
cv_dataset/Platycryptus_undatus/Platycryptus_undatus_20.jpg,Platycryptus undatus,Tan Jumping Spider,81839,https://inaturalist-open-data.s3.amazonaws.com/photos/282552444/medium.jpg
cv_dataset/Platycryptus_undatus/Platycryptus_undatus_21.jpg,Platycryptus undatus,Tan Jumping Spider,81839,https://inaturalist-open-data.s3.amazonaws.com/photos/508300349/medium.jpg
cv_dataset/Platycryptus_undatus/Platycryptus_undatus_22.jpg,Platycryptus undatus,Tan Jumping Spider,81839,https://inaturalist-open-data.s3.amazonaws.com/photos/508503209/medium.jpg
cv_dataset/Platycryptus_undatus/Platycryptus_undatus_23.jpg,Platycryptus undatus,Tan Jumping Spider,81839,https://inaturalist-open-data.s3.amazonaws.com/photos/44129039/medium.jpg
cv_dataset/Platycryptus_undatus/Platycryptus_undatus_24.jpg,Platycryptus undatus,Tan Jumping Spider,81839,https://inaturalist-open-data.s3.amazonaws.com/photos/628502632/medium.jpg
cv_dataset/Platycryptus_undatus/Platycryptus_undatus_25.jpg,Platycryptus undatus,Tan Jumping Spider,81839,https://inaturalist-open-data.s3.amazonaws.com/photos/202826216/medium.jpg
cv_dataset/Platycryptus_undatus/Platycryptus_undatus_26.jpg,Platycryptus undatus,Tan Jumping Spider,81839,https://inaturalist-open-data.s3.amazonaws.com/photos/158460625/medium.jpeg
cv_dataset/Platycryptus_undatus/Platycryptus_undatus_27.jpg,Platycryptus undatus,Tan Jumping Spider,81839,https://inaturalist-open-data.s3.amazonaws.com/photos/292339978/medium.jpg
cv_dataset/Platycryptus_undatus/Platycryptus_undatus_28.jpg,Platycryptus undatus,Tan Jumping Spider,81839,https://inaturalist-open-data.s3.amazonaws.com/photos/40424654/medium.jpg
cv_dataset/Platycryptus_undatus/Platycryptus_undatus_29.jpg,Platycryptus undatus,Tan Jumping Spider,81839,https://inaturalist-open-data.s3.amazonaws.com/photos/508893766/medium.jpg
cv_dataset/Platycryptus_undatus/Platycryptus_undatus_30.jpg,Platycryptus undatus,Tan Jumping Spider,81839,https://inaturalist-open-data.s3.amazonaws.com/photos/504158206/medium.jpg
cv_dataset/Platycryptus_undatus/Platycryptus_undatus_31.jpg,Platycryptus undatus,Tan Jumping Spider,81839,https://inaturalist-open-data.s3.amazonaws.com/photos/579955291/medium.jpg
cv_dataset/Platycryptus_undatus/Platycryptus_undatus_32.jpg,Platycryptus undatus,Tan Jumping Spider,81839,https://static.inaturalist.org/photos/206304597/medium.jpeg
cv_dataset/Platycryptus_undatus/Platycryptus_undatus_33.jpg,Platycryptus undatus,Tan Jumping Spider,81839,https://inaturalist-open-data.s3.amazonaws.com/photos/504073300/medium.jpg
cv_dataset/Platycryptus_undatus/Platycryptus_undatus_34.jpg,Platycryptus undatus,Tan Jumping Spider,81839,https://static.inaturalist.org/photos/385052626/medium.jpg
cv_dataset/Platycryptus_undatus/Platycryptus_undatus_35.jpg,Platycryptus undatus,Tan Jumping Spider,81839,https://inaturalist-open-data.s3.amazonaws.com/photos/204223768/medium.jpg
cv_dataset/Platycryptus_undatus/Platycryptus_undatus_36.jpg,Platycryptus undatus,Tan Jumping Spider,81839,https://inaturalist-open-data.s3.amazonaws.com/photos/206350176/medium.jpg
cv_dataset/Castilleja_indivisa/Castilleja_indivisa_1.jpg,Castilleja indivisa,Texas Paintbrush,123956,https://inaturalist-open-data.s3.amazonaws.com/photos/40389556/medium.jpg
cv_dataset/Castilleja_indivisa/Castilleja_indivisa_2.jpg,Castilleja indivisa,Texas Paintbrush,123956,https://inaturalist-open-data.s3.amazonaws.com/photos/158944014/medium.jpeg
cv_dataset/Castilleja_indivisa/Castilleja_indivisa_3.jpg,Castilleja indivisa,Texas Paintbrush,123956,https://inaturalist-open-data.s3.amazonaws.com/photos/505697137/medium.jpg
cv_dataset/Castilleja_indivisa/Castilleja_indivisa_4.jpg,Castilleja indivisa,Texas Paintbrush,123956,https://inaturalist-open-data.s3.amazonaws.com/photos/505841663/medium.jpg
cv_dataset/Castilleja_indivisa/Castilleja_indivisa_5.jpg,Castilleja indivisa,Texas Paintbrush,123956,https://inaturalist-open-data.s3.amazonaws.com/photos/201254432/medium.jpg
cv_dataset/Castilleja_indivisa/Castilleja_indivisa_6.jpg,Castilleja indivisa,Texas Paintbrush,123956,https://inaturalist-open-data.s3.amazonaws.com/photos/392837547/medium.jpg
cv_dataset/Castilleja_indivisa/Castilleja_indivisa_7.jpg,Castilleja indivisa,Texas Paintbrush,123956,https://static.inaturalist.org/photos/364947757/medium.jpg
cv_dataset/Castilleja_indivisa/Castilleja_indivisa_8.jpg,Castilleja indivisa,Texas Paintbrush,123956,https://static.inaturalist.org/photos/40440700/medium.jpg
cv_dataset/Castilleja_indivisa/Castilleja_indivisa_9.jpg,Castilleja indivisa,Texas Paintbrush,123956,https://inaturalist-open-data.s3.amazonaws.com/photos/483175332/medium.jpeg
cv_dataset/Castilleja_indivisa/Castilleja_indivisa_10.jpg,Castilleja indivisa,Texas Paintbrush,123956,https://inaturalist-open-data.s3.amazonaws.com/photos/40515271/medium.jpg
cv_dataset/Castilleja_indivisa/Castilleja_indivisa_11.jpg,Castilleja indivisa,Texas Paintbrush,123956,https://inaturalist-open-data.s3.amazonaws.com/photos/65342730/medium.jpeg
cv_dataset/Castilleja_indivisa/Castilleja_indivisa_12.jpg,Castilleja indivisa,Texas Paintbrush,123956,https://inaturalist-open-data.s3.amazonaws.com/photos/288729222/medium.jpg
cv_dataset/Castilleja_indivisa/Castilleja_indivisa_13.jpg,Castilleja indivisa,Texas Paintbrush,123956,https://inaturalist-open-data.s3.amazonaws.com/photos/497624731/medium.jpg
cv_dataset/Castilleja_indivisa/Castilleja_indivisa_14.jpg,Castilleja indivisa,Texas Paintbrush,123956,https://inaturalist-open-data.s3.amazonaws.com/photos/197103546/medium.jpg
cv_dataset/Castilleja_indivisa/Castilleja_indivisa_15.jpg,Castilleja indivisa,Texas Paintbrush,123956,https://inaturalist-open-data.s3.amazonaws.com/photos/639242907/medium.jpg
cv_dataset/Castilleja_indivisa/Castilleja_indivisa_16.jpg,Castilleja indivisa,Texas Paintbrush,123956,https://inaturalist-open-data.s3.amazonaws.com/photos/639242949/medium.jpg
cv_dataset/Castilleja_indivisa/Castilleja_indivisa_17.jpg,Castilleja indivisa,Texas Paintbrush,123956,https://inaturalist-open-data.s3.amazonaws.com/photos/40481382/medium.jpeg
cv_dataset/Castilleja_indivisa/Castilleja_indivisa_18.jpg,Castilleja indivisa,Texas Paintbrush,123956,https://static.inaturalist.org/photos/40398801/medium.jpg
cv_dataset/Castilleja_indivisa/Castilleja_indivisa_19.jpg,Castilleja indivisa,Texas Paintbrush,123956,https://inaturalist-open-data.s3.amazonaws.com/photos/389135650/medium.jpg
cv_dataset/Castilleja_indivisa/Castilleja_indivisa_20.jpg,Castilleja indivisa,Texas Paintbrush,123956,https://inaturalist-open-data.s3.amazonaws.com/photos/488989899/medium.jpg
cv_dataset/Castilleja_indivisa/Castilleja_indivisa_21.jpg,Castilleja indivisa,Texas Paintbrush,123956,https://inaturalist-open-data.s3.amazonaws.com/photos/162958628/medium.jpeg
cv_dataset/Castilleja_indivisa/Castilleja_indivisa_22.jpg,Castilleja indivisa,Texas Paintbrush,123956,https://static.inaturalist.org/photos/73672007/medium.jpg
cv_dataset/Castilleja_indivisa/Castilleja_indivisa_23.jpg,Castilleja indivisa,Texas Paintbrush,123956,https://static.inaturalist.org/photos/482246481/medium.jpg
cv_dataset/Castilleja_indivisa/Castilleja_indivisa_24.jpg,Castilleja indivisa,Texas Paintbrush,123956,https://inaturalist-open-data.s3.amazonaws.com/photos/381414989/medium.jpeg
cv_dataset/Castilleja_indivisa/Castilleja_indivisa_25.jpg,Castilleja indivisa,Texas Paintbrush,123956,https://inaturalist-open-data.s3.amazonaws.com/photos/3267723/medium.jpg
cv_dataset/Castilleja_indivisa/Castilleja_indivisa_26.jpg,Castilleja indivisa,Texas Paintbrush,123956,https://inaturalist-open-data.s3.amazonaws.com/photos/364026436/medium.jpg
cv_dataset/Castilleja_indivisa/Castilleja_indivisa_27.jpg,Castilleja indivisa,Texas Paintbrush,123956,https://static.inaturalist.org/photos/36331231/medium.jpg
cv_dataset/Castilleja_indivisa/Castilleja_indivisa_28.jpg,Castilleja indivisa,Texas Paintbrush,123956,https://static.inaturalist.org/photos/381807599/medium.jpg
cv_dataset/Castilleja_indivisa/Castilleja_indivisa_29.jpg,Castilleja indivisa,Texas Paintbrush,123956,https://inaturalist-open-data.s3.amazonaws.com/photos/203063474/medium.jpg
cv_dataset/Castilleja_indivisa/Castilleja_indivisa_30.jpg,Castilleja indivisa,Texas Paintbrush,123956,https://inaturalist-open-data.s3.amazonaws.com/photos/504042710/medium.jpg
cv_dataset/Castilleja_indivisa/Castilleja_indivisa_31.jpg,Castilleja indivisa,Texas Paintbrush,123956,https://inaturalist-open-data.s3.amazonaws.com/photos/377123185/medium.jpg
cv_dataset/Castilleja_indivisa/Castilleja_indivisa_32.jpg,Castilleja indivisa,Texas Paintbrush,123956,https://inaturalist-open-data.s3.amazonaws.com/photos/40467828/medium.jpg
cv_dataset/Castilleja_indivisa/Castilleja_indivisa_33.jpg,Castilleja indivisa,Texas Paintbrush,123956,https://inaturalist-open-data.s3.amazonaws.com/photos/187161998/medium.jpg
cv_dataset/Castilleja_indivisa/Castilleja_indivisa_34.jpg,Castilleja indivisa,Texas Paintbrush,123956,https://inaturalist-open-data.s3.amazonaws.com/photos/505748711/medium.jpg
cv_dataset/Castilleja_indivisa/Castilleja_indivisa_35.jpg,Castilleja indivisa,Texas Paintbrush,123956,https://static.inaturalist.org/photos/381445498/medium.jpg
cv_dataset/Castilleja_indivisa/Castilleja_indivisa_36.jpg,Castilleja indivisa,Texas Paintbrush,123956,https://inaturalist-open-data.s3.amazonaws.com/photos/363158113/medium.jpg
cv_dataset/Cephalanthus_occidentalis/Cephalanthus_occidentalis_1.jpg,Cephalanthus occidentalis,buttonbush,52763,https://inaturalist-open-data.s3.amazonaws.com/photos/53142848/medium.jpg
cv_dataset/Cephalanthus_occidentalis/Cephalanthus_occidentalis_2.jpg,Cephalanthus occidentalis,buttonbush,52763,https://inaturalist-open-data.s3.amazonaws.com/photos/19818022/medium.jpg
cv_dataset/Cephalanthus_occidentalis/Cephalanthus_occidentalis_3.jpg,Cephalanthus occidentalis,buttonbush,52763,https://inaturalist-open-data.s3.amazonaws.com/photos/206304261/medium.jpg
cv_dataset/Cephalanthus_occidentalis/Cephalanthus_occidentalis_4.jpg,Cephalanthus occidentalis,buttonbush,52763,https://inaturalist-open-data.s3.amazonaws.com/photos/489080302/medium.jpg
cv_dataset/Cephalanthus_occidentalis/Cephalanthus_occidentalis_5.jpg,Cephalanthus occidentalis,buttonbush,52763,https://inaturalist-open-data.s3.amazonaws.com/photos/157658924/medium.jpeg
cv_dataset/Cephalanthus_occidentalis/Cephalanthus_occidentalis_6.jpg,Cephalanthus occidentalis,buttonbush,52763,https://inaturalist-open-data.s3.amazonaws.com/photos/5082759/medium.jpeg
cv_dataset/Cephalanthus_occidentalis/Cephalanthus_occidentalis_7.jpg,Cephalanthus occidentalis,buttonbush,52763,https://inaturalist-open-data.s3.amazonaws.com/photos/207470679/medium.jpg
cv_dataset/Cephalanthus_occidentalis/Cephalanthus_occidentalis_8.jpg,Cephalanthus occidentalis,buttonbush,52763,https://static.inaturalist.org/photos/548595779/medium.jpg
cv_dataset/Cephalanthus_occidentalis/Cephalanthus_occidentalis_9.jpg,Cephalanthus occidentalis,buttonbush,52763,https://inaturalist-open-data.s3.amazonaws.com/photos/5069414/medium.jpg
cv_dataset/Cephalanthus_occidentalis/Cephalanthus_occidentalis_10.jpg,Cephalanthus occidentalis,buttonbush,52763,https://static.inaturalist.org/photos/142692437/medium.jpg
cv_dataset/Cephalanthus_occidentalis/Cephalanthus_occidentalis_11.jpg,Cephalanthus occidentalis,buttonbush,52763,https://static.inaturalist.org/photos/444558342/medium.jpeg
cv_dataset/Cephalanthus_occidentalis/Cephalanthus_occidentalis_12.jpg,Cephalanthus occidentalis,buttonbush,52763,https://inaturalist-open-data.s3.amazonaws.com/photos/424133489/medium.jpg
cv_dataset/Cephalanthus_occidentalis/Cephalanthus_occidentalis_13.jpg,Cephalanthus occidentalis,buttonbush,52763,https://inaturalist-open-data.s3.amazonaws.com/photos/301875790/medium.jpg
cv_dataset/Cephalanthus_occidentalis/Cephalanthus_occidentalis_14.jpg,Cephalanthus occidentalis,buttonbush,52763,https://inaturalist-open-data.s3.amazonaws.com/photos/82478039/medium.jpg
cv_dataset/Cephalanthus_occidentalis/Cephalanthus_occidentalis_15.jpg,Cephalanthus occidentalis,buttonbush,52763,https://inaturalist-open-data.s3.amazonaws.com/photos/410025054/medium.jpeg
cv_dataset/Cephalanthus_occidentalis/Cephalanthus_occidentalis_16.jpg,Cephalanthus occidentalis,buttonbush,52763,https://static.inaturalist.org/photos/538072871/medium.jpg
cv_dataset/Cephalanthus_occidentalis/Cephalanthus_occidentalis_17.jpg,Cephalanthus occidentalis,buttonbush,52763,https://static.inaturalist.org/photos/142638541/medium.jpg
cv_dataset/Cephalanthus_occidentalis/Cephalanthus_occidentalis_18.jpg,Cephalanthus occidentalis,buttonbush,52763,https://static.inaturalist.org/photos/320217874/medium.jpeg
cv_dataset/Cephalanthus_occidentalis/Cephalanthus_occidentalis_19.jpg,Cephalanthus occidentalis,buttonbush,52763,https://static.inaturalist.org/photos/21291562/medium.jpeg
cv_dataset/Cephalanthus_occidentalis/Cephalanthus_occidentalis_20.jpg,Cephalanthus occidentalis,buttonbush,52763,https://inaturalist-open-data.s3.amazonaws.com/photos/241623052/medium.jpeg
cv_dataset/Cephalanthus_occidentalis/Cephalanthus_occidentalis_21.jpg,Cephalanthus occidentalis,buttonbush,52763,https://static.inaturalist.org/photos/212057260/medium.jpeg
cv_dataset/Cephalanthus_occidentalis/Cephalanthus_occidentalis_22.jpg,Cephalanthus occidentalis,buttonbush,52763,https://inaturalist-open-data.s3.amazonaws.com/photos/22914184/medium.jpg
cv_dataset/Cephalanthus_occidentalis/Cephalanthus_occidentalis_23.jpg,Cephalanthus occidentalis,buttonbush,52763,https://inaturalist-open-data.s3.amazonaws.com/photos/81379467/medium.jpg
cv_dataset/Cephalanthus_occidentalis/Cephalanthus_occidentalis_24.jpg,Cephalanthus occidentalis,buttonbush,52763,https://inaturalist-open-data.s3.amazonaws.com/photos/8761801/medium.jpg
cv_dataset/Cephalanthus_occidentalis/Cephalanthus_occidentalis_25.jpg,Cephalanthus occidentalis,buttonbush,52763,https://inaturalist-open-data.s3.amazonaws.com/photos/10173358/medium.jpg
cv_dataset/Cephalanthus_occidentalis/Cephalanthus_occidentalis_26.jpg,Cephalanthus occidentalis,buttonbush,52763,https://inaturalist-open-data.s3.amazonaws.com/photos/212621122/medium.jpeg
cv_dataset/Cephalanthus_occidentalis/Cephalanthus_occidentalis_27.jpg,Cephalanthus occidentalis,buttonbush,52763,https://inaturalist-open-data.s3.amazonaws.com/photos/212098777/medium.jpg
cv_dataset/Cephalanthus_occidentalis/Cephalanthus_occidentalis_28.jpg,Cephalanthus occidentalis,buttonbush,52763,https://static.inaturalist.org/photos/178272514/medium.jpg
cv_dataset/Cephalanthus_occidentalis/Cephalanthus_occidentalis_29.jpg,Cephalanthus occidentalis,buttonbush,52763,https://inaturalist-open-data.s3.amazonaws.com/photos/5070202/medium.jpg
cv_dataset/Cephalanthus_occidentalis/Cephalanthus_occidentalis_30.jpg,Cephalanthus occidentalis,buttonbush,52763,https://inaturalist-open-data.s3.amazonaws.com/photos/410026917/medium.jpeg
cv_dataset/Cephalanthus_occidentalis/Cephalanthus_occidentalis_31.jpg,Cephalanthus occidentalis,buttonbush,52763,https://inaturalist-open-data.s3.amazonaws.com/photos/554705459/medium.jpg
cv_dataset/Cephalanthus_occidentalis/Cephalanthus_occidentalis_32.jpg,Cephalanthus occidentalis,buttonbush,52763,https://inaturalist-open-data.s3.amazonaws.com/photos/5069234/medium.jpg
cv_dataset/Cephalanthus_occidentalis/Cephalanthus_occidentalis_33.jpg,Cephalanthus occidentalis,buttonbush,52763,https://inaturalist-open-data.s3.amazonaws.com/photos/164842364/medium.jpeg
cv_dataset/Cephalanthus_occidentalis/Cephalanthus_occidentalis_34.jpg,Cephalanthus occidentalis,buttonbush,52763,https://static.inaturalist.org/photos/212531076/medium.jpg
cv_dataset/Cephalanthus_occidentalis/Cephalanthus_occidentalis_35.jpg,Cephalanthus occidentalis,buttonbush,52763,https://inaturalist-open-data.s3.amazonaws.com/photos/284246110/medium.jpeg
cv_dataset/Dryophytes_cinereus/Dryophytes_cinereus_1.jpg,Dryophytes cinereus,Green Treefrog,1668858,https://static.inaturalist.org/photos/533207944/medium.jpg
cv_dataset/Dryophytes_cinereus/Dryophytes_cinereus_2.jpg,Dryophytes cinereus,Green Treefrog,1668858,https://inaturalist-open-data.s3.amazonaws.com/photos/388450445/medium.jpg
cv_dataset/Dryophytes_cinereus/Dryophytes_cinereus_3.jpg,Dryophytes cinereus,Green Treefrog,1668858,https://static.inaturalist.org/photos/390867035/medium.jpeg
cv_dataset/Dryophytes_cinereus/Dryophytes_cinereus_4.jpg,Dryophytes cinereus,Green Treefrog,1668858,https://static.inaturalist.org/photos/202865851/medium.jpg
cv_dataset/Dryophytes_cinereus/Dryophytes_cinereus_5.jpg,Dryophytes cinereus,Green Treefrog,1668858,https://inaturalist-open-data.s3.amazonaws.com/photos/65899098/medium.jpeg
cv_dataset/Dryophytes_cinereus/Dryophytes_cinereus_6.jpg,Dryophytes cinereus,Green Treefrog,1668858,https://static.inaturalist.org/photos/40938338/medium.jpg
cv_dataset/Dryophytes_cinereus/Dryophytes_cinereus_7.jpg,Dryophytes cinereus,Green Treefrog,1668858,https://inaturalist-open-data.s3.amazonaws.com/photos/389142828/medium.jpg
cv_dataset/Dryophytes_cinereus/Dryophytes_cinereus_8.jpg,Dryophytes cinereus,Green Treefrog,1668858,https://static.inaturalist.org/photos/384252719/medium.jpg
cv_dataset/Dryophytes_cinereus/Dryophytes_cinereus_9.jpg,Dryophytes cinereus,Green Treefrog,1668858,https://inaturalist-open-data.s3.amazonaws.com/photos/93847003/medium.jpg
cv_dataset/Dryophytes_cinereus/Dryophytes_cinereus_10.jpg,Dryophytes cinereus,Green Treefrog,1668858,https://inaturalist-open-data.s3.amazonaws.com/photos/283470366/medium.jpg
cv_dataset/Dryophytes_cinereus/Dryophytes_cinereus_11.jpg,Dryophytes cinereus,Green Treefrog,1668858,https://inaturalist-open-data.s3.amazonaws.com/photos/41099769/medium.jpg
cv_dataset/Dryophytes_cinereus/Dryophytes_cinereus_12.jpg,Dryophytes cinereus,Green Treefrog,1668858,https://inaturalist-open-data.s3.amazonaws.com/photos/93587664/medium.jpg
cv_dataset/Dryophytes_cinereus/Dryophytes_cinereus_13.jpg,Dryophytes cinereus,Green Treefrog,1668858,https://inaturalist-open-data.s3.amazonaws.com/photos/388452790/medium.jpg
cv_dataset/Dryophytes_cinereus/Dryophytes_cinereus_14.jpg,Dryophytes cinereus,Green Treefrog,1668858,https://inaturalist-open-data.s3.amazonaws.com/photos/390834545/medium.jpg
cv_dataset/Dryophytes_cinereus/Dryophytes_cinereus_15.jpg,Dryophytes cinereus,Green Treefrog,1668858,https://inaturalist-open-data.s3.amazonaws.com/photos/636365696/medium.jpg
cv_dataset/Dryophytes_cinereus/Dryophytes_cinereus_16.jpg,Dryophytes cinereus,Green Treefrog,1668858,https://inaturalist-open-data.s3.amazonaws.com/photos/99701197/medium.jpg
cv_dataset/Dryophytes_cinereus/Dryophytes_cinereus_17.jpg,Dryophytes cinereus,Green Treefrog,1668858,https://inaturalist-open-data.s3.amazonaws.com/photos/390352647/medium.jpg
cv_dataset/Dryophytes_cinereus/Dryophytes_cinereus_18.jpg,Dryophytes cinereus,Green Treefrog,1668858,https://inaturalist-open-data.s3.amazonaws.com/photos/283215073/medium.jpg
cv_dataset/Dryophytes_cinereus/Dryophytes_cinereus_19.jpg,Dryophytes cinereus,Green Treefrog,1668858,https://inaturalist-open-data.s3.amazonaws.com/photos/280859453/medium.jpg
cv_dataset/Dryophytes_cinereus/Dryophytes_cinereus_20.jpg,Dryophytes cinereus,Green Treefrog,1668858,https://inaturalist-open-data.s3.amazonaws.com/photos/94058253/medium.jpeg
cv_dataset/Dryophytes_cinereus/Dryophytes_cinereus_21.jpg,Dryophytes cinereus,Green Treefrog,1668858,https://inaturalist-open-data.s3.amazonaws.com/photos/570587261/medium.jpg
cv_dataset/Dryophytes_cinereus/Dryophytes_cinereus_22.jpg,Dryophytes cinereus,Green Treefrog,1668858,https://inaturalist-open-data.s3.amazonaws.com/photos/44248068/medium.jpg
cv_dataset/Dryophytes_cinereus/Dryophytes_cinereus_23.jpg,Dryophytes cinereus,Green Treefrog,1668858,https://inaturalist-open-data.s3.amazonaws.com/photos/388715738/medium.jpg
cv_dataset/Dryophytes_cinereus/Dryophytes_cinereus_24.jpg,Dryophytes cinereus,Green Treefrog,1668858,https://inaturalist-open-data.s3.amazonaws.com/photos/547523919/medium.jpg
cv_dataset/Dryophytes_cinereus/Dryophytes_cinereus_25.jpg,Dryophytes cinereus,Green Treefrog,1668858,https://inaturalist-open-data.s3.amazonaws.com/photos/390194261/medium.jpg
cv_dataset/Dryophytes_cinereus/Dryophytes_cinereus_26.jpg,Dryophytes cinereus,Green Treefrog,1668858,https://inaturalist-open-data.s3.amazonaws.com/photos/125303642/medium.jpeg
cv_dataset/Dryophytes_cinereus/Dryophytes_cinereus_27.jpg,Dryophytes cinereus,Green Treefrog,1668858,https://inaturalist-open-data.s3.amazonaws.com/photos/40448183/medium.jpg
cv_dataset/Dryophytes_cinereus/Dryophytes_cinereus_28.jpg,Dryophytes cinereus,Green Treefrog,1668858,https://inaturalist-open-data.s3.amazonaws.com/photos/636365517/medium.jpg
cv_dataset/Dryophytes_cinereus/Dryophytes_cinereus_29.jpg,Dryophytes cinereus,Green Treefrog,1668858,https://inaturalist-open-data.s3.amazonaws.com/photos/30670493/medium.jpeg
cv_dataset/Dryophytes_cinereus/Dryophytes_cinereus_30.jpg,Dryophytes cinereus,Green Treefrog,1668858,https://inaturalist-open-data.s3.amazonaws.com/photos/94773119/medium.jpg
cv_dataset/Dryophytes_cinereus/Dryophytes_cinereus_31.jpg,Dryophytes cinereus,Green Treefrog,1668858,https://inaturalist-open-data.s3.amazonaws.com/photos/282677199/medium.jpg
cv_dataset/Juniperus_virginiana/Juniperus_virginiana_1.jpg,Juniperus virginiana,eastern redcedar,49399,https://inaturalist-open-data.s3.amazonaws.com/photos/105954397/medium.jpeg
cv_dataset/Juniperus_virginiana/Juniperus_virginiana_2.jpg,Juniperus virginiana,eastern redcedar,49399,https://inaturalist-open-data.s3.amazonaws.com/photos/497092308/medium.jpg
cv_dataset/Juniperus_virginiana/Juniperus_virginiana_3.jpg,Juniperus virginiana,eastern redcedar,49399,https://inaturalist-open-data.s3.amazonaws.com/photos/5067418/medium.jpg
cv_dataset/Juniperus_virginiana/Juniperus_virginiana_4.jpg,Juniperus virginiana,eastern redcedar,49399,https://static.inaturalist.org/photos/178264077/medium.jpg
cv_dataset/Juniperus_virginiana/Juniperus_virginiana_5.jpg,Juniperus virginiana,eastern redcedar,49399,https://inaturalist-open-data.s3.amazonaws.com/photos/67364900/medium.jpeg
cv_dataset/Juniperus_virginiana/Juniperus_virginiana_6.jpg,Juniperus virginiana,eastern redcedar,49399,https://inaturalist-open-data.s3.amazonaws.com/photos/475136695/medium.jpg
cv_dataset/Juniperus_virginiana/Juniperus_virginiana_7.jpg,Juniperus virginiana,eastern redcedar,49399,https://inaturalist-open-data.s3.amazonaws.com/photos/5068242/medium.jpg
cv_dataset/Juniperus_virginiana/Juniperus_virginiana_8.jpg,Juniperus virginiana,eastern redcedar,49399,https://inaturalist-open-data.s3.amazonaws.com/photos/328875821/medium.jpeg
cv_dataset/Juniperus_virginiana/Juniperus_virginiana_9.jpg,Juniperus virginiana,eastern redcedar,49399,https://static.inaturalist.org/photos/33299755/medium.jpg
cv_dataset/Juniperus_virginiana/Juniperus_virginiana_10.jpg,Juniperus virginiana,eastern redcedar,49399,https://inaturalist-open-data.s3.amazonaws.com/photos/597806876/medium.jpg
cv_dataset/Juniperus_virginiana/Juniperus_virginiana_11.jpg,Juniperus virginiana,eastern redcedar,49399,https://static.inaturalist.org/photos/203875572/medium.jpg
cv_dataset/Juniperus_virginiana/Juniperus_virginiana_12.jpg,Juniperus virginiana,eastern redcedar,49399,https://inaturalist-open-data.s3.amazonaws.com/photos/628500749/medium.jpg
cv_dataset/Juniperus_virginiana/Juniperus_virginiana_13.jpg,Juniperus virginiana,eastern redcedar,49399,https://inaturalist-open-data.s3.amazonaws.com/photos/536581716/medium.jpg
cv_dataset/Juniperus_virginiana/Juniperus_virginiana_14.jpg,Juniperus virginiana,eastern redcedar,49399,https://inaturalist-open-data.s3.amazonaws.com/photos/203171304/medium.jpg
cv_dataset/Juniperus_virginiana/Juniperus_virginiana_15.jpg,Juniperus virginiana,eastern redcedar,49399,https://inaturalist-open-data.s3.amazonaws.com/photos/212138191/medium.jpg
cv_dataset/Juniperus_virginiana/Juniperus_virginiana_16.jpg,Juniperus virginiana,eastern redcedar,49399,https://inaturalist-open-data.s3.amazonaws.com/photos/6856234/medium.jpg
cv_dataset/Juniperus_virginiana/Juniperus_virginiana_17.jpg,Juniperus virginiana,eastern redcedar,49399,https://static.inaturalist.org/photos/381927347/medium.jpg
cv_dataset/Juniperus_virginiana/Juniperus_virginiana_18.jpg,Juniperus virginiana,eastern redcedar,49399,https://inaturalist-open-data.s3.amazonaws.com/photos/616826616/medium.jpg
cv_dataset/Juniperus_virginiana/Juniperus_virginiana_19.jpg,Juniperus virginiana,eastern redcedar,49399,https://static.inaturalist.org/photos/66385342/medium.jpg
cv_dataset/Juniperus_virginiana/Juniperus_virginiana_20.jpg,Juniperus virginiana,eastern redcedar,49399,https://static.inaturalist.org/photos/504138746/medium.jpeg
cv_dataset/Juniperus_virginiana/Juniperus_virginiana_21.jpg,Juniperus virginiana,eastern redcedar,49399,https://static.inaturalist.org/photos/472098214/medium.jpg
cv_dataset/Juniperus_virginiana/Juniperus_virginiana_22.jpg,Juniperus virginiana,eastern redcedar,49399,https://inaturalist-open-data.s3.amazonaws.com/photos/505948248/medium.jpg
cv_dataset/Juniperus_virginiana/Juniperus_virginiana_23.jpg,Juniperus virginiana,eastern redcedar,49399,https://inaturalist-open-data.s3.amazonaws.com/photos/410027768/medium.jpeg
cv_dataset/Juniperus_virginiana/Juniperus_virginiana_24.jpg,Juniperus virginiana,eastern redcedar,49399,https://inaturalist-open-data.s3.amazonaws.com/photos/364060606/medium.jpg
cv_dataset/Juniperus_virginiana/Juniperus_virginiana_25.jpg,Juniperus virginiana,eastern redcedar,49399,https://static.inaturalist.org/photos/173777237/medium.jpeg
cv_dataset/Juniperus_virginiana/Juniperus_virginiana_26.jpg,Juniperus virginiana,eastern redcedar,49399,https://static.inaturalist.org/photos/64426411/medium.jpg
cv_dataset/Juniperus_virginiana/Juniperus_virginiana_27.jpg,Juniperus virginiana,eastern redcedar,49399,https://inaturalist-open-data.s3.amazonaws.com/photos/498418530/medium.jpeg
cv_dataset/Juniperus_virginiana/Juniperus_virginiana_28.jpg,Juniperus virginiana,eastern redcedar,49399,https://static.inaturalist.org/photos/504306203/medium.jpeg
cv_dataset/Juniperus_virginiana/Juniperus_virginiana_29.jpg,Juniperus virginiana,eastern redcedar,49399,https://inaturalist-open-data.s3.amazonaws.com/photos/616821339/medium.jpg
cv_dataset/Juniperus_virginiana/Juniperus_virginiana_30.jpg,Juniperus virginiana,eastern redcedar,49399,https://inaturalist-open-data.s3.amazonaws.com/photos/616823762/medium.jpg
cv_dataset/Juniperus_virginiana/Juniperus_virginiana_31.jpg,Juniperus virginiana,eastern redcedar,49399,https://static.inaturalist.org/photos/352418135/medium.jpg
cv_dataset/Phyciodes_phaon/Phyciodes_phaon_1.jpg,Phyciodes phaon,Phaon Crescent,68274,https://inaturalist-open-data.s3.amazonaws.com/photos/295779165/medium.jpg
cv_dataset/Phyciodes_phaon/Phyciodes_phaon_2.jpg,Phyciodes phaon,Phaon Crescent,68274,https://static.inaturalist.org/photos/384236290/medium.jpg
cv_dataset/Phyciodes_phaon/Phyciodes_phaon_3.jpg,Phyciodes phaon,Phaon Crescent,68274,https://inaturalist-open-data.s3.amazonaws.com/photos/5095775/medium.jpg
cv_dataset/Phyciodes_phaon/Phyciodes_phaon_4.jpg,Phyciodes phaon,Phaon Crescent,68274,https://inaturalist-open-data.s3.amazonaws.com/photos/41158283/medium.jpg
cv_dataset/Phyciodes_phaon/Phyciodes_phaon_5.jpg,Phyciodes phaon,Phaon Crescent,68274,https://inaturalist-open-data.s3.amazonaws.com/photos/5078249/medium.jpg
cv_dataset/Phyciodes_phaon/Phyciodes_phaon_6.jpg,Phyciodes phaon,Phaon Crescent,68274,https://inaturalist-open-data.s3.amazonaws.com/photos/40441371/medium.jpg
cv_dataset/Phyciodes_phaon/Phyciodes_phaon_7.jpg,Phyciodes phaon,Phaon Crescent,68274,https://inaturalist-open-data.s3.amazonaws.com/photos/40486353/medium.jpg
cv_dataset/Phyciodes_phaon/Phyciodes_phaon_8.jpg,Phyciodes phaon,Phaon Crescent,68274,https://inaturalist-open-data.s3.amazonaws.com/photos/40467445/medium.jpg
cv_dataset/Phyciodes_phaon/Phyciodes_phaon_9.jpg,Phyciodes phaon,Phaon Crescent,68274,https://static.inaturalist.org/photos/40440609/medium.jpeg
cv_dataset/Phyciodes_phaon/Phyciodes_phaon_10.jpg,Phyciodes phaon,Phaon Crescent,68274,https://static.inaturalist.org/photos/202529534/medium.jpg
cv_dataset/Phyciodes_phaon/Phyciodes_phaon_11.jpg,Phyciodes phaon,Phaon Crescent,68274,https://inaturalist-open-data.s3.amazonaws.com/photos/40467681/medium.jpg
cv_dataset/Phyciodes_phaon/Phyciodes_phaon_12.jpg,Phyciodes phaon,Phaon Crescent,68274,https://inaturalist-open-data.s3.amazonaws.com/photos/40554091/medium.jpg
cv_dataset/Phyciodes_phaon/Phyciodes_phaon_13.jpg,Phyciodes phaon,Phaon Crescent,68274,https://inaturalist-open-data.s3.amazonaws.com/photos/41224514/medium.jpeg
cv_dataset/Phyciodes_phaon/Phyciodes_phaon_14.jpg,Phyciodes phaon,Phaon Crescent,68274,https://static.inaturalist.org/photos/384803138/medium.jpg
cv_dataset/Phyciodes_phaon/Phyciodes_phaon_15.jpg,Phyciodes phaon,Phaon Crescent,68274,https://inaturalist-open-data.s3.amazonaws.com/photos/18739818/medium.jpg
cv_dataset/Phyciodes_phaon/Phyciodes_phaon_16.jpg,Phyciodes phaon,Phaon Crescent,68274,https://inaturalist-open-data.s3.amazonaws.com/photos/10219060/medium.jpg
cv_dataset/Phyciodes_phaon/Phyciodes_phaon_17.jpg,Phyciodes phaon,Phaon Crescent,68274,https://inaturalist-open-data.s3.amazonaws.com/photos/47688645/medium.jpg
cv_dataset/Phyciodes_phaon/Phyciodes_phaon_18.jpg,Phyciodes phaon,Phaon Crescent,68274,https://inaturalist-open-data.s3.amazonaws.com/photos/7001797/medium.jpg
cv_dataset/Phyciodes_phaon/Phyciodes_phaon_19.jpg,Phyciodes phaon,Phaon Crescent,68274,https://static.inaturalist.org/photos/40585450/medium.jpg
cv_dataset/Phyciodes_phaon/Phyciodes_phaon_20.jpg,Phyciodes phaon,Phaon Crescent,68274,https://inaturalist-open-data.s3.amazonaws.com/photos/40438289/medium.jpg
cv_dataset/Phyciodes_phaon/Phyciodes_phaon_21.jpg,Phyciodes phaon,Phaon Crescent,68274,https://inaturalist-open-data.s3.amazonaws.com/photos/47710448/medium.jpg
cv_dataset/Phyciodes_phaon/Phyciodes_phaon_22.jpg,Phyciodes phaon,Phaon Crescent,68274,https://inaturalist-open-data.s3.amazonaws.com/photos/5095090/medium.jpg
cv_dataset/Phyciodes_phaon/Phyciodes_phaon_23.jpg,Phyciodes phaon,Phaon Crescent,68274,https://static.inaturalist.org/photos/40397943/medium.jpg
cv_dataset/Phyciodes_phaon/Phyciodes_phaon_24.jpg,Phyciodes phaon,Phaon Crescent,68274,https://inaturalist-open-data.s3.amazonaws.com/photos/204141021/medium.jpg
cv_dataset/Phyciodes_phaon/Phyciodes_phaon_25.jpg,Phyciodes phaon,Phaon Crescent,68274,https://static.inaturalist.org/photos/40467448/medium.jpg
cv_dataset/Phyciodes_phaon/Phyciodes_phaon_26.jpg,Phyciodes phaon,Phaon Crescent,68274,https://inaturalist-open-data.s3.amazonaws.com/photos/203590414/medium.jpeg
cv_dataset/Phyciodes_phaon/Phyciodes_phaon_27.jpg,Phyciodes phaon,Phaon Crescent,68274,https://static.inaturalist.org/photos/35778369/medium.jpeg
cv_dataset/Phyciodes_phaon/Phyciodes_phaon_28.jpg,Phyciodes phaon,Phaon Crescent,68274,https://static.inaturalist.org/photos/40473628/medium.jpg
cv_dataset/Phyciodes_phaon/Phyciodes_phaon_29.jpg,Phyciodes phaon,Phaon Crescent,68274,https://inaturalist-open-data.s3.amazonaws.com/photos/30670507/medium.jpeg
cv_dataset/Phyciodes_phaon/Phyciodes_phaon_30.jpg,Phyciodes phaon,Phaon Crescent,68274,https://inaturalist-open-data.s3.amazonaws.com/photos/5073789/medium.jpg
cv_dataset/Phyciodes_phaon/Phyciodes_phaon_31.jpg,Phyciodes phaon,Phaon Crescent,68274,https://inaturalist-open-data.s3.amazonaws.com/photos/12592276/medium.jpg
cv_dataset/Tetracha_carolina/Tetracha_carolina_1.jpg,Tetracha carolina,Carolina Metallic Tiger Beetle,232391,https://inaturalist-open-data.s3.amazonaws.com/photos/335545703/medium.jpg
cv_dataset/Tetracha_carolina/Tetracha_carolina_2.jpg,Tetracha carolina,Carolina Metallic Tiger Beetle,232391,https://inaturalist-open-data.s3.amazonaws.com/photos/89200730/medium.jpeg
cv_dataset/Tetracha_carolina/Tetracha_carolina_3.jpg,Tetracha carolina,Carolina Metallic Tiger Beetle,232391,https://inaturalist-open-data.s3.amazonaws.com/photos/335533781/medium.jpg
cv_dataset/Tetracha_carolina/Tetracha_carolina_4.jpg,Tetracha carolina,Carolina Metallic Tiger Beetle,232391,https://inaturalist-open-data.s3.amazonaws.com/photos/5071396/medium.jpeg
cv_dataset/Tetracha_carolina/Tetracha_carolina_5.jpg,Tetracha carolina,Carolina Metallic Tiger Beetle,232391,https://inaturalist-open-data.s3.amazonaws.com/photos/332122965/medium.jpeg
cv_dataset/Tetracha_carolina/Tetracha_carolina_6.jpg,Tetracha carolina,Carolina Metallic Tiger Beetle,232391,https://static.inaturalist.org/photos/335424504/medium.jpg
cv_dataset/Tetracha_carolina/Tetracha_carolina_7.jpg,Tetracha carolina,Carolina Metallic Tiger Beetle,232391,https://inaturalist-open-data.s3.amazonaws.com/photos/5071439/medium.jpeg
cv_dataset/Tetracha_carolina/Tetracha_carolina_8.jpg,Tetracha carolina,Carolina Metallic Tiger Beetle,232391,https://inaturalist-open-data.s3.amazonaws.com/photos/158373899/medium.jpeg
cv_dataset/Tetracha_carolina/Tetracha_carolina_9.jpg,Tetracha carolina,Carolina Metallic Tiger Beetle,232391,https://static.inaturalist.org/photos/243932248/medium.jpg
cv_dataset/Tetracha_carolina/Tetracha_carolina_10.jpg,Tetracha carolina,Carolina Metallic Tiger Beetle,232391,https://inaturalist-open-data.s3.amazonaws.com/photos/243541271/medium.jpg
cv_dataset/Tetracha_carolina/Tetracha_carolina_11.jpg,Tetracha carolina,Carolina Metallic Tiger Beetle,232391,https://inaturalist-open-data.s3.amazonaws.com/photos/332221728/medium.jpg
cv_dataset/Tetracha_carolina/Tetracha_carolina_12.jpg,Tetracha carolina,Carolina Metallic Tiger Beetle,232391,https://static.inaturalist.org/photos/5067876/medium.jpg
cv_dataset/Tetracha_carolina/Tetracha_carolina_13.jpg,Tetracha carolina,Carolina Metallic Tiger Beetle,232391,https://inaturalist-open-data.s3.amazonaws.com/photos/341957962/medium.jpeg
cv_dataset/Tetracha_carolina/Tetracha_carolina_14.jpg,Tetracha carolina,Carolina Metallic Tiger Beetle,232391,https://inaturalist-open-data.s3.amazonaws.com/photos/321865437/medium.jpg
cv_dataset/Tetracha_carolina/Tetracha_carolina_15.jpg,Tetracha carolina,Carolina Metallic Tiger Beetle,232391,https://inaturalist-open-data.s3.amazonaws.com/photos/5096071/medium.jpg
cv_dataset/Tetracha_carolina/Tetracha_carolina_16.jpg,Tetracha carolina,Carolina Metallic Tiger Beetle,232391,https://inaturalist-open-data.s3.amazonaws.com/photos/5070840/medium.jpg
cv_dataset/Tetracha_carolina/Tetracha_carolina_17.jpg,Tetracha carolina,Carolina Metallic Tiger Beetle,232391,https://inaturalist-open-data.s3.amazonaws.com/photos/450705445/medium.jpg
cv_dataset/Tetracha_carolina/Tetracha_carolina_18.jpg,Tetracha carolina,Carolina Metallic Tiger Beetle,232391,https://inaturalist-open-data.s3.amazonaws.com/photos/335638479/medium.jpg
cv_dataset/Tetracha_carolina/Tetracha_carolina_19.jpg,Tetracha carolina,Carolina Metallic Tiger Beetle,232391,https://inaturalist-open-data.s3.amazonaws.com/photos/94058598/medium.jpeg
cv_dataset/Tetracha_carolina/Tetracha_carolina_20.jpg,Tetracha carolina,Carolina Metallic Tiger Beetle,232391,https://inaturalist-open-data.s3.amazonaws.com/photos/88938379/medium.jpg
cv_dataset/Tetracha_carolina/Tetracha_carolina_21.jpg,Tetracha carolina,Carolina Metallic Tiger Beetle,232391,https://inaturalist-open-data.s3.amazonaws.com/photos/30670502/medium.jpeg
cv_dataset/Tetracha_carolina/Tetracha_carolina_22.jpg,Tetracha carolina,Carolina Metallic Tiger Beetle,232391,https://inaturalist-open-data.s3.amazonaws.com/photos/331783021/medium.jpg
cv_dataset/Tetracha_carolina/Tetracha_carolina_23.jpg,Tetracha carolina,Carolina Metallic Tiger Beetle,232391,https://inaturalist-open-data.s3.amazonaws.com/photos/20587522/medium.jpg
cv_dataset/Tetracha_carolina/Tetracha_carolina_24.jpg,Tetracha carolina,Carolina Metallic Tiger Beetle,232391,https://inaturalist-open-data.s3.amazonaws.com/photos/243927828/medium.jpg
cv_dataset/Tetracha_carolina/Tetracha_carolina_25.jpg,Tetracha carolina,Carolina Metallic Tiger Beetle,232391,https://inaturalist-open-data.s3.amazonaws.com/photos/574972795/medium.jpg
cv_dataset/Tetracha_carolina/Tetracha_carolina_26.jpg,Tetracha carolina,Carolina Metallic Tiger Beetle,232391,https://inaturalist-open-data.s3.amazonaws.com/photos/243590567/medium.jpg
cv_dataset/Tetracha_carolina/Tetracha_carolina_27.jpg,Tetracha carolina,Carolina Metallic Tiger Beetle,232391,https://inaturalist-open-data.s3.amazonaws.com/photos/164255727/medium.jpeg
cv_dataset/Tetracha_carolina/Tetracha_carolina_28.jpg,Tetracha carolina,Carolina Metallic Tiger Beetle,232391,https://inaturalist-open-data.s3.amazonaws.com/photos/20534388/medium.jpg
cv_dataset/Tetracha_carolina/Tetracha_carolina_29.jpg,Tetracha carolina,Carolina Metallic Tiger Beetle,232391,https://inaturalist-open-data.s3.amazonaws.com/photos/8005855/medium.jpeg
cv_dataset/Tetracha_carolina/Tetracha_carolina_30.jpg,Tetracha carolina,Carolina Metallic Tiger Beetle,232391,https://inaturalist-open-data.s3.amazonaws.com/photos/332123337/medium.jpg
cv_dataset/Tetracha_carolina/Tetracha_carolina_31.jpg,Tetracha carolina,Carolina Metallic Tiger Beetle,232391,https://inaturalist-open-data.s3.amazonaws.com/photos/93846903/medium.jpg
cv_dataset/Branta_canadensis/Branta_canadensis_1.jpg,Branta canadensis,Canada Goose,7089,https://inaturalist-open-data.s3.amazonaws.com/photos/505749746/medium.jpg
cv_dataset/Branta_canadensis/Branta_canadensis_2.jpg,Branta canadensis,Canada Goose,7089,https://inaturalist-open-data.s3.amazonaws.com/photos/355933070/medium.jpg
cv_dataset/Branta_canadensis/Branta_canadensis_3.jpg,Branta canadensis,Canada Goose,7089,https://inaturalist-open-data.s3.amazonaws.com/photos/212111689/medium.jpg
cv_dataset/Branta_canadensis/Branta_canadensis_4.jpg,Branta canadensis,Canada Goose,7089,https://inaturalist-open-data.s3.amazonaws.com/photos/190615436/medium.jpg
cv_dataset/Branta_canadensis/Branta_canadensis_5.jpg,Branta canadensis,Canada Goose,7089,https://static.inaturalist.org/photos/33303459/medium.jpg
cv_dataset/Branta_canadensis/Branta_canadensis_6.jpg,Branta canadensis,Canada Goose,7089,https://inaturalist-open-data.s3.amazonaws.com/photos/128423492/medium.jpg
cv_dataset/Branta_canadensis/Branta_canadensis_7.jpg,Branta canadensis,Canada Goose,7089,https://static.inaturalist.org/photos/178262953/medium.jpg
cv_dataset/Branta_canadensis/Branta_canadensis_8.jpg,Branta canadensis,Canada Goose,7089,https://static.inaturalist.org/photos/202486204/medium.jpg
cv_dataset/Branta_canadensis/Branta_canadensis_9.jpg,Branta canadensis,Canada Goose,7089,https://inaturalist-open-data.s3.amazonaws.com/photos/504382641/medium.jpeg
cv_dataset/Branta_canadensis/Branta_canadensis_10.jpg,Branta canadensis,Canada Goose,7089,https://static.inaturalist.org/photos/40386228/medium.jpg
cv_dataset/Branta_canadensis/Branta_canadensis_11.jpg,Branta canadensis,Canada Goose,7089,https://inaturalist-open-data.s3.amazonaws.com/photos/189821862/medium.jpg
cv_dataset/Branta_canadensis/Branta_canadensis_12.jpg,Branta canadensis,Canada Goose,7089,https://inaturalist-open-data.s3.amazonaws.com/photos/156776349/medium.jpg
cv_dataset/Branta_canadensis/Branta_canadensis_13.jpg,Branta canadensis,Canada Goose,7089,https://inaturalist-open-data.s3.amazonaws.com/photos/5106347/medium.jpg
cv_dataset/Branta_canadensis/Branta_canadensis_14.jpg,Branta canadensis,Canada Goose,7089,https://inaturalist-open-data.s3.amazonaws.com/photos/505835648/medium.jpg
cv_dataset/Branta_canadensis/Branta_canadensis_15.jpg,Branta canadensis,Canada Goose,7089,https://inaturalist-open-data.s3.amazonaws.com/photos/206306465/medium.jpg
cv_dataset/Branta_canadensis/Branta_canadensis_16.jpg,Branta canadensis,Canada Goose,7089,https://inaturalist-open-data.s3.amazonaws.com/photos/206308640/medium.jpg
cv_dataset/Branta_canadensis/Branta_canadensis_17.jpg,Branta canadensis,Canada Goose,7089,https://inaturalist-open-data.s3.amazonaws.com/photos/505474344/medium.jpg
cv_dataset/Branta_canadensis/Branta_canadensis_18.jpg,Branta canadensis,Canada Goose,7089,https://inaturalist-open-data.s3.amazonaws.com/photos/504954418/medium.jpg
cv_dataset/Branta_canadensis/Branta_canadensis_19.jpg,Branta canadensis,Canada Goose,7089,https://inaturalist-open-data.s3.amazonaws.com/photos/202483534/medium.jpg
cv_dataset/Branta_canadensis/Branta_canadensis_20.jpg,Branta canadensis,Canada Goose,7089,https://inaturalist-open-data.s3.amazonaws.com/photos/204764263/medium.jpg
cv_dataset/Branta_canadensis/Branta_canadensis_21.jpg,Branta canadensis,Canada Goose,7089,https://static.inaturalist.org/photos/499498082/medium.jpeg
cv_dataset/Branta_canadensis/Branta_canadensis_22.jpg,Branta canadensis,Canada Goose,7089,https://static.inaturalist.org/photos/206303762/medium.jpg
cv_dataset/Branta_canadensis/Branta_canadensis_23.jpg,Branta canadensis,Canada Goose,7089,https://inaturalist-open-data.s3.amazonaws.com/photos/212621019/medium.jpeg
cv_dataset/Branta_canadensis/Branta_canadensis_24.jpg,Branta canadensis,Canada Goose,7089,https://static.inaturalist.org/photos/206303509/medium.jpg
cv_dataset/Branta_canadensis/Branta_canadensis_25.jpg,Branta canadensis,Canada Goose,7089,https://inaturalist-open-data.s3.amazonaws.com/photos/508759516/medium.jpg
cv_dataset/Branta_canadensis/Branta_canadensis_26.jpg,Branta canadensis,Canada Goose,7089,https://inaturalist-open-data.s3.amazonaws.com/photos/206303776/medium.jpg
cv_dataset/Branta_canadensis/Branta_canadensis_27.jpg,Branta canadensis,Canada Goose,7089,https://inaturalist-open-data.s3.amazonaws.com/photos/475135607/medium.jpg
cv_dataset/Branta_canadensis/Branta_canadensis_28.jpg,Branta canadensis,Canada Goose,7089,https://inaturalist-open-data.s3.amazonaws.com/photos/164269332/medium.jpeg
cv_dataset/Branta_canadensis/Branta_canadensis_29.jpg,Branta canadensis,Canada Goose,7089,https://inaturalist-open-data.s3.amazonaws.com/photos/71401623/medium.jpg
cv_dataset/Branta_canadensis/Branta_canadensis_30.jpg,Branta canadensis,Canada Goose,7089,https://inaturalist-open-data.s3.amazonaws.com/photos/622652913/medium.jpg
cv_dataset/Phidippus_audax/Phidippus_audax_1.jpg,Phidippus audax,Bold Jumping Spider,53809,https://static.inaturalist.org/photos/203011860/medium.jpg
cv_dataset/Phidippus_audax/Phidippus_audax_2.jpg,Phidippus audax,Bold Jumping Spider,53809,https://inaturalist-open-data.s3.amazonaws.com/photos/418950224/medium.jpeg
cv_dataset/Phidippus_audax/Phidippus_audax_3.jpg,Phidippus audax,Bold Jumping Spider,53809,https://inaturalist-open-data.s3.amazonaws.com/photos/206346719/medium.jpg
cv_dataset/Phidippus_audax/Phidippus_audax_4.jpg,Phidippus audax,Bold Jumping Spider,53809,https://inaturalist-open-data.s3.amazonaws.com/photos/206605404/medium.jpg
cv_dataset/Phidippus_audax/Phidippus_audax_5.jpg,Phidippus audax,Bold Jumping Spider,53809,https://inaturalist-open-data.s3.amazonaws.com/photos/388582645/medium.jpg
cv_dataset/Phidippus_audax/Phidippus_audax_6.jpg,Phidippus audax,Bold Jumping Spider,53809,https://inaturalist-open-data.s3.amazonaws.com/photos/162956766/medium.jpeg
cv_dataset/Phidippus_audax/Phidippus_audax_7.jpg,Phidippus audax,Bold Jumping Spider,53809,https://static.inaturalist.org/photos/292396593/medium.jpeg
cv_dataset/Phidippus_audax/Phidippus_audax_8.jpg,Phidippus audax,Bold Jumping Spider,53809,https://inaturalist-open-data.s3.amazonaws.com/photos/206350236/medium.jpg
cv_dataset/Phidippus_audax/Phidippus_audax_9.jpg,Phidippus audax,Bold Jumping Spider,53809,https://inaturalist-open-data.s3.amazonaws.com/photos/204223666/medium.jpg
cv_dataset/Phidippus_audax/Phidippus_audax_10.jpg,Phidippus audax,Bold Jumping Spider,53809,https://inaturalist-open-data.s3.amazonaws.com/photos/136108889/medium.jpg
cv_dataset/Phidippus_audax/Phidippus_audax_11.jpg,Phidippus audax,Bold Jumping Spider,53809,https://inaturalist-open-data.s3.amazonaws.com/photos/86703479/medium.jpeg
cv_dataset/Phidippus_audax/Phidippus_audax_12.jpg,Phidippus audax,Bold Jumping Spider,53809,https://inaturalist-open-data.s3.amazonaws.com/photos/292395935/medium.jpg
cv_dataset/Phidippus_audax/Phidippus_audax_13.jpg,Phidippus audax,Bold Jumping Spider,53809,https://inaturalist-open-data.s3.amazonaws.com/photos/280371592/medium.jpg
cv_dataset/Phidippus_audax/Phidippus_audax_14.jpg,Phidippus audax,Bold Jumping Spider,53809,https://static.inaturalist.org/photos/381403751/medium.jpg
cv_dataset/Phidippus_audax/Phidippus_audax_15.jpg,Phidippus audax,Bold Jumping Spider,53809,https://static.inaturalist.org/photos/533228196/medium.jpg
cv_dataset/Phidippus_audax/Phidippus_audax_16.jpg,Phidippus audax,Bold Jumping Spider,53809,https://static.inaturalist.org/photos/202554643/medium.jpg
cv_dataset/Phidippus_audax/Phidippus_audax_17.jpg,Phidippus audax,Bold Jumping Spider,53809,https://inaturalist-open-data.s3.amazonaws.com/photos/261774515/medium.jpg
cv_dataset/Phidippus_audax/Phidippus_audax_18.jpg,Phidippus audax,Bold Jumping Spider,53809,https://inaturalist-open-data.s3.amazonaws.com/photos/5093494/medium.jpg
cv_dataset/Phidippus_audax/Phidippus_audax_19.jpg,Phidippus audax,Bold Jumping Spider,53809,https://static.inaturalist.org/photos/202554523/medium.jpg
cv_dataset/Phidippus_audax/Phidippus_audax_20.jpg,Phidippus audax,Bold Jumping Spider,53809,https://inaturalist-open-data.s3.amazonaws.com/photos/263096738/medium.jpg
cv_dataset/Phidippus_audax/Phidippus_audax_21.jpg,Phidippus audax,Bold Jumping Spider,53809,https://inaturalist-open-data.s3.amazonaws.com/photos/263095237/medium.jpg
cv_dataset/Phidippus_audax/Phidippus_audax_22.jpg,Phidippus audax,Bold Jumping Spider,53809,https://inaturalist-open-data.s3.amazonaws.com/photos/157656564/medium.jpeg
cv_dataset/Phidippus_audax/Phidippus_audax_23.jpg,Phidippus audax,Bold Jumping Spider,53809,https://inaturalist-open-data.s3.amazonaws.com/photos/507631859/medium.jpg
cv_dataset/Phidippus_audax/Phidippus_audax_24.jpg,Phidippus audax,Bold Jumping Spider,53809,https://inaturalist-open-data.s3.amazonaws.com/photos/206350460/medium.jpg
cv_dataset/Phidippus_audax/Phidippus_audax_25.jpg,Phidippus audax,Bold Jumping Spider,53809,https://static.inaturalist.org/photos/486182804/medium.jpeg
cv_dataset/Phidippus_audax/Phidippus_audax_26.jpg,Phidippus audax,Bold Jumping Spider,53809,https://inaturalist-open-data.s3.amazonaws.com/photos/40667680/medium.jpg
cv_dataset/Phidippus_audax/Phidippus_audax_27.jpg,Phidippus audax,Bold Jumping Spider,53809,https://inaturalist-open-data.s3.amazonaws.com/photos/5095878/medium.jpg
cv_dataset/Phidippus_audax/Phidippus_audax_28.jpg,Phidippus audax,Bold Jumping Spider,53809,https://inaturalist-open-data.s3.amazonaws.com/photos/508066967/medium.jpg
cv_dataset/Phidippus_audax/Phidippus_audax_29.jpg,Phidippus audax,Bold Jumping Spider,53809,https://inaturalist-open-data.s3.amazonaws.com/photos/570723136/medium.jpg
cv_dataset/Phyla_nodiflora/Phyla_nodiflora_1.jpg,Phyla nodiflora,turkey tangle frogfruit,59040,https://inaturalist-open-data.s3.amazonaws.com/photos/416391330/medium.jpeg
cv_dataset/Phyla_nodiflora/Phyla_nodiflora_2.jpg,Phyla nodiflora,turkey tangle frogfruit,59040,https://inaturalist-open-data.s3.amazonaws.com/photos/5069363/medium.jpeg
cv_dataset/Phyla_nodiflora/Phyla_nodiflora_3.jpg,Phyla nodiflora,turkey tangle frogfruit,59040,https://inaturalist-open-data.s3.amazonaws.com/photos/198513915/medium.jpg
cv_dataset/Phyla_nodiflora/Phyla_nodiflora_4.jpg,Phyla nodiflora,turkey tangle frogfruit,59040,https://inaturalist-open-data.s3.amazonaws.com/photos/5069239/medium.jpg
cv_dataset/Phyla_nodiflora/Phyla_nodiflora_5.jpg,Phyla nodiflora,turkey tangle frogfruit,59040,https://inaturalist-open-data.s3.amazonaws.com/photos/40300360/medium.jpeg
cv_dataset/Phyla_nodiflora/Phyla_nodiflora_6.jpg,Phyla nodiflora,turkey tangle frogfruit,59040,https://inaturalist-open-data.s3.amazonaws.com/photos/221324985/medium.jpg
cv_dataset/Phyla_nodiflora/Phyla_nodiflora_7.jpg,Phyla nodiflora,turkey tangle frogfruit,59040,https://inaturalist-open-data.s3.amazonaws.com/photos/197104389/medium.jpg
cv_dataset/Phyla_nodiflora/Phyla_nodiflora_8.jpg,Phyla nodiflora,turkey tangle frogfruit,59040,https://inaturalist-open-data.s3.amazonaws.com/photos/203172102/medium.jpg
cv_dataset/Phyla_nodiflora/Phyla_nodiflora_9.jpg,Phyla nodiflora,turkey tangle frogfruit,59040,https://inaturalist-open-data.s3.amazonaws.com/photos/18701352/medium.jpg
cv_dataset/Phyla_nodiflora/Phyla_nodiflora_10.jpg,Phyla nodiflora,turkey tangle frogfruit,59040,https://inaturalist-open-data.s3.amazonaws.com/photos/212630009/medium.jpeg
cv_dataset/Phyla_nodiflora/Phyla_nodiflora_11.jpg,Phyla nodiflora,turkey tangle frogfruit,59040,https://static.inaturalist.org/photos/206305091/medium.jpg
cv_dataset/Phyla_nodiflora/Phyla_nodiflora_12.jpg,Phyla nodiflora,turkey tangle frogfruit,59040,https://static.inaturalist.org/photos/533205053/medium.jpg
cv_dataset/Phyla_nodiflora/Phyla_nodiflora_13.jpg,Phyla nodiflora,turkey tangle frogfruit,59040,https://inaturalist-open-data.s3.amazonaws.com/photos/40390369/medium.jpg
cv_dataset/Phyla_nodiflora/Phyla_nodiflora_14.jpg,Phyla nodiflora,turkey tangle frogfruit,59040,https://inaturalist-open-data.s3.amazonaws.com/photos/383748654/medium.jpg
cv_dataset/Phyla_nodiflora/Phyla_nodiflora_15.jpg,Phyla nodiflora,turkey tangle frogfruit,59040,https://inaturalist-open-data.s3.amazonaws.com/photos/197101357/medium.jpg
cv_dataset/Phyla_nodiflora/Phyla_nodiflora_16.jpg,Phyla nodiflora,turkey tangle frogfruit,59040,https://inaturalist-open-data.s3.amazonaws.com/photos/301875811/medium.jpg
cv_dataset/Phyla_nodiflora/Phyla_nodiflora_17.jpg,Phyla nodiflora,turkey tangle frogfruit,59040,https://inaturalist-open-data.s3.amazonaws.com/photos/8116371/medium.jpeg
cv_dataset/Phyla_nodiflora/Phyla_nodiflora_18.jpg,Phyla nodiflora,turkey tangle frogfruit,59040,https://inaturalist-open-data.s3.amazonaws.com/photos/212621068/medium.jpeg
cv_dataset/Phyla_nodiflora/Phyla_nodiflora_19.jpg,Phyla nodiflora,turkey tangle frogfruit,59040,https://static.inaturalist.org/photos/206305569/medium.jpg
cv_dataset/Phyla_nodiflora/Phyla_nodiflora_20.jpg,Phyla nodiflora,turkey tangle frogfruit,59040,https://inaturalist-open-data.s3.amazonaws.com/photos/115275720/medium.jpg
cv_dataset/Phyla_nodiflora/Phyla_nodiflora_21.jpg,Phyla nodiflora,turkey tangle frogfruit,59040,https://inaturalist-open-data.s3.amazonaws.com/photos/197104723/medium.jpg
cv_dataset/Phyla_nodiflora/Phyla_nodiflora_22.jpg,Phyla nodiflora,turkey tangle frogfruit,59040,https://inaturalist-open-data.s3.amazonaws.com/photos/212098605/medium.jpg
cv_dataset/Phyla_nodiflora/Phyla_nodiflora_23.jpg,Phyla nodiflora,turkey tangle frogfruit,59040,https://inaturalist-open-data.s3.amazonaws.com/photos/157659415/medium.jpeg
cv_dataset/Phyla_nodiflora/Phyla_nodiflora_24.jpg,Phyla nodiflora,turkey tangle frogfruit,59040,https://inaturalist-open-data.s3.amazonaws.com/photos/19112215/medium.jpg
cv_dataset/Phyla_nodiflora/Phyla_nodiflora_25.jpg,Phyla nodiflora,turkey tangle frogfruit,59040,https://inaturalist-open-data.s3.amazonaws.com/photos/203661911/medium.jpg
cv_dataset/Phyla_nodiflora/Phyla_nodiflora_26.jpg,Phyla nodiflora,turkey tangle frogfruit,59040,https://inaturalist-open-data.s3.amazonaws.com/photos/201988797/medium.jpg
cv_dataset/Phyla_nodiflora/Phyla_nodiflora_27.jpg,Phyla nodiflora,turkey tangle frogfruit,59040,https://inaturalist-open-data.s3.amazonaws.com/photos/344490248/medium.jpg
cv_dataset/Phyla_nodiflora/Phyla_nodiflora_28.jpg,Phyla nodiflora,turkey tangle frogfruit,59040,https://inaturalist-open-data.s3.amazonaws.com/photos/206347233/medium.jpg
cv_dataset/Nerodia_rhombifer/Nerodia_rhombifer_1.jpg,Nerodia rhombifer,Diamondback Watersnake,29310,https://inaturalist-open-data.s3.amazonaws.com/photos/203585648/medium.jpeg
cv_dataset/Nerodia_rhombifer/Nerodia_rhombifer_2.jpg,Nerodia rhombifer,Diamondback Watersnake,29310,https://inaturalist-open-data.s3.amazonaws.com/photos/202814120/medium.jpg
cv_dataset/Nerodia_rhombifer/Nerodia_rhombifer_3.jpg,Nerodia rhombifer,Diamondback Watersnake,29310,https://inaturalist-open-data.s3.amazonaws.com/photos/203585679/medium.jpeg
cv_dataset/Nerodia_rhombifer/Nerodia_rhombifer_4.jpg,Nerodia rhombifer,Diamondback Watersnake,29310,https://inaturalist-open-data.s3.amazonaws.com/photos/282968811/medium.jpg
cv_dataset/Nerodia_rhombifer/Nerodia_rhombifer_5.jpg,Nerodia rhombifer,Diamondback Watersnake,29310,https://inaturalist-open-data.s3.amazonaws.com/photos/390353498/medium.jpg
cv_dataset/Nerodia_rhombifer/Nerodia_rhombifer_6.jpg,Nerodia rhombifer,Diamondback Watersnake,29310,https://inaturalist-open-data.s3.amazonaws.com/photos/282687030/medium.jpg
cv_dataset/Nerodia_rhombifer/Nerodia_rhombifer_7.jpg,Nerodia rhombifer,Diamondback Watersnake,29310,https://inaturalist-open-data.s3.amazonaws.com/photos/282690070/medium.jpg
cv_dataset/Nerodia_rhombifer/Nerodia_rhombifer_8.jpg,Nerodia rhombifer,Diamondback Watersnake,29310,https://inaturalist-open-data.s3.amazonaws.com/photos/280075618/medium.jpg
cv_dataset/Nerodia_rhombifer/Nerodia_rhombifer_9.jpg,Nerodia rhombifer,Diamondback Watersnake,29310,https://inaturalist-open-data.s3.amazonaws.com/photos/282979429/medium.jpg
cv_dataset/Nerodia_rhombifer/Nerodia_rhombifer_10.jpg,Nerodia rhombifer,Diamondback Watersnake,29310,https://static.inaturalist.org/photos/203896618/medium.jpg
cv_dataset/Nerodia_rhombifer/Nerodia_rhombifer_11.jpg,Nerodia rhombifer,Diamondback Watersnake,29310,https://inaturalist-open-data.s3.amazonaws.com/photos/282552657/medium.jpg
cv_dataset/Nerodia_rhombifer/Nerodia_rhombifer_12.jpg,Nerodia rhombifer,Diamondback Watersnake,29310,https://inaturalist-open-data.s3.amazonaws.com/photos/280238304/medium.jpg
cv_dataset/Nerodia_rhombifer/Nerodia_rhombifer_13.jpg,Nerodia rhombifer,Diamondback Watersnake,29310,https://inaturalist-open-data.s3.amazonaws.com/photos/282670486/medium.jpg
cv_dataset/Nerodia_rhombifer/Nerodia_rhombifer_14.jpg,Nerodia rhombifer,Diamondback Watersnake,29310,https://inaturalist-open-data.s3.amazonaws.com/photos/282555904/medium.jpg
cv_dataset/Nerodia_rhombifer/Nerodia_rhombifer_15.jpg,Nerodia rhombifer,Diamondback Watersnake,29310,https://inaturalist-open-data.s3.amazonaws.com/photos/282676843/medium.jpg
cv_dataset/Nerodia_rhombifer/Nerodia_rhombifer_16.jpg,Nerodia rhombifer,Diamondback Watersnake,29310,https://inaturalist-open-data.s3.amazonaws.com/photos/283475364/medium.jpg
cv_dataset/Nerodia_rhombifer/Nerodia_rhombifer_17.jpg,Nerodia rhombifer,Diamondback Watersnake,29310,https://static.inaturalist.org/photos/283374835/medium.jpg
cv_dataset/Nerodia_rhombifer/Nerodia_rhombifer_18.jpg,Nerodia rhombifer,Diamondback Watersnake,29310,https://inaturalist-open-data.s3.amazonaws.com/photos/282677033/medium.jpg
cv_dataset/Nerodia_rhombifer/Nerodia_rhombifer_19.jpg,Nerodia rhombifer,Diamondback Watersnake,29310,https://inaturalist-open-data.s3.amazonaws.com/photos/282679192/medium.jpg
cv_dataset/Nerodia_rhombifer/Nerodia_rhombifer_20.jpg,Nerodia rhombifer,Diamondback Watersnake,29310,https://inaturalist-open-data.s3.amazonaws.com/photos/281729933/medium.jpg
cv_dataset/Nerodia_rhombifer/Nerodia_rhombifer_21.jpg,Nerodia rhombifer,Diamondback Watersnake,29310,https://inaturalist-open-data.s3.amazonaws.com/photos/282688795/medium.jpg
cv_dataset/Nerodia_rhombifer/Nerodia_rhombifer_22.jpg,Nerodia rhombifer,Diamondback Watersnake,29310,https://inaturalist-open-data.s3.amazonaws.com/photos/282212323/medium.jpg
cv_dataset/Nerodia_rhombifer/Nerodia_rhombifer_23.jpg,Nerodia rhombifer,Diamondback Watersnake,29310,https://inaturalist-open-data.s3.amazonaws.com/photos/283482653/medium.jpg
cv_dataset/Nerodia_rhombifer/Nerodia_rhombifer_24.jpg,Nerodia rhombifer,Diamondback Watersnake,29310,https://inaturalist-open-data.s3.amazonaws.com/photos/282616789/medium.jpg
cv_dataset/Nerodia_rhombifer/Nerodia_rhombifer_25.jpg,Nerodia rhombifer,Diamondback Watersnake,29310,https://inaturalist-open-data.s3.amazonaws.com/photos/282673375/medium.jpg
cv_dataset/Nerodia_rhombifer/Nerodia_rhombifer_26.jpg,Nerodia rhombifer,Diamondback Watersnake,29310,https://inaturalist-open-data.s3.amazonaws.com/photos/280146078/medium.jpg
cv_dataset/Nerodia_rhombifer/Nerodia_rhombifer_27.jpg,Nerodia rhombifer,Diamondback Watersnake,29310,https://inaturalist-open-data.s3.amazonaws.com/photos/158944710/medium.jpeg
cv_dataset/Hemidactylus_turcicus/Hemidactylus_turcicus_1.jpg,Hemidactylus turcicus,Mediterranean House Gecko,34435,https://static.inaturalist.org/photos/388837429/medium.jpeg
cv_dataset/Hemidactylus_turcicus/Hemidactylus_turcicus_2.jpg,Hemidactylus turcicus,Mediterranean House Gecko,34435,https://inaturalist-open-data.s3.amazonaws.com/photos/282703967/medium.jpg
cv_dataset/Hemidactylus_turcicus/Hemidactylus_turcicus_3.jpg,Hemidactylus turcicus,Mediterranean House Gecko,34435,https://inaturalist-open-data.s3.amazonaws.com/photos/202874009/medium.jpg
cv_dataset/Hemidactylus_turcicus/Hemidactylus_turcicus_4.jpg,Hemidactylus turcicus,Mediterranean House Gecko,34435,https://inaturalist-open-data.s3.amazonaws.com/photos/543918661/medium.jpg
cv_dataset/Hemidactylus_turcicus/Hemidactylus_turcicus_5.jpg,Hemidactylus turcicus,Mediterranean House Gecko,34435,https://static.inaturalist.org/photos/143318049/medium.jpeg
cv_dataset/Hemidactylus_turcicus/Hemidactylus_turcicus_6.jpg,Hemidactylus turcicus,Mediterranean House Gecko,34435,https://inaturalist-open-data.s3.amazonaws.com/photos/282994492/medium.jpg
cv_dataset/Hemidactylus_turcicus/Hemidactylus_turcicus_7.jpg,Hemidactylus turcicus,Mediterranean House Gecko,34435,https://inaturalist-open-data.s3.amazonaws.com/photos/94058065/medium.jpeg
cv_dataset/Hemidactylus_turcicus/Hemidactylus_turcicus_8.jpg,Hemidactylus turcicus,Mediterranean House Gecko,34435,https://inaturalist-open-data.s3.amazonaws.com/photos/601502425/medium.jpg
cv_dataset/Hemidactylus_turcicus/Hemidactylus_turcicus_9.jpg,Hemidactylus turcicus,Mediterranean House Gecko,34435,https://inaturalist-open-data.s3.amazonaws.com/photos/594435912/medium.jpg
cv_dataset/Hemidactylus_turcicus/Hemidactylus_turcicus_10.jpg,Hemidactylus turcicus,Mediterranean House Gecko,34435,https://inaturalist-open-data.s3.amazonaws.com/photos/283213282/medium.jpg
cv_dataset/Hemidactylus_turcicus/Hemidactylus_turcicus_11.jpg,Hemidactylus turcicus,Mediterranean House Gecko,34435,https://inaturalist-open-data.s3.amazonaws.com/photos/283474353/medium.jpg
cv_dataset/Hemidactylus_turcicus/Hemidactylus_turcicus_12.jpg,Hemidactylus turcicus,Mediterranean House Gecko,34435,https://static.inaturalist.org/photos/320217207/medium.jpeg
cv_dataset/Hemidactylus_turcicus/Hemidactylus_turcicus_13.jpg,Hemidactylus turcicus,Mediterranean House Gecko,34435,https://inaturalist-open-data.s3.amazonaws.com/photos/7022350/medium.jpg
cv_dataset/Hemidactylus_turcicus/Hemidactylus_turcicus_14.jpg,Hemidactylus turcicus,Mediterranean House Gecko,34435,https://inaturalist-open-data.s3.amazonaws.com/photos/282657005/medium.jpg
cv_dataset/Hemidactylus_turcicus/Hemidactylus_turcicus_15.jpg,Hemidactylus turcicus,Mediterranean House Gecko,34435,https://inaturalist-open-data.s3.amazonaws.com/photos/391760696/medium.jpeg
cv_dataset/Hemidactylus_turcicus/Hemidactylus_turcicus_16.jpg,Hemidactylus turcicus,Mediterranean House Gecko,34435,https://inaturalist-open-data.s3.amazonaws.com/photos/210757877/medium.jpg
cv_dataset/Hemidactylus_turcicus/Hemidactylus_turcicus_17.jpg,Hemidactylus turcicus,Mediterranean House Gecko,34435,https://inaturalist-open-data.s3.amazonaws.com/photos/417924518/medium.jpeg
cv_dataset/Hemidactylus_turcicus/Hemidactylus_turcicus_18.jpg,Hemidactylus turcicus,Mediterranean House Gecko,34435,https://inaturalist-open-data.s3.amazonaws.com/photos/283119324/medium.jpg
cv_dataset/Hemidactylus_turcicus/Hemidactylus_turcicus_19.jpg,Hemidactylus turcicus,Mediterranean House Gecko,34435,https://inaturalist-open-data.s3.amazonaws.com/photos/282751329/medium.jpg
cv_dataset/Hemidactylus_turcicus/Hemidactylus_turcicus_20.jpg,Hemidactylus turcicus,Mediterranean House Gecko,34435,https://inaturalist-open-data.s3.amazonaws.com/photos/3268001/medium.jpg
cv_dataset/Hemidactylus_turcicus/Hemidactylus_turcicus_21.jpg,Hemidactylus turcicus,Mediterranean House Gecko,34435,https://inaturalist-open-data.s3.amazonaws.com/photos/388457656/medium.jpg
cv_dataset/Hemidactylus_turcicus/Hemidactylus_turcicus_22.jpg,Hemidactylus turcicus,Mediterranean House Gecko,34435,https://inaturalist-open-data.s3.amazonaws.com/photos/21754610/medium.jpg
cv_dataset/Hemidactylus_turcicus/Hemidactylus_turcicus_23.jpg,Hemidactylus turcicus,Mediterranean House Gecko,34435,https://inaturalist-open-data.s3.amazonaws.com/photos/103560189/medium.jpg
cv_dataset/Hemidactylus_turcicus/Hemidactylus_turcicus_24.jpg,Hemidactylus turcicus,Mediterranean House Gecko,34435,https://inaturalist-open-data.s3.amazonaws.com/photos/282348541/medium.jpg
cv_dataset/Hemidactylus_turcicus/Hemidactylus_turcicus_25.jpg,Hemidactylus turcicus,Mediterranean House Gecko,34435,https://static.inaturalist.org/photos/282683636/medium.jpg
cv_dataset/Hemidactylus_turcicus/Hemidactylus_turcicus_26.jpg,Hemidactylus turcicus,Mediterranean House Gecko,34435,https://inaturalist-open-data.s3.amazonaws.com/photos/283060456/medium.jpg
cv_dataset/Hemidactylus_turcicus/Hemidactylus_turcicus_27.jpg,Hemidactylus turcicus,Mediterranean House Gecko,34435,https://inaturalist-open-data.s3.amazonaws.com/photos/91247943/medium.jpg
cv_dataset/Junonia_coenia/Junonia_coenia_1.jpg,Junonia coenia,Common Buckeye,48505,https://static.inaturalist.org/photos/533472151/medium.jpg
cv_dataset/Junonia_coenia/Junonia_coenia_2.jpg,Junonia coenia,Common Buckeye,48505,https://inaturalist-open-data.s3.amazonaws.com/photos/5069156/medium.jpg
cv_dataset/Junonia_coenia/Junonia_coenia_3.jpg,Junonia coenia,Common Buckeye,48505,https://inaturalist-open-data.s3.amazonaws.com/photos/70830960/medium.jpg
cv_dataset/Junonia_coenia/Junonia_coenia_4.jpg,Junonia coenia,Common Buckeye,48505,https://inaturalist-open-data.s3.amazonaws.com/photos/292620201/medium.jpg
cv_dataset/Junonia_coenia/Junonia_coenia_5.jpg,Junonia coenia,Common Buckeye,48505,https://static.inaturalist.org/photos/40398066/medium.jpg
cv_dataset/Junonia_coenia/Junonia_coenia_6.jpg,Junonia coenia,Common Buckeye,48505,https://inaturalist-open-data.s3.amazonaws.com/photos/41158311/medium.jpg
cv_dataset/Junonia_coenia/Junonia_coenia_7.jpg,Junonia coenia,Common Buckeye,48505,https://inaturalist-open-data.s3.amazonaws.com/photos/39331533/medium.jpg
cv_dataset/Junonia_coenia/Junonia_coenia_8.jpg,Junonia coenia,Common Buckeye,48505,https://inaturalist-open-data.s3.amazonaws.com/photos/275076309/medium.jpeg
cv_dataset/Junonia_coenia/Junonia_coenia_9.jpg,Junonia coenia,Common Buckeye,48505,https://inaturalist-open-data.s3.amazonaws.com/photos/140985689/medium.jpg
cv_dataset/Junonia_coenia/Junonia_coenia_10.jpg,Junonia coenia,Common Buckeye,48505,https://inaturalist-open-data.s3.amazonaws.com/photos/273589215/medium.jpg
cv_dataset/Junonia_coenia/Junonia_coenia_11.jpg,Junonia coenia,Common Buckeye,48505,https://static.inaturalist.org/photos/40396529/medium.jpeg
cv_dataset/Junonia_coenia/Junonia_coenia_12.jpg,Junonia coenia,Common Buckeye,48505,https://inaturalist-open-data.s3.amazonaws.com/photos/74631795/medium.jpg
cv_dataset/Junonia_coenia/Junonia_coenia_13.jpg,Junonia coenia,Common Buckeye,48505,https://inaturalist-open-data.s3.amazonaws.com/photos/5096253/medium.jpg
cv_dataset/Junonia_coenia/Junonia_coenia_14.jpg,Junonia coenia,Common Buckeye,48505,https://static.inaturalist.org/photos/381995400/medium.jpeg
cv_dataset/Junonia_coenia/Junonia_coenia_15.jpg,Junonia coenia,Common Buckeye,48505,https://static.inaturalist.org/photos/41246528/medium.jpg
cv_dataset/Junonia_coenia/Junonia_coenia_16.jpg,Junonia coenia,Common Buckeye,48505,https://inaturalist-open-data.s3.amazonaws.com/photos/506820841/medium.jpg
cv_dataset/Junonia_coenia/Junonia_coenia_17.jpg,Junonia coenia,Common Buckeye,48505,https://inaturalist-open-data.s3.amazonaws.com/photos/11466196/medium.jpeg
cv_dataset/Junonia_coenia/Junonia_coenia_18.jpg,Junonia coenia,Common Buckeye,48505,https://inaturalist-open-data.s3.amazonaws.com/photos/494238409/medium.jpeg
cv_dataset/Junonia_coenia/Junonia_coenia_19.jpg,Junonia coenia,Common Buckeye,48505,https://inaturalist-open-data.s3.amazonaws.com/photos/158373421/medium.jpeg
cv_dataset/Junonia_coenia/Junonia_coenia_20.jpg,Junonia coenia,Common Buckeye,48505,https://inaturalist-open-data.s3.amazonaws.com/photos/505839108/medium.jpg
cv_dataset/Junonia_coenia/Junonia_coenia_21.jpg,Junonia coenia,Common Buckeye,48505,https://inaturalist-open-data.s3.amazonaws.com/photos/41016249/medium.jpg
cv_dataset/Junonia_coenia/Junonia_coenia_22.jpg,Junonia coenia,Common Buckeye,48505,https://inaturalist-open-data.s3.amazonaws.com/photos/364195367/medium.jpg
cv_dataset/Junonia_coenia/Junonia_coenia_23.jpg,Junonia coenia,Common Buckeye,48505,https://inaturalist-open-data.s3.amazonaws.com/photos/40559340/medium.jpg
cv_dataset/Junonia_coenia/Junonia_coenia_24.jpg,Junonia coenia,Common Buckeye,48505,https://static.inaturalist.org/photos/40447207/medium.jpg
cv_dataset/Junonia_coenia/Junonia_coenia_25.jpg,Junonia coenia,Common Buckeye,48505,https://inaturalist-open-data.s3.amazonaws.com/photos/41224375/medium.jpeg
cv_dataset/Junonia_coenia/Junonia_coenia_26.jpg,Junonia coenia,Common Buckeye,48505,https://inaturalist-open-data.s3.amazonaws.com/photos/40794010/medium.jpg
cv_dataset/Arilus_cristatus/Arilus_cristatus_1.jpg,Arilus cristatus,North American Wheel Bug,48957,https://inaturalist-open-data.s3.amazonaws.com/photos/41224561/medium.jpeg
cv_dataset/Arilus_cristatus/Arilus_cristatus_2.jpg,Arilus cristatus,North American Wheel Bug,48957,https://inaturalist-open-data.s3.amazonaws.com/photos/447067614/medium.jpeg
cv_dataset/Arilus_cristatus/Arilus_cristatus_3.jpg,Arilus cristatus,North American Wheel Bug,48957,https://inaturalist-open-data.s3.amazonaws.com/photos/504933263/medium.jpg
cv_dataset/Arilus_cristatus/Arilus_cristatus_4.jpg,Arilus cristatus,North American Wheel Bug,48957,https://inaturalist-open-data.s3.amazonaws.com/photos/206350152/medium.jpg
cv_dataset/Arilus_cristatus/Arilus_cristatus_5.jpg,Arilus cristatus,North American Wheel Bug,48957,https://inaturalist-open-data.s3.amazonaws.com/photos/381833765/medium.jpg
cv_dataset/Arilus_cristatus/Arilus_cristatus_6.jpg,Arilus cristatus,North American Wheel Bug,48957,https://inaturalist-open-data.s3.amazonaws.com/photos/500966455/medium.jpeg
cv_dataset/Arilus_cristatus/Arilus_cristatus_7.jpg,Arilus cristatus,North American Wheel Bug,48957,https://static.inaturalist.org/photos/381812612/medium.jpg
cv_dataset/Arilus_cristatus/Arilus_cristatus_8.jpg,Arilus cristatus,North American Wheel Bug,48957,https://inaturalist-open-data.s3.amazonaws.com/photos/505749182/medium.jpg
cv_dataset/Arilus_cristatus/Arilus_cristatus_9.jpg,Arilus cristatus,North American Wheel Bug,48957,https://inaturalist-open-data.s3.amazonaws.com/photos/185116027/medium.jpg
cv_dataset/Arilus_cristatus/Arilus_cristatus_10.jpg,Arilus cristatus,North American Wheel Bug,48957,https://inaturalist-open-data.s3.amazonaws.com/photos/203860748/medium.jpg
cv_dataset/Arilus_cristatus/Arilus_cristatus_11.jpg,Arilus cristatus,North American Wheel Bug,48957,https://inaturalist-open-data.s3.amazonaws.com/photos/202520471/medium.jpg
cv_dataset/Arilus_cristatus/Arilus_cristatus_12.jpg,Arilus cristatus,North American Wheel Bug,48957,https://inaturalist-open-data.s3.amazonaws.com/photos/202527671/medium.jpg
cv_dataset/Arilus_cristatus/Arilus_cristatus_13.jpg,Arilus cristatus,North American Wheel Bug,48957,https://static.inaturalist.org/photos/202531030/medium.jpg
cv_dataset/Arilus_cristatus/Arilus_cristatus_14.jpg,Arilus cristatus,North American Wheel Bug,48957,https://static.inaturalist.org/photos/384803692/medium.jpg
cv_dataset/Arilus_cristatus/Arilus_cristatus_15.jpg,Arilus cristatus,North American Wheel Bug,48957,https://inaturalist-open-data.s3.amazonaws.com/photos/507441756/medium.jpg
cv_dataset/Arilus_cristatus/Arilus_cristatus_16.jpg,Arilus cristatus,North American Wheel Bug,48957,https://inaturalist-open-data.s3.amazonaws.com/photos/505231048/medium.jpg
cv_dataset/Arilus_cristatus/Arilus_cristatus_17.jpg,Arilus cristatus,North American Wheel Bug,48957,https://inaturalist-open-data.s3.amazonaws.com/photos/206351550/medium.jpg
cv_dataset/Arilus_cristatus/Arilus_cristatus_18.jpg,Arilus cristatus,North American Wheel Bug,48957,https://inaturalist-open-data.s3.amazonaws.com/photos/203586620/medium.jpeg
cv_dataset/Arilus_cristatus/Arilus_cristatus_19.jpg,Arilus cristatus,North American Wheel Bug,48957,https://inaturalist-open-data.s3.amazonaws.com/photos/206350512/medium.jpg
cv_dataset/Arilus_cristatus/Arilus_cristatus_20.jpg,Arilus cristatus,North American Wheel Bug,48957,https://inaturalist-open-data.s3.amazonaws.com/photos/508022993/medium.jpg
cv_dataset/Arilus_cristatus/Arilus_cristatus_21.jpg,Arilus cristatus,North American Wheel Bug,48957,https://static.inaturalist.org/photos/202528507/medium.jpg
cv_dataset/Arilus_cristatus/Arilus_cristatus_22.jpg,Arilus cristatus,North American Wheel Bug,48957,https://inaturalist-open-data.s3.amazonaws.com/photos/506377540/medium.jpg
cv_dataset/Arilus_cristatus/Arilus_cristatus_23.jpg,Arilus cristatus,North American Wheel Bug,48957,https://inaturalist-open-data.s3.amazonaws.com/photos/505839993/medium.jpg
cv_dataset/Arilus_cristatus/Arilus_cristatus_24.jpg,Arilus cristatus,North American Wheel Bug,48957,https://inaturalist-open-data.s3.amazonaws.com/photos/381867761/medium.jpg
cv_dataset/Arilus_cristatus/Arilus_cristatus_25.jpg,Arilus cristatus,North American Wheel Bug,48957,https://static.inaturalist.org/photos/381816659/medium.jpg
cv_dataset/Arilus_cristatus/Arilus_cristatus_26.jpg,Arilus cristatus,North American Wheel Bug,48957,https://inaturalist-open-data.s3.amazonaws.com/photos/510430584/medium.jpg
cv_dataset/Lithobates_sphenocephalus/Lithobates_sphenocephalus_1.jpg,Lithobates sphenocephalus,Southern Leopard Frog,60341,https://static.inaturalist.org/photos/125327156/medium.jpeg
cv_dataset/Lithobates_sphenocephalus/Lithobates_sphenocephalus_2.jpg,Lithobates sphenocephalus,Southern Leopard Frog,60341,https://inaturalist-open-data.s3.amazonaws.com/photos/282211572/medium.jpg
cv_dataset/Lithobates_sphenocephalus/Lithobates_sphenocephalus_3.jpg,Lithobates sphenocephalus,Southern Leopard Frog,60341,https://static.inaturalist.org/photos/125326761/medium.jpeg
cv_dataset/Lithobates_sphenocephalus/Lithobates_sphenocephalus_4.jpg,Lithobates sphenocephalus,Southern Leopard Frog,60341,https://static.inaturalist.org/photos/282683306/medium.jpg
cv_dataset/Lithobates_sphenocephalus/Lithobates_sphenocephalus_5.jpg,Lithobates sphenocephalus,Southern Leopard Frog,60341,https://inaturalist-open-data.s3.amazonaws.com/photos/5080977/medium.jpeg
cv_dataset/Lithobates_sphenocephalus/Lithobates_sphenocephalus_6.jpg,Lithobates sphenocephalus,Southern Leopard Frog,60341,https://inaturalist-open-data.s3.amazonaws.com/photos/282751669/medium.jpg
cv_dataset/Lithobates_sphenocephalus/Lithobates_sphenocephalus_7.jpg,Lithobates sphenocephalus,Southern Leopard Frog,60341,https://inaturalist-open-data.s3.amazonaws.com/photos/282677915/medium.jpg
cv_dataset/Lithobates_sphenocephalus/Lithobates_sphenocephalus_8.jpg,Lithobates sphenocephalus,Southern Leopard Frog,60341,https://static.inaturalist.org/photos/394433578/medium.jpg
cv_dataset/Lithobates_sphenocephalus/Lithobates_sphenocephalus_9.jpg,Lithobates sphenocephalus,Southern Leopard Frog,60341,https://inaturalist-open-data.s3.amazonaws.com/photos/389763966/medium.jpg
cv_dataset/Lithobates_sphenocephalus/Lithobates_sphenocephalus_10.jpg,Lithobates sphenocephalus,Southern Leopard Frog,60341,https://inaturalist-open-data.s3.amazonaws.com/photos/137172701/medium.jpg
cv_dataset/Lithobates_sphenocephalus/Lithobates_sphenocephalus_11.jpg,Lithobates sphenocephalus,Southern Leopard Frog,60341,https://inaturalist-open-data.s3.amazonaws.com/photos/159450133/medium.jpeg
cv_dataset/Lithobates_sphenocephalus/Lithobates_sphenocephalus_12.jpg,Lithobates sphenocephalus,Southern Leopard Frog,60341,https://inaturalist-open-data.s3.amazonaws.com/photos/282683614/medium.jpg
cv_dataset/Lithobates_sphenocephalus/Lithobates_sphenocephalus_13.jpg,Lithobates sphenocephalus,Southern Leopard Frog,60341,https://inaturalist-open-data.s3.amazonaws.com/photos/282689141/medium.jpg
cv_dataset/Lithobates_sphenocephalus/Lithobates_sphenocephalus_14.jpg,Lithobates sphenocephalus,Southern Leopard Frog,60341,https://inaturalist-open-data.s3.amazonaws.com/photos/282290103/medium.jpg
cv_dataset/Lithobates_sphenocephalus/Lithobates_sphenocephalus_15.jpg,Lithobates sphenocephalus,Southern Leopard Frog,60341,https://inaturalist-open-data.s3.amazonaws.com/photos/283212287/medium.jpg
cv_dataset/Lithobates_sphenocephalus/Lithobates_sphenocephalus_16.jpg,Lithobates sphenocephalus,Southern Leopard Frog,60341,https://inaturalist-open-data.s3.amazonaws.com/photos/282977673/medium.jpg
cv_dataset/Lithobates_sphenocephalus/Lithobates_sphenocephalus_17.jpg,Lithobates sphenocephalus,Southern Leopard Frog,60341,https://inaturalist-open-data.s3.amazonaws.com/photos/282688972/medium.jpg
cv_dataset/Lithobates_sphenocephalus/Lithobates_sphenocephalus_18.jpg,Lithobates sphenocephalus,Southern Leopard Frog,60341,https://inaturalist-open-data.s3.amazonaws.com/photos/606648994/medium.jpg
cv_dataset/Lithobates_sphenocephalus/Lithobates_sphenocephalus_19.jpg,Lithobates sphenocephalus,Southern Leopard Frog,60341,https://inaturalist-open-data.s3.amazonaws.com/photos/282211098/medium.jpg
cv_dataset/Lithobates_sphenocephalus/Lithobates_sphenocephalus_20.jpg,Lithobates sphenocephalus,Southern Leopard Frog,60341,https://static.inaturalist.org/photos/125327238/medium.jpeg
cv_dataset/Lithobates_sphenocephalus/Lithobates_sphenocephalus_21.jpg,Lithobates sphenocephalus,Southern Leopard Frog,60341,https://inaturalist-open-data.s3.amazonaws.com/photos/282684743/medium.jpg
cv_dataset/Lithobates_sphenocephalus/Lithobates_sphenocephalus_22.jpg,Lithobates sphenocephalus,Southern Leopard Frog,60341,https://static.inaturalist.org/photos/204550427/medium.jpeg
cv_dataset/Lithobates_sphenocephalus/Lithobates_sphenocephalus_23.jpg,Lithobates sphenocephalus,Southern Leopard Frog,60341,https://inaturalist-open-data.s3.amazonaws.com/photos/282559406/medium.jpg
cv_dataset/Lithobates_sphenocephalus/Lithobates_sphenocephalus_24.jpg,Lithobates sphenocephalus,Southern Leopard Frog,60341,https://static.inaturalist.org/photos/394435791/medium.jpg
cv_dataset/Lithobates_sphenocephalus/Lithobates_sphenocephalus_25.jpg,Lithobates sphenocephalus,Southern Leopard Frog,60341,https://inaturalist-open-data.s3.amazonaws.com/photos/282689858/medium.jpg
cv_dataset/Lithobates_sphenocephalus/Lithobates_sphenocephalus_26.jpg,Lithobates sphenocephalus,Southern Leopard Frog,60341,https://inaturalist-open-data.s3.amazonaws.com/photos/283466477/medium.jpg
cv_dataset/Chamaecrista_fasciculata/Chamaecrista_fasciculata_1.jpg,Chamaecrista fasciculata,partridge pea,127907,https://static.inaturalist.org/photos/582497413/medium.jpg
cv_dataset/Chamaecrista_fasciculata/Chamaecrista_fasciculata_2.jpg,Chamaecrista fasciculata,partridge pea,127907,https://static.inaturalist.org/photos/142621414/medium.jpeg
cv_dataset/Chamaecrista_fasciculata/Chamaecrista_fasciculata_3.jpg,Chamaecrista fasciculata,partridge pea,127907,https://inaturalist-open-data.s3.amazonaws.com/photos/5082738/medium.jpeg
cv_dataset/Chamaecrista_fasciculata/Chamaecrista_fasciculata_4.jpg,Chamaecrista fasciculata,partridge pea,127907,https://inaturalist-open-data.s3.amazonaws.com/photos/8761771/medium.jpg
cv_dataset/Chamaecrista_fasciculata/Chamaecrista_fasciculata_5.jpg,Chamaecrista fasciculata,partridge pea,127907,https://inaturalist-open-data.s3.amazonaws.com/photos/157668719/medium.jpeg
cv_dataset/Chamaecrista_fasciculata/Chamaecrista_fasciculata_6.jpg,Chamaecrista fasciculata,partridge pea,127907,https://inaturalist-open-data.s3.amazonaws.com/photos/5076888/medium.jpg
cv_dataset/Chamaecrista_fasciculata/Chamaecrista_fasciculata_7.jpg,Chamaecrista fasciculata,partridge pea,127907,https://inaturalist-open-data.s3.amazonaws.com/photos/204662715/medium.jpg
cv_dataset/Chamaecrista_fasciculata/Chamaecrista_fasciculata_8.jpg,Chamaecrista fasciculata,partridge pea,127907,https://inaturalist-open-data.s3.amazonaws.com/photos/221605718/medium.jpg
cv_dataset/Chamaecrista_fasciculata/Chamaecrista_fasciculata_9.jpg,Chamaecrista fasciculata,partridge pea,127907,https://static.inaturalist.org/photos/390920589/medium.jpeg
cv_dataset/Chamaecrista_fasciculata/Chamaecrista_fasciculata_10.jpg,Chamaecrista fasciculata,partridge pea,127907,https://inaturalist-open-data.s3.amazonaws.com/photos/5072985/medium.jpg
cv_dataset/Chamaecrista_fasciculata/Chamaecrista_fasciculata_11.jpg,Chamaecrista fasciculata,partridge pea,127907,https://inaturalist-open-data.s3.amazonaws.com/photos/24194866/medium.jpg
cv_dataset/Chamaecrista_fasciculata/Chamaecrista_fasciculata_12.jpg,Chamaecrista fasciculata,partridge pea,127907,https://inaturalist-open-data.s3.amazonaws.com/photos/212621084/medium.jpeg
cv_dataset/Chamaecrista_fasciculata/Chamaecrista_fasciculata_13.jpg,Chamaecrista fasciculata,partridge pea,127907,https://inaturalist-open-data.s3.amazonaws.com/photos/318572181/medium.jpg
cv_dataset/Chamaecrista_fasciculata/Chamaecrista_fasciculata_14.jpg,Chamaecrista fasciculata,partridge pea,127907,https://static.inaturalist.org/photos/5072584/medium.jpg
cv_dataset/Chamaecrista_fasciculata/Chamaecrista_fasciculata_15.jpg,Chamaecrista fasciculata,partridge pea,127907,https://inaturalist-open-data.s3.amazonaws.com/photos/536580938/medium.jpg
cv_dataset/Chamaecrista_fasciculata/Chamaecrista_fasciculata_16.jpg,Chamaecrista fasciculata,partridge pea,127907,https://inaturalist-open-data.s3.amazonaws.com/photos/202476567/medium.jpg
cv_dataset/Chamaecrista_fasciculata/Chamaecrista_fasciculata_17.jpg,Chamaecrista fasciculata,partridge pea,127907,https://inaturalist-open-data.s3.amazonaws.com/photos/11746740/medium.jpeg
cv_dataset/Chamaecrista_fasciculata/Chamaecrista_fasciculata_18.jpg,Chamaecrista fasciculata,partridge pea,127907,https://inaturalist-open-data.s3.amazonaws.com/photos/292342422/medium.jpg
cv_dataset/Chamaecrista_fasciculata/Chamaecrista_fasciculata_19.jpg,Chamaecrista fasciculata,partridge pea,127907,https://inaturalist-open-data.s3.amazonaws.com/photos/203063928/medium.jpg
cv_dataset/Chamaecrista_fasciculata/Chamaecrista_fasciculata_20.jpg,Chamaecrista fasciculata,partridge pea,127907,https://inaturalist-open-data.s3.amazonaws.com/photos/441687988/medium.jpeg
cv_dataset/Chamaecrista_fasciculata/Chamaecrista_fasciculata_21.jpg,Chamaecrista fasciculata,partridge pea,127907,https://inaturalist-open-data.s3.amazonaws.com/photos/301871476/medium.jpg
cv_dataset/Chamaecrista_fasciculata/Chamaecrista_fasciculata_22.jpg,Chamaecrista fasciculata,partridge pea,127907,https://static.inaturalist.org/photos/212532350/medium.jpg
cv_dataset/Chamaecrista_fasciculata/Chamaecrista_fasciculata_23.jpg,Chamaecrista fasciculata,partridge pea,127907,https://static.inaturalist.org/photos/292184877/medium.jpeg
cv_dataset/Chamaecrista_fasciculata/Chamaecrista_fasciculata_24.jpg,Chamaecrista fasciculata,partridge pea,127907,https://static.inaturalist.org/photos/292344653/medium.jpeg
cv_dataset/Chamaecrista_fasciculata/Chamaecrista_fasciculata_25.jpg,Chamaecrista fasciculata,partridge pea,127907,https://inaturalist-open-data.s3.amazonaws.com/photos/10173389/medium.jpg
cv_dataset/Chamaecrista_fasciculata/Chamaecrista_fasciculata_26.jpg,Chamaecrista fasciculata,partridge pea,127907,https://inaturalist-open-data.s3.amazonaws.com/photos/424121509/medium.jpg
cv_dataset/Trachemys_scripta/Trachemys_scripta_1.jpg,Trachemys scripta,Pond Slider,39782,https://inaturalist-open-data.s3.amazonaws.com/photos/282559512/medium.jpg
cv_dataset/Trachemys_scripta/Trachemys_scripta_2.jpg,Trachemys scripta,Pond Slider,39782,https://inaturalist-open-data.s3.amazonaws.com/photos/283472302/medium.jpg
cv_dataset/Trachemys_scripta/Trachemys_scripta_3.jpg,Trachemys scripta,Pond Slider,39782,https://inaturalist-open-data.s3.amazonaws.com/photos/281127890/medium.jpg
cv_dataset/Trachemys_scripta/Trachemys_scripta_4.jpg,Trachemys scripta,Pond Slider,39782,https://inaturalist-open-data.s3.amazonaws.com/photos/65225376/medium.png
cv_dataset/Trachemys_scripta/Trachemys_scripta_5.jpg,Trachemys scripta,Pond Slider,39782,https://static.inaturalist.org/photos/281001883/medium.jpg
cv_dataset/Trachemys_scripta/Trachemys_scripta_6.jpg,Trachemys scripta,Pond Slider,39782,https://static.inaturalist.org/photos/204549291/medium.jpeg
cv_dataset/Trachemys_scripta/Trachemys_scripta_7.jpg,Trachemys scripta,Pond Slider,39782,https://inaturalist-open-data.s3.amazonaws.com/photos/281314458/medium.jpg
cv_dataset/Trachemys_scripta/Trachemys_scripta_8.jpg,Trachemys scripta,Pond Slider,39782,https://inaturalist-open-data.s3.amazonaws.com/photos/282683852/medium.jpg
cv_dataset/Trachemys_scripta/Trachemys_scripta_9.jpg,Trachemys scripta,Pond Slider,39782,https://inaturalist-open-data.s3.amazonaws.com/photos/389453409/medium.jpg
cv_dataset/Trachemys_scripta/Trachemys_scripta_10.jpg,Trachemys scripta,Pond Slider,39782,https://inaturalist-open-data.s3.amazonaws.com/photos/280810072/medium.jpg
cv_dataset/Trachemys_scripta/Trachemys_scripta_11.jpg,Trachemys scripta,Pond Slider,39782,https://inaturalist-open-data.s3.amazonaws.com/photos/281585757/medium.jpg
cv_dataset/Trachemys_scripta/Trachemys_scripta_12.jpg,Trachemys scripta,Pond Slider,39782,https://inaturalist-open-data.s3.amazonaws.com/photos/281475734/medium.jpg
cv_dataset/Trachemys_scripta/Trachemys_scripta_13.jpg,Trachemys scripta,Pond Slider,39782,https://inaturalist-open-data.s3.amazonaws.com/photos/203256989/medium.jpg
cv_dataset/Trachemys_scripta/Trachemys_scripta_14.jpg,Trachemys scripta,Pond Slider,39782,https://inaturalist-open-data.s3.amazonaws.com/photos/508795099/medium.jpg
cv_dataset/Trachemys_scripta/Trachemys_scripta_15.jpg,Trachemys scripta,Pond Slider,39782,https://inaturalist-open-data.s3.amazonaws.com/photos/508122628/medium.jpg
cv_dataset/Trachemys_scripta/Trachemys_scripta_16.jpg,Trachemys scripta,Pond Slider,39782,https://inaturalist-open-data.s3.amazonaws.com/photos/389245659/medium.jpg
cv_dataset/Trachemys_scripta/Trachemys_scripta_17.jpg,Trachemys scripta,Pond Slider,39782,https://inaturalist-open-data.s3.amazonaws.com/photos/282122199/medium.jpg
cv_dataset/Trachemys_scripta/Trachemys_scripta_18.jpg,Trachemys scripta,Pond Slider,39782,https://inaturalist-open-data.s3.amazonaws.com/photos/319933467/medium.jpg
cv_dataset/Trachemys_scripta/Trachemys_scripta_19.jpg,Trachemys scripta,Pond Slider,39782,https://inaturalist-open-data.s3.amazonaws.com/photos/282303273/medium.jpg
cv_dataset/Trachemys_scripta/Trachemys_scripta_20.jpg,Trachemys scripta,Pond Slider,39782,https://static.inaturalist.org/photos/390875479/medium.jpeg
cv_dataset/Trachemys_scripta/Trachemys_scripta_21.jpg,Trachemys scripta,Pond Slider,39782,https://inaturalist-open-data.s3.amazonaws.com/photos/282349216/medium.jpg
cv_dataset/Trachemys_scripta/Trachemys_scripta_22.jpg,Trachemys scripta,Pond Slider,39782,https://inaturalist-open-data.s3.amazonaws.com/photos/281273364/medium.jpg
cv_dataset/Trachemys_scripta/Trachemys_scripta_23.jpg,Trachemys scripta,Pond Slider,39782,https://inaturalist-open-data.s3.amazonaws.com/photos/295738191/medium.jpg
cv_dataset/Trachemys_scripta/Trachemys_scripta_24.jpg,Trachemys scripta,Pond Slider,39782,https://inaturalist-open-data.s3.amazonaws.com/photos/283373480/medium.jpg
cv_dataset/Trachemys_scripta/Trachemys_scripta_25.jpg,Trachemys scripta,Pond Slider,39782,https://inaturalist-open-data.s3.amazonaws.com/photos/283466708/medium.jpg
cv_dataset/Trachemys_scripta/Trachemys_scripta_26.jpg,Trachemys scripta,Pond Slider,39782,https://static.inaturalist.org/photos/282102889/medium.jpg
cv_dataset/Trachemys_scripta/Trachemys_scripta_27.jpg,Trachemys scripta,Pond Slider,39782,https://inaturalist-open-data.s3.amazonaws.com/photos/281433890/medium.jpg
cv_dataset/Trachemys_scripta/Trachemys_scripta_28.jpg,Trachemys scripta,Pond Slider,39782,https://inaturalist-open-data.s3.amazonaws.com/photos/280980526/medium.jpg
cv_dataset/Trachemys_scripta/Trachemys_scripta_29.jpg,Trachemys scripta,Pond Slider,39782,https://inaturalist-open-data.s3.amazonaws.com/photos/301381137/medium.jpg
cv_dataset/Trachemys_scripta/Trachemys_scripta_30.jpg,Trachemys scripta,Pond Slider,39782,https://inaturalist-open-data.s3.amazonaws.com/photos/281002853/medium.jpg
cv_dataset/Trachemys_scripta/Trachemys_scripta_31.jpg,Trachemys scripta,Pond Slider,39782,https://inaturalist-open-data.s3.amazonaws.com/photos/282670026/medium.jpg
cv_dataset/Trachemys_scripta/Trachemys_scripta_32.jpg,Trachemys scripta,Pond Slider,39782,https://inaturalist-open-data.s3.amazonaws.com/photos/283471756/medium.jpg
cv_dataset/Trachemys_scripta/Trachemys_scripta_33.jpg,Trachemys scripta,Pond Slider,39782,https://inaturalist-open-data.s3.amazonaws.com/photos/283212390/medium.jpg
cv_dataset/Trachemys_scripta/Trachemys_scripta_34.jpg,Trachemys scripta,Pond Slider,39782,https://inaturalist-open-data.s3.amazonaws.com/photos/282183373/medium.jpg
cv_dataset/Trachemys_scripta/Trachemys_scripta_35.jpg,Trachemys scripta,Pond Slider,39782,https://inaturalist-open-data.s3.amazonaws.com/photos/280671430/medium.jpg
cv_dataset/Trachemys_scripta/Trachemys_scripta_36.jpg,Trachemys scripta,Pond Slider,39782,https://static.inaturalist.org/photos/391231225/medium.jpeg
cv_dataset/Trachemys_scripta/Trachemys_scripta_37.jpg,Trachemys scripta,Pond Slider,39782,https://inaturalist-open-data.s3.amazonaws.com/photos/282304904/medium.jpg
cv_dataset/Trachemys_scripta/Trachemys_scripta_38.jpg,Trachemys scripta,Pond Slider,39782,https://inaturalist-open-data.s3.amazonaws.com/photos/281273820/medium.jpg
cv_dataset/Trachemys_scripta/Trachemys_scripta_39.jpg,Trachemys scripta,Pond Slider,39782,https://inaturalist-open-data.s3.amazonaws.com/photos/282304488/medium.jpg
cv_dataset/Trachemys_scripta/Trachemys_scripta_40.jpg,Trachemys scripta,Pond Slider,39782,https://inaturalist-open-data.s3.amazonaws.com/photos/281972410/medium.jpg
cv_dataset/Trachemys_scripta/Trachemys_scripta_41.jpg,Trachemys scripta,Pond Slider,39782,https://inaturalist-open-data.s3.amazonaws.com/photos/389211237/medium.jpg
cv_dataset/Asclepias_viridis/Asclepias_viridis_1.jpg,Asclepias viridis,green antelopehorns,60946,https://inaturalist-open-data.s3.amazonaws.com/photos/40389685/medium.jpg
cv_dataset/Asclepias_viridis/Asclepias_viridis_2.jpg,Asclepias viridis,green antelopehorns,60946,https://inaturalist-open-data.s3.amazonaws.com/photos/504043164/medium.jpg
cv_dataset/Asclepias_viridis/Asclepias_viridis_3.jpg,Asclepias viridis,green antelopehorns,60946,https://inaturalist-open-data.s3.amazonaws.com/photos/196629045/medium.jpeg
cv_dataset/Asclepias_viridis/Asclepias_viridis_4.jpg,Asclepias viridis,green antelopehorns,60946,https://inaturalist-open-data.s3.amazonaws.com/photos/7059500/medium.jpg
cv_dataset/Asclepias_viridis/Asclepias_viridis_5.jpg,Asclepias viridis,green antelopehorns,60946,https://inaturalist-open-data.s3.amazonaws.com/photos/7056665/medium.jpg
cv_dataset/Asclepias_viridis/Asclepias_viridis_6.jpg,Asclepias viridis,green antelopehorns,60946,https://inaturalist-open-data.s3.amazonaws.com/photos/220811973/medium.jpeg
cv_dataset/Asclepias_viridis/Asclepias_viridis_7.jpg,Asclepias viridis,green antelopehorns,60946,https://inaturalist-open-data.s3.amazonaws.com/photos/70834073/medium.jpg
cv_dataset/Asclepias_viridis/Asclepias_viridis_8.jpg,Asclepias viridis,green antelopehorns,60946,https://inaturalist-open-data.s3.amazonaws.com/photos/40808565/medium.jpg
cv_dataset/Asclepias_viridis/Asclepias_viridis_9.jpg,Asclepias viridis,green antelopehorns,60946,https://inaturalist-open-data.s3.amazonaws.com/photos/505749034/medium.jpg
cv_dataset/Asclepias_viridis/Asclepias_viridis_10.jpg,Asclepias viridis,green antelopehorns,60946,https://inaturalist-open-data.s3.amazonaws.com/photos/212630217/medium.jpeg
cv_dataset/Asclepias_viridis/Asclepias_viridis_11.jpg,Asclepias viridis,green antelopehorns,60946,https://inaturalist-open-data.s3.amazonaws.com/photos/85087409/medium.jpeg
cv_dataset/Asclepias_viridis/Asclepias_viridis_12.jpg,Asclepias viridis,green antelopehorns,60946,https://inaturalist-open-data.s3.amazonaws.com/photos/288729069/medium.jpg
cv_dataset/Asclepias_viridis/Asclepias_viridis_13.jpg,Asclepias viridis,green antelopehorns,60946,https://static.inaturalist.org/photos/94533893/medium.jpeg
cv_dataset/Asclepias_viridis/Asclepias_viridis_14.jpg,Asclepias viridis,green antelopehorns,60946,https://inaturalist-open-data.s3.amazonaws.com/photos/508468605/medium.jpg
cv_dataset/Asclepias_viridis/Asclepias_viridis_15.jpg,Asclepias viridis,green antelopehorns,60946,https://static.inaturalist.org/photos/40686629/medium.jpg
cv_dataset/Asclepias_viridis/Asclepias_viridis_16.jpg,Asclepias viridis,green antelopehorns,60946,https://static.inaturalist.org/photos/25172095/medium.jpeg
cv_dataset/Asclepias_viridis/Asclepias_viridis_17.jpg,Asclepias viridis,green antelopehorns,60946,https://static.inaturalist.org/photos/396253410/medium.jpg
cv_dataset/Asclepias_viridis/Asclepias_viridis_18.jpg,Asclepias viridis,green antelopehorns,60946,https://inaturalist-open-data.s3.amazonaws.com/photos/196627410/medium.jpeg
cv_dataset/Asclepias_viridis/Asclepias_viridis_19.jpg,Asclepias viridis,green antelopehorns,60946,https://static.inaturalist.org/photos/504108282/medium.jpeg
cv_dataset/Asclepias_viridis/Asclepias_viridis_20.jpg,Asclepias viridis,green antelopehorns,60946,https://inaturalist-open-data.s3.amazonaws.com/photos/204531017/medium.jpg
cv_dataset/Asclepias_viridis/Asclepias_viridis_21.jpg,Asclepias viridis,green antelopehorns,60946,https://static.inaturalist.org/photos/540805336/medium.jpg
cv_dataset/Asclepias_viridis/Asclepias_viridis_22.jpg,Asclepias viridis,green antelopehorns,60946,https://inaturalist-open-data.s3.amazonaws.com/photos/381865686/medium.jpg
cv_dataset/Asclepias_viridis/Asclepias_viridis_23.jpg,Asclepias viridis,green antelopehorns,60946,https://inaturalist-open-data.s3.amazonaws.com/photos/208119224/medium.jpg
cv_dataset/Asclepias_viridis/Asclepias_viridis_24.jpg,Asclepias viridis,green antelopehorns,60946,https://inaturalist-open-data.s3.amazonaws.com/photos/196626539/medium.jpeg
cv_dataset/Teucrium_canadense/Teucrium_canadense_1.jpg,Teucrium canadense,American germander,64547,https://static.inaturalist.org/photos/533393525/medium.jpg
cv_dataset/Teucrium_canadense/Teucrium_canadense_2.jpg,Teucrium canadense,American germander,64547,https://inaturalist-open-data.s3.amazonaws.com/photos/292340444/medium.jpeg
cv_dataset/Teucrium_canadense/Teucrium_canadense_3.jpg,Teucrium canadense,American germander,64547,https://inaturalist-open-data.s3.amazonaws.com/photos/292340868/medium.jpg
cv_dataset/Teucrium_canadense/Teucrium_canadense_4.jpg,Teucrium canadense,American germander,64547,https://static.inaturalist.org/photos/143043905/medium.jpg
cv_dataset/Teucrium_canadense/Teucrium_canadense_5.jpg,Teucrium canadense,American germander,64547,https://inaturalist-open-data.s3.amazonaws.com/photos/44128856/medium.jpg
cv_dataset/Teucrium_canadense/Teucrium_canadense_6.jpg,Teucrium canadense,American germander,64547,https://static.inaturalist.org/photos/292339977/medium.jpeg
cv_dataset/Teucrium_canadense/Teucrium_canadense_7.jpg,Teucrium canadense,American germander,64547,https://static.inaturalist.org/photos/206311479/medium.jpg
cv_dataset/Teucrium_canadense/Teucrium_canadense_8.jpg,Teucrium canadense,American germander,64547,https://inaturalist-open-data.s3.amazonaws.com/photos/8116115/medium.jpeg
cv_dataset/Teucrium_canadense/Teucrium_canadense_9.jpg,Teucrium canadense,American germander,64547,https://static.inaturalist.org/photos/292341066/medium.jpeg
cv_dataset/Teucrium_canadense/Teucrium_canadense_10.jpg,Teucrium canadense,American germander,64547,https://inaturalist-open-data.s3.amazonaws.com/photos/206347864/medium.jpg
cv_dataset/Teucrium_canadense/Teucrium_canadense_11.jpg,Teucrium canadense,American germander,64547,https://inaturalist-open-data.s3.amazonaws.com/photos/5078230/medium.jpg
cv_dataset/Teucrium_canadense/Teucrium_canadense_12.jpg,Teucrium canadense,American germander,64547,https://inaturalist-open-data.s3.amazonaws.com/photos/410026586/medium.jpeg
cv_dataset/Teucrium_canadense/Teucrium_canadense_13.jpg,Teucrium canadense,American germander,64547,https://inaturalist-open-data.s3.amazonaws.com/photos/292340355/medium.jpg
cv_dataset/Teucrium_canadense/Teucrium_canadense_14.jpg,Teucrium canadense,American germander,64547,https://static.inaturalist.org/photos/244993379/medium.jpg
cv_dataset/Teucrium_canadense/Teucrium_canadense_15.jpg,Teucrium canadense,American germander,64547,https://inaturalist-open-data.s3.amazonaws.com/photos/301874969/medium.jpg
cv_dataset/Teucrium_canadense/Teucrium_canadense_16.jpg,Teucrium canadense,American germander,64547,https://inaturalist-open-data.s3.amazonaws.com/photos/212621026/medium.jpeg
cv_dataset/Teucrium_canadense/Teucrium_canadense_17.jpg,Teucrium canadense,American germander,64547,https://static.inaturalist.org/photos/388411244/medium.jpeg
cv_dataset/Teucrium_canadense/Teucrium_canadense_18.jpg,Teucrium canadense,American germander,64547,https://inaturalist-open-data.s3.amazonaws.com/photos/140985182/medium.jpg
cv_dataset/Teucrium_canadense/Teucrium_canadense_19.jpg,Teucrium canadense,American germander,64547,https://static.inaturalist.org/photos/212531967/medium.jpg
cv_dataset/Teucrium_canadense/Teucrium_canadense_20.jpg,Teucrium canadense,American germander,64547,https://inaturalist-open-data.s3.amazonaws.com/photos/204523933/medium.jpg
cv_dataset/Teucrium_canadense/Teucrium_canadense_21.jpg,Teucrium canadense,American germander,64547,https://inaturalist-open-data.s3.amazonaws.com/photos/299163710/medium.jpeg
cv_dataset/Teucrium_canadense/Teucrium_canadense_22.jpg,Teucrium canadense,American germander,64547,https://inaturalist-open-data.s3.amazonaws.com/photos/291695921/medium.jpeg
cv_dataset/Teucrium_canadense/Teucrium_canadense_23.jpg,Teucrium canadense,American germander,64547,https://inaturalist-open-data.s3.amazonaws.com/photos/206348202/medium.jpg
cv_dataset/Teucrium_canadense/Teucrium_canadense_24.jpg,Teucrium canadense,American germander,64547,https://inaturalist-open-data.s3.amazonaws.com/photos/47710286/medium.jpg
cv_dataset/Nerodia_erythrogaster/Nerodia_erythrogaster_1.jpg,Nerodia erythrogaster,Plain-bellied Watersnake,29328,https://inaturalist-open-data.s3.amazonaws.com/photos/282685610/medium.jpg
cv_dataset/Nerodia_erythrogaster/Nerodia_erythrogaster_2.jpg,Nerodia erythrogaster,Plain-bellied Watersnake,29328,https://static.inaturalist.org/photos/264663520/medium.jpeg
cv_dataset/Nerodia_erythrogaster/Nerodia_erythrogaster_3.jpg,Nerodia erythrogaster,Plain-bellied Watersnake,29328,https://inaturalist-open-data.s3.amazonaws.com/photos/282555711/medium.jpg
cv_dataset/Nerodia_erythrogaster/Nerodia_erythrogaster_4.jpg,Nerodia erythrogaster,Plain-bellied Watersnake,29328,https://inaturalist-open-data.s3.amazonaws.com/photos/283212950/medium.jpg
cv_dataset/Nerodia_erythrogaster/Nerodia_erythrogaster_5.jpg,Nerodia erythrogaster,Plain-bellied Watersnake,29328,https://static.inaturalist.org/photos/202553910/medium.jpg
cv_dataset/Nerodia_erythrogaster/Nerodia_erythrogaster_6.jpg,Nerodia erythrogaster,Plain-bellied Watersnake,29328,https://static.inaturalist.org/photos/204548181/medium.jpeg
cv_dataset/Nerodia_erythrogaster/Nerodia_erythrogaster_7.jpg,Nerodia erythrogaster,Plain-bellied Watersnake,29328,https://inaturalist-open-data.s3.amazonaws.com/photos/204703793/medium.jpg
cv_dataset/Nerodia_erythrogaster/Nerodia_erythrogaster_8.jpg,Nerodia erythrogaster,Plain-bellied Watersnake,29328,https://inaturalist-open-data.s3.amazonaws.com/photos/282686747/medium.jpg
cv_dataset/Nerodia_erythrogaster/Nerodia_erythrogaster_9.jpg,Nerodia erythrogaster,Plain-bellied Watersnake,29328,https://static.inaturalist.org/photos/202612001/medium.jpg
cv_dataset/Nerodia_erythrogaster/Nerodia_erythrogaster_10.jpg,Nerodia erythrogaster,Plain-bellied Watersnake,29328,https://inaturalist-open-data.s3.amazonaws.com/photos/490774481/medium.jpg
cv_dataset/Nerodia_erythrogaster/Nerodia_erythrogaster_11.jpg,Nerodia erythrogaster,Plain-bellied Watersnake,29328,https://inaturalist-open-data.s3.amazonaws.com/photos/283476048/medium.jpg
cv_dataset/Nerodia_erythrogaster/Nerodia_erythrogaster_12.jpg,Nerodia erythrogaster,Plain-bellied Watersnake,29328,https://inaturalist-open-data.s3.amazonaws.com/photos/390373093/medium.jpg
cv_dataset/Nerodia_erythrogaster/Nerodia_erythrogaster_13.jpg,Nerodia erythrogaster,Plain-bellied Watersnake,29328,https://inaturalist-open-data.s3.amazonaws.com/photos/283214077/medium.jpg
cv_dataset/Nerodia_erythrogaster/Nerodia_erythrogaster_14.jpg,Nerodia erythrogaster,Plain-bellied Watersnake,29328,https://static.inaturalist.org/photos/5070344/medium.jpeg
cv_dataset/Nerodia_erythrogaster/Nerodia_erythrogaster_15.jpg,Nerodia erythrogaster,Plain-bellied Watersnake,29328,https://inaturalist-open-data.s3.amazonaws.com/photos/282687366/medium.jpg
cv_dataset/Nerodia_erythrogaster/Nerodia_erythrogaster_16.jpg,Nerodia erythrogaster,Plain-bellied Watersnake,29328,https://inaturalist-open-data.s3.amazonaws.com/photos/202789699/medium.jpg
cv_dataset/Nerodia_erythrogaster/Nerodia_erythrogaster_17.jpg,Nerodia erythrogaster,Plain-bellied Watersnake,29328,https://inaturalist-open-data.s3.amazonaws.com/photos/282690250/medium.jpg
cv_dataset/Nerodia_erythrogaster/Nerodia_erythrogaster_18.jpg,Nerodia erythrogaster,Plain-bellied Watersnake,29328,https://inaturalist-open-data.s3.amazonaws.com/photos/282669714/medium.jpg
cv_dataset/Nerodia_erythrogaster/Nerodia_erythrogaster_19.jpg,Nerodia erythrogaster,Plain-bellied Watersnake,29328,https://inaturalist-open-data.s3.amazonaws.com/photos/202486810/medium.jpg
cv_dataset/Nerodia_erythrogaster/Nerodia_erythrogaster_20.jpg,Nerodia erythrogaster,Plain-bellied Watersnake,29328,https://inaturalist-open-data.s3.amazonaws.com/photos/283466271/medium.jpg
cv_dataset/Nerodia_erythrogaster/Nerodia_erythrogaster_21.jpg,Nerodia erythrogaster,Plain-bellied Watersnake,29328,https://static.inaturalist.org/photos/212530743/medium.jpg
cv_dataset/Nerodia_erythrogaster/Nerodia_erythrogaster_22.jpg,Nerodia erythrogaster,Plain-bellied Watersnake,29328,https://inaturalist-open-data.s3.amazonaws.com/photos/282683924/medium.jpg
cv_dataset/Nerodia_erythrogaster/Nerodia_erythrogaster_23.jpg,Nerodia erythrogaster,Plain-bellied Watersnake,29328,https://static.inaturalist.org/photos/282684125/medium.jpg
cv_dataset/Maclura_pomifera/Maclura_pomifera_1.jpg,Maclura pomifera,Osage-orange,58205,https://inaturalist-open-data.s3.amazonaws.com/photos/5072698/medium.jpg
cv_dataset/Maclura_pomifera/Maclura_pomifera_2.jpg,Maclura pomifera,Osage-orange,58205,https://inaturalist-open-data.s3.amazonaws.com/photos/5076113/medium.jpg
cv_dataset/Maclura_pomifera/Maclura_pomifera_3.jpg,Maclura pomifera,Osage-orange,58205,https://inaturalist-open-data.s3.amazonaws.com/photos/494220287/medium.jpeg
cv_dataset/Maclura_pomifera/Maclura_pomifera_4.jpg,Maclura pomifera,Osage-orange,58205,https://inaturalist-open-data.s3.amazonaws.com/photos/203580957/medium.jpg
cv_dataset/Maclura_pomifera/Maclura_pomifera_5.jpg,Maclura pomifera,Osage-orange,58205,https://inaturalist-open-data.s3.amazonaws.com/photos/5068870/medium.jpeg
cv_dataset/Maclura_pomifera/Maclura_pomifera_6.jpg,Maclura pomifera,Osage-orange,58205,https://static.inaturalist.org/photos/40696036/medium.jpg
cv_dataset/Maclura_pomifera/Maclura_pomifera_7.jpg,Maclura pomifera,Osage-orange,58205,https://inaturalist-open-data.s3.amazonaws.com/photos/206346567/medium.jpg
cv_dataset/Maclura_pomifera/Maclura_pomifera_8.jpg,Maclura pomifera,Osage-orange,58205,https://inaturalist-open-data.s3.amazonaws.com/photos/5066234/medium.jpg
cv_dataset/Maclura_pomifera/Maclura_pomifera_9.jpg,Maclura pomifera,Osage-orange,58205,https://inaturalist-open-data.s3.amazonaws.com/photos/497015481/medium.jpg
cv_dataset/Maclura_pomifera/Maclura_pomifera_10.jpg,Maclura pomifera,Osage-orange,58205,https://inaturalist-open-data.s3.amazonaws.com/photos/206346590/medium.jpg
cv_dataset/Maclura_pomifera/Maclura_pomifera_11.jpg,Maclura pomifera,Osage-orange,58205,https://inaturalist-open-data.s3.amazonaws.com/photos/537274032/medium.jpg
cv_dataset/Maclura_pomifera/Maclura_pomifera_12.jpg,Maclura pomifera,Osage-orange,58205,https://inaturalist-open-data.s3.amazonaws.com/photos/444045278/medium.jpeg
cv_dataset/Maclura_pomifera/Maclura_pomifera_13.jpg,Maclura pomifera,Osage-orange,58205,https://inaturalist-open-data.s3.amazonaws.com/photos/157663171/medium.jpeg
cv_dataset/Maclura_pomifera/Maclura_pomifera_14.jpg,Maclura pomifera,Osage-orange,58205,https://inaturalist-open-data.s3.amazonaws.com/photos/5068849/medium.jpeg
cv_dataset/Maclura_pomifera/Maclura_pomifera_15.jpg,Maclura pomifera,Osage-orange,58205,https://static.inaturalist.org/photos/24516379/medium.jpg
cv_dataset/Maclura_pomifera/Maclura_pomifera_16.jpg,Maclura pomifera,Osage-orange,58205,https://static.inaturalist.org/photos/533112751/medium.jpg
cv_dataset/Maclura_pomifera/Maclura_pomifera_17.jpg,Maclura pomifera,Osage-orange,58205,https://inaturalist-open-data.s3.amazonaws.com/photos/8769911/medium.jpg
cv_dataset/Maclura_pomifera/Maclura_pomifera_18.jpg,Maclura pomifera,Osage-orange,58205,https://inaturalist-open-data.s3.amazonaws.com/photos/206350499/medium.jpg
cv_dataset/Maclura_pomifera/Maclura_pomifera_19.jpg,Maclura pomifera,Osage-orange,58205,https://static.inaturalist.org/photos/5073893/medium.jpg
cv_dataset/Maclura_pomifera/Maclura_pomifera_20.jpg,Maclura pomifera,Osage-orange,58205,https://inaturalist-open-data.s3.amazonaws.com/photos/5064302/medium.jpg
cv_dataset/Maclura_pomifera/Maclura_pomifera_21.jpg,Maclura pomifera,Osage-orange,58205,https://inaturalist-open-data.s3.amazonaws.com/photos/105954722/medium.jpeg
cv_dataset/Maclura_pomifera/Maclura_pomifera_22.jpg,Maclura pomifera,Osage-orange,58205,https://inaturalist-open-data.s3.amazonaws.com/photos/410027491/medium.jpeg
cv_dataset/Maclura_pomifera/Maclura_pomifera_23.jpg,Maclura pomifera,Osage-orange,58205,https://static.inaturalist.org/photos/328397469/medium.jpg
cv_dataset/Misogada_unicolor/Misogada_unicolor_1.jpg,Misogada unicolor,Drab Prominent,225178,https://inaturalist-open-data.s3.amazonaws.com/photos/573012591/medium.jpg
cv_dataset/Misogada_unicolor/Misogada_unicolor_2.jpg,Misogada unicolor,Drab Prominent,225178,https://inaturalist-open-data.s3.amazonaws.com/photos/575382448/medium.jpg
cv_dataset/Misogada_unicolor/Misogada_unicolor_3.jpg,Misogada unicolor,Drab Prominent,225178,https://inaturalist-open-data.s3.amazonaws.com/photos/203946006/medium.jpg
cv_dataset/Misogada_unicolor/Misogada_unicolor_4.jpg,Misogada unicolor,Drab Prominent,225178,https://inaturalist-open-data.s3.amazonaws.com/photos/586769386/medium.jpg
cv_dataset/Misogada_unicolor/Misogada_unicolor_5.jpg,Misogada unicolor,Drab Prominent,225178,https://inaturalist-open-data.s3.amazonaws.com/photos/203861467/medium.jpg
cv_dataset/Misogada_unicolor/Misogada_unicolor_6.jpg,Misogada unicolor,Drab Prominent,225178,https://inaturalist-open-data.s3.amazonaws.com/photos/203930498/medium.jpg
cv_dataset/Misogada_unicolor/Misogada_unicolor_7.jpg,Misogada unicolor,Drab Prominent,225178,https://inaturalist-open-data.s3.amazonaws.com/photos/543919109/medium.jpg
cv_dataset/Misogada_unicolor/Misogada_unicolor_8.jpg,Misogada unicolor,Drab Prominent,225178,https://inaturalist-open-data.s3.amazonaws.com/photos/42691511/medium.jpg
cv_dataset/Misogada_unicolor/Misogada_unicolor_9.jpg,Misogada unicolor,Drab Prominent,225178,https://inaturalist-open-data.s3.amazonaws.com/photos/204289007/medium.jpg
cv_dataset/Misogada_unicolor/Misogada_unicolor_10.jpg,Misogada unicolor,Drab Prominent,225178,https://static.inaturalist.org/photos/202662603/medium.jpg
cv_dataset/Misogada_unicolor/Misogada_unicolor_11.jpg,Misogada unicolor,Drab Prominent,225178,https://inaturalist-open-data.s3.amazonaws.com/photos/202604184/medium.jpg
cv_dataset/Misogada_unicolor/Misogada_unicolor_12.jpg,Misogada unicolor,Drab Prominent,225178,https://static.inaturalist.org/photos/204016249/medium.jpg
cv_dataset/Misogada_unicolor/Misogada_unicolor_13.jpg,Misogada unicolor,Drab Prominent,225178,https://inaturalist-open-data.s3.amazonaws.com/photos/575691764/medium.jpg
cv_dataset/Misogada_unicolor/Misogada_unicolor_14.jpg,Misogada unicolor,Drab Prominent,225178,https://static.inaturalist.org/photos/203860940/medium.jpg
cv_dataset/Misogada_unicolor/Misogada_unicolor_15.jpg,Misogada unicolor,Drab Prominent,225178,https://inaturalist-open-data.s3.amazonaws.com/photos/586098407/medium.jpg
cv_dataset/Misogada_unicolor/Misogada_unicolor_16.jpg,Misogada unicolor,Drab Prominent,225178,https://static.inaturalist.org/photos/203736732/medium.jpg
cv_dataset/Misogada_unicolor/Misogada_unicolor_17.jpg,Misogada unicolor,Drab Prominent,225178,https://inaturalist-open-data.s3.amazonaws.com/photos/570722418/medium.jpg
cv_dataset/Misogada_unicolor/Misogada_unicolor_18.jpg,Misogada unicolor,Drab Prominent,225178,https://inaturalist-open-data.s3.amazonaws.com/photos/203736241/medium.jpg
cv_dataset/Misogada_unicolor/Misogada_unicolor_19.jpg,Misogada unicolor,Drab Prominent,225178,https://static.inaturalist.org/photos/203861044/medium.jpg
cv_dataset/Misogada_unicolor/Misogada_unicolor_20.jpg,Misogada unicolor,Drab Prominent,225178,https://inaturalist-open-data.s3.amazonaws.com/photos/203753509/medium.jpg
cv_dataset/Misogada_unicolor/Misogada_unicolor_21.jpg,Misogada unicolor,Drab Prominent,225178,https://inaturalist-open-data.s3.amazonaws.com/photos/155274329/medium.jpg
cv_dataset/Misogada_unicolor/Misogada_unicolor_22.jpg,Misogada unicolor,Drab Prominent,225178,https://static.inaturalist.org/photos/202554651/medium.jpg
cv_dataset/Misogada_unicolor/Misogada_unicolor_23.jpg,Misogada unicolor,Drab Prominent,225178,https://static.inaturalist.org/photos/202488741/medium.jpg
cv_dataset/Terrapene_triunguis/Terrapene_triunguis_1.jpg,Terrapene triunguis,Three-toed Box Turtle,1544605,https://inaturalist-open-data.s3.amazonaws.com/photos/382539107/medium.jpg
cv_dataset/Terrapene_triunguis/Terrapene_triunguis_2.jpg,Terrapene triunguis,Three-toed Box Turtle,1544605,https://static.inaturalist.org/photos/381816493/medium.jpg
cv_dataset/Terrapene_triunguis/Terrapene_triunguis_3.jpg,Terrapene triunguis,Three-toed Box Turtle,1544605,https://static.inaturalist.org/photos/375792025/medium.jpg
cv_dataset/Terrapene_triunguis/Terrapene_triunguis_4.jpg,Terrapene triunguis,Three-toed Box Turtle,1544605,https://inaturalist-open-data.s3.amazonaws.com/photos/66041639/medium.jpeg
cv_dataset/Terrapene_triunguis/Terrapene_triunguis_5.jpg,Terrapene triunguis,Three-toed Box Turtle,1544605,https://inaturalist-open-data.s3.amazonaws.com/photos/282438243/medium.jpg
cv_dataset/Terrapene_triunguis/Terrapene_triunguis_6.jpg,Terrapene triunguis,Three-toed Box Turtle,1544605,https://inaturalist-open-data.s3.amazonaws.com/photos/533949597/medium.jpg
cv_dataset/Terrapene_triunguis/Terrapene_triunguis_7.jpg,Terrapene triunguis,Three-toed Box Turtle,1544605,https://static.inaturalist.org/photos/394433077/medium.jpg
cv_dataset/Terrapene_triunguis/Terrapene_triunguis_8.jpg,Terrapene triunguis,Three-toed Box Turtle,1544605,https://static.inaturalist.org/photos/54270656/medium.jpg
cv_dataset/Terrapene_triunguis/Terrapene_triunguis_9.jpg,Terrapene triunguis,Three-toed Box Turtle,1544605,https://inaturalist-open-data.s3.amazonaws.com/photos/390372863/medium.jpg
cv_dataset/Terrapene_triunguis/Terrapene_triunguis_10.jpg,Terrapene triunguis,Three-toed Box Turtle,1544605,https://inaturalist-open-data.s3.amazonaws.com/photos/388292851/medium.jpg
cv_dataset/Terrapene_triunguis/Terrapene_triunguis_11.jpg,Terrapene triunguis,Three-toed Box Turtle,1544605,https://inaturalist-open-data.s3.amazonaws.com/photos/18658542/medium.jpg
cv_dataset/Terrapene_triunguis/Terrapene_triunguis_12.jpg,Terrapene triunguis,Three-toed Box Turtle,1544605,https://inaturalist-open-data.s3.amazonaws.com/photos/381843642/medium.jpg
cv_dataset/Terrapene_triunguis/Terrapene_triunguis_13.jpg,Terrapene triunguis,Three-toed Box Turtle,1544605,https://inaturalist-open-data.s3.amazonaws.com/photos/277509852/medium.jpeg
cv_dataset/Terrapene_triunguis/Terrapene_triunguis_14.jpg,Terrapene triunguis,Three-toed Box Turtle,1544605,https://inaturalist-open-data.s3.amazonaws.com/photos/511884131/medium.jpg
cv_dataset/Terrapene_triunguis/Terrapene_triunguis_15.jpg,Terrapene triunguis,Three-toed Box Turtle,1544605,https://inaturalist-open-data.s3.amazonaws.com/photos/203876419/medium.jpg
cv_dataset/Terrapene_triunguis/Terrapene_triunguis_16.jpg,Terrapene triunguis,Three-toed Box Turtle,1544605,https://static.inaturalist.org/photos/395280077/medium.jpeg
cv_dataset/Terrapene_triunguis/Terrapene_triunguis_17.jpg,Terrapene triunguis,Three-toed Box Turtle,1544605,https://inaturalist-open-data.s3.amazonaws.com/photos/42789878/medium.jpg
cv_dataset/Terrapene_triunguis/Terrapene_triunguis_18.jpg,Terrapene triunguis,Three-toed Box Turtle,1544605,https://inaturalist-open-data.s3.amazonaws.com/photos/8116071/medium.jpeg
cv_dataset/Terrapene_triunguis/Terrapene_triunguis_19.jpg,Terrapene triunguis,Three-toed Box Turtle,1544605,https://inaturalist-open-data.s3.amazonaws.com/photos/40963341/medium.jpg
cv_dataset/Terrapene_triunguis/Terrapene_triunguis_20.jpg,Terrapene triunguis,Three-toed Box Turtle,1544605,https://inaturalist-open-data.s3.amazonaws.com/photos/543916587/medium.jpg
cv_dataset/Terrapene_triunguis/Terrapene_triunguis_21.jpg,Terrapene triunguis,Three-toed Box Turtle,1544605,https://inaturalist-open-data.s3.amazonaws.com/photos/381813919/medium.jpg
cv_dataset/Terrapene_triunguis/Terrapene_triunguis_22.jpg,Terrapene triunguis,Three-toed Box Turtle,1544605,https://static.inaturalist.org/photos/558762325/medium.jpg
cv_dataset/Terrapene_triunguis/Terrapene_triunguis_23.jpg,Terrapene triunguis,Three-toed Box Turtle,1544605,https://inaturalist-open-data.s3.amazonaws.com/photos/579518202/medium.jpg
cv_dataset/Callicarpa_americana/Callicarpa_americana_1.jpg,Callicarpa americana,American beautyberry,49193,https://static.inaturalist.org/photos/381818310/medium.jpg
cv_dataset/Callicarpa_americana/Callicarpa_americana_2.jpg,Callicarpa americana,American beautyberry,49193,https://static.inaturalist.org/photos/345130416/medium.jpeg
cv_dataset/Callicarpa_americana/Callicarpa_americana_3.jpg,Callicarpa americana,American beautyberry,49193,https://inaturalist-open-data.s3.amazonaws.com/photos/53309393/medium.jpg
cv_dataset/Callicarpa_americana/Callicarpa_americana_4.jpg,Callicarpa americana,American beautyberry,49193,https://inaturalist-open-data.s3.amazonaws.com/photos/10516296/medium.jpg
cv_dataset/Callicarpa_americana/Callicarpa_americana_5.jpg,Callicarpa americana,American beautyberry,49193,https://inaturalist-open-data.s3.amazonaws.com/photos/5067501/medium.jpg
cv_dataset/Callicarpa_americana/Callicarpa_americana_6.jpg,Callicarpa americana,American beautyberry,49193,https://static.inaturalist.org/photos/345088240/medium.jpg
cv_dataset/Callicarpa_americana/Callicarpa_americana_7.jpg,Callicarpa americana,American beautyberry,49193,https://inaturalist-open-data.s3.amazonaws.com/photos/381843743/medium.jpg
cv_dataset/Callicarpa_americana/Callicarpa_americana_8.jpg,Callicarpa americana,American beautyberry,49193,https://static.inaturalist.org/photos/5071237/medium.jpeg
cv_dataset/Callicarpa_americana/Callicarpa_americana_9.jpg,Callicarpa americana,American beautyberry,49193,https://static.inaturalist.org/photos/5073245/medium.jpg
cv_dataset/Callicarpa_americana/Callicarpa_americana_10.jpg,Callicarpa americana,American beautyberry,49193,https://inaturalist-open-data.s3.amazonaws.com/photos/482314158/medium.jpg
cv_dataset/Callicarpa_americana/Callicarpa_americana_11.jpg,Callicarpa americana,American beautyberry,49193,https://inaturalist-open-data.s3.amazonaws.com/photos/11741265/medium.jpeg
cv_dataset/Callicarpa_americana/Callicarpa_americana_12.jpg,Callicarpa americana,American beautyberry,49193,https://static.inaturalist.org/photos/5073752/medium.jpeg
cv_dataset/Callicarpa_americana/Callicarpa_americana_13.jpg,Callicarpa americana,American beautyberry,49193,https://inaturalist-open-data.s3.amazonaws.com/photos/53310654/medium.jpg
cv_dataset/Callicarpa_americana/Callicarpa_americana_14.jpg,Callicarpa americana,American beautyberry,49193,https://static.inaturalist.org/photos/204532249/medium.jpeg
cv_dataset/Callicarpa_americana/Callicarpa_americana_15.jpg,Callicarpa americana,American beautyberry,49193,https://static.inaturalist.org/photos/54271753/medium.jpg
cv_dataset/Callicarpa_americana/Callicarpa_americana_16.jpg,Callicarpa americana,American beautyberry,49193,https://static.inaturalist.org/photos/533954481/medium.jpg
cv_dataset/Callicarpa_americana/Callicarpa_americana_17.jpg,Callicarpa americana,American beautyberry,49193,https://inaturalist-open-data.s3.amazonaws.com/photos/551145196/medium.jpg
cv_dataset/Callicarpa_americana/Callicarpa_americana_18.jpg,Callicarpa americana,American beautyberry,49193,https://inaturalist-open-data.s3.amazonaws.com/photos/159293828/medium.jpeg
cv_dataset/Callicarpa_americana/Callicarpa_americana_19.jpg,Callicarpa americana,American beautyberry,49193,https://static.inaturalist.org/photos/336547698/medium.jpg
cv_dataset/Callicarpa_americana/Callicarpa_americana_20.jpg,Callicarpa americana,American beautyberry,49193,https://inaturalist-open-data.s3.amazonaws.com/photos/22439188/medium.jpg
cv_dataset/Callicarpa_americana/Callicarpa_americana_21.jpg,Callicarpa americana,American beautyberry,49193,https://inaturalist-open-data.s3.amazonaws.com/photos/5076667/medium.jpg
cv_dataset/Callicarpa_americana/Callicarpa_americana_22.jpg,Callicarpa americana,American beautyberry,49193,https://inaturalist-open-data.s3.amazonaws.com/photos/575181933/medium.jpg
cv_dataset/Salticus_austinensis/Salticus_austinensis_1.jpg,Salticus austinensis,Unknown,264408,https://static.inaturalist.org/photos/35986634/medium.jpg
cv_dataset/Salticus_austinensis/Salticus_austinensis_2.jpg,Salticus austinensis,Unknown,264408,https://inaturalist-open-data.s3.amazonaws.com/photos/283117580/medium.jpg
cv_dataset/Salticus_austinensis/Salticus_austinensis_3.jpg,Salticus austinensis,Unknown,264408,https://inaturalist-open-data.s3.amazonaws.com/photos/40554329/medium.jpg
cv_dataset/Salticus_austinensis/Salticus_austinensis_4.jpg,Salticus austinensis,Unknown,264408,https://inaturalist-open-data.s3.amazonaws.com/photos/383101628/medium.jpg
cv_dataset/Salticus_austinensis/Salticus_austinensis_5.jpg,Salticus austinensis,Unknown,264408,https://inaturalist-open-data.s3.amazonaws.com/photos/505337561/medium.jpg
cv_dataset/Salticus_austinensis/Salticus_austinensis_6.jpg,Salticus austinensis,Unknown,264408,https://inaturalist-open-data.s3.amazonaws.com/photos/292724890/medium.jpg
cv_dataset/Salticus_austinensis/Salticus_austinensis_7.jpg,Salticus austinensis,Unknown,264408,https://static.inaturalist.org/photos/384613693/medium.jpg
cv_dataset/Salticus_austinensis/Salticus_austinensis_8.jpg,Salticus austinensis,Unknown,264408,https://inaturalist-open-data.s3.amazonaws.com/photos/505303274/medium.jpg
cv_dataset/Salticus_austinensis/Salticus_austinensis_9.jpg,Salticus austinensis,Unknown,264408,https://inaturalist-open-data.s3.amazonaws.com/photos/505737977/medium.jpg
cv_dataset/Salticus_austinensis/Salticus_austinensis_10.jpg,Salticus austinensis,Unknown,264408,https://inaturalist-open-data.s3.amazonaws.com/photos/505853537/medium.jpg
cv_dataset/Salticus_austinensis/Salticus_austinensis_11.jpg,Salticus austinensis,Unknown,264408,https://inaturalist-open-data.s3.amazonaws.com/photos/202807535/medium.jpg
cv_dataset/Salticus_austinensis/Salticus_austinensis_12.jpg,Salticus austinensis,Unknown,264408,https://inaturalist-open-data.s3.amazonaws.com/photos/506881466/medium.jpg
cv_dataset/Salticus_austinensis/Salticus_austinensis_13.jpg,Salticus austinensis,Unknown,264408,https://inaturalist-open-data.s3.amazonaws.com/photos/526173937/medium.jpg
cv_dataset/Salticus_austinensis/Salticus_austinensis_14.jpg,Salticus austinensis,Unknown,264408,https://static.inaturalist.org/photos/383090418/medium.jpg
cv_dataset/Salticus_austinensis/Salticus_austinensis_15.jpg,Salticus austinensis,Unknown,264408,https://inaturalist-open-data.s3.amazonaws.com/photos/202477627/medium.jpg
cv_dataset/Salticus_austinensis/Salticus_austinensis_16.jpg,Salticus austinensis,Unknown,264408,https://inaturalist-open-data.s3.amazonaws.com/photos/504160949/medium.jpg
cv_dataset/Salticus_austinensis/Salticus_austinensis_17.jpg,Salticus austinensis,Unknown,264408,https://static.inaturalist.org/photos/40468076/medium.jpg
cv_dataset/Salticus_austinensis/Salticus_austinensis_18.jpg,Salticus austinensis,Unknown,264408,https://static.inaturalist.org/photos/282865521/medium.jpeg
cv_dataset/Salticus_austinensis/Salticus_austinensis_19.jpg,Salticus austinensis,Unknown,264408,https://static.inaturalist.org/photos/40695706/medium.jpg
cv_dataset/Salticus_austinensis/Salticus_austinensis_20.jpg,Salticus austinensis,Unknown,264408,https://inaturalist-open-data.s3.amazonaws.com/photos/516298630/medium.jpg
cv_dataset/Salticus_austinensis/Salticus_austinensis_21.jpg,Salticus austinensis,Unknown,264408,https://inaturalist-open-data.s3.amazonaws.com/photos/512000109/medium.jpg
cv_dataset/Salticus_austinensis/Salticus_austinensis_22.jpg,Salticus austinensis,Unknown,264408,https://inaturalist-open-data.s3.amazonaws.com/photos/505662489/medium.jpg
cv_dataset/Apis_mellifera/Apis_mellifera_1.jpg,Apis mellifera,Western Honey Bee,47219,https://inaturalist-open-data.s3.amazonaws.com/photos/331782166/medium.jpg
cv_dataset/Apis_mellifera/Apis_mellifera_2.jpg,Apis mellifera,Western Honey Bee,47219,https://inaturalist-open-data.s3.amazonaws.com/photos/619914027/medium.jpg
cv_dataset/Apis_mellifera/Apis_mellifera_3.jpg,Apis mellifera,Western Honey Bee,47219,https://inaturalist-open-data.s3.amazonaws.com/photos/505307462/medium.jpg
cv_dataset/Apis_mellifera/Apis_mellifera_4.jpg,Apis mellifera,Western Honey Bee,47219,https://inaturalist-open-data.s3.amazonaws.com/photos/486531764/medium.jpeg
cv_dataset/Apis_mellifera/Apis_mellifera_5.jpg,Apis mellifera,Western Honey Bee,47219,https://inaturalist-open-data.s3.amazonaws.com/photos/35216968/medium.jpg
cv_dataset/Apis_mellifera/Apis_mellifera_6.jpg,Apis mellifera,Western Honey Bee,47219,https://inaturalist-open-data.s3.amazonaws.com/photos/320446139/medium.jpg
cv_dataset/Apis_mellifera/Apis_mellifera_7.jpg,Apis mellifera,Western Honey Bee,47219,https://inaturalist-open-data.s3.amazonaws.com/photos/335187297/medium.jpg
cv_dataset/Apis_mellifera/Apis_mellifera_8.jpg,Apis mellifera,Western Honey Bee,47219,https://static.inaturalist.org/photos/97130729/medium.jpeg
cv_dataset/Apis_mellifera/Apis_mellifera_9.jpg,Apis mellifera,Western Honey Bee,47219,https://inaturalist-open-data.s3.amazonaws.com/photos/332222570/medium.jpg
cv_dataset/Apis_mellifera/Apis_mellifera_10.jpg,Apis mellifera,Western Honey Bee,47219,https://inaturalist-open-data.s3.amazonaws.com/photos/204213804/medium.jpg
cv_dataset/Apis_mellifera/Apis_mellifera_11.jpg,Apis mellifera,Western Honey Bee,47219,https://static.inaturalist.org/photos/329803627/medium.jpg
cv_dataset/Apis_mellifera/Apis_mellifera_12.jpg,Apis mellifera,Western Honey Bee,47219,https://inaturalist-open-data.s3.amazonaws.com/photos/335544950/medium.jpg
cv_dataset/Apis_mellifera/Apis_mellifera_13.jpg,Apis mellifera,Western Honey Bee,47219,https://static.inaturalist.org/photos/202506866/medium.jpg
cv_dataset/Apis_mellifera/Apis_mellifera_14.jpg,Apis mellifera,Western Honey Bee,47219,https://inaturalist-open-data.s3.amazonaws.com/photos/332123257/medium.jpeg
cv_dataset/Apis_mellifera/Apis_mellifera_15.jpg,Apis mellifera,Western Honey Bee,47219,https://inaturalist-open-data.s3.amazonaws.com/photos/574760772/medium.jpg
cv_dataset/Apis_mellifera/Apis_mellifera_16.jpg,Apis mellifera,Western Honey Bee,47219,https://inaturalist-open-data.s3.amazonaws.com/photos/204622041/medium.jpg
cv_dataset/Apis_mellifera/Apis_mellifera_17.jpg,Apis mellifera,Western Honey Bee,47219,https://inaturalist-open-data.s3.amazonaws.com/photos/204208611/medium.jpg
cv_dataset/Apis_mellifera/Apis_mellifera_18.jpg,Apis mellifera,Western Honey Bee,47219,https://static.inaturalist.org/photos/20312407/medium.jpg
cv_dataset/Apis_mellifera/Apis_mellifera_19.jpg,Apis mellifera,Western Honey Bee,47219,https://inaturalist-open-data.s3.amazonaws.com/photos/41224350/medium.jpeg
cv_dataset/Apis_mellifera/Apis_mellifera_20.jpg,Apis mellifera,Western Honey Bee,47219,https://inaturalist-open-data.s3.amazonaws.com/photos/65299629/medium.jpeg
cv_dataset/Apis_mellifera/Apis_mellifera_21.jpg,Apis mellifera,Western Honey Bee,47219,https://static.inaturalist.org/photos/335425137/medium.jpg
cv_dataset/Morone_saxatilis/Morone_saxatilis_1.jpg,Morone saxatilis,Striped Bass,51392,https://inaturalist-open-data.s3.amazonaws.com/photos/341914552/medium.jpg
cv_dataset/Morone_saxatilis/Morone_saxatilis_2.jpg,Morone saxatilis,Striped Bass,51392,https://inaturalist-open-data.s3.amazonaws.com/photos/5067961/medium.jpeg
cv_dataset/Morone_saxatilis/Morone_saxatilis_3.jpg,Morone saxatilis,Striped Bass,51392,https://inaturalist-open-data.s3.amazonaws.com/photos/341914826/medium.jpg
cv_dataset/Morone_saxatilis/Morone_saxatilis_4.jpg,Morone saxatilis,Striped Bass,51392,https://static.inaturalist.org/photos/292184664/medium.jpeg
cv_dataset/Morone_saxatilis/Morone_saxatilis_5.jpg,Morone saxatilis,Striped Bass,51392,https://inaturalist-open-data.s3.amazonaws.com/photos/19130134/medium.jpg
cv_dataset/Morone_saxatilis/Morone_saxatilis_6.jpg,Morone saxatilis,Striped Bass,51392,https://inaturalist-open-data.s3.amazonaws.com/photos/5067060/medium.jpg
cv_dataset/Morone_saxatilis/Morone_saxatilis_7.jpg,Morone saxatilis,Striped Bass,51392,https://static.inaturalist.org/photos/324156852/medium.jpg
cv_dataset/Morone_saxatilis/Morone_saxatilis_8.jpg,Morone saxatilis,Striped Bass,51392,https://static.inaturalist.org/photos/204550576/medium.jpeg
cv_dataset/Morone_saxatilis/Morone_saxatilis_9.jpg,Morone saxatilis,Striped Bass,51392,https://inaturalist-open-data.s3.amazonaws.com/photos/62107004/medium.jpg
cv_dataset/Morone_saxatilis/Morone_saxatilis_10.jpg,Morone saxatilis,Striped Bass,51392,https://static.inaturalist.org/photos/292372858/medium.jpg
cv_dataset/Morone_saxatilis/Morone_saxatilis_11.jpg,Morone saxatilis,Striped Bass,51392,https://static.inaturalist.org/photos/180368737/medium.jpeg
cv_dataset/Morone_saxatilis/Morone_saxatilis_12.jpg,Morone saxatilis,Striped Bass,51392,https://static.inaturalist.org/photos/5067127/medium.jpg
cv_dataset/Morone_saxatilis/Morone_saxatilis_13.jpg,Morone saxatilis,Striped Bass,51392,https://inaturalist-open-data.s3.amazonaws.com/photos/204639466/medium.jpg
cv_dataset/Morone_saxatilis/Morone_saxatilis_14.jpg,Morone saxatilis,Striped Bass,51392,https://inaturalist-open-data.s3.amazonaws.com/photos/226130645/medium.jpg
cv_dataset/Morone_saxatilis/Morone_saxatilis_15.jpg,Morone saxatilis,Striped Bass,51392,https://inaturalist-open-data.s3.amazonaws.com/photos/490321877/medium.jpg
cv_dataset/Morone_saxatilis/Morone_saxatilis_16.jpg,Morone saxatilis,Striped Bass,51392,https://inaturalist-open-data.s3.amazonaws.com/photos/204142055/medium.jpg
cv_dataset/Morone_saxatilis/Morone_saxatilis_17.jpg,Morone saxatilis,Striped Bass,51392,https://inaturalist-open-data.s3.amazonaws.com/photos/342004812/medium.jpg
cv_dataset/Morone_saxatilis/Morone_saxatilis_18.jpg,Morone saxatilis,Striped Bass,51392,https://inaturalist-open-data.s3.amazonaws.com/photos/464888109/medium.jpeg
cv_dataset/Morone_saxatilis/Morone_saxatilis_19.jpg,Morone saxatilis,Striped Bass,51392,https://static.inaturalist.org/photos/99901745/medium.jpeg
cv_dataset/Morone_saxatilis/Morone_saxatilis_20.jpg,Morone saxatilis,Striped Bass,51392,https://inaturalist-open-data.s3.amazonaws.com/photos/281662356/medium.jpg
cv_dataset/Morone_saxatilis/Morone_saxatilis_21.jpg,Morone saxatilis,Striped Bass,51392,https://inaturalist-open-data.s3.amazonaws.com/photos/206306793/medium.jpg
cv_dataset/Leptoglossus_phyllopus/Leptoglossus_phyllopus_1.jpg,Leptoglossus phyllopus,Eastern Leaf-footed Bug,61256,https://inaturalist-open-data.s3.amazonaws.com/photos/244508590/medium.jpg
cv_dataset/Leptoglossus_phyllopus/Leptoglossus_phyllopus_2.jpg,Leptoglossus phyllopus,Eastern Leaf-footed Bug,61256,https://inaturalist-open-data.s3.amazonaws.com/photos/232568941/medium.jpg
cv_dataset/Leptoglossus_phyllopus/Leptoglossus_phyllopus_3.jpg,Leptoglossus phyllopus,Eastern Leaf-footed Bug,61256,https://inaturalist-open-data.s3.amazonaws.com/photos/320507168/medium.jpeg
cv_dataset/Leptoglossus_phyllopus/Leptoglossus_phyllopus_4.jpg,Leptoglossus phyllopus,Eastern Leaf-footed Bug,61256,https://inaturalist-open-data.s3.amazonaws.com/photos/325685060/medium.jpg
cv_dataset/Leptoglossus_phyllopus/Leptoglossus_phyllopus_5.jpg,Leptoglossus phyllopus,Eastern Leaf-footed Bug,61256,https://inaturalist-open-data.s3.amazonaws.com/photos/5073652/medium.jpg
cv_dataset/Leptoglossus_phyllopus/Leptoglossus_phyllopus_6.jpg,Leptoglossus phyllopus,Eastern Leaf-footed Bug,61256,https://inaturalist-open-data.s3.amazonaws.com/photos/243589509/medium.jpg
cv_dataset/Leptoglossus_phyllopus/Leptoglossus_phyllopus_7.jpg,Leptoglossus phyllopus,Eastern Leaf-footed Bug,61256,https://inaturalist-open-data.s3.amazonaws.com/photos/243540188/medium.jpg
cv_dataset/Leptoglossus_phyllopus/Leptoglossus_phyllopus_8.jpg,Leptoglossus phyllopus,Eastern Leaf-footed Bug,61256,https://inaturalist-open-data.s3.amazonaws.com/photos/243931342/medium.png
cv_dataset/Leptoglossus_phyllopus/Leptoglossus_phyllopus_9.jpg,Leptoglossus phyllopus,Eastern Leaf-footed Bug,61256,https://inaturalist-open-data.s3.amazonaws.com/photos/5105682/medium.jpg
cv_dataset/Leptoglossus_phyllopus/Leptoglossus_phyllopus_10.jpg,Leptoglossus phyllopus,Eastern Leaf-footed Bug,61256,https://inaturalist-open-data.s3.amazonaws.com/photos/243927432/medium.jpg
cv_dataset/Leptoglossus_phyllopus/Leptoglossus_phyllopus_11.jpg,Leptoglossus phyllopus,Eastern Leaf-footed Bug,61256,https://inaturalist-open-data.s3.amazonaws.com/photos/332222454/medium.jpg
cv_dataset/Leptoglossus_phyllopus/Leptoglossus_phyllopus_12.jpg,Leptoglossus phyllopus,Eastern Leaf-footed Bug,61256,https://static.inaturalist.org/photos/243932681/medium.jpg
cv_dataset/Leptoglossus_phyllopus/Leptoglossus_phyllopus_13.jpg,Leptoglossus phyllopus,Eastern Leaf-footed Bug,61256,https://inaturalist-open-data.s3.amazonaws.com/photos/243838229/medium.jpg
cv_dataset/Leptoglossus_phyllopus/Leptoglossus_phyllopus_14.jpg,Leptoglossus phyllopus,Eastern Leaf-footed Bug,61256,https://inaturalist-open-data.s3.amazonaws.com/photos/335639171/medium.jpg
cv_dataset/Leptoglossus_phyllopus/Leptoglossus_phyllopus_15.jpg,Leptoglossus phyllopus,Eastern Leaf-footed Bug,61256,https://inaturalist-open-data.s3.amazonaws.com/photos/335545984/medium.jpg
cv_dataset/Leptoglossus_phyllopus/Leptoglossus_phyllopus_16.jpg,Leptoglossus phyllopus,Eastern Leaf-footed Bug,61256,https://inaturalist-open-data.s3.amazonaws.com/photos/5095252/medium.jpg
cv_dataset/Leptoglossus_phyllopus/Leptoglossus_phyllopus_17.jpg,Leptoglossus phyllopus,Eastern Leaf-footed Bug,61256,https://inaturalist-open-data.s3.amazonaws.com/photos/243928080/medium.jpg
cv_dataset/Leptoglossus_phyllopus/Leptoglossus_phyllopus_18.jpg,Leptoglossus phyllopus,Eastern Leaf-footed Bug,61256,https://inaturalist-open-data.s3.amazonaws.com/photos/335533027/medium.jpg
cv_dataset/Leptoglossus_phyllopus/Leptoglossus_phyllopus_19.jpg,Leptoglossus phyllopus,Eastern Leaf-footed Bug,61256,https://inaturalist-open-data.s3.amazonaws.com/photos/321865164/medium.jpg
cv_dataset/Leptoglossus_phyllopus/Leptoglossus_phyllopus_20.jpg,Leptoglossus phyllopus,Eastern Leaf-footed Bug,61256,https://inaturalist-open-data.s3.amazonaws.com/photos/332122749/medium.jpeg
cv_dataset/Leptoglossus_phyllopus/Leptoglossus_phyllopus_21.jpg,Leptoglossus phyllopus,Eastern Leaf-footed Bug,61256,https://inaturalist-open-data.s3.amazonaws.com/photos/243880493/medium.jpg
cv_dataset/Pantherophis_obsoletus/Pantherophis_obsoletus_1.jpg,Pantherophis obsoletus,Western Ratsnake,73888,https://static.inaturalist.org/photos/204213120/medium.jpg
cv_dataset/Pantherophis_obsoletus/Pantherophis_obsoletus_2.jpg,Pantherophis obsoletus,Western Ratsnake,73888,https://inaturalist-open-data.s3.amazonaws.com/photos/387687204/medium.jpg
cv_dataset/Pantherophis_obsoletus/Pantherophis_obsoletus_3.jpg,Pantherophis obsoletus,Western Ratsnake,73888,https://inaturalist-open-data.s3.amazonaws.com/photos/204378714/medium.jpg
cv_dataset/Pantherophis_obsoletus/Pantherophis_obsoletus_4.jpg,Pantherophis obsoletus,Western Ratsnake,73888,https://static.inaturalist.org/photos/381274382/medium.jpg
cv_dataset/Pantherophis_obsoletus/Pantherophis_obsoletus_5.jpg,Pantherophis obsoletus,Western Ratsnake,73888,https://inaturalist-open-data.s3.amazonaws.com/photos/280058399/medium.jpg
cv_dataset/Pantherophis_obsoletus/Pantherophis_obsoletus_6.jpg,Pantherophis obsoletus,Western Ratsnake,73888,https://inaturalist-open-data.s3.amazonaws.com/photos/508068131/medium.jpg
cv_dataset/Pantherophis_obsoletus/Pantherophis_obsoletus_7.jpg,Pantherophis obsoletus,Western Ratsnake,73888,https://inaturalist-open-data.s3.amazonaws.com/photos/43291956/medium.jpg
cv_dataset/Pantherophis_obsoletus/Pantherophis_obsoletus_8.jpg,Pantherophis obsoletus,Western Ratsnake,73888,https://static.inaturalist.org/photos/504043269/medium.jpeg
cv_dataset/Pantherophis_obsoletus/Pantherophis_obsoletus_9.jpg,Pantherophis obsoletus,Western Ratsnake,73888,https://inaturalist-open-data.s3.amazonaws.com/photos/504591089/medium.jpg
cv_dataset/Pantherophis_obsoletus/Pantherophis_obsoletus_10.jpg,Pantherophis obsoletus,Western Ratsnake,73888,https://inaturalist-open-data.s3.amazonaws.com/photos/505421345/medium.jpg
cv_dataset/Pantherophis_obsoletus/Pantherophis_obsoletus_11.jpg,Pantherophis obsoletus,Western Ratsnake,73888,https://static.inaturalist.org/photos/203739415/medium.jpg
cv_dataset/Pantherophis_obsoletus/Pantherophis_obsoletus_12.jpg,Pantherophis obsoletus,Western Ratsnake,73888,https://inaturalist-open-data.s3.amazonaws.com/photos/203617541/medium.jpg
cv_dataset/Pantherophis_obsoletus/Pantherophis_obsoletus_13.jpg,Pantherophis obsoletus,Western Ratsnake,73888,https://inaturalist-open-data.s3.amazonaws.com/photos/40346017/medium.jpg
cv_dataset/Pantherophis_obsoletus/Pantherophis_obsoletus_14.jpg,Pantherophis obsoletus,Western Ratsnake,73888,https://inaturalist-open-data.s3.amazonaws.com/photos/387608411/medium.jpg
cv_dataset/Pantherophis_obsoletus/Pantherophis_obsoletus_15.jpg,Pantherophis obsoletus,Western Ratsnake,73888,https://static.inaturalist.org/photos/40341606/medium.jpg
cv_dataset/Pantherophis_obsoletus/Pantherophis_obsoletus_16.jpg,Pantherophis obsoletus,Western Ratsnake,73888,https://inaturalist-open-data.s3.amazonaws.com/photos/30900478/medium.jpeg
cv_dataset/Pantherophis_obsoletus/Pantherophis_obsoletus_17.jpg,Pantherophis obsoletus,Western Ratsnake,73888,https://inaturalist-open-data.s3.amazonaws.com/photos/40399691/medium.jpg
cv_dataset/Pantherophis_obsoletus/Pantherophis_obsoletus_18.jpg,Pantherophis obsoletus,Western Ratsnake,73888,https://inaturalist-open-data.s3.amazonaws.com/photos/552767381/medium.jpg
cv_dataset/Pantherophis_obsoletus/Pantherophis_obsoletus_19.jpg,Pantherophis obsoletus,Western Ratsnake,73888,https://static.inaturalist.org/photos/40341554/medium.jpg
cv_dataset/Pantherophis_obsoletus/Pantherophis_obsoletus_20.jpg,Pantherophis obsoletus,Western Ratsnake,73888,https://inaturalist-open-data.s3.amazonaws.com/photos/33606769/medium.jpg
cv_dataset/Pantherophis_obsoletus/Pantherophis_obsoletus_21.jpg,Pantherophis obsoletus,Western Ratsnake,73888,https://inaturalist-open-data.s3.amazonaws.com/photos/203842569/medium.jpg
cv_dataset/Rabidosa_rabida/Rabidosa_rabida_1.jpg,Rabidosa rabida,Rabid Wolf Spider,147930,https://inaturalist-open-data.s3.amazonaws.com/photos/14481716/medium.jpg
cv_dataset/Rabidosa_rabida/Rabidosa_rabida_2.jpg,Rabidosa rabida,Rabid Wolf Spider,147930,https://inaturalist-open-data.s3.amazonaws.com/photos/281287037/medium.jpg
cv_dataset/Rabidosa_rabida/Rabidosa_rabida_3.jpg,Rabidosa rabida,Rabid Wolf Spider,147930,https://inaturalist-open-data.s3.amazonaws.com/photos/505751580/medium.jpg
cv_dataset/Rabidosa_rabida/Rabidosa_rabida_4.jpg,Rabidosa rabida,Rabid Wolf Spider,147930,https://inaturalist-open-data.s3.amazonaws.com/photos/5074186/medium.jpg
cv_dataset/Rabidosa_rabida/Rabidosa_rabida_5.jpg,Rabidosa rabida,Rabid Wolf Spider,147930,https://static.inaturalist.org/photos/533469963/medium.jpg
cv_dataset/Rabidosa_rabida/Rabidosa_rabida_6.jpg,Rabidosa rabida,Rabid Wolf Spider,147930,https://inaturalist-open-data.s3.amazonaws.com/photos/206344233/medium.jpg
cv_dataset/Rabidosa_rabida/Rabidosa_rabida_7.jpg,Rabidosa rabida,Rabid Wolf Spider,147930,https://inaturalist-open-data.s3.amazonaws.com/photos/212110204/medium.jpg
cv_dataset/Rabidosa_rabida/Rabidosa_rabida_8.jpg,Rabidosa rabida,Rabid Wolf Spider,147930,https://inaturalist-open-data.s3.amazonaws.com/photos/505662198/medium.jpg
cv_dataset/Rabidosa_rabida/Rabidosa_rabida_9.jpg,Rabidosa rabida,Rabid Wolf Spider,147930,https://inaturalist-open-data.s3.amazonaws.com/photos/280787066/medium.jpeg
cv_dataset/Rabidosa_rabida/Rabidosa_rabida_10.jpg,Rabidosa rabida,Rabid Wolf Spider,147930,https://inaturalist-open-data.s3.amazonaws.com/photos/382726947/medium.jpeg
cv_dataset/Rabidosa_rabida/Rabidosa_rabida_11.jpg,Rabidosa rabida,Rabid Wolf Spider,147930,https://inaturalist-open-data.s3.amazonaws.com/photos/505709659/medium.jpg
cv_dataset/Rabidosa_rabida/Rabidosa_rabida_12.jpg,Rabidosa rabida,Rabid Wolf Spider,147930,https://inaturalist-open-data.s3.amazonaws.com/photos/202873793/medium.jpg
cv_dataset/Rabidosa_rabida/Rabidosa_rabida_13.jpg,Rabidosa rabida,Rabid Wolf Spider,147930,https://inaturalist-open-data.s3.amazonaws.com/photos/505528474/medium.jpg
cv_dataset/Rabidosa_rabida/Rabidosa_rabida_14.jpg,Rabidosa rabida,Rabid Wolf Spider,147930,https://inaturalist-open-data.s3.amazonaws.com/photos/520626659/medium.jpg
cv_dataset/Rabidosa_rabida/Rabidosa_rabida_15.jpg,Rabidosa rabida,Rabid Wolf Spider,147930,https://static.inaturalist.org/photos/206307916/medium.jpg
cv_dataset/Rabidosa_rabida/Rabidosa_rabida_16.jpg,Rabidosa rabida,Rabid Wolf Spider,147930,https://inaturalist-open-data.s3.amazonaws.com/photos/504368123/medium.jpeg
cv_dataset/Rabidosa_rabida/Rabidosa_rabida_17.jpg,Rabidosa rabida,Rabid Wolf Spider,147930,https://static.inaturalist.org/photos/206305003/medium.jpeg
cv_dataset/Rabidosa_rabida/Rabidosa_rabida_18.jpg,Rabidosa rabida,Rabid Wolf Spider,147930,https://inaturalist-open-data.s3.amazonaws.com/photos/212398171/medium.jpg
cv_dataset/Rabidosa_rabida/Rabidosa_rabida_19.jpg,Rabidosa rabida,Rabid Wolf Spider,147930,https://inaturalist-open-data.s3.amazonaws.com/photos/504615116/medium.jpg
cv_dataset/Rabidosa_rabida/Rabidosa_rabida_20.jpg,Rabidosa rabida,Rabid Wolf Spider,147930,https://inaturalist-open-data.s3.amazonaws.com/photos/505777684/medium.jpg
cv_dataset/Rabidosa_rabida/Rabidosa_rabida_21.jpg,Rabidosa rabida,Rabid Wolf Spider,147930,https://static.inaturalist.org/photos/535726807/medium.jpg
cv_dataset/Dione_vanillae/Dione_vanillae_1.jpg,Dione vanillae,Gulf Fritillary,49150,https://static.inaturalist.org/photos/11218812/medium.jpg
cv_dataset/Dione_vanillae/Dione_vanillae_2.jpg,Dione vanillae,Gulf Fritillary,49150,https://inaturalist-open-data.s3.amazonaws.com/photos/66226996/medium.jpg
cv_dataset/Dione_vanillae/Dione_vanillae_3.jpg,Dione vanillae,Gulf Fritillary,49150,https://inaturalist-open-data.s3.amazonaws.com/photos/450689821/medium.jpeg
cv_dataset/Dione_vanillae/Dione_vanillae_4.jpg,Dione vanillae,Gulf Fritillary,49150,https://inaturalist-open-data.s3.amazonaws.com/photos/11466187/medium.jpeg
cv_dataset/Dione_vanillae/Dione_vanillae_5.jpg,Dione vanillae,Gulf Fritillary,49150,https://inaturalist-open-data.s3.amazonaws.com/photos/211264164/medium.jpg
cv_dataset/Dione_vanillae/Dione_vanillae_6.jpg,Dione vanillae,Gulf Fritillary,49150,https://inaturalist-open-data.s3.amazonaws.com/photos/156559867/medium.jpg
cv_dataset/Dione_vanillae/Dione_vanillae_7.jpg,Dione vanillae,Gulf Fritillary,49150,https://inaturalist-open-data.s3.amazonaws.com/photos/69969339/medium.jpeg
cv_dataset/Dione_vanillae/Dione_vanillae_8.jpg,Dione vanillae,Gulf Fritillary,49150,https://inaturalist-open-data.s3.amazonaws.com/photos/5096341/medium.jpg
cv_dataset/Dione_vanillae/Dione_vanillae_9.jpg,Dione vanillae,Gulf Fritillary,49150,https://static.inaturalist.org/photos/5077745/medium.jpg
cv_dataset/Dione_vanillae/Dione_vanillae_10.jpg,Dione vanillae,Gulf Fritillary,49150,https://inaturalist-open-data.s3.amazonaws.com/photos/5074160/medium.jpg
cv_dataset/Dione_vanillae/Dione_vanillae_11.jpg,Dione vanillae,Gulf Fritillary,49150,https://inaturalist-open-data.s3.amazonaws.com/photos/66226970/medium.jpg
cv_dataset/Dione_vanillae/Dione_vanillae_12.jpg,Dione vanillae,Gulf Fritillary,49150,https://inaturalist-open-data.s3.amazonaws.com/photos/575573410/medium.jpg
cv_dataset/Dione_vanillae/Dione_vanillae_13.jpg,Dione vanillae,Gulf Fritillary,49150,https://inaturalist-open-data.s3.amazonaws.com/photos/5074746/medium.jpeg
cv_dataset/Dione_vanillae/Dione_vanillae_14.jpg,Dione vanillae,Gulf Fritillary,49150,https://inaturalist-open-data.s3.amazonaws.com/photos/575106923/medium.jpg
cv_dataset/Dione_vanillae/Dione_vanillae_15.jpg,Dione vanillae,Gulf Fritillary,49150,https://inaturalist-open-data.s3.amazonaws.com/photos/41016575/medium.jpg
cv_dataset/Dione_vanillae/Dione_vanillae_16.jpg,Dione vanillae,Gulf Fritillary,49150,https://inaturalist-open-data.s3.amazonaws.com/photos/585292535/medium.jpg
cv_dataset/Dione_vanillae/Dione_vanillae_17.jpg,Dione vanillae,Gulf Fritillary,49150,https://inaturalist-open-data.s3.amazonaws.com/photos/478150834/medium.jpeg
cv_dataset/Dione_vanillae/Dione_vanillae_18.jpg,Dione vanillae,Gulf Fritillary,49150,https://inaturalist-open-data.s3.amazonaws.com/photos/9416790/medium.jpg
cv_dataset/Dione_vanillae/Dione_vanillae_19.jpg,Dione vanillae,Gulf Fritillary,49150,https://inaturalist-open-data.s3.amazonaws.com/photos/86640345/medium.jpg
cv_dataset/Dione_vanillae/Dione_vanillae_20.jpg,Dione vanillae,Gulf Fritillary,49150,https://inaturalist-open-data.s3.amazonaws.com/photos/30670454/medium.jpeg
cv_dataset/Estigmene_acrea/Estigmene_acrea_1.jpg,Estigmene acrea,Salt Marsh Moth,121612,https://static.inaturalist.org/photos/385326561/medium.jpg
cv_dataset/Estigmene_acrea/Estigmene_acrea_2.jpg,Estigmene acrea,Salt Marsh Moth,121612,https://static.inaturalist.org/photos/40741298/medium.jpeg
cv_dataset/Estigmene_acrea/Estigmene_acrea_3.jpg,Estigmene acrea,Salt Marsh Moth,121612,https://inaturalist-open-data.s3.amazonaws.com/photos/507454251/medium.jpg
cv_dataset/Estigmene_acrea/Estigmene_acrea_4.jpg,Estigmene acrea,Salt Marsh Moth,121612,https://inaturalist-open-data.s3.amazonaws.com/photos/203653349/medium.jpg
cv_dataset/Estigmene_acrea/Estigmene_acrea_5.jpg,Estigmene acrea,Salt Marsh Moth,121612,https://inaturalist-open-data.s3.amazonaws.com/photos/18721884/medium.jpg
cv_dataset/Estigmene_acrea/Estigmene_acrea_6.jpg,Estigmene acrea,Salt Marsh Moth,121612,https://static.inaturalist.org/photos/40438699/medium.jpg
cv_dataset/Estigmene_acrea/Estigmene_acrea_7.jpg,Estigmene acrea,Salt Marsh Moth,121612,https://static.inaturalist.org/photos/41049553/medium.jpg
cv_dataset/Estigmene_acrea/Estigmene_acrea_8.jpg,Estigmene acrea,Salt Marsh Moth,121612,https://inaturalist-open-data.s3.amazonaws.com/photos/206271641/medium.jpg
cv_dataset/Estigmene_acrea/Estigmene_acrea_9.jpg,Estigmene acrea,Salt Marsh Moth,121612,https://inaturalist-open-data.s3.amazonaws.com/photos/509174940/medium.jpg
cv_dataset/Estigmene_acrea/Estigmene_acrea_10.jpg,Estigmene acrea,Salt Marsh Moth,121612,https://inaturalist-open-data.s3.amazonaws.com/photos/203591269/medium.jpeg
cv_dataset/Estigmene_acrea/Estigmene_acrea_11.jpg,Estigmene acrea,Salt Marsh Moth,121612,https://inaturalist-open-data.s3.amazonaws.com/photos/409300342/medium.jpeg
cv_dataset/Estigmene_acrea/Estigmene_acrea_12.jpg,Estigmene acrea,Salt Marsh Moth,121612,https://inaturalist-open-data.s3.amazonaws.com/photos/514868338/medium.jpg
cv_dataset/Estigmene_acrea/Estigmene_acrea_13.jpg,Estigmene acrea,Salt Marsh Moth,121612,https://inaturalist-open-data.s3.amazonaws.com/photos/570722122/medium.jpg
cv_dataset/Estigmene_acrea/Estigmene_acrea_14.jpg,Estigmene acrea,Salt Marsh Moth,121612,https://inaturalist-open-data.s3.amazonaws.com/photos/508894331/medium.jpg
cv_dataset/Estigmene_acrea/Estigmene_acrea_15.jpg,Estigmene acrea,Salt Marsh Moth,121612,https://static.inaturalist.org/photos/280173491/medium.jpeg
cv_dataset/Estigmene_acrea/Estigmene_acrea_16.jpg,Estigmene acrea,Salt Marsh Moth,121612,https://inaturalist-open-data.s3.amazonaws.com/photos/284247426/medium.jpeg
cv_dataset/Estigmene_acrea/Estigmene_acrea_17.jpg,Estigmene acrea,Salt Marsh Moth,121612,https://inaturalist-open-data.s3.amazonaws.com/photos/70766652/medium.jpg
cv_dataset/Estigmene_acrea/Estigmene_acrea_18.jpg,Estigmene acrea,Salt Marsh Moth,121612,https://static.inaturalist.org/photos/40446270/medium.jpg
cv_dataset/Estigmene_acrea/Estigmene_acrea_19.jpg,Estigmene acrea,Salt Marsh Moth,121612,https://inaturalist-open-data.s3.amazonaws.com/photos/280062130/medium.jpg
cv_dataset/Platanus_occidentalis/Platanus_occidentalis_1.jpg,Platanus occidentalis,American sycamore,49662,https://static.inaturalist.org/photos/336152622/medium.jpeg
cv_dataset/Platanus_occidentalis/Platanus_occidentalis_2.jpg,Platanus occidentalis,American sycamore,49662,https://static.inaturalist.org/photos/202498549/medium.jpg
cv_dataset/Platanus_occidentalis/Platanus_occidentalis_3.jpg,Platanus occidentalis,American sycamore,49662,https://static.inaturalist.org/photos/206309297/medium.jpg
cv_dataset/Platanus_occidentalis/Platanus_occidentalis_4.jpg,Platanus occidentalis,American sycamore,49662,https://static.inaturalist.org/photos/40386921/medium.jpg
cv_dataset/Platanus_occidentalis/Platanus_occidentalis_5.jpg,Platanus occidentalis,American sycamore,49662,https://static.inaturalist.org/photos/28465332/medium.jpg
cv_dataset/Platanus_occidentalis/Platanus_occidentalis_6.jpg,Platanus occidentalis,American sycamore,49662,https://static.inaturalist.org/photos/202498919/medium.jpg
cv_dataset/Platanus_occidentalis/Platanus_occidentalis_7.jpg,Platanus occidentalis,American sycamore,49662,https://static.inaturalist.org/photos/202498365/medium.jpg
cv_dataset/Platanus_occidentalis/Platanus_occidentalis_8.jpg,Platanus occidentalis,American sycamore,49662,https://static.inaturalist.org/photos/152721084/medium.jpg
cv_dataset/Platanus_occidentalis/Platanus_occidentalis_9.jpg,Platanus occidentalis,American sycamore,49662,https://static.inaturalist.org/photos/202498279/medium.jpg
cv_dataset/Platanus_occidentalis/Platanus_occidentalis_10.jpg,Platanus occidentalis,American sycamore,49662,https://static.inaturalist.org/photos/18505472/medium.jpg
cv_dataset/Platanus_occidentalis/Platanus_occidentalis_11.jpg,Platanus occidentalis,American sycamore,49662,https://inaturalist-open-data.s3.amazonaws.com/photos/5077921/medium.jpeg
cv_dataset/Platanus_occidentalis/Platanus_occidentalis_12.jpg,Platanus occidentalis,American sycamore,49662,https://inaturalist-open-data.s3.amazonaws.com/photos/202499250/medium.jpg
cv_dataset/Platanus_occidentalis/Platanus_occidentalis_13.jpg,Platanus occidentalis,American sycamore,49662,https://inaturalist-open-data.s3.amazonaws.com/photos/616821818/medium.jpg
cv_dataset/Platanus_occidentalis/Platanus_occidentalis_14.jpg,Platanus occidentalis,American sycamore,49662,https://inaturalist-open-data.s3.amazonaws.com/photos/202498255/medium.jpg
cv_dataset/Platanus_occidentalis/Platanus_occidentalis_15.jpg,Platanus occidentalis,American sycamore,49662,https://inaturalist-open-data.s3.amazonaws.com/photos/202499463/medium.jpg
cv_dataset/Platanus_occidentalis/Platanus_occidentalis_16.jpg,Platanus occidentalis,American sycamore,49662,https://inaturalist-open-data.s3.amazonaws.com/photos/202511721/medium.jpg
cv_dataset/Platanus_occidentalis/Platanus_occidentalis_17.jpg,Platanus occidentalis,American sycamore,49662,https://static.inaturalist.org/photos/24656461/medium.jpg
cv_dataset/Platanus_occidentalis/Platanus_occidentalis_18.jpg,Platanus occidentalis,American sycamore,49662,https://static.inaturalist.org/photos/202498194/medium.jpg
cv_dataset/Gaillardia_pulchella/Gaillardia_pulchella_1.jpg,Gaillardia pulchella,firewheel,51768,https://static.inaturalist.org/photos/504135862/medium.jpeg
cv_dataset/Gaillardia_pulchella/Gaillardia_pulchella_2.jpg,Gaillardia pulchella,firewheel,51768,https://inaturalist-open-data.s3.amazonaws.com/photos/292339447/medium.jpg
cv_dataset/Gaillardia_pulchella/Gaillardia_pulchella_3.jpg,Gaillardia pulchella,firewheel,51768,https://inaturalist-open-data.s3.amazonaws.com/photos/292339030/medium.jpg
cv_dataset/Gaillardia_pulchella/Gaillardia_pulchella_4.jpg,Gaillardia pulchella,firewheel,51768,https://inaturalist-open-data.s3.amazonaws.com/photos/196626768/medium.jpeg
cv_dataset/Gaillardia_pulchella/Gaillardia_pulchella_5.jpg,Gaillardia pulchella,firewheel,51768,https://inaturalist-open-data.s3.amazonaws.com/photos/382284071/medium.jpeg
cv_dataset/Gaillardia_pulchella/Gaillardia_pulchella_6.jpg,Gaillardia pulchella,firewheel,51768,https://inaturalist-open-data.s3.amazonaws.com/photos/40032759/medium.jpg
cv_dataset/Gaillardia_pulchella/Gaillardia_pulchella_7.jpg,Gaillardia pulchella,firewheel,51768,https://inaturalist-open-data.s3.amazonaws.com/photos/288729198/medium.jpg
cv_dataset/Gaillardia_pulchella/Gaillardia_pulchella_8.jpg,Gaillardia pulchella,firewheel,51768,https://inaturalist-open-data.s3.amazonaws.com/photos/208097128/medium.jpg
cv_dataset/Gaillardia_pulchella/Gaillardia_pulchella_9.jpg,Gaillardia pulchella,firewheel,51768,https://static.inaturalist.org/photos/517750900/medium.jpg
cv_dataset/Gaillardia_pulchella/Gaillardia_pulchella_10.jpg,Gaillardia pulchella,firewheel,51768,https://inaturalist-open-data.s3.amazonaws.com/photos/204563305/medium.jpg
cv_dataset/Gaillardia_pulchella/Gaillardia_pulchella_11.jpg,Gaillardia pulchella,firewheel,51768,https://inaturalist-open-data.s3.amazonaws.com/photos/197103116/medium.jpg
cv_dataset/Gaillardia_pulchella/Gaillardia_pulchella_12.jpg,Gaillardia pulchella,firewheel,51768,https://inaturalist-open-data.s3.amazonaws.com/photos/204292412/medium.jpg
cv_dataset/Gaillardia_pulchella/Gaillardia_pulchella_13.jpg,Gaillardia pulchella,firewheel,51768,https://static.inaturalist.org/photos/202526783/medium.jpg
cv_dataset/Gaillardia_pulchella/Gaillardia_pulchella_14.jpg,Gaillardia pulchella,firewheel,51768,https://inaturalist-open-data.s3.amazonaws.com/photos/292339684/medium.jpg
cv_dataset/Gaillardia_pulchella/Gaillardia_pulchella_15.jpg,Gaillardia pulchella,firewheel,51768,https://inaturalist-open-data.s3.amazonaws.com/photos/292339025/medium.jpg
cv_dataset/Gaillardia_pulchella/Gaillardia_pulchella_16.jpg,Gaillardia pulchella,firewheel,51768,https://inaturalist-open-data.s3.amazonaws.com/photos/40555145/medium.jpg
cv_dataset/Gaillardia_pulchella/Gaillardia_pulchella_17.jpg,Gaillardia pulchella,firewheel,51768,https://inaturalist-open-data.s3.amazonaws.com/photos/163023436/medium.jpeg
cv_dataset/Gaillardia_pulchella/Gaillardia_pulchella_18.jpg,Gaillardia pulchella,firewheel,51768,https://inaturalist-open-data.s3.amazonaws.com/photos/85086729/medium.jpeg
cv_dataset/Scincella_lateralis/Scincella_lateralis_1.jpg,Scincella lateralis,Little Brown Skink,60349,https://inaturalist-open-data.s3.amazonaws.com/photos/257333556/medium.jpeg
cv_dataset/Scincella_lateralis/Scincella_lateralis_2.jpg,Scincella lateralis,Little Brown Skink,60349,https://static.inaturalist.org/photos/395280065/medium.jpeg
cv_dataset/Scincella_lateralis/Scincella_lateralis_3.jpg,Scincella lateralis,Little Brown Skink,60349,https://inaturalist-open-data.s3.amazonaws.com/photos/280951394/medium.jpg
cv_dataset/Scincella_lateralis/Scincella_lateralis_4.jpg,Scincella lateralis,Little Brown Skink,60349,https://inaturalist-open-data.s3.amazonaws.com/photos/280512875/medium.jpg
cv_dataset/Scincella_lateralis/Scincella_lateralis_5.jpg,Scincella lateralis,Little Brown Skink,60349,https://inaturalist-open-data.s3.amazonaws.com/photos/282645071/medium.jpg
cv_dataset/Scincella_lateralis/Scincella_lateralis_6.jpg,Scincella lateralis,Little Brown Skink,60349,https://inaturalist-open-data.s3.amazonaws.com/photos/376426999/medium.jpg
cv_dataset/Scincella_lateralis/Scincella_lateralis_7.jpg,Scincella lateralis,Little Brown Skink,60349,https://static.inaturalist.org/photos/394432653/medium.jpg
cv_dataset/Scincella_lateralis/Scincella_lateralis_8.jpg,Scincella lateralis,Little Brown Skink,60349,https://inaturalist-open-data.s3.amazonaws.com/photos/388346153/medium.jpg
cv_dataset/Scincella_lateralis/Scincella_lateralis_9.jpg,Scincella lateralis,Little Brown Skink,60349,https://static.inaturalist.org/photos/282683783/medium.jpg
cv_dataset/Scincella_lateralis/Scincella_lateralis_10.jpg,Scincella lateralis,Little Brown Skink,60349,https://inaturalist-open-data.s3.amazonaws.com/photos/283473655/medium.jpg
cv_dataset/Scincella_lateralis/Scincella_lateralis_11.jpg,Scincella lateralis,Little Brown Skink,60349,https://static.inaturalist.org/photos/204545822/medium.jpeg
cv_dataset/Scincella_lateralis/Scincella_lateralis_12.jpg,Scincella lateralis,Little Brown Skink,60349,https://inaturalist-open-data.s3.amazonaws.com/photos/281005676/medium.jpg
cv_dataset/Scincella_lateralis/Scincella_lateralis_13.jpg,Scincella lateralis,Little Brown Skink,60349,https://inaturalist-open-data.s3.amazonaws.com/photos/295765336/medium.jpg
cv_dataset/Scincella_lateralis/Scincella_lateralis_14.jpg,Scincella lateralis,Little Brown Skink,60349,https://inaturalist-open-data.s3.amazonaws.com/photos/579517960/medium.jpg
cv_dataset/Scincella_lateralis/Scincella_lateralis_15.jpg,Scincella lateralis,Little Brown Skink,60349,https://inaturalist-open-data.s3.amazonaws.com/photos/280489649/medium.jpg
cv_dataset/Scincella_lateralis/Scincella_lateralis_16.jpg,Scincella lateralis,Little Brown Skink,60349,https://inaturalist-open-data.s3.amazonaws.com/photos/505435816/medium.jpg
cv_dataset/Scincella_lateralis/Scincella_lateralis_17.jpg,Scincella lateralis,Little Brown Skink,60349,https://inaturalist-open-data.s3.amazonaws.com/photos/391399758/medium.jpg
cv_dataset/Scincella_lateralis/Scincella_lateralis_18.jpg,Scincella lateralis,Little Brown Skink,60349,https://inaturalist-open-data.s3.amazonaws.com/photos/283213076/medium.jpg
cv_dataset/Cupido_comyntas/Cupido_comyntas_1.jpg,Cupido comyntas,Eastern Tailed-Blue,122381,https://inaturalist-open-data.s3.amazonaws.com/photos/12592452/medium.jpg
cv_dataset/Cupido_comyntas/Cupido_comyntas_2.jpg,Cupido comyntas,Eastern Tailed-Blue,122381,https://inaturalist-open-data.s3.amazonaws.com/photos/7001848/medium.jpg
cv_dataset/Cupido_comyntas/Cupido_comyntas_3.jpg,Cupido comyntas,Eastern Tailed-Blue,122381,https://inaturalist-open-data.s3.amazonaws.com/photos/508498387/medium.jpg
cv_dataset/Cupido_comyntas/Cupido_comyntas_4.jpg,Cupido comyntas,Eastern Tailed-Blue,122381,https://static.inaturalist.org/photos/19608004/medium.jpeg
cv_dataset/Cupido_comyntas/Cupido_comyntas_5.jpg,Cupido comyntas,Eastern Tailed-Blue,122381,https://inaturalist-open-data.s3.amazonaws.com/photos/5095806/medium.jpg
cv_dataset/Cupido_comyntas/Cupido_comyntas_6.jpg,Cupido comyntas,Eastern Tailed-Blue,122381,https://inaturalist-open-data.s3.amazonaws.com/photos/5076847/medium.jpg
cv_dataset/Cupido_comyntas/Cupido_comyntas_7.jpg,Cupido comyntas,Eastern Tailed-Blue,122381,https://inaturalist-open-data.s3.amazonaws.com/photos/40446670/medium.jpg
cv_dataset/Cupido_comyntas/Cupido_comyntas_8.jpg,Cupido comyntas,Eastern Tailed-Blue,122381,https://inaturalist-open-data.s3.amazonaws.com/photos/41224419/medium.jpeg
cv_dataset/Cupido_comyntas/Cupido_comyntas_9.jpg,Cupido comyntas,Eastern Tailed-Blue,122381,https://inaturalist-open-data.s3.amazonaws.com/photos/5095197/medium.jpg
cv_dataset/Cupido_comyntas/Cupido_comyntas_10.jpg,Cupido comyntas,Eastern Tailed-Blue,122381,https://static.inaturalist.org/photos/5075323/medium.jpg
cv_dataset/Cupido_comyntas/Cupido_comyntas_11.jpg,Cupido comyntas,Eastern Tailed-Blue,122381,https://static.inaturalist.org/photos/5066967/medium.jpg
cv_dataset/Cupido_comyntas/Cupido_comyntas_12.jpg,Cupido comyntas,Eastern Tailed-Blue,122381,https://inaturalist-open-data.s3.amazonaws.com/photos/5071340/medium.jpg
cv_dataset/Cupido_comyntas/Cupido_comyntas_13.jpg,Cupido comyntas,Eastern Tailed-Blue,122381,https://inaturalist-open-data.s3.amazonaws.com/photos/40467310/medium.jpg
cv_dataset/Cupido_comyntas/Cupido_comyntas_14.jpg,Cupido comyntas,Eastern Tailed-Blue,122381,https://inaturalist-open-data.s3.amazonaws.com/photos/75298410/medium.jpeg
cv_dataset/Cupido_comyntas/Cupido_comyntas_15.jpg,Cupido comyntas,Eastern Tailed-Blue,122381,https://inaturalist-open-data.s3.amazonaws.com/photos/5073106/medium.jpg
cv_dataset/Cupido_comyntas/Cupido_comyntas_16.jpg,Cupido comyntas,Eastern Tailed-Blue,122381,https://static.inaturalist.org/photos/5068638/medium.jpg
cv_dataset/Cupido_comyntas/Cupido_comyntas_17.jpg,Cupido comyntas,Eastern Tailed-Blue,122381,https://inaturalist-open-data.s3.amazonaws.com/photos/74600340/medium.jpg
cv_dataset/Cupido_comyntas/Cupido_comyntas_18.jpg,Cupido comyntas,Eastern Tailed-Blue,122381,https://inaturalist-open-data.s3.amazonaws.com/photos/74640160/medium.jpg
cv_dataset/Sericoplaga_externalis/Sericoplaga_externalis_1.jpg,Sericoplaga externalis,Falcate Sericoplaga,230846,https://inaturalist-open-data.s3.amazonaws.com/photos/132269837/medium.jpg
cv_dataset/Sericoplaga_externalis/Sericoplaga_externalis_2.jpg,Sericoplaga externalis,Falcate Sericoplaga,230846,https://inaturalist-open-data.s3.amazonaws.com/photos/203753627/medium.jpg
cv_dataset/Sericoplaga_externalis/Sericoplaga_externalis_3.jpg,Sericoplaga externalis,Falcate Sericoplaga,230846,https://inaturalist-open-data.s3.amazonaws.com/photos/505717736/medium.jpg
cv_dataset/Sericoplaga_externalis/Sericoplaga_externalis_4.jpg,Sericoplaga externalis,Falcate Sericoplaga,230846,https://inaturalist-open-data.s3.amazonaws.com/photos/144083832/medium.jpg
cv_dataset/Sericoplaga_externalis/Sericoplaga_externalis_5.jpg,Sericoplaga externalis,Falcate Sericoplaga,230846,https://inaturalist-open-data.s3.amazonaws.com/photos/10212993/medium.jpg
cv_dataset/Sericoplaga_externalis/Sericoplaga_externalis_6.jpg,Sericoplaga externalis,Falcate Sericoplaga,230846,https://inaturalist-open-data.s3.amazonaws.com/photos/203737561/medium.jpg
cv_dataset/Sericoplaga_externalis/Sericoplaga_externalis_7.jpg,Sericoplaga externalis,Falcate Sericoplaga,230846,https://static.inaturalist.org/photos/204016351/medium.jpg
cv_dataset/Sericoplaga_externalis/Sericoplaga_externalis_8.jpg,Sericoplaga externalis,Falcate Sericoplaga,230846,https://inaturalist-open-data.s3.amazonaws.com/photos/9536998/medium.jpg
cv_dataset/Sericoplaga_externalis/Sericoplaga_externalis_9.jpg,Sericoplaga externalis,Falcate Sericoplaga,230846,https://inaturalist-open-data.s3.amazonaws.com/photos/47688606/medium.jpg
cv_dataset/Sericoplaga_externalis/Sericoplaga_externalis_10.jpg,Sericoplaga externalis,Falcate Sericoplaga,230846,https://inaturalist-open-data.s3.amazonaws.com/photos/47684875/medium.jpg
cv_dataset/Sericoplaga_externalis/Sericoplaga_externalis_11.jpg,Sericoplaga externalis,Falcate Sericoplaga,230846,https://inaturalist-open-data.s3.amazonaws.com/photos/91197726/medium.jpg
cv_dataset/Sericoplaga_externalis/Sericoplaga_externalis_12.jpg,Sericoplaga externalis,Falcate Sericoplaga,230846,https://inaturalist-open-data.s3.amazonaws.com/photos/204090650/medium.jpg
cv_dataset/Sericoplaga_externalis/Sericoplaga_externalis_13.jpg,Sericoplaga externalis,Falcate Sericoplaga,230846,https://static.inaturalist.org/photos/203737458/medium.jpg
cv_dataset/Sericoplaga_externalis/Sericoplaga_externalis_14.jpg,Sericoplaga externalis,Falcate Sericoplaga,230846,https://inaturalist-open-data.s3.amazonaws.com/photos/89200591/medium.jpeg
cv_dataset/Sericoplaga_externalis/Sericoplaga_externalis_15.jpg,Sericoplaga externalis,Falcate Sericoplaga,230846,https://inaturalist-open-data.s3.amazonaws.com/photos/204262037/medium.jpeg
cv_dataset/Sericoplaga_externalis/Sericoplaga_externalis_16.jpg,Sericoplaga externalis,Falcate Sericoplaga,230846,https://inaturalist-open-data.s3.amazonaws.com/photos/140625559/medium.jpg
cv_dataset/Sericoplaga_externalis/Sericoplaga_externalis_17.jpg,Sericoplaga externalis,Falcate Sericoplaga,230846,https://inaturalist-open-data.s3.amazonaws.com/photos/21754591/medium.jpg
cv_dataset/Sericoplaga_externalis/Sericoplaga_externalis_18.jpg,Sericoplaga externalis,Falcate Sericoplaga,230846,https://inaturalist-open-data.s3.amazonaws.com/photos/203856299/medium.jpg
cv_dataset/Cathartes_aura/Cathartes_aura_1.jpg,Cathartes aura,Turkey Vulture,4756,https://inaturalist-open-data.s3.amazonaws.com/photos/504954349/medium.jpg
cv_dataset/Cathartes_aura/Cathartes_aura_2.jpg,Cathartes aura,Turkey Vulture,4756,https://static.inaturalist.org/photos/206303521/medium.jpg
cv_dataset/Cathartes_aura/Cathartes_aura_3.jpg,Cathartes aura,Turkey Vulture,4756,https://static.inaturalist.org/photos/439596265/medium.jpeg
cv_dataset/Cathartes_aura/Cathartes_aura_4.jpg,Cathartes aura,Turkey Vulture,4756,https://inaturalist-open-data.s3.amazonaws.com/photos/11765235/medium.jpg
cv_dataset/Cathartes_aura/Cathartes_aura_5.jpg,Cathartes aura,Turkey Vulture,4756,https://inaturalist-open-data.s3.amazonaws.com/photos/410024935/medium.jpeg
cv_dataset/Cathartes_aura/Cathartes_aura_6.jpg,Cathartes aura,Turkey Vulture,4756,https://inaturalist-open-data.s3.amazonaws.com/photos/30670948/medium.jpeg
cv_dataset/Cathartes_aura/Cathartes_aura_7.jpg,Cathartes aura,Turkey Vulture,4756,https://static.inaturalist.org/photos/280596506/medium.jpeg
cv_dataset/Cathartes_aura/Cathartes_aura_8.jpg,Cathartes aura,Turkey Vulture,4756,https://inaturalist-open-data.s3.amazonaws.com/photos/40467145/medium.jpg
cv_dataset/Cathartes_aura/Cathartes_aura_9.jpg,Cathartes aura,Turkey Vulture,4756,https://static.inaturalist.org/photos/203702170/medium.jpg
cv_dataset/Cathartes_aura/Cathartes_aura_10.jpg,Cathartes aura,Turkey Vulture,4756,https://inaturalist-open-data.s3.amazonaws.com/photos/508562894/medium.jpg
cv_dataset/Cathartes_aura/Cathartes_aura_11.jpg,Cathartes aura,Turkey Vulture,4756,https://inaturalist-open-data.s3.amazonaws.com/photos/31503173/medium.jpeg
cv_dataset/Cathartes_aura/Cathartes_aura_12.jpg,Cathartes aura,Turkey Vulture,4756,https://inaturalist-open-data.s3.amazonaws.com/photos/206347384/medium.jpg
cv_dataset/Cathartes_aura/Cathartes_aura_13.jpg,Cathartes aura,Turkey Vulture,4756,https://static.inaturalist.org/photos/439595535/medium.jpeg
cv_dataset/Cathartes_aura/Cathartes_aura_14.jpg,Cathartes aura,Turkey Vulture,4756,https://inaturalist-open-data.s3.amazonaws.com/photos/508481619/medium.jpg
cv_dataset/Cathartes_aura/Cathartes_aura_15.jpg,Cathartes aura,Turkey Vulture,4756,https://inaturalist-open-data.s3.amazonaws.com/photos/505620061/medium.jpg
cv_dataset/Cathartes_aura/Cathartes_aura_16.jpg,Cathartes aura,Turkey Vulture,4756,https://inaturalist-open-data.s3.amazonaws.com/photos/40466561/medium.jpg
cv_dataset/Cathartes_aura/Cathartes_aura_17.jpg,Cathartes aura,Turkey Vulture,4756,https://inaturalist-open-data.s3.amazonaws.com/photos/622652419/medium.jpg
cv_dataset/Thamnophis_proximus/Thamnophis_proximus_1.jpg,Thamnophis proximus,Western Ribbon Snake,60342,https://inaturalist-open-data.s3.amazonaws.com/photos/282676592/medium.jpg
cv_dataset/Thamnophis_proximus/Thamnophis_proximus_2.jpg,Thamnophis proximus,Western Ribbon Snake,60342,https://static.inaturalist.org/photos/395283586/medium.jpeg
cv_dataset/Thamnophis_proximus/Thamnophis_proximus_3.jpg,Thamnophis proximus,Western Ribbon Snake,60342,https://static.inaturalist.org/photos/394494132/medium.jpg
cv_dataset/Thamnophis_proximus/Thamnophis_proximus_4.jpg,Thamnophis proximus,Western Ribbon Snake,60342,https://inaturalist-open-data.s3.amazonaws.com/photos/7022311/medium.jpg
cv_dataset/Thamnophis_proximus/Thamnophis_proximus_5.jpg,Thamnophis proximus,Western Ribbon Snake,60342,https://inaturalist-open-data.s3.amazonaws.com/photos/282210003/medium.jpg
cv_dataset/Thamnophis_proximus/Thamnophis_proximus_6.jpg,Thamnophis proximus,Western Ribbon Snake,60342,https://inaturalist-open-data.s3.amazonaws.com/photos/282557373/medium.jpg
cv_dataset/Thamnophis_proximus/Thamnophis_proximus_7.jpg,Thamnophis proximus,Western Ribbon Snake,60342,https://inaturalist-open-data.s3.amazonaws.com/photos/389774274/medium.jpg
cv_dataset/Thamnophis_proximus/Thamnophis_proximus_8.jpg,Thamnophis proximus,Western Ribbon Snake,60342,https://inaturalist-open-data.s3.amazonaws.com/photos/202873842/medium.jpg
cv_dataset/Thamnophis_proximus/Thamnophis_proximus_9.jpg,Thamnophis proximus,Western Ribbon Snake,60342,https://static.inaturalist.org/photos/204549628/medium.jpeg
cv_dataset/Thamnophis_proximus/Thamnophis_proximus_10.jpg,Thamnophis proximus,Western Ribbon Snake,60342,https://static.inaturalist.org/photos/202866302/medium.jpg
cv_dataset/Thamnophis_proximus/Thamnophis_proximus_11.jpg,Thamnophis proximus,Western Ribbon Snake,60342,https://inaturalist-open-data.s3.amazonaws.com/photos/428751000/medium.jpg
cv_dataset/Thamnophis_proximus/Thamnophis_proximus_12.jpg,Thamnophis proximus,Western Ribbon Snake,60342,https://inaturalist-open-data.s3.amazonaws.com/photos/508342581/medium.jpg
cv_dataset/Thamnophis_proximus/Thamnophis_proximus_13.jpg,Thamnophis proximus,Western Ribbon Snake,60342,https://inaturalist-open-data.s3.amazonaws.com/photos/283477483/medium.jpg
cv_dataset/Thamnophis_proximus/Thamnophis_proximus_14.jpg,Thamnophis proximus,Western Ribbon Snake,60342,https://inaturalist-open-data.s3.amazonaws.com/photos/282673632/medium.jpg
cv_dataset/Thamnophis_proximus/Thamnophis_proximus_15.jpg,Thamnophis proximus,Western Ribbon Snake,60342,https://inaturalist-open-data.s3.amazonaws.com/photos/417752751/medium.jpeg
cv_dataset/Thamnophis_proximus/Thamnophis_proximus_16.jpg,Thamnophis proximus,Western Ribbon Snake,60342,https://inaturalist-open-data.s3.amazonaws.com/photos/282678575/medium.jpg
cv_dataset/Thamnophis_proximus/Thamnophis_proximus_17.jpg,Thamnophis proximus,Western Ribbon Snake,60342,https://inaturalist-open-data.s3.amazonaws.com/photos/503491625/medium.jpg
cv_dataset/Thamnophis_proximus/Thamnophis_proximus_18.jpg,Thamnophis proximus,Western Ribbon Snake,60342,https://inaturalist-open-data.s3.amazonaws.com/photos/283466160/medium.jpg
cv_dataset/Thamnophis_proximus/Thamnophis_proximus_19.jpg,Thamnophis proximus,Western Ribbon Snake,60342,https://inaturalist-open-data.s3.amazonaws.com/photos/42551445/medium.jpg
cv_dataset/Acris_blanchardi/Acris_blanchardi_1.jpg,Acris blanchardi,Blanchard's Cricket Frog,70421,https://static.inaturalist.org/photos/204534680/medium.jpeg
cv_dataset/Acris_blanchardi/Acris_blanchardi_2.jpg,Acris blanchardi,Blanchard's Cricket Frog,70421,https://inaturalist-open-data.s3.amazonaws.com/photos/389210845/medium.jpg
cv_dataset/Acris_blanchardi/Acris_blanchardi_3.jpg,Acris blanchardi,Blanchard's Cricket Frog,70421,https://static.inaturalist.org/photos/5075080/medium.jpg
cv_dataset/Acris_blanchardi/Acris_blanchardi_4.jpg,Acris blanchardi,Blanchard's Cricket Frog,70421,https://inaturalist-open-data.s3.amazonaws.com/photos/189748798/medium.jpg
cv_dataset/Acris_blanchardi/Acris_blanchardi_5.jpg,Acris blanchardi,Blanchard's Cricket Frog,70421,https://inaturalist-open-data.s3.amazonaws.com/photos/283471024/medium.jpg
cv_dataset/Acris_blanchardi/Acris_blanchardi_6.jpg,Acris blanchardi,Blanchard's Cricket Frog,70421,https://inaturalist-open-data.s3.amazonaws.com/photos/282654456/medium.jpg
cv_dataset/Acris_blanchardi/Acris_blanchardi_7.jpg,Acris blanchardi,Blanchard's Cricket Frog,70421,https://static.inaturalist.org/photos/5074285/medium.jpg
cv_dataset/Acris_blanchardi/Acris_blanchardi_8.jpg,Acris blanchardi,Blanchard's Cricket Frog,70421,https://inaturalist-open-data.s3.amazonaws.com/photos/144012196/medium.jpg
cv_dataset/Acris_blanchardi/Acris_blanchardi_9.jpg,Acris blanchardi,Blanchard's Cricket Frog,70421,https://inaturalist-open-data.s3.amazonaws.com/photos/280075436/medium.jpg
cv_dataset/Acris_blanchardi/Acris_blanchardi_10.jpg,Acris blanchardi,Blanchard's Cricket Frog,70421,https://static.inaturalist.org/photos/5070383/medium.jpeg
cv_dataset/Acris_blanchardi/Acris_blanchardi_11.jpg,Acris blanchardi,Blanchard's Cricket Frog,70421,https://inaturalist-open-data.s3.amazonaws.com/photos/282676476/medium.jpg
cv_dataset/Acris_blanchardi/Acris_blanchardi_12.jpg,Acris blanchardi,Blanchard's Cricket Frog,70421,https://inaturalist-open-data.s3.amazonaws.com/photos/25792751/medium.jpeg
cv_dataset/Acris_blanchardi/Acris_blanchardi_13.jpg,Acris blanchardi,Blanchard's Cricket Frog,70421,https://inaturalist-open-data.s3.amazonaws.com/photos/636365869/medium.jpg
cv_dataset/Acris_blanchardi/Acris_blanchardi_14.jpg,Acris blanchardi,Blanchard's Cricket Frog,70421,https://inaturalist-open-data.s3.amazonaws.com/photos/482314245/medium.jpg
cv_dataset/Acris_blanchardi/Acris_blanchardi_15.jpg,Acris blanchardi,Blanchard's Cricket Frog,70421,https://inaturalist-open-data.s3.amazonaws.com/photos/570587224/medium.jpg
cv_dataset/Acris_blanchardi/Acris_blanchardi_16.jpg,Acris blanchardi,Blanchard's Cricket Frog,70421,https://static.inaturalist.org/photos/264663950/medium.jpeg
cv_dataset/Bradburia_pilosa/Bradburia_pilosa_1.jpg,Bradburia pilosa,Soft Goldaster,129771,https://inaturalist-open-data.s3.amazonaws.com/photos/202604253/medium.jpg
cv_dataset/Bradburia_pilosa/Bradburia_pilosa_2.jpg,Bradburia pilosa,Soft Goldaster,129771,https://inaturalist-open-data.s3.amazonaws.com/photos/203171617/medium.jpg
cv_dataset/Bradburia_pilosa/Bradburia_pilosa_3.jpg,Bradburia pilosa,Soft Goldaster,129771,https://inaturalist-open-data.s3.amazonaws.com/photos/220547642/medium.jpg
cv_dataset/Bradburia_pilosa/Bradburia_pilosa_4.jpg,Bradburia pilosa,Soft Goldaster,129771,https://static.inaturalist.org/photos/212532884/medium.jpg
cv_dataset/Bradburia_pilosa/Bradburia_pilosa_5.jpg,Bradburia pilosa,Soft Goldaster,129771,https://inaturalist-open-data.s3.amazonaws.com/photos/212621037/medium.jpeg
cv_dataset/Bradburia_pilosa/Bradburia_pilosa_6.jpg,Bradburia pilosa,Soft Goldaster,129771,https://inaturalist-open-data.s3.amazonaws.com/photos/515021076/medium.jpg
cv_dataset/Bradburia_pilosa/Bradburia_pilosa_7.jpg,Bradburia pilosa,Soft Goldaster,129771,https://inaturalist-open-data.s3.amazonaws.com/photos/212092041/medium.jpg
cv_dataset/Bradburia_pilosa/Bradburia_pilosa_8.jpg,Bradburia pilosa,Soft Goldaster,129771,https://static.inaturalist.org/photos/206306197/medium.jpeg
cv_dataset/Bradburia_pilosa/Bradburia_pilosa_9.jpg,Bradburia pilosa,Soft Goldaster,129771,https://inaturalist-open-data.s3.amazonaws.com/photos/429076249/medium.jpeg
cv_dataset/Bradburia_pilosa/Bradburia_pilosa_10.jpg,Bradburia pilosa,Soft Goldaster,129771,https://inaturalist-open-data.s3.amazonaws.com/photos/157956229/medium.jpeg
cv_dataset/Bradburia_pilosa/Bradburia_pilosa_11.jpg,Bradburia pilosa,Soft Goldaster,129771,https://inaturalist-open-data.s3.amazonaws.com/photos/83007758/medium.jpg
cv_dataset/Bradburia_pilosa/Bradburia_pilosa_12.jpg,Bradburia pilosa,Soft Goldaster,129771,https://inaturalist-open-data.s3.amazonaws.com/photos/164416592/medium.jpeg
cv_dataset/Bradburia_pilosa/Bradburia_pilosa_13.jpg,Bradburia pilosa,Soft Goldaster,129771,https://inaturalist-open-data.s3.amazonaws.com/photos/410026125/medium.jpeg
cv_dataset/Bradburia_pilosa/Bradburia_pilosa_14.jpg,Bradburia pilosa,Soft Goldaster,129771,https://inaturalist-open-data.s3.amazonaws.com/photos/5096270/medium.jpg
cv_dataset/Bradburia_pilosa/Bradburia_pilosa_15.jpg,Bradburia pilosa,Soft Goldaster,129771,https://inaturalist-open-data.s3.amazonaws.com/photos/299028991/medium.jpeg
cv_dataset/Bradburia_pilosa/Bradburia_pilosa_16.jpg,Bradburia pilosa,Soft Goldaster,129771,https://inaturalist-open-data.s3.amazonaws.com/photos/410027783/medium.jpeg
cv_dataset/Bradburia_pilosa/Bradburia_pilosa_17.jpg,Bradburia pilosa,Soft Goldaster,129771,https://inaturalist-open-data.s3.amazonaws.com/photos/206347347/medium.jpg
cv_dataset/Indigofera_miniata/Indigofera_miniata_1.jpg,Indigofera miniata,Scarlet Pea,138980,https://inaturalist-open-data.s3.amazonaws.com/photos/18685277/medium.jpg
cv_dataset/Indigofera_miniata/Indigofera_miniata_2.jpg,Indigofera miniata,Scarlet Pea,138980,https://inaturalist-open-data.s3.amazonaws.com/photos/389622415/medium.jpg
cv_dataset/Indigofera_miniata/Indigofera_miniata_3.jpg,Indigofera miniata,Scarlet Pea,138980,https://inaturalist-open-data.s3.amazonaws.com/photos/387656608/medium.jpg
cv_dataset/Indigofera_miniata/Indigofera_miniata_4.jpg,Indigofera miniata,Scarlet Pea,138980,https://inaturalist-open-data.s3.amazonaws.com/photos/424121544/medium.jpg
cv_dataset/Indigofera_miniata/Indigofera_miniata_5.jpg,Indigofera miniata,Scarlet Pea,138980,https://inaturalist-open-data.s3.amazonaws.com/photos/323287212/medium.jpeg
cv_dataset/Indigofera_miniata/Indigofera_miniata_6.jpg,Indigofera miniata,Scarlet Pea,138980,https://inaturalist-open-data.s3.amazonaws.com/photos/515019400/medium.jpg
cv_dataset/Indigofera_miniata/Indigofera_miniata_7.jpg,Indigofera miniata,Scarlet Pea,138980,https://inaturalist-open-data.s3.amazonaws.com/photos/434367842/medium.jpg
cv_dataset/Indigofera_miniata/Indigofera_miniata_8.jpg,Indigofera miniata,Scarlet Pea,138980,https://inaturalist-open-data.s3.amazonaws.com/photos/507458864/medium.jpg
cv_dataset/Indigofera_miniata/Indigofera_miniata_9.jpg,Indigofera miniata,Scarlet Pea,138980,https://inaturalist-open-data.s3.amazonaws.com/photos/507495181/medium.jpg
cv_dataset/Indigofera_miniata/Indigofera_miniata_10.jpg,Indigofera miniata,Scarlet Pea,138980,https://static.inaturalist.org/photos/280156303/medium.jpeg
cv_dataset/Indigofera_miniata/Indigofera_miniata_11.jpg,Indigofera miniata,Scarlet Pea,138980,https://inaturalist-open-data.s3.amazonaws.com/photos/204271286/medium.jpg
cv_dataset/Indigofera_miniata/Indigofera_miniata_12.jpg,Indigofera miniata,Scarlet Pea,138980,https://inaturalist-open-data.s3.amazonaws.com/photos/292456227/medium.jpg
cv_dataset/Indigofera_miniata/Indigofera_miniata_13.jpg,Indigofera miniata,Scarlet Pea,138980,https://inaturalist-open-data.s3.amazonaws.com/photos/515018464/medium.jpg
cv_dataset/Indigofera_miniata/Indigofera_miniata_14.jpg,Indigofera miniata,Scarlet Pea,138980,https://inaturalist-open-data.s3.amazonaws.com/photos/40809910/medium.jpg
cv_dataset/Indigofera_miniata/Indigofera_miniata_15.jpg,Indigofera miniata,Scarlet Pea,138980,https://inaturalist-open-data.s3.amazonaws.com/photos/508260589/medium.jpg
cv_dataset/Indigofera_miniata/Indigofera_miniata_16.jpg,Indigofera miniata,Scarlet Pea,138980,https://static.inaturalist.org/photos/5076110/medium.jpg
cv_dataset/Indigofera_miniata/Indigofera_miniata_17.jpg,Indigofera miniata,Scarlet Pea,138980,https://inaturalist-open-data.s3.amazonaws.com/photos/512568577/medium.jpg
cv_dataset/Emarginea_percara/Emarginea_percara_1.jpg,Emarginea percara,Beloved Emarginea Moth,219050,https://inaturalist-open-data.s3.amazonaws.com/photos/204261906/medium.jpeg
cv_dataset/Emarginea_percara/Emarginea_percara_2.jpg,Emarginea percara,Beloved Emarginea Moth,219050,https://inaturalist-open-data.s3.amazonaws.com/photos/204025458/medium.jpg
cv_dataset/Emarginea_percara/Emarginea_percara_3.jpg,Emarginea percara,Beloved Emarginea Moth,219050,https://static.inaturalist.org/photos/203928878/medium.jpg
cv_dataset/Emarginea_percara/Emarginea_percara_4.jpg,Emarginea percara,Beloved Emarginea Moth,219050,https://inaturalist-open-data.s3.amazonaws.com/photos/203733195/medium.jpg
cv_dataset/Emarginea_percara/Emarginea_percara_5.jpg,Emarginea percara,Beloved Emarginea Moth,219050,https://inaturalist-open-data.s3.amazonaws.com/photos/203733659/medium.jpg
cv_dataset/Emarginea_percara/Emarginea_percara_6.jpg,Emarginea percara,Beloved Emarginea Moth,219050,https://inaturalist-open-data.s3.amazonaws.com/photos/71151848/medium.jpeg
cv_dataset/Emarginea_percara/Emarginea_percara_7.jpg,Emarginea percara,Beloved Emarginea Moth,219050,https://inaturalist-open-data.s3.amazonaws.com/photos/204262134/medium.jpeg
cv_dataset/Emarginea_percara/Emarginea_percara_8.jpg,Emarginea percara,Beloved Emarginea Moth,219050,https://static.inaturalist.org/photos/203734349/medium.jpg
cv_dataset/Emarginea_percara/Emarginea_percara_9.jpg,Emarginea percara,Beloved Emarginea Moth,219050,https://static.inaturalist.org/photos/203732682/medium.jpg
cv_dataset/Emarginea_percara/Emarginea_percara_10.jpg,Emarginea percara,Beloved Emarginea Moth,219050,https://static.inaturalist.org/photos/203732732/medium.jpg
cv_dataset/Emarginea_percara/Emarginea_percara_11.jpg,Emarginea percara,Beloved Emarginea Moth,219050,https://inaturalist-open-data.s3.amazonaws.com/photos/204262211/medium.jpeg
cv_dataset/Emarginea_percara/Emarginea_percara_12.jpg,Emarginea percara,Beloved Emarginea Moth,219050,https://inaturalist-open-data.s3.amazonaws.com/photos/203730453/medium.jpg
cv_dataset/Emarginea_percara/Emarginea_percara_13.jpg,Emarginea percara,Beloved Emarginea Moth,219050,https://inaturalist-open-data.s3.amazonaws.com/photos/94058533/medium.jpeg
cv_dataset/Emarginea_percara/Emarginea_percara_14.jpg,Emarginea percara,Beloved Emarginea Moth,219050,https://inaturalist-open-data.s3.amazonaws.com/photos/543920215/medium.jpg
cv_dataset/Emarginea_percara/Emarginea_percara_15.jpg,Emarginea percara,Beloved Emarginea Moth,219050,https://inaturalist-open-data.s3.amazonaws.com/photos/203730480/medium.jpg
cv_dataset/Emarginea_percara/Emarginea_percara_16.jpg,Emarginea percara,Beloved Emarginea Moth,219050,https://inaturalist-open-data.s3.amazonaws.com/photos/203731859/medium.jpg
cv_dataset/Emarginea_percara/Emarginea_percara_17.jpg,Emarginea percara,Beloved Emarginea Moth,219050,https://inaturalist-open-data.s3.amazonaws.com/photos/203856092/medium.jpg
cv_dataset/Bombus_fraternus/Bombus_fraternus_1.jpg,Bombus fraternus,Southern Plains Bumble Bee,308937,https://inaturalist-open-data.s3.amazonaws.com/photos/344490217/medium.jpg
cv_dataset/Bombus_fraternus/Bombus_fraternus_2.jpg,Bombus fraternus,Southern Plains Bumble Bee,308937,https://inaturalist-open-data.s3.amazonaws.com/photos/573012633/medium.jpg
cv_dataset/Bombus_fraternus/Bombus_fraternus_3.jpg,Bombus fraternus,Southern Plains Bumble Bee,308937,https://inaturalist-open-data.s3.amazonaws.com/photos/586853224/medium.jpg
cv_dataset/Bombus_fraternus/Bombus_fraternus_4.jpg,Bombus fraternus,Southern Plains Bumble Bee,308937,https://inaturalist-open-data.s3.amazonaws.com/photos/570715489/medium.jpg
cv_dataset/Bombus_fraternus/Bombus_fraternus_5.jpg,Bombus fraternus,Southern Plains Bumble Bee,308937,https://inaturalist-open-data.s3.amazonaws.com/photos/574760857/medium.jpg
cv_dataset/Bombus_fraternus/Bombus_fraternus_6.jpg,Bombus fraternus,Southern Plains Bumble Bee,308937,https://inaturalist-open-data.s3.amazonaws.com/photos/573441395/medium.jpg
cv_dataset/Bombus_fraternus/Bombus_fraternus_7.jpg,Bombus fraternus,Southern Plains Bumble Bee,308937,https://inaturalist-open-data.s3.amazonaws.com/photos/332123200/medium.jpeg
cv_dataset/Bombus_fraternus/Bombus_fraternus_8.jpg,Bombus fraternus,Southern Plains Bumble Bee,308937,https://inaturalist-open-data.s3.amazonaws.com/photos/575573447/medium.jpg
cv_dataset/Bombus_fraternus/Bombus_fraternus_9.jpg,Bombus fraternus,Southern Plains Bumble Bee,308937,https://inaturalist-open-data.s3.amazonaws.com/photos/573095608/medium.jpg
cv_dataset/Bombus_fraternus/Bombus_fraternus_10.jpg,Bombus fraternus,Southern Plains Bumble Bee,308937,https://inaturalist-open-data.s3.amazonaws.com/photos/233023773/medium.jpg
cv_dataset/Bombus_fraternus/Bombus_fraternus_11.jpg,Bombus fraternus,Southern Plains Bumble Bee,308937,https://inaturalist-open-data.s3.amazonaws.com/photos/606649011/medium.jpg
cv_dataset/Bombus_fraternus/Bombus_fraternus_12.jpg,Bombus fraternus,Southern Plains Bumble Bee,308937,https://inaturalist-open-data.s3.amazonaws.com/photos/299030444/medium.jpeg
cv_dataset/Bombus_fraternus/Bombus_fraternus_13.jpg,Bombus fraternus,Southern Plains Bumble Bee,308937,https://inaturalist-open-data.s3.amazonaws.com/photos/335535899/medium.jpg
cv_dataset/Bombus_fraternus/Bombus_fraternus_14.jpg,Bombus fraternus,Southern Plains Bumble Bee,308937,https://inaturalist-open-data.s3.amazonaws.com/photos/570720480/medium.jpg
cv_dataset/Bombus_fraternus/Bombus_fraternus_15.jpg,Bombus fraternus,Southern Plains Bumble Bee,308937,https://inaturalist-open-data.s3.amazonaws.com/photos/585290656/medium.jpg
cv_dataset/Bombus_fraternus/Bombus_fraternus_16.jpg,Bombus fraternus,Southern Plains Bumble Bee,308937,https://inaturalist-open-data.s3.amazonaws.com/photos/570715822/medium.jpg
cv_dataset/Bombus_fraternus/Bombus_fraternus_17.jpg,Bombus fraternus,Southern Plains Bumble Bee,308937,https://inaturalist-open-data.s3.amazonaws.com/photos/335635557/medium.jpg
cv_dataset/Agkistrodon_laticinctus/Agkistrodon_laticinctus_1.jpg,Agkistrodon laticinctus,Broad-banded Copperhead,907052,https://inaturalist-open-data.s3.amazonaws.com/photos/203170592/medium.jpg
cv_dataset/Agkistrodon_laticinctus/Agkistrodon_laticinctus_2.jpg,Agkistrodon laticinctus,Broad-banded Copperhead,907052,https://inaturalist-open-data.s3.amazonaws.com/photos/508121777/medium.jpg
cv_dataset/Agkistrodon_laticinctus/Agkistrodon_laticinctus_3.jpg,Agkistrodon laticinctus,Broad-banded Copperhead,907052,https://inaturalist-open-data.s3.amazonaws.com/photos/507467685/medium.jpg
cv_dataset/Agkistrodon_laticinctus/Agkistrodon_laticinctus_4.jpg,Agkistrodon laticinctus,Broad-banded Copperhead,907052,https://inaturalist-open-data.s3.amazonaws.com/photos/509172028/medium.jpg
cv_dataset/Agkistrodon_laticinctus/Agkistrodon_laticinctus_5.jpg,Agkistrodon laticinctus,Broad-banded Copperhead,907052,https://static.inaturalist.org/photos/5728803/medium.jpeg
cv_dataset/Agkistrodon_laticinctus/Agkistrodon_laticinctus_6.jpg,Agkistrodon laticinctus,Broad-banded Copperhead,907052,https://inaturalist-open-data.s3.amazonaws.com/photos/388373409/medium.jpg
cv_dataset/Agkistrodon_laticinctus/Agkistrodon_laticinctus_7.jpg,Agkistrodon laticinctus,Broad-banded Copperhead,907052,https://static.inaturalist.org/photos/435329186/medium.jpeg
cv_dataset/Agkistrodon_laticinctus/Agkistrodon_laticinctus_8.jpg,Agkistrodon laticinctus,Broad-banded Copperhead,907052,https://inaturalist-open-data.s3.amazonaws.com/photos/507457824/medium.jpg
cv_dataset/Agkistrodon_laticinctus/Agkistrodon_laticinctus_9.jpg,Agkistrodon laticinctus,Broad-banded Copperhead,907052,https://inaturalist-open-data.s3.amazonaws.com/photos/163024873/medium.jpeg
cv_dataset/Agkistrodon_laticinctus/Agkistrodon_laticinctus_10.jpg,Agkistrodon laticinctus,Broad-banded Copperhead,907052,https://inaturalist-open-data.s3.amazonaws.com/photos/507495425/medium.jpg
cv_dataset/Agkistrodon_laticinctus/Agkistrodon_laticinctus_11.jpg,Agkistrodon laticinctus,Broad-banded Copperhead,907052,https://inaturalist-open-data.s3.amazonaws.com/photos/31065961/medium.jpeg
cv_dataset/Agkistrodon_laticinctus/Agkistrodon_laticinctus_12.jpg,Agkistrodon laticinctus,Broad-banded Copperhead,907052,https://static.inaturalist.org/photos/394494374/medium.jpg
cv_dataset/Agkistrodon_laticinctus/Agkistrodon_laticinctus_13.jpg,Agkistrodon laticinctus,Broad-banded Copperhead,907052,https://inaturalist-open-data.s3.amazonaws.com/photos/507461081/medium.jpg
cv_dataset/Agkistrodon_laticinctus/Agkistrodon_laticinctus_14.jpg,Agkistrodon laticinctus,Broad-banded Copperhead,907052,https://inaturalist-open-data.s3.amazonaws.com/photos/27676363/medium.jpg
cv_dataset/Agkistrodon_laticinctus/Agkistrodon_laticinctus_15.jpg,Agkistrodon laticinctus,Broad-banded Copperhead,907052,https://inaturalist-open-data.s3.amazonaws.com/photos/203258068/medium.jpg
cv_dataset/Agkistrodon_laticinctus/Agkistrodon_laticinctus_16.jpg,Agkistrodon laticinctus,Broad-banded Copperhead,907052,https://inaturalist-open-data.s3.amazonaws.com/photos/509033133/medium.jpg
cv_dataset/Agkistrodon_laticinctus/Agkistrodon_laticinctus_17.jpg,Agkistrodon laticinctus,Broad-banded Copperhead,907052,https://inaturalist-open-data.s3.amazonaws.com/photos/428763048/medium.jpg
cv_dataset/Crotalus_horridus/Crotalus_horridus_1.jpg,Crotalus horridus,Timber Rattlesnake,30746,https://inaturalist-open-data.s3.amazonaws.com/photos/469115560/medium.jpeg
cv_dataset/Crotalus_horridus/Crotalus_horridus_2.jpg,Crotalus horridus,Timber Rattlesnake,30746,https://inaturalist-open-data.s3.amazonaws.com/photos/158176019/medium.jpeg
cv_dataset/Crotalus_horridus/Crotalus_horridus_3.jpg,Crotalus horridus,Timber Rattlesnake,30746,https://inaturalist-open-data.s3.amazonaws.com/photos/204019775/medium.jpg
cv_dataset/Crotalus_horridus/Crotalus_horridus_4.jpg,Crotalus horridus,Timber Rattlesnake,30746,https://static.inaturalist.org/photos/434077387/medium.jpeg
cv_dataset/Crotalus_horridus/Crotalus_horridus_5.jpg,Crotalus horridus,Timber Rattlesnake,30746,https://inaturalist-open-data.s3.amazonaws.com/photos/203430231/medium.jpg
cv_dataset/Crotalus_horridus/Crotalus_horridus_6.jpg,Crotalus horridus,Timber Rattlesnake,30746,https://inaturalist-open-data.s3.amazonaws.com/photos/158176034/medium.jpeg
cv_dataset/Crotalus_horridus/Crotalus_horridus_7.jpg,Crotalus horridus,Timber Rattlesnake,30746,https://inaturalist-open-data.s3.amazonaws.com/photos/588211941/medium.jpg
cv_dataset/Crotalus_horridus/Crotalus_horridus_8.jpg,Crotalus horridus,Timber Rattlesnake,30746,https://inaturalist-open-data.s3.amazonaws.com/photos/157154818/medium.jpg
cv_dataset/Crotalus_horridus/Crotalus_horridus_9.jpg,Crotalus horridus,Timber Rattlesnake,30746,https://inaturalist-open-data.s3.amazonaws.com/photos/512059462/medium.jpg
cv_dataset/Crotalus_horridus/Crotalus_horridus_10.jpg,Crotalus horridus,Timber Rattlesnake,30746,https://inaturalist-open-data.s3.amazonaws.com/photos/27676347/medium.jpg
cv_dataset/Crotalus_horridus/Crotalus_horridus_11.jpg,Crotalus horridus,Timber Rattlesnake,30746,https://static.inaturalist.org/photos/5751010/medium.jpeg
cv_dataset/Crotalus_horridus/Crotalus_horridus_12.jpg,Crotalus horridus,Timber Rattlesnake,30746,https://static.inaturalist.org/photos/637719803/medium.jpg
cv_dataset/Crotalus_horridus/Crotalus_horridus_13.jpg,Crotalus horridus,Timber Rattlesnake,30746,https://static.inaturalist.org/photos/204551540/medium.jpeg
cv_dataset/Crotalus_horridus/Crotalus_horridus_14.jpg,Crotalus horridus,Timber Rattlesnake,30746,https://inaturalist-open-data.s3.amazonaws.com/photos/388443271/medium.jpg
cv_dataset/Crotalus_horridus/Crotalus_horridus_15.jpg,Crotalus horridus,Timber Rattlesnake,30746,https://inaturalist-open-data.s3.amazonaws.com/photos/34147767/medium.jpg
cv_dataset/Crotalus_horridus/Crotalus_horridus_16.jpg,Crotalus horridus,Timber Rattlesnake,30746,https://inaturalist-open-data.s3.amazonaws.com/photos/283242732/medium.jpg
cv_dataset/Xylocopa_virginica/Xylocopa_virginica_1.jpg,Xylocopa virginica,Eastern Carpenter Bee,51110,https://inaturalist-open-data.s3.amazonaws.com/photos/40814825/medium.jpg
cv_dataset/Xylocopa_virginica/Xylocopa_virginica_2.jpg,Xylocopa virginica,Eastern Carpenter Bee,51110,https://inaturalist-open-data.s3.amazonaws.com/photos/158372832/medium.jpeg
cv_dataset/Xylocopa_virginica/Xylocopa_virginica_3.jpg,Xylocopa virginica,Eastern Carpenter Bee,51110,https://inaturalist-open-data.s3.amazonaws.com/photos/41224568/medium.jpeg
cv_dataset/Xylocopa_virginica/Xylocopa_virginica_4.jpg,Xylocopa virginica,Eastern Carpenter Bee,51110,https://inaturalist-open-data.s3.amazonaws.com/photos/7056680/medium.jpg
cv_dataset/Xylocopa_virginica/Xylocopa_virginica_5.jpg,Xylocopa virginica,Eastern Carpenter Bee,51110,https://inaturalist-open-data.s3.amazonaws.com/photos/40481898/medium.jpeg
cv_dataset/Xylocopa_virginica/Xylocopa_virginica_6.jpg,Xylocopa virginica,Eastern Carpenter Bee,51110,https://inaturalist-open-data.s3.amazonaws.com/photos/41099659/medium.jpg
cv_dataset/Xylocopa_virginica/Xylocopa_virginica_7.jpg,Xylocopa virginica,Eastern Carpenter Bee,51110,https://static.inaturalist.org/photos/65319558/medium.jpg
cv_dataset/Xylocopa_virginica/Xylocopa_virginica_8.jpg,Xylocopa virginica,Eastern Carpenter Bee,51110,https://inaturalist-open-data.s3.amazonaws.com/photos/624738925/medium.jpg
cv_dataset/Xylocopa_virginica/Xylocopa_virginica_9.jpg,Xylocopa virginica,Eastern Carpenter Bee,51110,https://static.inaturalist.org/photos/39056401/medium.jpg
cv_dataset/Xylocopa_virginica/Xylocopa_virginica_10.jpg,Xylocopa virginica,Eastern Carpenter Bee,51110,https://static.inaturalist.org/photos/41253216/medium.jpg
cv_dataset/Xylocopa_virginica/Xylocopa_virginica_11.jpg,Xylocopa virginica,Eastern Carpenter Bee,51110,https://inaturalist-open-data.s3.amazonaws.com/photos/40665150/medium.jpg
cv_dataset/Xylocopa_virginica/Xylocopa_virginica_12.jpg,Xylocopa virginica,Eastern Carpenter Bee,51110,https://inaturalist-open-data.s3.amazonaws.com/photos/74639034/medium.jpg
cv_dataset/Xylocopa_virginica/Xylocopa_virginica_13.jpg,Xylocopa virginica,Eastern Carpenter Bee,51110,https://inaturalist-open-data.s3.amazonaws.com/photos/74601020/medium.jpg
cv_dataset/Xylocopa_virginica/Xylocopa_virginica_14.jpg,Xylocopa virginica,Eastern Carpenter Bee,51110,https://inaturalist-open-data.s3.amazonaws.com/photos/41224546/medium.jpeg
cv_dataset/Xylocopa_virginica/Xylocopa_virginica_15.jpg,Xylocopa virginica,Eastern Carpenter Bee,51110,https://inaturalist-open-data.s3.amazonaws.com/photos/66226976/medium.jpg
cv_dataset/Xylocopa_virginica/Xylocopa_virginica_16.jpg,Xylocopa virginica,Eastern Carpenter Bee,51110,https://static.inaturalist.org/photos/40474793/medium.jpg
cv_dataset/Rhus_glabra/Rhus_glabra_1.jpg,Rhus glabra,smooth sumac,54764,https://inaturalist-open-data.s3.amazonaws.com/photos/336916486/medium.jpeg
cv_dataset/Rhus_glabra/Rhus_glabra_2.jpg,Rhus glabra,smooth sumac,54764,https://inaturalist-open-data.s3.amazonaws.com/photos/206542632/medium.jpeg
cv_dataset/Rhus_glabra/Rhus_glabra_3.jpg,Rhus glabra,smooth sumac,54764,https://inaturalist-open-data.s3.amazonaws.com/photos/76242750/medium.jpg
cv_dataset/Rhus_glabra/Rhus_glabra_4.jpg,Rhus glabra,smooth sumac,54764,https://inaturalist-open-data.s3.amazonaws.com/photos/5067750/medium.jpg
cv_dataset/Rhus_glabra/Rhus_glabra_5.jpg,Rhus glabra,smooth sumac,54764,https://inaturalist-open-data.s3.amazonaws.com/photos/725636/medium.jpg
cv_dataset/Rhus_glabra/Rhus_glabra_6.jpg,Rhus glabra,smooth sumac,54764,https://inaturalist-open-data.s3.amazonaws.com/photos/410025415/medium.jpg
cv_dataset/Rhus_glabra/Rhus_glabra_7.jpg,Rhus glabra,smooth sumac,54764,https://inaturalist-open-data.s3.amazonaws.com/photos/6856329/medium.jpg
cv_dataset/Rhus_glabra/Rhus_glabra_8.jpg,Rhus glabra,smooth sumac,54764,https://static.inaturalist.org/photos/418614919/medium.jpeg
cv_dataset/Rhus_glabra/Rhus_glabra_9.jpg,Rhus glabra,smooth sumac,54764,https://static.inaturalist.org/photos/40878868/medium.jpg
cv_dataset/Rhus_glabra/Rhus_glabra_10.jpg,Rhus glabra,smooth sumac,54764,https://inaturalist-open-data.s3.amazonaws.com/photos/507860141/medium.jpg
cv_dataset/Rhus_glabra/Rhus_glabra_11.jpg,Rhus glabra,smooth sumac,54764,https://inaturalist-open-data.s3.amazonaws.com/photos/203171437/medium.jpg
cv_dataset/Rhus_glabra/Rhus_glabra_12.jpg,Rhus glabra,smooth sumac,54764,https://inaturalist-open-data.s3.amazonaws.com/photos/498417081/medium.jpeg
cv_dataset/Rhus_glabra/Rhus_glabra_13.jpg,Rhus glabra,smooth sumac,54764,https://static.inaturalist.org/photos/21387871/medium.jpeg
cv_dataset/Rhus_glabra/Rhus_glabra_14.jpg,Rhus glabra,smooth sumac,54764,https://inaturalist-open-data.s3.amazonaws.com/photos/40808298/medium.jpg
cv_dataset/Rhus_glabra/Rhus_glabra_15.jpg,Rhus glabra,smooth sumac,54764,https://static.inaturalist.org/photos/21269600/medium.jpeg
cv_dataset/Rhus_glabra/Rhus_glabra_16.jpg,Rhus glabra,smooth sumac,54764,https://inaturalist-open-data.s3.amazonaws.com/photos/497029504/medium.jpg
cv_dataset/Argiope_aurantia/Argiope_aurantia_1.jpg,Argiope aurantia,Yellow Garden Spider,67707,https://inaturalist-open-data.s3.amazonaws.com/photos/5095911/medium.jpg
cv_dataset/Argiope_aurantia/Argiope_aurantia_2.jpg,Argiope aurantia,Yellow Garden Spider,67707,https://inaturalist-open-data.s3.amazonaws.com/photos/51216310/medium.jpg
cv_dataset/Argiope_aurantia/Argiope_aurantia_3.jpg,Argiope aurantia,Yellow Garden Spider,67707,https://inaturalist-open-data.s3.amazonaws.com/photos/213741857/medium.jpg
cv_dataset/Argiope_aurantia/Argiope_aurantia_4.jpg,Argiope aurantia,Yellow Garden Spider,67707,https://static.inaturalist.org/photos/324499456/medium.jpg
cv_dataset/Argiope_aurantia/Argiope_aurantia_5.jpg,Argiope aurantia,Yellow Garden Spider,67707,https://inaturalist-open-data.s3.amazonaws.com/photos/482314163/medium.jpg
cv_dataset/Argiope_aurantia/Argiope_aurantia_6.jpg,Argiope aurantia,Yellow Garden Spider,67707,https://inaturalist-open-data.s3.amazonaws.com/photos/139866863/medium.jpeg
cv_dataset/Argiope_aurantia/Argiope_aurantia_7.jpg,Argiope aurantia,Yellow Garden Spider,67707,https://inaturalist-open-data.s3.amazonaws.com/photos/27676290/medium.jpg
cv_dataset/Argiope_aurantia/Argiope_aurantia_8.jpg,Argiope aurantia,Yellow Garden Spider,67707,https://inaturalist-open-data.s3.amazonaws.com/photos/416635320/medium.jpeg
cv_dataset/Argiope_aurantia/Argiope_aurantia_9.jpg,Argiope aurantia,Yellow Garden Spider,67707,https://static.inaturalist.org/photos/203012210/medium.jpg
cv_dataset/Argiope_aurantia/Argiope_aurantia_10.jpg,Argiope aurantia,Yellow Garden Spider,67707,https://inaturalist-open-data.s3.amazonaws.com/photos/482314201/medium.jpg
cv_dataset/Argiope_aurantia/Argiope_aurantia_11.jpg,Argiope aurantia,Yellow Garden Spider,67707,https://static.inaturalist.org/photos/5066799/medium.jpg
cv_dataset/Argiope_aurantia/Argiope_aurantia_12.jpg,Argiope aurantia,Yellow Garden Spider,67707,https://static.inaturalist.org/photos/213743680/medium.jpeg
cv_dataset/Argiope_aurantia/Argiope_aurantia_13.jpg,Argiope aurantia,Yellow Garden Spider,67707,https://inaturalist-open-data.s3.amazonaws.com/photos/320070694/medium.jpeg
cv_dataset/Argiope_aurantia/Argiope_aurantia_14.jpg,Argiope aurantia,Yellow Garden Spider,67707,https://inaturalist-open-data.s3.amazonaws.com/photos/5069413/medium.jpeg
cv_dataset/Argiope_aurantia/Argiope_aurantia_15.jpg,Argiope aurantia,Yellow Garden Spider,67707,https://inaturalist-open-data.s3.amazonaws.com/photos/2549329/medium.jpg
cv_dataset/Argiope_aurantia/Argiope_aurantia_16.jpg,Argiope aurantia,Yellow Garden Spider,67707,https://inaturalist-open-data.s3.amazonaws.com/photos/244508349/medium.jpg
cv_dataset/Monarda_punctata/Monarda_punctata_1.jpg,Monarda punctata,spotted horsemint,118776,https://inaturalist-open-data.s3.amazonaws.com/photos/5078273/medium.jpg
cv_dataset/Monarda_punctata/Monarda_punctata_2.jpg,Monarda punctata,spotted horsemint,118776,https://inaturalist-open-data.s3.amazonaws.com/photos/5075817/medium.jpg
cv_dataset/Monarda_punctata/Monarda_punctata_3.jpg,Monarda punctata,spotted horsemint,118776,https://inaturalist-open-data.s3.amazonaws.com/photos/301875049/medium.jpg
cv_dataset/Monarda_punctata/Monarda_punctata_4.jpg,Monarda punctata,spotted horsemint,118776,https://static.inaturalist.org/photos/533477686/medium.jpg
cv_dataset/Monarda_punctata/Monarda_punctata_5.jpg,Monarda punctata,spotted horsemint,118776,https://inaturalist-open-data.s3.amazonaws.com/photos/212121618/medium.jpg
cv_dataset/Monarda_punctata/Monarda_punctata_6.jpg,Monarda punctata,spotted horsemint,118776,https://static.inaturalist.org/photos/19608022/medium.jpeg
cv_dataset/Monarda_punctata/Monarda_punctata_7.jpg,Monarda punctata,spotted horsemint,118776,https://inaturalist-open-data.s3.amazonaws.com/photos/515018400/medium.jpg
cv_dataset/Monarda_punctata/Monarda_punctata_8.jpg,Monarda punctata,spotted horsemint,118776,https://static.inaturalist.org/photos/41247822/medium.jpg
cv_dataset/Monarda_punctata/Monarda_punctata_9.jpg,Monarda punctata,spotted horsemint,118776,https://inaturalist-open-data.s3.amazonaws.com/photos/298899501/medium.jpeg
cv_dataset/Monarda_punctata/Monarda_punctata_10.jpg,Monarda punctata,spotted horsemint,118776,https://static.inaturalist.org/photos/212532566/medium.jpg
cv_dataset/Monarda_punctata/Monarda_punctata_11.jpg,Monarda punctata,spotted horsemint,118776,https://inaturalist-open-data.s3.amazonaws.com/photos/299031788/medium.jpeg
cv_dataset/Monarda_punctata/Monarda_punctata_12.jpg,Monarda punctata,spotted horsemint,118776,https://inaturalist-open-data.s3.amazonaws.com/photos/515020847/medium.jpg
cv_dataset/Monarda_punctata/Monarda_punctata_13.jpg,Monarda punctata,spotted horsemint,118776,https://inaturalist-open-data.s3.amazonaws.com/photos/5079398/medium.jpg
cv_dataset/Monarda_punctata/Monarda_punctata_14.jpg,Monarda punctata,spotted horsemint,118776,https://static.inaturalist.org/photos/390920898/medium.jpeg
cv_dataset/Monarda_punctata/Monarda_punctata_15.jpg,Monarda punctata,spotted horsemint,118776,https://static.inaturalist.org/photos/40878790/medium.jpg
cv_dataset/Monarda_punctata/Monarda_punctata_16.jpg,Monarda punctata,spotted horsemint,118776,https://inaturalist-open-data.s3.amazonaws.com/photos/212138068/medium.jpg
cv_dataset/Polistes_exclamans/Polistes_exclamans_1.jpg,Polistes exclamans,Guinea Paper Wasp,133791,https://inaturalist-open-data.s3.amazonaws.com/photos/292339516/medium.jpg
cv_dataset/Polistes_exclamans/Polistes_exclamans_2.jpg,Polistes exclamans,Guinea Paper Wasp,133791,https://static.inaturalist.org/photos/203239807/medium.jpg
cv_dataset/Polistes_exclamans/Polistes_exclamans_3.jpg,Polistes exclamans,Guinea Paper Wasp,133791,https://static.inaturalist.org/photos/292393226/medium.jpg
cv_dataset/Polistes_exclamans/Polistes_exclamans_4.jpg,Polistes exclamans,Guinea Paper Wasp,133791,https://static.inaturalist.org/photos/202539036/medium.jpg
cv_dataset/Polistes_exclamans/Polistes_exclamans_5.jpg,Polistes exclamans,Guinea Paper Wasp,133791,https://inaturalist-open-data.s3.amazonaws.com/photos/206351420/medium.jpeg
cv_dataset/Polistes_exclamans/Polistes_exclamans_6.jpg,Polistes exclamans,Guinea Paper Wasp,133791,https://static.inaturalist.org/photos/292390617/medium.jpg
cv_dataset/Polistes_exclamans/Polistes_exclamans_7.jpg,Polistes exclamans,Guinea Paper Wasp,133791,https://static.inaturalist.org/photos/202334503/medium.jpg
cv_dataset/Polistes_exclamans/Polistes_exclamans_8.jpg,Polistes exclamans,Guinea Paper Wasp,133791,https://inaturalist-open-data.s3.amazonaws.com/photos/206345502/medium.jpg
cv_dataset/Polistes_exclamans/Polistes_exclamans_9.jpg,Polistes exclamans,Guinea Paper Wasp,133791,https://inaturalist-open-data.s3.amazonaws.com/photos/202474628/medium.jpg
cv_dataset/Polistes_exclamans/Polistes_exclamans_10.jpg,Polistes exclamans,Guinea Paper Wasp,133791,https://inaturalist-open-data.s3.amazonaws.com/photos/157655595/medium.jpeg
cv_dataset/Polistes_exclamans/Polistes_exclamans_11.jpg,Polistes exclamans,Guinea Paper Wasp,133791,https://static.inaturalist.org/photos/202530624/medium.jpg
cv_dataset/Polistes_exclamans/Polistes_exclamans_12.jpg,Polistes exclamans,Guinea Paper Wasp,133791,https://inaturalist-open-data.s3.amazonaws.com/photos/206303286/medium.jpg
cv_dataset/Polistes_exclamans/Polistes_exclamans_13.jpg,Polistes exclamans,Guinea Paper Wasp,133791,https://inaturalist-open-data.s3.amazonaws.com/photos/5080781/medium.jpeg
cv_dataset/Polistes_exclamans/Polistes_exclamans_14.jpg,Polistes exclamans,Guinea Paper Wasp,133791,https://inaturalist-open-data.s3.amazonaws.com/photos/292342082/medium.jpg
cv_dataset/Polistes_exclamans/Polistes_exclamans_15.jpg,Polistes exclamans,Guinea Paper Wasp,133791,https://inaturalist-open-data.s3.amazonaws.com/photos/206350990/medium.jpg
cv_dataset/Polistes_exclamans/Polistes_exclamans_16.jpg,Polistes exclamans,Guinea Paper Wasp,133791,https://static.inaturalist.org/photos/203235022/medium.jpg
cv_dataset/Sherardia_arvensis/Sherardia_arvensis_1.jpg,Sherardia arvensis,Field madder,47691,https://inaturalist-open-data.s3.amazonaws.com/photos/3340808/medium.jpg
cv_dataset/Sherardia_arvensis/Sherardia_arvensis_2.jpg,Sherardia arvensis,Field madder,47691,https://static.inaturalist.org/photos/35768803/medium.jpeg
cv_dataset/Sherardia_arvensis/Sherardia_arvensis_3.jpg,Sherardia arvensis,Field madder,47691,https://inaturalist-open-data.s3.amazonaws.com/photos/65341912/medium.jpeg
cv_dataset/Sherardia_arvensis/Sherardia_arvensis_4.jpg,Sherardia arvensis,Field madder,47691,https://inaturalist-open-data.s3.amazonaws.com/photos/507775450/medium.jpg
cv_dataset/Sherardia_arvensis/Sherardia_arvensis_5.jpg,Sherardia arvensis,Field madder,47691,https://inaturalist-open-data.s3.amazonaws.com/photos/504954305/medium.jpg
cv_dataset/Sherardia_arvensis/Sherardia_arvensis_6.jpg,Sherardia arvensis,Field madder,47691,https://inaturalist-open-data.s3.amazonaws.com/photos/203581422/medium.jpg
cv_dataset/Sherardia_arvensis/Sherardia_arvensis_7.jpg,Sherardia arvensis,Field madder,47691,https://inaturalist-open-data.s3.amazonaws.com/photos/479016453/medium.jpeg
cv_dataset/Sherardia_arvensis/Sherardia_arvensis_8.jpg,Sherardia arvensis,Field madder,47691,https://inaturalist-open-data.s3.amazonaws.com/photos/620007181/medium.jpg
cv_dataset/Sherardia_arvensis/Sherardia_arvensis_9.jpg,Sherardia arvensis,Field madder,47691,https://inaturalist-open-data.s3.amazonaws.com/photos/212630212/medium.jpeg
cv_dataset/Sherardia_arvensis/Sherardia_arvensis_10.jpg,Sherardia arvensis,Field madder,47691,https://static.inaturalist.org/photos/40388185/medium.jpg
cv_dataset/Sherardia_arvensis/Sherardia_arvensis_11.jpg,Sherardia arvensis,Field madder,47691,https://inaturalist-open-data.s3.amazonaws.com/photos/203171981/medium.jpg
cv_dataset/Sherardia_arvensis/Sherardia_arvensis_12.jpg,Sherardia arvensis,Field madder,47691,https://inaturalist-open-data.s3.amazonaws.com/photos/382283543/medium.jpeg
cv_dataset/Sherardia_arvensis/Sherardia_arvensis_13.jpg,Sherardia arvensis,Field madder,47691,https://inaturalist-open-data.s3.amazonaws.com/photos/364059580/medium.jpg
cv_dataset/Sherardia_arvensis/Sherardia_arvensis_14.jpg,Sherardia arvensis,Field madder,47691,https://inaturalist-open-data.s3.amazonaws.com/photos/40488341/medium.jpg
cv_dataset/Sherardia_arvensis/Sherardia_arvensis_15.jpg,Sherardia arvensis,Field madder,47691,https://inaturalist-open-data.s3.amazonaws.com/photos/67343104/medium.jpeg
cv_dataset/Toxicodendron_radicans/Toxicodendron_radicans_1.jpg,Toxicodendron radicans,eastern poison ivy,58732,https://static.inaturalist.org/photos/66385433/medium.jpg
cv_dataset/Toxicodendron_radicans/Toxicodendron_radicans_2.jpg,Toxicodendron radicans,eastern poison ivy,58732,https://inaturalist-open-data.s3.amazonaws.com/photos/5076514/medium.jpg
cv_dataset/Toxicodendron_radicans/Toxicodendron_radicans_3.jpg,Toxicodendron radicans,eastern poison ivy,58732,https://inaturalist-open-data.s3.amazonaws.com/photos/117667333/medium.jpg
cv_dataset/Toxicodendron_radicans/Toxicodendron_radicans_4.jpg,Toxicodendron radicans,eastern poison ivy,58732,https://inaturalist-open-data.s3.amazonaws.com/photos/5067480/medium.jpg
cv_dataset/Toxicodendron_radicans/Toxicodendron_radicans_5.jpg,Toxicodendron radicans,eastern poison ivy,58732,https://static.inaturalist.org/photos/381927390/medium.jpg
cv_dataset/Toxicodendron_radicans/Toxicodendron_radicans_6.jpg,Toxicodendron radicans,eastern poison ivy,58732,https://inaturalist-open-data.s3.amazonaws.com/photos/206308730/medium.jpg
cv_dataset/Toxicodendron_radicans/Toxicodendron_radicans_7.jpg,Toxicodendron radicans,eastern poison ivy,58732,https://inaturalist-open-data.s3.amazonaws.com/photos/410025934/medium.jpeg
cv_dataset/Toxicodendron_radicans/Toxicodendron_radicans_8.jpg,Toxicodendron radicans,eastern poison ivy,58732,https://inaturalist-open-data.s3.amazonaws.com/photos/204274129/medium.jpg
cv_dataset/Toxicodendron_radicans/Toxicodendron_radicans_9.jpg,Toxicodendron radicans,eastern poison ivy,58732,https://inaturalist-open-data.s3.amazonaws.com/photos/22914081/medium.jpg
cv_dataset/Toxicodendron_radicans/Toxicodendron_radicans_10.jpg,Toxicodendron radicans,eastern poison ivy,58732,https://static.inaturalist.org/photos/40386000/medium.jpg
cv_dataset/Toxicodendron_radicans/Toxicodendron_radicans_11.jpg,Toxicodendron radicans,eastern poison ivy,58732,https://static.inaturalist.org/photos/382267243/medium.jpg
cv_dataset/Toxicodendron_radicans/Toxicodendron_radicans_12.jpg,Toxicodendron radicans,eastern poison ivy,58732,https://static.inaturalist.org/photos/381230906/medium.jpg
cv_dataset/Toxicodendron_radicans/Toxicodendron_radicans_13.jpg,Toxicodendron radicans,eastern poison ivy,58732,https://inaturalist-open-data.s3.amazonaws.com/photos/507451268/medium.jpg
cv_dataset/Toxicodendron_radicans/Toxicodendron_radicans_14.jpg,Toxicodendron radicans,eastern poison ivy,58732,https://static.inaturalist.org/photos/381927239/medium.jpg
cv_dataset/Toxicodendron_radicans/Toxicodendron_radicans_15.jpg,Toxicodendron radicans,eastern poison ivy,58732,https://inaturalist-open-data.s3.amazonaws.com/photos/534104583/medium.jpg
cv_dataset/Papilio_glaucus/Papilio_glaucus_1.jpg,Papilio glaucus,Eastern Tiger Swallowtail,60551,https://static.inaturalist.org/photos/626732499/medium.jpg
cv_dataset/Papilio_glaucus/Papilio_glaucus_2.jpg,Papilio glaucus,Eastern Tiger Swallowtail,60551,https://inaturalist-open-data.s3.amazonaws.com/photos/631212642/medium.jpg
cv_dataset/Papilio_glaucus/Papilio_glaucus_3.jpg,Papilio glaucus,Eastern Tiger Swallowtail,60551,https://inaturalist-open-data.s3.amazonaws.com/photos/366128642/medium.jpg
cv_dataset/Papilio_glaucus/Papilio_glaucus_4.jpg,Papilio glaucus,Eastern Tiger Swallowtail,60551,https://inaturalist-open-data.s3.amazonaws.com/photos/159015810/medium.jpeg
cv_dataset/Papilio_glaucus/Papilio_glaucus_5.jpg,Papilio glaucus,Eastern Tiger Swallowtail,60551,https://inaturalist-open-data.s3.amazonaws.com/photos/157667926/medium.jpeg
cv_dataset/Papilio_glaucus/Papilio_glaucus_6.jpg,Papilio glaucus,Eastern Tiger Swallowtail,60551,https://static.inaturalist.org/photos/203011889/medium.jpg
cv_dataset/Papilio_glaucus/Papilio_glaucus_7.jpg,Papilio glaucus,Eastern Tiger Swallowtail,60551,https://static.inaturalist.org/photos/41049407/medium.jpg
cv_dataset/Papilio_glaucus/Papilio_glaucus_8.jpg,Papilio glaucus,Eastern Tiger Swallowtail,60551,https://inaturalist-open-data.s3.amazonaws.com/photos/624735861/medium.jpg
cv_dataset/Papilio_glaucus/Papilio_glaucus_9.jpg,Papilio glaucus,Eastern Tiger Swallowtail,60551,https://inaturalist-open-data.s3.amazonaws.com/photos/624739619/medium.jpg
cv_dataset/Papilio_glaucus/Papilio_glaucus_10.jpg,Papilio glaucus,Eastern Tiger Swallowtail,60551,https://inaturalist-open-data.s3.amazonaws.com/photos/196627524/medium.jpeg
cv_dataset/Papilio_glaucus/Papilio_glaucus_11.jpg,Papilio glaucus,Eastern Tiger Swallowtail,60551,https://static.inaturalist.org/photos/626732425/medium.jpg
cv_dataset/Papilio_glaucus/Papilio_glaucus_12.jpg,Papilio glaucus,Eastern Tiger Swallowtail,60551,https://inaturalist-open-data.s3.amazonaws.com/photos/7001455/medium.jpg
cv_dataset/Papilio_glaucus/Papilio_glaucus_13.jpg,Papilio glaucus,Eastern Tiger Swallowtail,60551,https://inaturalist-open-data.s3.amazonaws.com/photos/452225922/medium.jpeg
cv_dataset/Papilio_glaucus/Papilio_glaucus_14.jpg,Papilio glaucus,Eastern Tiger Swallowtail,60551,https://inaturalist-open-data.s3.amazonaws.com/photos/404962668/medium.jpeg
cv_dataset/Papilio_glaucus/Papilio_glaucus_15.jpg,Papilio glaucus,Eastern Tiger Swallowtail,60551,https://static.inaturalist.org/photos/218508453/medium.jpeg
cv_dataset/Nekemias_arborea/Nekemias_arborea_1.jpg,Nekemias arborea,peppervine,551846,https://inaturalist-open-data.s3.amazonaws.com/photos/415959172/medium.jpeg
cv_dataset/Nekemias_arborea/Nekemias_arborea_2.jpg,Nekemias arborea,peppervine,551846,https://inaturalist-open-data.s3.amazonaws.com/photos/424127287/medium.jpg
cv_dataset/Nekemias_arborea/Nekemias_arborea_3.jpg,Nekemias arborea,peppervine,551846,https://inaturalist-open-data.s3.amazonaws.com/photos/153726983/medium.jpeg
cv_dataset/Nekemias_arborea/Nekemias_arborea_4.jpg,Nekemias arborea,peppervine,551846,https://static.inaturalist.org/photos/506099728/medium.jpg
cv_dataset/Nekemias_arborea/Nekemias_arborea_5.jpg,Nekemias arborea,peppervine,551846,https://inaturalist-open-data.s3.amazonaws.com/photos/5077238/medium.jpg
cv_dataset/Nekemias_arborea/Nekemias_arborea_6.jpg,Nekemias arborea,peppervine,551846,https://inaturalist-open-data.s3.amazonaws.com/photos/5069241/medium.jpg
cv_dataset/Nekemias_arborea/Nekemias_arborea_7.jpg,Nekemias arborea,peppervine,551846,https://inaturalist-open-data.s3.amazonaws.com/photos/212629013/medium.jpeg
cv_dataset/Nekemias_arborea/Nekemias_arborea_8.jpg,Nekemias arborea,peppervine,551846,https://inaturalist-open-data.s3.amazonaws.com/photos/158374366/medium.jpeg
cv_dataset/Nekemias_arborea/Nekemias_arborea_9.jpg,Nekemias arborea,peppervine,551846,https://inaturalist-open-data.s3.amazonaws.com/photos/410026404/medium.jpg
cv_dataset/Nekemias_arborea/Nekemias_arborea_10.jpg,Nekemias arborea,peppervine,551846,https://inaturalist-open-data.s3.amazonaws.com/photos/164268723/medium.jpeg
cv_dataset/Nekemias_arborea/Nekemias_arborea_11.jpg,Nekemias arborea,peppervine,551846,https://inaturalist-open-data.s3.amazonaws.com/photos/204762686/medium.jpg
cv_dataset/Nekemias_arborea/Nekemias_arborea_12.jpg,Nekemias arborea,peppervine,551846,https://inaturalist-open-data.s3.amazonaws.com/photos/207062651/medium.jpg
cv_dataset/Nekemias_arborea/Nekemias_arborea_13.jpg,Nekemias arborea,peppervine,551846,https://inaturalist-open-data.s3.amazonaws.com/photos/5076451/medium.jpg
cv_dataset/Nekemias_arborea/Nekemias_arborea_14.jpg,Nekemias arborea,peppervine,551846,https://static.inaturalist.org/photos/168291923/medium.jpg
cv_dataset/Nekemias_arborea/Nekemias_arborea_15.jpg,Nekemias arborea,peppervine,551846,https://inaturalist-open-data.s3.amazonaws.com/photos/415959047/medium.jpeg
cv_dataset/Ardea_herodias/Ardea_herodias_1.jpg,Ardea herodias,Great Blue Heron,4956,https://inaturalist-open-data.s3.amazonaws.com/photos/281726773/medium.jpg
cv_dataset/Ardea_herodias/Ardea_herodias_2.jpg,Ardea herodias,Great Blue Heron,4956,https://inaturalist-open-data.s3.amazonaws.com/photos/281725940/medium.jpg
cv_dataset/Ardea_herodias/Ardea_herodias_3.jpg,Ardea herodias,Great Blue Heron,4956,https://static.inaturalist.org/photos/204641045/medium.jpg
cv_dataset/Ardea_herodias/Ardea_herodias_4.jpg,Ardea herodias,Great Blue Heron,4956,https://inaturalist-open-data.s3.amazonaws.com/photos/231917816/medium.jpeg
cv_dataset/Ardea_herodias/Ardea_herodias_5.jpg,Ardea herodias,Great Blue Heron,4956,https://inaturalist-open-data.s3.amazonaws.com/photos/203585738/medium.jpeg
cv_dataset/Ardea_herodias/Ardea_herodias_6.jpg,Ardea herodias,Great Blue Heron,4956,https://inaturalist-open-data.s3.amazonaws.com/photos/484356967/medium.jpeg
cv_dataset/Ardea_herodias/Ardea_herodias_7.jpg,Ardea herodias,Great Blue Heron,4956,https://inaturalist-open-data.s3.amazonaws.com/photos/292340621/medium.jpg
cv_dataset/Ardea_herodias/Ardea_herodias_8.jpg,Ardea herodias,Great Blue Heron,4956,https://inaturalist-open-data.s3.amazonaws.com/photos/410027409/medium.jpeg
cv_dataset/Ardea_herodias/Ardea_herodias_9.jpg,Ardea herodias,Great Blue Heron,4956,https://inaturalist-open-data.s3.amazonaws.com/photos/585489359/medium.jpg
cv_dataset/Ardea_herodias/Ardea_herodias_10.jpg,Ardea herodias,Great Blue Heron,4956,https://inaturalist-open-data.s3.amazonaws.com/photos/162958059/medium.jpeg
cv_dataset/Ardea_herodias/Ardea_herodias_11.jpg,Ardea herodias,Great Blue Heron,4956,https://inaturalist-open-data.s3.amazonaws.com/photos/5096113/medium.jpg
cv_dataset/Ardea_herodias/Ardea_herodias_12.jpg,Ardea herodias,Great Blue Heron,4956,https://static.inaturalist.org/photos/204537814/medium.jpeg
cv_dataset/Ardea_herodias/Ardea_herodias_13.jpg,Ardea herodias,Great Blue Heron,4956,https://static.inaturalist.org/photos/561520115/medium.jpg
cv_dataset/Ardea_herodias/Ardea_herodias_14.jpg,Ardea herodias,Great Blue Heron,4956,https://inaturalist-open-data.s3.amazonaws.com/photos/7619816/medium.jpg
cv_dataset/Eupatorium_serotinum/Eupatorium_serotinum_1.jpg,Eupatorium serotinum,late boneset,52934,https://inaturalist-open-data.s3.amazonaws.com/photos/587021650/medium.jpg
cv_dataset/Eupatorium_serotinum/Eupatorium_serotinum_2.jpg,Eupatorium serotinum,late boneset,52934,https://inaturalist-open-data.s3.amazonaws.com/photos/429077156/medium.jpeg
cv_dataset/Eupatorium_serotinum/Eupatorium_serotinum_3.jpg,Eupatorium serotinum,late boneset,52934,https://static.inaturalist.org/photos/320217371/medium.jpeg
cv_dataset/Eupatorium_serotinum/Eupatorium_serotinum_4.jpg,Eupatorium serotinum,late boneset,52934,https://inaturalist-open-data.s3.amazonaws.com/photos/323061593/medium.jpg
cv_dataset/Eupatorium_serotinum/Eupatorium_serotinum_5.jpg,Eupatorium serotinum,late boneset,52934,https://inaturalist-open-data.s3.amazonaws.com/photos/5090053/medium.jpeg
cv_dataset/Eupatorium_serotinum/Eupatorium_serotinum_6.jpg,Eupatorium serotinum,late boneset,52934,https://inaturalist-open-data.s3.amazonaws.com/photos/233022696/medium.jpg
cv_dataset/Eupatorium_serotinum/Eupatorium_serotinum_7.jpg,Eupatorium serotinum,late boneset,52934,https://inaturalist-open-data.s3.amazonaws.com/photos/212628730/medium.jpeg
cv_dataset/Eupatorium_serotinum/Eupatorium_serotinum_8.jpg,Eupatorium serotinum,late boneset,52934,https://inaturalist-open-data.s3.amazonaws.com/photos/429077233/medium.jpeg
cv_dataset/Eupatorium_serotinum/Eupatorium_serotinum_9.jpg,Eupatorium serotinum,late boneset,52934,https://inaturalist-open-data.s3.amazonaws.com/photos/47710403/medium.jpg
cv_dataset/Eupatorium_serotinum/Eupatorium_serotinum_10.jpg,Eupatorium serotinum,late boneset,52934,https://inaturalist-open-data.s3.amazonaws.com/photos/5068822/medium.jpg
cv_dataset/Eupatorium_serotinum/Eupatorium_serotinum_11.jpg,Eupatorium serotinum,late boneset,52934,https://inaturalist-open-data.s3.amazonaws.com/photos/10173718/medium.jpg
cv_dataset/Eupatorium_serotinum/Eupatorium_serotinum_12.jpg,Eupatorium serotinum,late boneset,52934,https://inaturalist-open-data.s3.amazonaws.com/photos/105953096/medium.jpeg
cv_dataset/Eupatorium_serotinum/Eupatorium_serotinum_13.jpg,Eupatorium serotinum,late boneset,52934,https://static.inaturalist.org/photos/434074089/medium.jpeg
cv_dataset/Eupatorium_serotinum/Eupatorium_serotinum_14.jpg,Eupatorium serotinum,late boneset,52934,https://inaturalist-open-data.s3.amazonaws.com/photos/5076324/medium.jpg
cv_dataset/Nymphalis_antiopa/Nymphalis_antiopa_1.jpg,Nymphalis antiopa,Mourning Cloak,56832,https://inaturalist-open-data.s3.amazonaws.com/photos/506392580/medium.jpg
cv_dataset/Nymphalis_antiopa/Nymphalis_antiopa_2.jpg,Nymphalis antiopa,Mourning Cloak,56832,https://inaturalist-open-data.s3.amazonaws.com/photos/505488431/medium.jpg
cv_dataset/Nymphalis_antiopa/Nymphalis_antiopa_3.jpg,Nymphalis antiopa,Mourning Cloak,56832,https://inaturalist-open-data.s3.amazonaws.com/photos/505767242/medium.jpg
cv_dataset/Nymphalis_antiopa/Nymphalis_antiopa_4.jpg,Nymphalis antiopa,Mourning Cloak,56832,https://inaturalist-open-data.s3.amazonaws.com/photos/504364267/medium.jpeg
cv_dataset/Nymphalis_antiopa/Nymphalis_antiopa_5.jpg,Nymphalis antiopa,Mourning Cloak,56832,https://inaturalist-open-data.s3.amazonaws.com/photos/532638793/medium.jpg
cv_dataset/Nymphalis_antiopa/Nymphalis_antiopa_6.jpg,Nymphalis antiopa,Mourning Cloak,56832,https://inaturalist-open-data.s3.amazonaws.com/photos/505817985/medium.jpg
cv_dataset/Nymphalis_antiopa/Nymphalis_antiopa_7.jpg,Nymphalis antiopa,Mourning Cloak,56832,https://inaturalist-open-data.s3.amazonaws.com/photos/505819238/medium.jpg
cv_dataset/Nymphalis_antiopa/Nymphalis_antiopa_8.jpg,Nymphalis antiopa,Mourning Cloak,56832,https://inaturalist-open-data.s3.amazonaws.com/photos/505252771/medium.jpg
cv_dataset/Nymphalis_antiopa/Nymphalis_antiopa_9.jpg,Nymphalis antiopa,Mourning Cloak,56832,https://inaturalist-open-data.s3.amazonaws.com/photos/381827097/medium.jpg
cv_dataset/Nymphalis_antiopa/Nymphalis_antiopa_10.jpg,Nymphalis antiopa,Mourning Cloak,56832,https://inaturalist-open-data.s3.amazonaws.com/photos/505741153/medium.jpg
cv_dataset/Nymphalis_antiopa/Nymphalis_antiopa_11.jpg,Nymphalis antiopa,Mourning Cloak,56832,https://inaturalist-open-data.s3.amazonaws.com/photos/505834244/medium.jpg
cv_dataset/Nymphalis_antiopa/Nymphalis_antiopa_12.jpg,Nymphalis antiopa,Mourning Cloak,56832,https://inaturalist-open-data.s3.amazonaws.com/photos/504387592/medium.jpeg
cv_dataset/Nymphalis_antiopa/Nymphalis_antiopa_13.jpg,Nymphalis antiopa,Mourning Cloak,56832,https://inaturalist-open-data.s3.amazonaws.com/photos/505766896/medium.jpg
cv_dataset/Nymphalis_antiopa/Nymphalis_antiopa_14.jpg,Nymphalis antiopa,Mourning Cloak,56832,https://inaturalist-open-data.s3.amazonaws.com/photos/508498048/medium.jpg
cv_dataset/Trifolium_arvense/Trifolium_arvense_1.jpg,Trifolium arvense,rabbitfoot clover,79408,https://static.inaturalist.org/photos/381230863/medium.jpg
cv_dataset/Trifolium_arvense/Trifolium_arvense_2.jpg,Trifolium arvense,rabbitfoot clover,79408,https://inaturalist-open-data.s3.amazonaws.com/photos/381941208/medium.jpg
cv_dataset/Trifolium_arvense/Trifolium_arvense_3.jpg,Trifolium arvense,rabbitfoot clover,79408,https://inaturalist-open-data.s3.amazonaws.com/photos/204123836/medium.jpg
cv_dataset/Trifolium_arvense/Trifolium_arvense_4.jpg,Trifolium arvense,rabbitfoot clover,79408,https://inaturalist-open-data.s3.amazonaws.com/photos/507579600/medium.jpg
cv_dataset/Trifolium_arvense/Trifolium_arvense_5.jpg,Trifolium arvense,rabbitfoot clover,79408,https://inaturalist-open-data.s3.amazonaws.com/photos/508263532/medium.jpg
cv_dataset/Trifolium_arvense/Trifolium_arvense_6.jpg,Trifolium arvense,rabbitfoot clover,79408,https://inaturalist-open-data.s3.amazonaws.com/photos/508958785/medium.jpg
cv_dataset/Trifolium_arvense/Trifolium_arvense_7.jpg,Trifolium arvense,rabbitfoot clover,79408,https://inaturalist-open-data.s3.amazonaws.com/photos/198514005/medium.jpg
cv_dataset/Trifolium_arvense/Trifolium_arvense_8.jpg,Trifolium arvense,rabbitfoot clover,79408,https://inaturalist-open-data.s3.amazonaws.com/photos/212103047/medium.jpg
cv_dataset/Trifolium_arvense/Trifolium_arvense_9.jpg,Trifolium arvense,rabbitfoot clover,79408,https://static.inaturalist.org/photos/40446872/medium.jpg
cv_dataset/Trifolium_arvense/Trifolium_arvense_10.jpg,Trifolium arvense,rabbitfoot clover,79408,https://inaturalist-open-data.s3.amazonaws.com/photos/202604432/medium.jpg
cv_dataset/Trifolium_arvense/Trifolium_arvense_11.jpg,Trifolium arvense,rabbitfoot clover,79408,https://inaturalist-open-data.s3.amazonaws.com/photos/381787278/medium.jpg
cv_dataset/Trifolium_arvense/Trifolium_arvense_12.jpg,Trifolium arvense,rabbitfoot clover,79408,https://static.inaturalist.org/photos/504108670/medium.jpeg
cv_dataset/Trifolium_arvense/Trifolium_arvense_13.jpg,Trifolium arvense,rabbitfoot clover,79408,https://inaturalist-open-data.s3.amazonaws.com/photos/212620987/medium.jpeg
cv_dataset/Trifolium_arvense/Trifolium_arvense_14.jpg,Trifolium arvense,rabbitfoot clover,79408,https://inaturalist-open-data.s3.amazonaws.com/photos/203171805/medium.jpg
cv_dataset/Sabatia_campestris/Sabatia_campestris_1.jpg,Sabatia campestris,Meadow Pink,84668,https://static.inaturalist.org/photos/387959933/medium.jpeg
cv_dataset/Sabatia_campestris/Sabatia_campestris_2.jpg,Sabatia campestris,Meadow Pink,84668,https://inaturalist-open-data.s3.amazonaws.com/photos/207062096/medium.jpg
cv_dataset/Sabatia_campestris/Sabatia_campestris_3.jpg,Sabatia campestris,Meadow Pink,84668,https://inaturalist-open-data.s3.amazonaws.com/photos/74640661/medium.jpg
cv_dataset/Sabatia_campestris/Sabatia_campestris_4.jpg,Sabatia campestris,Meadow Pink,84668,https://inaturalist-open-data.s3.amazonaws.com/photos/389136058/medium.jpg
cv_dataset/Sabatia_campestris/Sabatia_campestris_5.jpg,Sabatia campestris,Meadow Pink,84668,https://static.inaturalist.org/photos/40440886/medium.jpg
cv_dataset/Sabatia_campestris/Sabatia_campestris_6.jpg,Sabatia campestris,Meadow Pink,84668,https://inaturalist-open-data.s3.amazonaws.com/photos/543102780/medium.jpg
cv_dataset/Sabatia_campestris/Sabatia_campestris_7.jpg,Sabatia campestris,Meadow Pink,84668,https://inaturalist-open-data.s3.amazonaws.com/photos/76221660/medium.jpg
cv_dataset/Sabatia_campestris/Sabatia_campestris_8.jpg,Sabatia campestris,Meadow Pink,84668,https://inaturalist-open-data.s3.amazonaws.com/photos/40808987/medium.jpg
cv_dataset/Sabatia_campestris/Sabatia_campestris_9.jpg,Sabatia campestris,Meadow Pink,84668,https://inaturalist-open-data.s3.amazonaws.com/photos/389135173/medium.jpg
cv_dataset/Sabatia_campestris/Sabatia_campestris_10.jpg,Sabatia campestris,Meadow Pink,84668,https://inaturalist-open-data.s3.amazonaws.com/photos/534031641/medium.jpg
cv_dataset/Sabatia_campestris/Sabatia_campestris_11.jpg,Sabatia campestris,Meadow Pink,84668,https://inaturalist-open-data.s3.amazonaws.com/photos/204531314/medium.jpg
cv_dataset/Sabatia_campestris/Sabatia_campestris_12.jpg,Sabatia campestris,Meadow Pink,84668,https://static.inaturalist.org/photos/390920510/medium.jpeg
cv_dataset/Sabatia_campestris/Sabatia_campestris_13.jpg,Sabatia campestris,Meadow Pink,84668,https://static.inaturalist.org/photos/41244922/medium.jpg
cv_dataset/Sabatia_campestris/Sabatia_campestris_14.jpg,Sabatia campestris,Meadow Pink,84668,https://static.inaturalist.org/photos/283142981/medium.jpeg
cv_dataset/Hypoprepia_fucosa/Hypoprepia_fucosa_1.jpg,Hypoprepia fucosa,Painted Lichen Moth,119953,https://inaturalist-open-data.s3.amazonaws.com/photos/570998739/medium.jpg
cv_dataset/Hypoprepia_fucosa/Hypoprepia_fucosa_2.jpg,Hypoprepia fucosa,Painted Lichen Moth,119953,https://static.inaturalist.org/photos/203737427/medium.jpg
cv_dataset/Hypoprepia_fucosa/Hypoprepia_fucosa_3.jpg,Hypoprepia fucosa,Painted Lichen Moth,119953,https://inaturalist-open-data.s3.amazonaws.com/photos/203753484/medium.jpg
cv_dataset/Hypoprepia_fucosa/Hypoprepia_fucosa_4.jpg,Hypoprepia fucosa,Painted Lichen Moth,119953,https://inaturalist-open-data.s3.amazonaws.com/photos/203755125/medium.jpg
cv_dataset/Hypoprepia_fucosa/Hypoprepia_fucosa_5.jpg,Hypoprepia fucosa,Painted Lichen Moth,119953,https://inaturalist-open-data.s3.amazonaws.com/photos/204238463/medium.jpg
cv_dataset/Hypoprepia_fucosa/Hypoprepia_fucosa_6.jpg,Hypoprepia fucosa,Painted Lichen Moth,119953,https://inaturalist-open-data.s3.amazonaws.com/photos/204261951/medium.jpeg
cv_dataset/Hypoprepia_fucosa/Hypoprepia_fucosa_7.jpg,Hypoprepia fucosa,Painted Lichen Moth,119953,https://static.inaturalist.org/photos/204709048/medium.jpg
cv_dataset/Hypoprepia_fucosa/Hypoprepia_fucosa_8.jpg,Hypoprepia fucosa,Painted Lichen Moth,119953,https://inaturalist-open-data.s3.amazonaws.com/photos/203855224/medium.jpg
cv_dataset/Hypoprepia_fucosa/Hypoprepia_fucosa_9.jpg,Hypoprepia fucosa,Painted Lichen Moth,119953,https://inaturalist-open-data.s3.amazonaws.com/photos/574973520/medium.jpg
cv_dataset/Hypoprepia_fucosa/Hypoprepia_fucosa_10.jpg,Hypoprepia fucosa,Painted Lichen Moth,119953,https://inaturalist-open-data.s3.amazonaws.com/photos/570998733/medium.jpg
cv_dataset/Hypoprepia_fucosa/Hypoprepia_fucosa_11.jpg,Hypoprepia fucosa,Painted Lichen Moth,119953,https://inaturalist-open-data.s3.amazonaws.com/photos/42688770/medium.jpg
cv_dataset/Hypoprepia_fucosa/Hypoprepia_fucosa_12.jpg,Hypoprepia fucosa,Painted Lichen Moth,119953,https://inaturalist-open-data.s3.amazonaws.com/photos/47826898/medium.jpg
cv_dataset/Hypoprepia_fucosa/Hypoprepia_fucosa_13.jpg,Hypoprepia fucosa,Painted Lichen Moth,119953,https://inaturalist-open-data.s3.amazonaws.com/photos/136109313/medium.jpg
cv_dataset/Hypoprepia_fucosa/Hypoprepia_fucosa_14.jpg,Hypoprepia fucosa,Painted Lichen Moth,119953,https://inaturalist-open-data.s3.amazonaws.com/photos/203929925/medium.jpg
cv_dataset/Monarda_citriodora/Monarda_citriodora_1.jpg,Monarda citriodora,lemon beebalm,122587,https://inaturalist-open-data.s3.amazonaws.com/photos/292393103/medium.jpeg
cv_dataset/Monarda_citriodora/Monarda_citriodora_2.jpg,Monarda citriodora,lemon beebalm,122587,https://inaturalist-open-data.s3.amazonaws.com/photos/201986744/medium.jpg
cv_dataset/Monarda_citriodora/Monarda_citriodora_3.jpg,Monarda citriodora,lemon beebalm,122587,https://inaturalist-open-data.s3.amazonaws.com/photos/203224518/medium.jpg
cv_dataset/Monarda_citriodora/Monarda_citriodora_4.jpg,Monarda citriodora,lemon beebalm,122587,https://inaturalist-open-data.s3.amazonaws.com/photos/382681982/medium.jpeg
cv_dataset/Monarda_citriodora/Monarda_citriodora_5.jpg,Monarda citriodora,lemon beebalm,122587,https://inaturalist-open-data.s3.amazonaws.com/photos/40683037/medium.jpg
cv_dataset/Monarda_citriodora/Monarda_citriodora_6.jpg,Monarda citriodora,lemon beebalm,122587,https://inaturalist-open-data.s3.amazonaws.com/photos/204292587/medium.jpg
cv_dataset/Monarda_citriodora/Monarda_citriodora_7.jpg,Monarda citriodora,lemon beebalm,122587,https://inaturalist-open-data.s3.amazonaws.com/photos/201254582/medium.jpg
cv_dataset/Monarda_citriodora/Monarda_citriodora_8.jpg,Monarda citriodora,lemon beebalm,122587,https://inaturalist-open-data.s3.amazonaws.com/photos/8067887/medium.jpg
cv_dataset/Monarda_citriodora/Monarda_citriodora_9.jpg,Monarda citriodora,lemon beebalm,122587,https://inaturalist-open-data.s3.amazonaws.com/photos/40468566/medium.jpg
cv_dataset/Monarda_citriodora/Monarda_citriodora_10.jpg,Monarda citriodora,lemon beebalm,122587,https://inaturalist-open-data.s3.amazonaws.com/photos/136110068/medium.jpg
cv_dataset/Monarda_citriodora/Monarda_citriodora_11.jpg,Monarda citriodora,lemon beebalm,122587,https://static.inaturalist.org/photos/202526883/medium.jpg
cv_dataset/Monarda_citriodora/Monarda_citriodora_12.jpg,Monarda citriodora,lemon beebalm,122587,https://inaturalist-open-data.s3.amazonaws.com/photos/202537470/medium.jpg
cv_dataset/Monarda_citriodora/Monarda_citriodora_13.jpg,Monarda citriodora,lemon beebalm,122587,https://inaturalist-open-data.s3.amazonaws.com/photos/292338850/medium.jpg
cv_dataset/Monarda_citriodora/Monarda_citriodora_14.jpg,Monarda citriodora,lemon beebalm,122587,https://inaturalist-open-data.s3.amazonaws.com/photos/204563311/medium.jpg
cv_dataset/Epicauta_occidentalis/Epicauta_occidentalis_1.jpg,Epicauta occidentalis,Unknown,570911,https://inaturalist-open-data.s3.amazonaws.com/photos/608218455/medium.jpg
cv_dataset/Epicauta_occidentalis/Epicauta_occidentalis_2.jpg,Epicauta occidentalis,Unknown,570911,https://inaturalist-open-data.s3.amazonaws.com/photos/608218662/medium.jpg
cv_dataset/Epicauta_occidentalis/Epicauta_occidentalis_3.jpg,Epicauta occidentalis,Unknown,570911,https://inaturalist-open-data.s3.amazonaws.com/photos/608221002/medium.jpg
cv_dataset/Epicauta_occidentalis/Epicauta_occidentalis_4.jpg,Epicauta occidentalis,Unknown,570911,https://inaturalist-open-data.s3.amazonaws.com/photos/608217681/medium.jpg
cv_dataset/Epicauta_occidentalis/Epicauta_occidentalis_5.jpg,Epicauta occidentalis,Unknown,570911,https://inaturalist-open-data.s3.amazonaws.com/photos/608220759/medium.jpg
cv_dataset/Epicauta_occidentalis/Epicauta_occidentalis_6.jpg,Epicauta occidentalis,Unknown,570911,https://inaturalist-open-data.s3.amazonaws.com/photos/608220625/medium.jpg
cv_dataset/Epicauta_occidentalis/Epicauta_occidentalis_7.jpg,Epicauta occidentalis,Unknown,570911,https://inaturalist-open-data.s3.amazonaws.com/photos/608216640/medium.jpg
cv_dataset/Epicauta_occidentalis/Epicauta_occidentalis_8.jpg,Epicauta occidentalis,Unknown,570911,https://inaturalist-open-data.s3.amazonaws.com/photos/608219110/medium.jpg
cv_dataset/Epicauta_occidentalis/Epicauta_occidentalis_9.jpg,Epicauta occidentalis,Unknown,570911,https://inaturalist-open-data.s3.amazonaws.com/photos/608220168/medium.jpg
cv_dataset/Epicauta_occidentalis/Epicauta_occidentalis_10.jpg,Epicauta occidentalis,Unknown,570911,https://inaturalist-open-data.s3.amazonaws.com/photos/608220373/medium.jpg
cv_dataset/Epicauta_occidentalis/Epicauta_occidentalis_11.jpg,Epicauta occidentalis,Unknown,570911,https://inaturalist-open-data.s3.amazonaws.com/photos/608217222/medium.jpg
cv_dataset/Epicauta_occidentalis/Epicauta_occidentalis_12.jpg,Epicauta occidentalis,Unknown,570911,https://inaturalist-open-data.s3.amazonaws.com/photos/608218131/medium.jpg
cv_dataset/Epicauta_occidentalis/Epicauta_occidentalis_13.jpg,Epicauta occidentalis,Unknown,570911,https://inaturalist-open-data.s3.amazonaws.com/photos/608217910/medium.jpg
cv_dataset/Epicauta_occidentalis/Epicauta_occidentalis_14.jpg,Epicauta occidentalis,Unknown,570911,https://inaturalist-open-data.s3.amazonaws.com/photos/608218849/medium.jpg
cv_dataset/Albizia_julibrissin/Albizia_julibrissin_1.jpg,Albizia julibrissin,Persian silk tree,47443,https://inaturalist-open-data.s3.amazonaws.com/photos/203960898/medium.jpg
cv_dataset/Albizia_julibrissin/Albizia_julibrissin_2.jpg,Albizia julibrissin,Persian silk tree,47443,https://inaturalist-open-data.s3.amazonaws.com/photos/510343794/medium.jpg
cv_dataset/Albizia_julibrissin/Albizia_julibrissin_3.jpg,Albizia julibrissin,Persian silk tree,47443,https://inaturalist-open-data.s3.amazonaws.com/photos/381253896/medium.jpg
cv_dataset/Albizia_julibrissin/Albizia_julibrissin_4.jpg,Albizia julibrissin,Persian silk tree,47443,https://inaturalist-open-data.s3.amazonaws.com/photos/5067890/medium.jpg
cv_dataset/Albizia_julibrissin/Albizia_julibrissin_5.jpg,Albizia julibrissin,Persian silk tree,47443,https://inaturalist-open-data.s3.amazonaws.com/photos/67367503/medium.jpeg
cv_dataset/Albizia_julibrissin/Albizia_julibrissin_6.jpg,Albizia julibrissin,Persian silk tree,47443,https://inaturalist-open-data.s3.amazonaws.com/photos/507021613/medium.jpg
cv_dataset/Albizia_julibrissin/Albizia_julibrissin_7.jpg,Albizia julibrissin,Persian silk tree,47443,https://inaturalist-open-data.s3.amazonaws.com/photos/508023119/medium.jpg
cv_dataset/Albizia_julibrissin/Albizia_julibrissin_8.jpg,Albizia julibrissin,Persian silk tree,47443,https://inaturalist-open-data.s3.amazonaws.com/photos/203171106/medium.jpg
cv_dataset/Albizia_julibrissin/Albizia_julibrissin_9.jpg,Albizia julibrissin,Persian silk tree,47443,https://inaturalist-open-data.s3.amazonaws.com/photos/40483479/medium.jpg
cv_dataset/Albizia_julibrissin/Albizia_julibrissin_10.jpg,Albizia julibrissin,Persian silk tree,47443,https://inaturalist-open-data.s3.amazonaws.com/photos/40423654/medium.jpg
cv_dataset/Albizia_julibrissin/Albizia_julibrissin_11.jpg,Albizia julibrissin,Persian silk tree,47443,https://inaturalist-open-data.s3.amazonaws.com/photos/67364386/medium.jpeg
cv_dataset/Albizia_julibrissin/Albizia_julibrissin_12.jpg,Albizia julibrissin,Persian silk tree,47443,https://static.inaturalist.org/photos/144543456/medium.jpg
cv_dataset/Albizia_julibrissin/Albizia_julibrissin_13.jpg,Albizia julibrissin,Persian silk tree,47443,https://inaturalist-open-data.s3.amazonaws.com/photos/387828430/medium.jpg
cv_dataset/Melanoplus_differentialis/Melanoplus_differentialis_1.jpg,Melanoplus differentialis,Differential Grasshopper,63518,https://static.inaturalist.org/photos/5074526/medium.jpg
cv_dataset/Melanoplus_differentialis/Melanoplus_differentialis_2.jpg,Melanoplus differentialis,Differential Grasshopper,63518,https://inaturalist-open-data.s3.amazonaws.com/photos/418196474/medium.jpeg
cv_dataset/Melanoplus_differentialis/Melanoplus_differentialis_3.jpg,Melanoplus differentialis,Differential Grasshopper,63518,https://inaturalist-open-data.s3.amazonaws.com/photos/534093682/medium.jpg
cv_dataset/Melanoplus_differentialis/Melanoplus_differentialis_4.jpg,Melanoplus differentialis,Differential Grasshopper,63518,https://inaturalist-open-data.s3.amazonaws.com/photos/5105760/medium.jpg
cv_dataset/Melanoplus_differentialis/Melanoplus_differentialis_5.jpg,Melanoplus differentialis,Differential Grasshopper,63518,https://inaturalist-open-data.s3.amazonaws.com/photos/159447697/medium.jpeg
cv_dataset/Melanoplus_differentialis/Melanoplus_differentialis_6.jpg,Melanoplus differentialis,Differential Grasshopper,63518,https://inaturalist-open-data.s3.amazonaws.com/photos/410026883/medium.jpeg
cv_dataset/Melanoplus_differentialis/Melanoplus_differentialis_7.jpg,Melanoplus differentialis,Differential Grasshopper,63518,https://static.inaturalist.org/photos/405211872/medium.jpg
cv_dataset/Melanoplus_differentialis/Melanoplus_differentialis_8.jpg,Melanoplus differentialis,Differential Grasshopper,63518,https://inaturalist-open-data.s3.amazonaws.com/photos/243540556/medium.jpg
cv_dataset/Melanoplus_differentialis/Melanoplus_differentialis_9.jpg,Melanoplus differentialis,Differential Grasshopper,63518,https://inaturalist-open-data.s3.amazonaws.com/photos/575259272/medium.jpg
cv_dataset/Melanoplus_differentialis/Melanoplus_differentialis_10.jpg,Melanoplus differentialis,Differential Grasshopper,63518,https://inaturalist-open-data.s3.amazonaws.com/photos/23794683/medium.jpg
cv_dataset/Melanoplus_differentialis/Melanoplus_differentialis_11.jpg,Melanoplus differentialis,Differential Grasshopper,63518,https://inaturalist-open-data.s3.amazonaws.com/photos/243590678/medium.jpg
cv_dataset/Melanoplus_differentialis/Melanoplus_differentialis_12.jpg,Melanoplus differentialis,Differential Grasshopper,63518,https://inaturalist-open-data.s3.amazonaws.com/photos/243927718/medium.jpg
cv_dataset/Melanoplus_differentialis/Melanoplus_differentialis_13.jpg,Melanoplus differentialis,Differential Grasshopper,63518,https://inaturalist-open-data.s3.amazonaws.com/photos/320505044/medium.jpeg
cv_dataset/Ratibida_columnifera/Ratibida_columnifera_1.jpg,Ratibida columnifera,upright prairie coneflower,78836,https://inaturalist-open-data.s3.amazonaws.com/photos/206304522/medium.jpg
cv_dataset/Ratibida_columnifera/Ratibida_columnifera_2.jpg,Ratibida columnifera,upright prairie coneflower,78836,https://inaturalist-open-data.s3.amazonaws.com/photos/212629699/medium.jpeg
cv_dataset/Ratibida_columnifera/Ratibida_columnifera_3.jpg,Ratibida columnifera,upright prairie coneflower,78836,https://inaturalist-open-data.s3.amazonaws.com/photos/40390633/medium.jpg
cv_dataset/Ratibida_columnifera/Ratibida_columnifera_4.jpg,Ratibida columnifera,upright prairie coneflower,78836,https://static.inaturalist.org/photos/535501098/medium.jpg
cv_dataset/Ratibida_columnifera/Ratibida_columnifera_5.jpg,Ratibida columnifera,upright prairie coneflower,78836,https://inaturalist-open-data.s3.amazonaws.com/photos/40552709/medium.jpg
cv_dataset/Ratibida_columnifera/Ratibida_columnifera_6.jpg,Ratibida columnifera,upright prairie coneflower,78836,https://static.inaturalist.org/photos/381995505/medium.jpeg
cv_dataset/Ratibida_columnifera/Ratibida_columnifera_7.jpg,Ratibida columnifera,upright prairie coneflower,78836,https://static.inaturalist.org/photos/506415206/medium.jpg
cv_dataset/Ratibida_columnifera/Ratibida_columnifera_8.jpg,Ratibida columnifera,upright prairie coneflower,78836,https://static.inaturalist.org/photos/206304331/medium.jpg
cv_dataset/Ratibida_columnifera/Ratibida_columnifera_9.jpg,Ratibida columnifera,upright prairie coneflower,78836,https://inaturalist-open-data.s3.amazonaws.com/photos/40468046/medium.jpg
cv_dataset/Ratibida_columnifera/Ratibida_columnifera_10.jpg,Ratibida columnifera,upright prairie coneflower,78836,https://inaturalist-open-data.s3.amazonaws.com/photos/203019281/medium.jpg
cv_dataset/Ratibida_columnifera/Ratibida_columnifera_11.jpg,Ratibida columnifera,upright prairie coneflower,78836,https://static.inaturalist.org/photos/206305266/medium.jpg
cv_dataset/Ratibida_columnifera/Ratibida_columnifera_12.jpg,Ratibida columnifera,upright prairie coneflower,78836,https://inaturalist-open-data.s3.amazonaws.com/photos/203585846/medium.jpeg
cv_dataset/Ratibida_columnifera/Ratibida_columnifera_13.jpg,Ratibida columnifera,upright prairie coneflower,78836,https://inaturalist-open-data.s3.amazonaws.com/photos/5075038/medium.jpg
cv_dataset/Gaillardia_aestivalis/Gaillardia_aestivalis_1.jpg,Gaillardia aestivalis,Lanceleaf blanketflower,133437,https://inaturalist-open-data.s3.amazonaws.com/photos/389225408/medium.jpg
cv_dataset/Gaillardia_aestivalis/Gaillardia_aestivalis_2.jpg,Gaillardia aestivalis,Lanceleaf blanketflower,133437,https://inaturalist-open-data.s3.amazonaws.com/photos/606712020/medium.jpg
cv_dataset/Gaillardia_aestivalis/Gaillardia_aestivalis_3.jpg,Gaillardia aestivalis,Lanceleaf blanketflower,133437,https://inaturalist-open-data.s3.amazonaws.com/photos/387107851/medium.jpg
cv_dataset/Gaillardia_aestivalis/Gaillardia_aestivalis_4.jpg,Gaillardia aestivalis,Lanceleaf blanketflower,133437,https://inaturalist-open-data.s3.amazonaws.com/photos/299027794/medium.jpeg
cv_dataset/Gaillardia_aestivalis/Gaillardia_aestivalis_5.jpg,Gaillardia aestivalis,Lanceleaf blanketflower,133437,https://inaturalist-open-data.s3.amazonaws.com/photos/5068726/medium.jpg
cv_dataset/Gaillardia_aestivalis/Gaillardia_aestivalis_6.jpg,Gaillardia aestivalis,Lanceleaf blanketflower,133437,https://inaturalist-open-data.s3.amazonaws.com/photos/505748492/medium.jpg
cv_dataset/Gaillardia_aestivalis/Gaillardia_aestivalis_7.jpg,Gaillardia aestivalis,Lanceleaf blanketflower,133437,https://inaturalist-open-data.s3.amazonaws.com/photos/515020822/medium.jpg
cv_dataset/Gaillardia_aestivalis/Gaillardia_aestivalis_8.jpg,Gaillardia aestivalis,Lanceleaf blanketflower,133437,https://inaturalist-open-data.s3.amazonaws.com/photos/204531484/medium.jpg
cv_dataset/Gaillardia_aestivalis/Gaillardia_aestivalis_9.jpg,Gaillardia aestivalis,Lanceleaf blanketflower,133437,https://inaturalist-open-data.s3.amazonaws.com/photos/569730802/medium.jpg
cv_dataset/Gaillardia_aestivalis/Gaillardia_aestivalis_10.jpg,Gaillardia aestivalis,Lanceleaf blanketflower,133437,https://inaturalist-open-data.s3.amazonaws.com/photos/424120457/medium.jpg
cv_dataset/Gaillardia_aestivalis/Gaillardia_aestivalis_11.jpg,Gaillardia aestivalis,Lanceleaf blanketflower,133437,https://inaturalist-open-data.s3.amazonaws.com/photos/197103929/medium.jpg
cv_dataset/Gaillardia_aestivalis/Gaillardia_aestivalis_12.jpg,Gaillardia aestivalis,Lanceleaf blanketflower,133437,https://static.inaturalist.org/photos/381995552/medium.jpeg
cv_dataset/Gaillardia_aestivalis/Gaillardia_aestivalis_13.jpg,Gaillardia aestivalis,Lanceleaf blanketflower,133437,https://inaturalist-open-data.s3.amazonaws.com/photos/515018670/medium.jpg
cv_dataset/Schinia_chrysellus/Schinia_chrysellus_1.jpg,Schinia chrysellus,Chrysellus Flower Moth,230527,https://inaturalist-open-data.s3.amazonaws.com/photos/93640910/medium.jpg
cv_dataset/Schinia_chrysellus/Schinia_chrysellus_2.jpg,Schinia chrysellus,Chrysellus Flower Moth,230527,https://inaturalist-open-data.s3.amazonaws.com/photos/155550675/medium.jpg
cv_dataset/Schinia_chrysellus/Schinia_chrysellus_3.jpg,Schinia chrysellus,Chrysellus Flower Moth,230527,https://inaturalist-open-data.s3.amazonaws.com/photos/570703933/medium.jpg
cv_dataset/Schinia_chrysellus/Schinia_chrysellus_4.jpg,Schinia chrysellus,Chrysellus Flower Moth,230527,https://inaturalist-open-data.s3.amazonaws.com/photos/94058571/medium.jpeg
cv_dataset/Schinia_chrysellus/Schinia_chrysellus_5.jpg,Schinia chrysellus,Chrysellus Flower Moth,230527,https://inaturalist-open-data.s3.amazonaws.com/photos/574976199/medium.jpg
cv_dataset/Schinia_chrysellus/Schinia_chrysellus_6.jpg,Schinia chrysellus,Chrysellus Flower Moth,230527,https://inaturalist-open-data.s3.amazonaws.com/photos/570995690/medium.jpg
cv_dataset/Schinia_chrysellus/Schinia_chrysellus_7.jpg,Schinia chrysellus,Chrysellus Flower Moth,230527,https://inaturalist-open-data.s3.amazonaws.com/photos/94058204/medium.jpeg
cv_dataset/Schinia_chrysellus/Schinia_chrysellus_8.jpg,Schinia chrysellus,Chrysellus Flower Moth,230527,https://inaturalist-open-data.s3.amazonaws.com/photos/586854193/medium.jpg
cv_dataset/Schinia_chrysellus/Schinia_chrysellus_9.jpg,Schinia chrysellus,Chrysellus Flower Moth,230527,https://inaturalist-open-data.s3.amazonaws.com/photos/155538393/medium.jpg
cv_dataset/Schinia_chrysellus/Schinia_chrysellus_10.jpg,Schinia chrysellus,Chrysellus Flower Moth,230527,https://inaturalist-open-data.s3.amazonaws.com/photos/335533450/medium.jpg
cv_dataset/Schinia_chrysellus/Schinia_chrysellus_11.jpg,Schinia chrysellus,Chrysellus Flower Moth,230527,https://inaturalist-open-data.s3.amazonaws.com/photos/335638045/medium.jpg
cv_dataset/Schinia_chrysellus/Schinia_chrysellus_12.jpg,Schinia chrysellus,Chrysellus Flower Moth,230527,https://inaturalist-open-data.s3.amazonaws.com/photos/570996340/medium.jpg
cv_dataset/Schinia_chrysellus/Schinia_chrysellus_13.jpg,Schinia chrysellus,Chrysellus Flower Moth,230527,https://static.inaturalist.org/photos/320217160/medium.jpeg
cv_dataset/Bagheera_prosper/Bagheera_prosper_1.jpg,Bagheera prosper,Unknown,263931,https://inaturalist-open-data.s3.amazonaws.com/photos/6050167/medium.jpeg
cv_dataset/Bagheera_prosper/Bagheera_prosper_2.jpg,Bagheera prosper,Unknown,263931,https://inaturalist-open-data.s3.amazonaws.com/photos/204515038/medium.jpg
cv_dataset/Bagheera_prosper/Bagheera_prosper_3.jpg,Bagheera prosper,Unknown,263931,https://inaturalist-open-data.s3.amazonaws.com/photos/505473176/medium.jpg
cv_dataset/Bagheera_prosper/Bagheera_prosper_4.jpg,Bagheera prosper,Unknown,263931,https://inaturalist-open-data.s3.amazonaws.com/photos/505474424/medium.jpg
cv_dataset/Bagheera_prosper/Bagheera_prosper_5.jpg,Bagheera prosper,Unknown,263931,https://static.inaturalist.org/photos/538116611/medium.jpg
cv_dataset/Bagheera_prosper/Bagheera_prosper_6.jpg,Bagheera prosper,Unknown,263931,https://inaturalist-open-data.s3.amazonaws.com/photos/508481732/medium.jpg
cv_dataset/Bagheera_prosper/Bagheera_prosper_7.jpg,Bagheera prosper,Unknown,263931,https://inaturalist-open-data.s3.amazonaws.com/photos/269295850/medium.jpg
cv_dataset/Bagheera_prosper/Bagheera_prosper_8.jpg,Bagheera prosper,Unknown,263931,https://inaturalist-open-data.s3.amazonaws.com/photos/263731878/medium.jpg
cv_dataset/Bagheera_prosper/Bagheera_prosper_9.jpg,Bagheera prosper,Unknown,263931,https://static.inaturalist.org/photos/383090141/medium.jpg
cv_dataset/Bagheera_prosper/Bagheera_prosper_10.jpg,Bagheera prosper,Unknown,263931,https://inaturalist-open-data.s3.amazonaws.com/photos/40558770/medium.jpg
cv_dataset/Bagheera_prosper/Bagheera_prosper_11.jpg,Bagheera prosper,Unknown,263931,https://static.inaturalist.org/photos/535493807/medium.jpg
cv_dataset/Bagheera_prosper/Bagheera_prosper_12.jpg,Bagheera prosper,Unknown,263931,https://static.inaturalist.org/photos/534160894/medium.jpg
cv_dataset/Bagheera_prosper/Bagheera_prosper_13.jpg,Bagheera prosper,Unknown,263931,https://static.inaturalist.org/photos/205051731/medium.jpg
cv_dataset/Virginia_striatula/Virginia_striatula_1.jpg,Virginia striatula,Rough Earthsnake,28102,https://inaturalist-open-data.s3.amazonaws.com/photos/507264696/medium.jpg
cv_dataset/Virginia_striatula/Virginia_striatula_2.jpg,Virginia striatula,Rough Earthsnake,28102,https://inaturalist-open-data.s3.amazonaws.com/photos/504954060/medium.jpg
cv_dataset/Virginia_striatula/Virginia_striatula_3.jpg,Virginia striatula,Rough Earthsnake,28102,https://inaturalist-open-data.s3.amazonaws.com/photos/506986916/medium.jpg
cv_dataset/Virginia_striatula/Virginia_striatula_4.jpg,Virginia striatula,Rough Earthsnake,28102,https://inaturalist-open-data.s3.amazonaws.com/photos/12592508/medium.jpg
cv_dataset/Virginia_striatula/Virginia_striatula_5.jpg,Virginia striatula,Rough Earthsnake,28102,https://inaturalist-open-data.s3.amazonaws.com/photos/508122284/medium.jpg
cv_dataset/Virginia_striatula/Virginia_striatula_6.jpg,Virginia striatula,Rough Earthsnake,28102,https://inaturalist-open-data.s3.amazonaws.com/photos/5070509/medium.jpg
cv_dataset/Virginia_striatula/Virginia_striatula_7.jpg,Virginia striatula,Rough Earthsnake,28102,https://inaturalist-open-data.s3.amazonaws.com/photos/507057010/medium.jpg
cv_dataset/Virginia_striatula/Virginia_striatula_8.jpg,Virginia striatula,Rough Earthsnake,28102,https://inaturalist-open-data.s3.amazonaws.com/photos/4880272/medium.jpg
cv_dataset/Virginia_striatula/Virginia_striatula_9.jpg,Virginia striatula,Rough Earthsnake,28102,https://static.inaturalist.org/photos/391153506/medium.jpeg
cv_dataset/Virginia_striatula/Virginia_striatula_10.jpg,Virginia striatula,Rough Earthsnake,28102,https://inaturalist-open-data.s3.amazonaws.com/photos/27676365/medium.jpg
cv_dataset/Virginia_striatula/Virginia_striatula_11.jpg,Virginia striatula,Rough Earthsnake,28102,https://inaturalist-open-data.s3.amazonaws.com/photos/504355320/medium.jpeg
cv_dataset/Virginia_striatula/Virginia_striatula_12.jpg,Virginia striatula,Rough Earthsnake,28102,https://static.inaturalist.org/photos/5070479/medium.jpeg
cv_dataset/Cercis_canadensis/Cercis_canadensis_1.jpg,Cercis canadensis,eastern redbud,48502,https://inaturalist-open-data.s3.amazonaws.com/photos/162572435/medium.jpeg
cv_dataset/Cercis_canadensis/Cercis_canadensis_2.jpg,Cercis canadensis,eastern redbud,48502,https://inaturalist-open-data.s3.amazonaws.com/photos/624739401/medium.jpg
cv_dataset/Cercis_canadensis/Cercis_canadensis_3.jpg,Cercis canadensis,eastern redbud,48502,https://inaturalist-open-data.s3.amazonaws.com/photos/281502832/medium.jpg
cv_dataset/Cercis_canadensis/Cercis_canadensis_4.jpg,Cercis canadensis,eastern redbud,48502,https://static.inaturalist.org/photos/33303098/medium.jpg
cv_dataset/Cercis_canadensis/Cercis_canadensis_5.jpg,Cercis canadensis,eastern redbud,48502,https://inaturalist-open-data.s3.amazonaws.com/photos/497037860/medium.jpg
cv_dataset/Cercis_canadensis/Cercis_canadensis_6.jpg,Cercis canadensis,eastern redbud,48502,https://static.inaturalist.org/photos/178263052/medium.jpg
cv_dataset/Cercis_canadensis/Cercis_canadensis_7.jpg,Cercis canadensis,eastern redbud,48502,https://inaturalist-open-data.s3.amazonaws.com/photos/624735439/medium.jpg
cv_dataset/Cercis_canadensis/Cercis_canadensis_8.jpg,Cercis canadensis,eastern redbud,48502,https://static.inaturalist.org/photos/479075916/medium.jpg
cv_dataset/Cercis_canadensis/Cercis_canadensis_9.jpg,Cercis canadensis,eastern redbud,48502,https://inaturalist-open-data.s3.amazonaws.com/photos/5074438/medium.jpg
cv_dataset/Cercis_canadensis/Cercis_canadensis_10.jpg,Cercis canadensis,eastern redbud,48502,https://inaturalist-open-data.s3.amazonaws.com/photos/261200378/medium.jpg
cv_dataset/Cercis_canadensis/Cercis_canadensis_11.jpg,Cercis canadensis,eastern redbud,48502,https://inaturalist-open-data.s3.amazonaws.com/photos/5074433/medium.jpg
cv_dataset/Cercis_canadensis/Cercis_canadensis_12.jpg,Cercis canadensis,eastern redbud,48502,https://inaturalist-open-data.s3.amazonaws.com/photos/409863130/medium.jpeg
cv_dataset/Vanessa_virginiensis/Vanessa_virginiensis_1.jpg,Vanessa virginiensis,American Lady,48549,https://inaturalist-open-data.s3.amazonaws.com/photos/275076428/medium.jpeg
cv_dataset/Vanessa_virginiensis/Vanessa_virginiensis_2.jpg,Vanessa virginiensis,American Lady,48549,https://static.inaturalist.org/photos/292394184/medium.jpeg
cv_dataset/Vanessa_virginiensis/Vanessa_virginiensis_3.jpg,Vanessa virginiensis,American Lady,48549,https://inaturalist-open-data.s3.amazonaws.com/photos/505815504/medium.jpg
cv_dataset/Vanessa_virginiensis/Vanessa_virginiensis_4.jpg,Vanessa virginiensis,American Lady,48549,https://inaturalist-open-data.s3.amazonaws.com/photos/40663414/medium.jpg
cv_dataset/Vanessa_virginiensis/Vanessa_virginiensis_5.jpg,Vanessa virginiensis,American Lady,48549,https://inaturalist-open-data.s3.amazonaws.com/photos/506418795/medium.jpg
cv_dataset/Vanessa_virginiensis/Vanessa_virginiensis_6.jpg,Vanessa virginiensis,American Lady,48549,https://inaturalist-open-data.s3.amazonaws.com/photos/505840181/medium.jpg
cv_dataset/Vanessa_virginiensis/Vanessa_virginiensis_7.jpg,Vanessa virginiensis,American Lady,48549,https://inaturalist-open-data.s3.amazonaws.com/photos/70835365/medium.jpg
cv_dataset/Vanessa_virginiensis/Vanessa_virginiensis_8.jpg,Vanessa virginiensis,American Lady,48549,https://inaturalist-open-data.s3.amazonaws.com/photos/504525341/medium.jpg
cv_dataset/Vanessa_virginiensis/Vanessa_virginiensis_9.jpg,Vanessa virginiensis,American Lady,48549,https://static.inaturalist.org/photos/202477509/medium.jpg
cv_dataset/Vanessa_virginiensis/Vanessa_virginiensis_10.jpg,Vanessa virginiensis,American Lady,48549,https://inaturalist-open-data.s3.amazonaws.com/photos/508481185/medium.jpg
cv_dataset/Vanessa_virginiensis/Vanessa_virginiensis_11.jpg,Vanessa virginiensis,American Lady,48549,https://inaturalist-open-data.s3.amazonaws.com/photos/505226351/medium.jpg
cv_dataset/Vanessa_virginiensis/Vanessa_virginiensis_12.jpg,Vanessa virginiensis,American Lady,48549,https://inaturalist-open-data.s3.amazonaws.com/photos/507581269/medium.jpg
cv_dataset/Helenium_amarum/Helenium_amarum_1.jpg,Helenium amarum,Bitterweed,77348,https://static.inaturalist.org/photos/533205892/medium.jpg
cv_dataset/Helenium_amarum/Helenium_amarum_2.jpg,Helenium amarum,Bitterweed,77348,https://inaturalist-open-data.s3.amazonaws.com/photos/40441224/medium.jpg
cv_dataset/Helenium_amarum/Helenium_amarum_3.jpg,Helenium amarum,Bitterweed,77348,https://static.inaturalist.org/photos/533464182/medium.jpg
cv_dataset/Helenium_amarum/Helenium_amarum_4.jpg,Helenium amarum,Bitterweed,77348,https://inaturalist-open-data.s3.amazonaws.com/photos/344490247/medium.jpg
cv_dataset/Helenium_amarum/Helenium_amarum_5.jpg,Helenium amarum,Bitterweed,77348,https://inaturalist-open-data.s3.amazonaws.com/photos/157657893/medium.jpeg
cv_dataset/Helenium_amarum/Helenium_amarum_6.jpg,Helenium amarum,Bitterweed,77348,https://inaturalist-open-data.s3.amazonaws.com/photos/429077428/medium.jpeg
cv_dataset/Helenium_amarum/Helenium_amarum_7.jpg,Helenium amarum,Bitterweed,77348,https://inaturalist-open-data.s3.amazonaws.com/photos/463157250/medium.jpg
cv_dataset/Helenium_amarum/Helenium_amarum_8.jpg,Helenium amarum,Bitterweed,77348,https://inaturalist-open-data.s3.amazonaws.com/photos/11746308/medium.jpeg
cv_dataset/Helenium_amarum/Helenium_amarum_9.jpg,Helenium amarum,Bitterweed,77348,https://inaturalist-open-data.s3.amazonaws.com/photos/328874253/medium.jpeg
cv_dataset/Helenium_amarum/Helenium_amarum_10.jpg,Helenium amarum,Bitterweed,77348,https://inaturalist-open-data.s3.amazonaws.com/photos/212398459/medium.jpg
cv_dataset/Helenium_amarum/Helenium_amarum_11.jpg,Helenium amarum,Bitterweed,77348,https://inaturalist-open-data.s3.amazonaws.com/photos/212622430/medium.jpeg
cv_dataset/Helenium_amarum/Helenium_amarum_12.jpg,Helenium amarum,Bitterweed,77348,https://inaturalist-open-data.s3.amazonaws.com/photos/5069247/medium.jpg
cv_dataset/Helenium_amarum/Helenium_amarum_13.jpg,Helenium amarum,Bitterweed,77348,https://inaturalist-open-data.s3.amazonaws.com/photos/299165957/medium.jpeg
cv_dataset/Neoscona_crucifera/Neoscona_crucifera_1.jpg,Neoscona crucifera,Spotted Orbweaver,85034,https://inaturalist-open-data.s3.amazonaws.com/photos/5080892/medium.jpeg
cv_dataset/Neoscona_crucifera/Neoscona_crucifera_2.jpg,Neoscona crucifera,Spotted Orbweaver,85034,https://inaturalist-open-data.s3.amazonaws.com/photos/31503204/medium.jpeg
cv_dataset/Neoscona_crucifera/Neoscona_crucifera_3.jpg,Neoscona crucifera,Spotted Orbweaver,85034,https://inaturalist-open-data.s3.amazonaws.com/photos/601903405/medium.jpg
cv_dataset/Neoscona_crucifera/Neoscona_crucifera_4.jpg,Neoscona crucifera,Spotted Orbweaver,85034,https://inaturalist-open-data.s3.amazonaws.com/photos/49374935/medium.jpeg
cv_dataset/Neoscona_crucifera/Neoscona_crucifera_5.jpg,Neoscona crucifera,Spotted Orbweaver,85034,https://inaturalist-open-data.s3.amazonaws.com/photos/482314195/medium.jpg
cv_dataset/Neoscona_crucifera/Neoscona_crucifera_6.jpg,Neoscona crucifera,Spotted Orbweaver,85034,https://inaturalist-open-data.s3.amazonaws.com/photos/600551069/medium.jpg
cv_dataset/Neoscona_crucifera/Neoscona_crucifera_7.jpg,Neoscona crucifera,Spotted Orbweaver,85034,https://static.inaturalist.org/photos/204549138/medium.jpeg
cv_dataset/Neoscona_crucifera/Neoscona_crucifera_8.jpg,Neoscona crucifera,Spotted Orbweaver,85034,https://inaturalist-open-data.s3.amazonaws.com/photos/482314144/medium.jpg
cv_dataset/Neoscona_crucifera/Neoscona_crucifera_9.jpg,Neoscona crucifera,Spotted Orbweaver,85034,https://inaturalist-open-data.s3.amazonaws.com/photos/570587123/medium.jpg
cv_dataset/Neoscona_crucifera/Neoscona_crucifera_10.jpg,Neoscona crucifera,Spotted Orbweaver,85034,https://inaturalist-open-data.s3.amazonaws.com/photos/435636492/medium.jpeg
cv_dataset/Neoscona_crucifera/Neoscona_crucifera_11.jpg,Neoscona crucifera,Spotted Orbweaver,85034,https://inaturalist-open-data.s3.amazonaws.com/photos/159448526/medium.jpeg
cv_dataset/Neoscona_crucifera/Neoscona_crucifera_12.jpg,Neoscona crucifera,Spotted Orbweaver,85034,https://inaturalist-open-data.s3.amazonaws.com/photos/570587161/medium.jpg
cv_dataset/Ceratomia_hageni/Ceratomia_hageni_1.jpg,Ceratomia hageni,Hagen's Sphinx,119027,https://static.inaturalist.org/photos/40466349/medium.jpg
cv_dataset/Ceratomia_hageni/Ceratomia_hageni_2.jpg,Ceratomia hageni,Hagen's Sphinx,119027,https://inaturalist-open-data.s3.amazonaws.com/photos/86501384/medium.jpg
cv_dataset/Ceratomia_hageni/Ceratomia_hageni_3.jpg,Ceratomia hageni,Hagen's Sphinx,119027,https://static.inaturalist.org/photos/40466408/medium.jpg
cv_dataset/Ceratomia_hageni/Ceratomia_hageni_4.jpg,Ceratomia hageni,Hagen's Sphinx,119027,https://inaturalist-open-data.s3.amazonaws.com/photos/202530047/medium.jpg
cv_dataset/Ceratomia_hageni/Ceratomia_hageni_5.jpg,Ceratomia hageni,Hagen's Sphinx,119027,https://inaturalist-open-data.s3.amazonaws.com/photos/543920085/medium.jpg
cv_dataset/Ceratomia_hageni/Ceratomia_hageni_6.jpg,Ceratomia hageni,Hagen's Sphinx,119027,https://inaturalist-open-data.s3.amazonaws.com/photos/366354826/medium.jpg
cv_dataset/Ceratomia_hageni/Ceratomia_hageni_7.jpg,Ceratomia hageni,Hagen's Sphinx,119027,https://inaturalist-open-data.s3.amazonaws.com/photos/204288097/medium.jpg
cv_dataset/Ceratomia_hageni/Ceratomia_hageni_8.jpg,Ceratomia hageni,Hagen's Sphinx,119027,https://inaturalist-open-data.s3.amazonaws.com/photos/47684779/medium.jpg
cv_dataset/Ceratomia_hageni/Ceratomia_hageni_9.jpg,Ceratomia hageni,Hagen's Sphinx,119027,https://inaturalist-open-data.s3.amazonaws.com/photos/47826869/medium.jpg
cv_dataset/Ceratomia_hageni/Ceratomia_hageni_10.jpg,Ceratomia hageni,Hagen's Sphinx,119027,https://static.inaturalist.org/photos/40466372/medium.jpg
cv_dataset/Ceratomia_hageni/Ceratomia_hageni_11.jpg,Ceratomia hageni,Hagen's Sphinx,119027,https://inaturalist-open-data.s3.amazonaws.com/photos/47827252/medium.jpg
cv_dataset/Ceratomia_hageni/Ceratomia_hageni_12.jpg,Ceratomia hageni,Hagen's Sphinx,119027,https://inaturalist-open-data.s3.amazonaws.com/photos/67939227/medium.jpeg
cv_dataset/Eris_militaris/Eris_militaris_1.jpg,Eris militaris,Bronze Jumping Spider,121445,https://inaturalist-open-data.s3.amazonaws.com/photos/531297593/medium.jpg
cv_dataset/Eris_militaris/Eris_militaris_2.jpg,Eris militaris,Bronze Jumping Spider,121445,https://inaturalist-open-data.s3.amazonaws.com/photos/188416144/medium.jpg
cv_dataset/Eris_militaris/Eris_militaris_3.jpg,Eris militaris,Bronze Jumping Spider,121445,https://inaturalist-open-data.s3.amazonaws.com/photos/295736893/medium.jpg
cv_dataset/Eris_militaris/Eris_militaris_4.jpg,Eris militaris,Bronze Jumping Spider,121445,https://inaturalist-open-data.s3.amazonaws.com/photos/532725108/medium.jpg
cv_dataset/Eris_militaris/Eris_militaris_5.jpg,Eris militaris,Bronze Jumping Spider,121445,https://static.inaturalist.org/photos/5067734/medium.jpg
cv_dataset/Eris_militaris/Eris_militaris_6.jpg,Eris militaris,Bronze Jumping Spider,121445,https://inaturalist-open-data.s3.amazonaws.com/photos/202539576/medium.jpg
cv_dataset/Eris_militaris/Eris_militaris_7.jpg,Eris militaris,Bronze Jumping Spider,121445,https://inaturalist-open-data.s3.amazonaws.com/photos/44129280/medium.jpg
cv_dataset/Eris_militaris/Eris_militaris_8.jpg,Eris militaris,Bronze Jumping Spider,121445,https://inaturalist-open-data.s3.amazonaws.com/photos/532726823/medium.jpg
cv_dataset/Eris_militaris/Eris_militaris_9.jpg,Eris militaris,Bronze Jumping Spider,121445,https://inaturalist-open-data.s3.amazonaws.com/photos/532724967/medium.jpg
cv_dataset/Eris_militaris/Eris_militaris_10.jpg,Eris militaris,Bronze Jumping Spider,121445,https://inaturalist-open-data.s3.amazonaws.com/photos/103515961/medium.jpg
cv_dataset/Eris_militaris/Eris_militaris_11.jpg,Eris militaris,Bronze Jumping Spider,121445,https://inaturalist-open-data.s3.amazonaws.com/photos/263754140/medium.jpg
cv_dataset/Eris_militaris/Eris_militaris_12.jpg,Eris militaris,Bronze Jumping Spider,121445,https://inaturalist-open-data.s3.amazonaws.com/photos/261774598/medium.jpg
cv_dataset/Nothoscordum_bivalve/Nothoscordum_bivalve_1.jpg,Nothoscordum bivalve,crowpoison,125462,https://inaturalist-open-data.s3.amazonaws.com/photos/65285979/medium.jpeg
cv_dataset/Nothoscordum_bivalve/Nothoscordum_bivalve_2.jpg,Nothoscordum bivalve,crowpoison,125462,https://inaturalist-open-data.s3.amazonaws.com/photos/475136526/medium.jpg
cv_dataset/Nothoscordum_bivalve/Nothoscordum_bivalve_3.jpg,Nothoscordum bivalve,crowpoison,125462,https://inaturalist-open-data.s3.amazonaws.com/photos/362406802/medium.jpg
cv_dataset/Nothoscordum_bivalve/Nothoscordum_bivalve_4.jpg,Nothoscordum bivalve,crowpoison,125462,https://inaturalist-open-data.s3.amazonaws.com/photos/476141424/medium.jpeg
cv_dataset/Nothoscordum_bivalve/Nothoscordum_bivalve_5.jpg,Nothoscordum bivalve,crowpoison,125462,https://inaturalist-open-data.s3.amazonaws.com/photos/70685710/medium.jpg
cv_dataset/Nothoscordum_bivalve/Nothoscordum_bivalve_6.jpg,Nothoscordum bivalve,crowpoison,125462,https://inaturalist-open-data.s3.amazonaws.com/photos/364025944/medium.jpg
cv_dataset/Nothoscordum_bivalve/Nothoscordum_bivalve_7.jpg,Nothoscordum bivalve,crowpoison,125462,https://inaturalist-open-data.s3.amazonaws.com/photos/478213112/medium.jpeg
cv_dataset/Nothoscordum_bivalve/Nothoscordum_bivalve_8.jpg,Nothoscordum bivalve,crowpoison,125462,https://inaturalist-open-data.s3.amazonaws.com/photos/187164619/medium.jpg
cv_dataset/Nothoscordum_bivalve/Nothoscordum_bivalve_9.jpg,Nothoscordum bivalve,crowpoison,125462,https://inaturalist-open-data.s3.amazonaws.com/photos/626756766/medium.jpg
cv_dataset/Nothoscordum_bivalve/Nothoscordum_bivalve_10.jpg,Nothoscordum bivalve,crowpoison,125462,https://static.inaturalist.org/photos/482250981/medium.jpg
cv_dataset/Nothoscordum_bivalve/Nothoscordum_bivalve_11.jpg,Nothoscordum bivalve,crowpoison,125462,https://inaturalist-open-data.s3.amazonaws.com/photos/11768539/medium.jpeg
cv_dataset/Nothoscordum_bivalve/Nothoscordum_bivalve_12.jpg,Nothoscordum bivalve,crowpoison,125462,https://inaturalist-open-data.s3.amazonaws.com/photos/619992140/medium.jpg
cv_dataset/Glandularia_bipinnatifida/Glandularia_bipinnatifida_1.jpg,Glandularia bipinnatifida,Dakota mock vervain,125675,https://static.inaturalist.org/photos/279852946/medium.jpeg
cv_dataset/Glandularia_bipinnatifida/Glandularia_bipinnatifida_2.jpg,Glandularia bipinnatifida,Dakota mock vervain,125675,https://inaturalist-open-data.s3.amazonaws.com/photos/220545879/medium.jpg
cv_dataset/Glandularia_bipinnatifida/Glandularia_bipinnatifida_3.jpg,Glandularia bipinnatifida,Dakota mock vervain,125675,https://inaturalist-open-data.s3.amazonaws.com/photos/288729103/medium.jpg
cv_dataset/Glandularia_bipinnatifida/Glandularia_bipinnatifida_4.jpg,Glandularia bipinnatifida,Dakota mock vervain,125675,https://inaturalist-open-data.s3.amazonaws.com/photos/85087002/medium.jpeg
cv_dataset/Glandularia_bipinnatifida/Glandularia_bipinnatifida_5.jpg,Glandularia bipinnatifida,Dakota mock vervain,125675,https://inaturalist-open-data.s3.amazonaws.com/photos/204292011/medium.jpg
cv_dataset/Glandularia_bipinnatifida/Glandularia_bipinnatifida_6.jpg,Glandularia bipinnatifida,Dakota mock vervain,125675,https://inaturalist-open-data.s3.amazonaws.com/photos/162571029/medium.jpeg
cv_dataset/Glandularia_bipinnatifida/Glandularia_bipinnatifida_7.jpg,Glandularia bipinnatifida,Dakota mock vervain,125675,https://inaturalist-open-data.s3.amazonaws.com/photos/67342914/medium.jpeg
cv_dataset/Glandularia_bipinnatifida/Glandularia_bipinnatifida_8.jpg,Glandularia bipinnatifida,Dakota mock vervain,125675,https://inaturalist-open-data.s3.amazonaws.com/photos/19112108/medium.jpg
cv_dataset/Glandularia_bipinnatifida/Glandularia_bipinnatifida_9.jpg,Glandularia bipinnatifida,Dakota mock vervain,125675,https://inaturalist-open-data.s3.amazonaws.com/photos/486529936/medium.jpeg
cv_dataset/Glandularia_bipinnatifida/Glandularia_bipinnatifida_10.jpg,Glandularia bipinnatifida,Dakota mock vervain,125675,https://static.inaturalist.org/photos/281469460/medium.jpeg
cv_dataset/Glandularia_bipinnatifida/Glandularia_bipinnatifida_11.jpg,Glandularia bipinnatifida,Dakota mock vervain,125675,https://static.inaturalist.org/photos/517751789/medium.jpg
cv_dataset/Glandularia_bipinnatifida/Glandularia_bipinnatifida_12.jpg,Glandularia bipinnatifida,Dakota mock vervain,125675,https://inaturalist-open-data.s3.amazonaws.com/photos/187162912/medium.jpg
cv_dataset/Hyphantria_cunea/Hyphantria_cunea_1.jpg,Hyphantria cunea,Fall Webworm Moth,127133,https://inaturalist-open-data.s3.amazonaws.com/photos/157662381/medium.jpeg
cv_dataset/Hyphantria_cunea/Hyphantria_cunea_2.jpg,Hyphantria cunea,Fall Webworm Moth,127133,https://inaturalist-open-data.s3.amazonaws.com/photos/586097283/medium.jpg
cv_dataset/Hyphantria_cunea/Hyphantria_cunea_3.jpg,Hyphantria cunea,Fall Webworm Moth,127133,https://inaturalist-open-data.s3.amazonaws.com/photos/89200714/medium.jpeg
cv_dataset/Hyphantria_cunea/Hyphantria_cunea_4.jpg,Hyphantria cunea,Fall Webworm Moth,127133,https://inaturalist-open-data.s3.amazonaws.com/photos/586499931/medium.jpg
cv_dataset/Hyphantria_cunea/Hyphantria_cunea_5.jpg,Hyphantria cunea,Fall Webworm Moth,127133,https://inaturalist-open-data.s3.amazonaws.com/photos/586769477/medium.jpg
cv_dataset/Hyphantria_cunea/Hyphantria_cunea_6.jpg,Hyphantria cunea,Fall Webworm Moth,127133,https://inaturalist-open-data.s3.amazonaws.com/photos/570722185/medium.jpg
cv_dataset/Hyphantria_cunea/Hyphantria_cunea_7.jpg,Hyphantria cunea,Fall Webworm Moth,127133,https://inaturalist-open-data.s3.amazonaws.com/photos/573012887/medium.jpg
cv_dataset/Hyphantria_cunea/Hyphantria_cunea_8.jpg,Hyphantria cunea,Fall Webworm Moth,127133,https://inaturalist-open-data.s3.amazonaws.com/photos/587008300/medium.jpg
cv_dataset/Hyphantria_cunea/Hyphantria_cunea_9.jpg,Hyphantria cunea,Fall Webworm Moth,127133,https://inaturalist-open-data.s3.amazonaws.com/photos/204276150/medium.jpeg
cv_dataset/Hyphantria_cunea/Hyphantria_cunea_10.jpg,Hyphantria cunea,Fall Webworm Moth,127133,https://inaturalist-open-data.s3.amazonaws.com/photos/144009622/medium.jpg
cv_dataset/Hyphantria_cunea/Hyphantria_cunea_11.jpg,Hyphantria cunea,Fall Webworm Moth,127133,https://inaturalist-open-data.s3.amazonaws.com/photos/45657755/medium.jpg
cv_dataset/Hyphantria_cunea/Hyphantria_cunea_12.jpg,Hyphantria cunea,Fall Webworm Moth,127133,https://inaturalist-open-data.s3.amazonaws.com/photos/86637481/medium.jpg
cv_dataset/Anemone_berlandieri/Anemone_berlandieri_1.jpg,Anemone berlandieri,Tenpetal Anemone,141532,https://inaturalist-open-data.s3.amazonaws.com/photos/480849845/medium.jpeg
cv_dataset/Anemone_berlandieri/Anemone_berlandieri_2.jpg,Anemone berlandieri,Tenpetal Anemone,141532,https://inaturalist-open-data.s3.amazonaws.com/photos/619989440/medium.jpg
cv_dataset/Anemone_berlandieri/Anemone_berlandieri_3.jpg,Anemone berlandieri,Tenpetal Anemone,141532,https://inaturalist-open-data.s3.amazonaws.com/photos/366270077/medium.jpg
cv_dataset/Anemone_berlandieri/Anemone_berlandieri_4.jpg,Anemone berlandieri,Tenpetal Anemone,141532,https://inaturalist-open-data.s3.amazonaws.com/photos/366269824/medium.jpg
cv_dataset/Anemone_berlandieri/Anemone_berlandieri_5.jpg,Anemone berlandieri,Tenpetal Anemone,141532,https://inaturalist-open-data.s3.amazonaws.com/photos/367568588/medium.jpg
cv_dataset/Anemone_berlandieri/Anemone_berlandieri_6.jpg,Anemone berlandieri,Tenpetal Anemone,141532,https://static.inaturalist.org/photos/264663126/medium.jpeg
cv_dataset/Anemone_berlandieri/Anemone_berlandieri_7.jpg,Anemone berlandieri,Tenpetal Anemone,141532,https://inaturalist-open-data.s3.amazonaws.com/photos/14477806/medium.jpg
cv_dataset/Anemone_berlandieri/Anemone_berlandieri_8.jpg,Anemone berlandieri,Tenpetal Anemone,141532,https://inaturalist-open-data.s3.amazonaws.com/photos/70693855/medium.jpg
cv_dataset/Anemone_berlandieri/Anemone_berlandieri_9.jpg,Anemone berlandieri,Tenpetal Anemone,141532,https://inaturalist-open-data.s3.amazonaws.com/photos/362406068/medium.jpg
cv_dataset/Anemone_berlandieri/Anemone_berlandieri_10.jpg,Anemone berlandieri,Tenpetal Anemone,141532,https://inaturalist-open-data.s3.amazonaws.com/photos/266127808/medium.jpg
cv_dataset/Anemone_berlandieri/Anemone_berlandieri_11.jpg,Anemone berlandieri,Tenpetal Anemone,141532,https://inaturalist-open-data.s3.amazonaws.com/photos/637325508/medium.jpg
cv_dataset/Anemone_berlandieri/Anemone_berlandieri_12.jpg,Anemone berlandieri,Tenpetal Anemone,141532,https://inaturalist-open-data.s3.amazonaws.com/photos/263892945/medium.jpg
cv_dataset/Hibiscus_laevis/Hibiscus_laevis_1.jpg,Hibiscus laevis,Halberd-leaf Rosemallow,163767,https://inaturalist-open-data.s3.amazonaws.com/photos/83008224/medium.jpg
cv_dataset/Hibiscus_laevis/Hibiscus_laevis_2.jpg,Hibiscus laevis,Halberd-leaf Rosemallow,163767,https://inaturalist-open-data.s3.amazonaws.com/photos/417477808/medium.jpeg
cv_dataset/Hibiscus_laevis/Hibiscus_laevis_3.jpg,Hibiscus laevis,Halberd-leaf Rosemallow,163767,https://inaturalist-open-data.s3.amazonaws.com/photos/417302405/medium.jpeg
cv_dataset/Hibiscus_laevis/Hibiscus_laevis_4.jpg,Hibiscus laevis,Halberd-leaf Rosemallow,163767,https://inaturalist-open-data.s3.amazonaws.com/photos/301876084/medium.jpg
cv_dataset/Hibiscus_laevis/Hibiscus_laevis_5.jpg,Hibiscus laevis,Halberd-leaf Rosemallow,163767,https://inaturalist-open-data.s3.amazonaws.com/photos/323061364/medium.jpg
cv_dataset/Hibiscus_laevis/Hibiscus_laevis_6.jpg,Hibiscus laevis,Halberd-leaf Rosemallow,163767,https://inaturalist-open-data.s3.amazonaws.com/photos/233022559/medium.jpg
cv_dataset/Hibiscus_laevis/Hibiscus_laevis_7.jpg,Hibiscus laevis,Halberd-leaf Rosemallow,163767,https://inaturalist-open-data.s3.amazonaws.com/photos/157663589/medium.jpeg
cv_dataset/Hibiscus_laevis/Hibiscus_laevis_8.jpg,Hibiscus laevis,Halberd-leaf Rosemallow,163767,https://inaturalist-open-data.s3.amazonaws.com/photos/164267369/medium.jpeg
cv_dataset/Hibiscus_laevis/Hibiscus_laevis_9.jpg,Hibiscus laevis,Halberd-leaf Rosemallow,163767,https://inaturalist-open-data.s3.amazonaws.com/photos/299164841/medium.jpeg
cv_dataset/Hibiscus_laevis/Hibiscus_laevis_10.jpg,Hibiscus laevis,Halberd-leaf Rosemallow,163767,https://inaturalist-open-data.s3.amazonaws.com/photos/424133867/medium.jpg
cv_dataset/Hibiscus_laevis/Hibiscus_laevis_11.jpg,Hibiscus laevis,Halberd-leaf Rosemallow,163767,https://inaturalist-open-data.s3.amazonaws.com/photos/211501372/medium.jpg
cv_dataset/Hibiscus_laevis/Hibiscus_laevis_12.jpg,Hibiscus laevis,Halberd-leaf Rosemallow,163767,https://static.inaturalist.org/photos/320217453/medium.jpeg
cv_dataset/Progne_subis/Progne_subis_1.jpg,Progne subis,Purple Martin,11867,https://inaturalist-open-data.s3.amazonaws.com/photos/8116343/medium.jpeg
cv_dataset/Progne_subis/Progne_subis_2.jpg,Progne subis,Purple Martin,11867,https://inaturalist-open-data.s3.amazonaws.com/photos/508031015/medium.jpg
cv_dataset/Progne_subis/Progne_subis_3.jpg,Progne subis,Purple Martin,11867,https://inaturalist-open-data.s3.amazonaws.com/photos/7502395/medium.jpg
cv_dataset/Progne_subis/Progne_subis_4.jpg,Progne subis,Purple Martin,11867,https://inaturalist-open-data.s3.amazonaws.com/photos/505749807/medium.jpg
cv_dataset/Progne_subis/Progne_subis_5.jpg,Progne subis,Purple Martin,11867,https://static.inaturalist.org/photos/292394485/medium.jpg
cv_dataset/Progne_subis/Progne_subis_6.jpg,Progne subis,Purple Martin,11867,https://inaturalist-open-data.s3.amazonaws.com/photos/505370856/medium.jpg
cv_dataset/Progne_subis/Progne_subis_7.jpg,Progne subis,Purple Martin,11867,https://inaturalist-open-data.s3.amazonaws.com/photos/162569378/medium.jpeg
cv_dataset/Progne_subis/Progne_subis_8.jpg,Progne subis,Purple Martin,11867,https://inaturalist-open-data.s3.amazonaws.com/photos/7502398/medium.jpg
cv_dataset/Progne_subis/Progne_subis_9.jpg,Progne subis,Purple Martin,11867,https://inaturalist-open-data.s3.amazonaws.com/photos/206345572/medium.jpeg
cv_dataset/Progne_subis/Progne_subis_10.jpg,Progne subis,Purple Martin,11867,https://static.inaturalist.org/photos/499497891/medium.jpeg
cv_dataset/Progne_subis/Progne_subis_11.jpg,Progne subis,Purple Martin,11867,https://inaturalist-open-data.s3.amazonaws.com/photos/40486506/medium.jpg
cv_dataset/Oenothera_speciosa/Oenothera_speciosa_1.jpg,Oenothera speciosa,Pinkladies,48625,https://inaturalist-open-data.s3.amazonaws.com/photos/158947335/medium.jpeg
cv_dataset/Oenothera_speciosa/Oenothera_speciosa_2.jpg,Oenothera speciosa,Pinkladies,48625,https://inaturalist-open-data.s3.amazonaws.com/photos/208097397/medium.jpg
cv_dataset/Oenothera_speciosa/Oenothera_speciosa_3.jpg,Oenothera speciosa,Pinkladies,48625,https://inaturalist-open-data.s3.amazonaws.com/photos/515021132/medium.jpg
cv_dataset/Oenothera_speciosa/Oenothera_speciosa_4.jpg,Oenothera speciosa,Pinkladies,48625,https://static.inaturalist.org/photos/125326324/medium.jpeg
cv_dataset/Oenothera_speciosa/Oenothera_speciosa_5.jpg,Oenothera speciosa,Pinkladies,48625,https://inaturalist-open-data.s3.amazonaws.com/photos/201140155/medium.jpg
cv_dataset/Oenothera_speciosa/Oenothera_speciosa_6.jpg,Oenothera speciosa,Pinkladies,48625,https://inaturalist-open-data.s3.amazonaws.com/photos/382290126/medium.jpeg
cv_dataset/Oenothera_speciosa/Oenothera_speciosa_7.jpg,Oenothera speciosa,Pinkladies,48625,https://inaturalist-open-data.s3.amazonaws.com/photos/204292263/medium.jpg
cv_dataset/Oenothera_speciosa/Oenothera_speciosa_8.jpg,Oenothera speciosa,Pinkladies,48625,https://inaturalist-open-data.s3.amazonaws.com/photos/163021748/medium.jpeg
cv_dataset/Oenothera_speciosa/Oenothera_speciosa_9.jpg,Oenothera speciosa,Pinkladies,48625,https://static.inaturalist.org/photos/125326388/medium.jpeg
cv_dataset/Oenothera_speciosa/Oenothera_speciosa_10.jpg,Oenothera speciosa,Pinkladies,48625,https://inaturalist-open-data.s3.amazonaws.com/photos/494218798/medium.jpeg
cv_dataset/Oenothera_speciosa/Oenothera_speciosa_11.jpg,Oenothera speciosa,Pinkladies,48625,https://inaturalist-open-data.s3.amazonaws.com/photos/288728853/medium.jpg
cv_dataset/Hippodamia_convergens/Hippodamia_convergens_1.jpg,Hippodamia convergens,Convergent Lady Beetle,48987,https://inaturalist-open-data.s3.amazonaws.com/photos/505232720/medium.jpg
cv_dataset/Hippodamia_convergens/Hippodamia_convergens_2.jpg,Hippodamia convergens,Convergent Lady Beetle,48987,https://inaturalist-open-data.s3.amazonaws.com/photos/70687336/medium.jpg
cv_dataset/Hippodamia_convergens/Hippodamia_convergens_3.jpg,Hippodamia convergens,Convergent Lady Beetle,48987,https://inaturalist-open-data.s3.amazonaws.com/photos/508502919/medium.jpg
cv_dataset/Hippodamia_convergens/Hippodamia_convergens_4.jpg,Hippodamia convergens,Convergent Lady Beetle,48987,https://inaturalist-open-data.s3.amazonaws.com/photos/508481387/medium.jpg
cv_dataset/Hippodamia_convergens/Hippodamia_convergens_5.jpg,Hippodamia convergens,Convergent Lady Beetle,48987,https://inaturalist-open-data.s3.amazonaws.com/photos/505662884/medium.jpg
cv_dataset/Hippodamia_convergens/Hippodamia_convergens_6.jpg,Hippodamia convergens,Convergent Lady Beetle,48987,https://inaturalist-open-data.s3.amazonaws.com/photos/505838587/medium.jpg
cv_dataset/Hippodamia_convergens/Hippodamia_convergens_7.jpg,Hippodamia convergens,Convergent Lady Beetle,48987,https://inaturalist-open-data.s3.amazonaws.com/photos/507923577/medium.jpg
cv_dataset/Hippodamia_convergens/Hippodamia_convergens_8.jpg,Hippodamia convergens,Convergent Lady Beetle,48987,https://inaturalist-open-data.s3.amazonaws.com/photos/70687421/medium.jpg
cv_dataset/Hippodamia_convergens/Hippodamia_convergens_9.jpg,Hippodamia convergens,Convergent Lady Beetle,48987,https://inaturalist-open-data.s3.amazonaws.com/photos/203259337/medium.jpg
cv_dataset/Hippodamia_convergens/Hippodamia_convergens_10.jpg,Hippodamia convergens,Convergent Lady Beetle,48987,https://inaturalist-open-data.s3.amazonaws.com/photos/281540143/medium.jpg
cv_dataset/Hippodamia_convergens/Hippodamia_convergens_11.jpg,Hippodamia convergens,Convergent Lady Beetle,48987,https://inaturalist-open-data.s3.amazonaws.com/photos/70687222/medium.jpg
cv_dataset/Parthenocissus_quinquefolia/Parthenocissus_quinquefolia_1.jpg,Parthenocissus quinquefolia,Virginia creeper,50278,https://static.inaturalist.org/photos/534557657/medium.jpg
cv_dataset/Parthenocissus_quinquefolia/Parthenocissus_quinquefolia_2.jpg,Parthenocissus quinquefolia,Virginia creeper,50278,https://static.inaturalist.org/photos/435919411/medium.jpeg
cv_dataset/Parthenocissus_quinquefolia/Parthenocissus_quinquefolia_3.jpg,Parthenocissus quinquefolia,Virginia creeper,50278,https://static.inaturalist.org/photos/434075602/medium.jpeg
cv_dataset/Parthenocissus_quinquefolia/Parthenocissus_quinquefolia_4.jpg,Parthenocissus quinquefolia,Virginia creeper,50278,https://inaturalist-open-data.s3.amazonaws.com/photos/40390504/medium.jpg
cv_dataset/Parthenocissus_quinquefolia/Parthenocissus_quinquefolia_5.jpg,Parthenocissus quinquefolia,Virginia creeper,50278,https://static.inaturalist.org/photos/97131684/medium.jpeg
cv_dataset/Parthenocissus_quinquefolia/Parthenocissus_quinquefolia_6.jpg,Parthenocissus quinquefolia,Virginia creeper,50278,https://inaturalist-open-data.s3.amazonaws.com/photos/507452095/medium.jpg
cv_dataset/Parthenocissus_quinquefolia/Parthenocissus_quinquefolia_7.jpg,Parthenocissus quinquefolia,Virginia creeper,50278,https://inaturalist-open-data.s3.amazonaws.com/photos/212630156/medium.jpeg
cv_dataset/Parthenocissus_quinquefolia/Parthenocissus_quinquefolia_8.jpg,Parthenocissus quinquefolia,Virginia creeper,50278,https://inaturalist-open-data.s3.amazonaws.com/photos/389133479/medium.jpg
cv_dataset/Parthenocissus_quinquefolia/Parthenocissus_quinquefolia_9.jpg,Parthenocissus quinquefolia,Virginia creeper,50278,https://inaturalist-open-data.s3.amazonaws.com/photos/206305436/medium.jpg
cv_dataset/Parthenocissus_quinquefolia/Parthenocissus_quinquefolia_10.jpg,Parthenocissus quinquefolia,Virginia creeper,50278,https://inaturalist-open-data.s3.amazonaws.com/photos/6856286/medium.jpg
cv_dataset/Parthenocissus_quinquefolia/Parthenocissus_quinquefolia_11.jpg,Parthenocissus quinquefolia,Virginia creeper,50278,https://inaturalist-open-data.s3.amazonaws.com/photos/505275867/medium.jpg
cv_dataset/Coccinella_septempunctata/Coccinella_septempunctata_1.jpg,Coccinella septempunctata,Seven-spotted Lady Beetle,51702,https://inaturalist-open-data.s3.amazonaws.com/photos/203590460/medium.jpeg
cv_dataset/Coccinella_septempunctata/Coccinella_septempunctata_2.jpg,Coccinella septempunctata,Seven-spotted Lady Beetle,51702,https://inaturalist-open-data.s3.amazonaws.com/photos/40440358/medium.jpg
cv_dataset/Coccinella_septempunctata/Coccinella_septempunctata_3.jpg,Coccinella septempunctata,Seven-spotted Lady Beetle,51702,https://static.inaturalist.org/photos/202523482/medium.jpg
cv_dataset/Coccinella_septempunctata/Coccinella_septempunctata_4.jpg,Coccinella septempunctata,Seven-spotted Lady Beetle,51702,https://static.inaturalist.org/photos/40440435/medium.jpeg
cv_dataset/Coccinella_septempunctata/Coccinella_septempunctata_5.jpg,Coccinella septempunctata,Seven-spotted Lady Beetle,51702,https://inaturalist-open-data.s3.amazonaws.com/photos/505662808/medium.jpg
cv_dataset/Coccinella_septempunctata/Coccinella_septempunctata_6.jpg,Coccinella septempunctata,Seven-spotted Lady Beetle,51702,https://static.inaturalist.org/photos/203018374/medium.jpg
cv_dataset/Coccinella_septempunctata/Coccinella_septempunctata_7.jpg,Coccinella septempunctata,Seven-spotted Lady Beetle,51702,https://static.inaturalist.org/photos/203021138/medium.jpg
cv_dataset/Coccinella_septempunctata/Coccinella_septempunctata_8.jpg,Coccinella septempunctata,Seven-spotted Lady Beetle,51702,https://static.inaturalist.org/photos/203012539/medium.jpg
cv_dataset/Coccinella_septempunctata/Coccinella_septempunctata_9.jpg,Coccinella septempunctata,Seven-spotted Lady Beetle,51702,https://inaturalist-open-data.s3.amazonaws.com/photos/40554590/medium.jpg
cv_dataset/Coccinella_septempunctata/Coccinella_septempunctata_10.jpg,Coccinella septempunctata,Seven-spotted Lady Beetle,51702,https://inaturalist-open-data.s3.amazonaws.com/photos/505951661/medium.jpg
cv_dataset/Coccinella_septempunctata/Coccinella_septempunctata_11.jpg,Coccinella septempunctata,Seven-spotted Lady Beetle,51702,https://static.inaturalist.org/photos/202538999/medium.jpg
cv_dataset/Phyciodes_tharos/Phyciodes_tharos_1.jpg,Phyciodes tharos,Pearl Crescent,52925,https://static.inaturalist.org/photos/203017915/medium.jpg
cv_dataset/Phyciodes_tharos/Phyciodes_tharos_2.jpg,Phyciodes tharos,Pearl Crescent,52925,https://inaturalist-open-data.s3.amazonaws.com/photos/387107521/medium.jpg
cv_dataset/Phyciodes_tharos/Phyciodes_tharos_3.jpg,Phyciodes tharos,Pearl Crescent,52925,https://inaturalist-open-data.s3.amazonaws.com/photos/291448945/medium.jpg
cv_dataset/Phyciodes_tharos/Phyciodes_tharos_4.jpg,Phyciodes tharos,Pearl Crescent,52925,https://inaturalist-open-data.s3.amazonaws.com/photos/291060402/medium.jpg
cv_dataset/Phyciodes_tharos/Phyciodes_tharos_5.jpg,Phyciodes tharos,Pearl Crescent,52925,https://inaturalist-open-data.s3.amazonaws.com/photos/6831578/medium.jpg
cv_dataset/Phyciodes_tharos/Phyciodes_tharos_6.jpg,Phyciodes tharos,Pearl Crescent,52925,https://inaturalist-open-data.s3.amazonaws.com/photos/5105500/medium.jpg
cv_dataset/Phyciodes_tharos/Phyciodes_tharos_7.jpg,Phyciodes tharos,Pearl Crescent,52925,https://inaturalist-open-data.s3.amazonaws.com/photos/510044011/medium.jpg
cv_dataset/Phyciodes_tharos/Phyciodes_tharos_8.jpg,Phyciodes tharos,Pearl Crescent,52925,https://inaturalist-open-data.s3.amazonaws.com/photos/40467304/medium.jpg
cv_dataset/Phyciodes_tharos/Phyciodes_tharos_9.jpg,Phyciodes tharos,Pearl Crescent,52925,https://inaturalist-open-data.s3.amazonaws.com/photos/41224359/medium.jpeg
cv_dataset/Phyciodes_tharos/Phyciodes_tharos_10.jpg,Phyciodes tharos,Pearl Crescent,52925,https://inaturalist-open-data.s3.amazonaws.com/photos/510043864/medium.jpg
cv_dataset/Phyciodes_tharos/Phyciodes_tharos_11.jpg,Phyciodes tharos,Pearl Crescent,52925,https://inaturalist-open-data.s3.amazonaws.com/photos/136110751/medium.jpg
cv_dataset/Rudbeckia_hirta/Rudbeckia_hirta_1.jpg,Rudbeckia hirta,black-eyed Susan,62741,https://inaturalist-open-data.s3.amazonaws.com/photos/389416497/medium.jpg
cv_dataset/Rudbeckia_hirta/Rudbeckia_hirta_2.jpg,Rudbeckia hirta,black-eyed Susan,62741,https://inaturalist-open-data.s3.amazonaws.com/photos/204531408/medium.jpg
cv_dataset/Rudbeckia_hirta/Rudbeckia_hirta_3.jpg,Rudbeckia hirta,black-eyed Susan,62741,https://inaturalist-open-data.s3.amazonaws.com/photos/292392646/medium.jpg
cv_dataset/Rudbeckia_hirta/Rudbeckia_hirta_4.jpg,Rudbeckia hirta,black-eyed Susan,62741,https://inaturalist-open-data.s3.amazonaws.com/photos/40554662/medium.jpg
cv_dataset/Rudbeckia_hirta/Rudbeckia_hirta_5.jpg,Rudbeckia hirta,black-eyed Susan,62741,https://inaturalist-open-data.s3.amazonaws.com/photos/389225475/medium.jpg
cv_dataset/Rudbeckia_hirta/Rudbeckia_hirta_6.jpg,Rudbeckia hirta,black-eyed Susan,62741,https://static.inaturalist.org/photos/142692639/medium.jpg
cv_dataset/Rudbeckia_hirta/Rudbeckia_hirta_7.jpg,Rudbeckia hirta,black-eyed Susan,62741,https://static.inaturalist.org/photos/394432508/medium.jpg
cv_dataset/Rudbeckia_hirta/Rudbeckia_hirta_8.jpg,Rudbeckia hirta,black-eyed Susan,62741,https://inaturalist-open-data.s3.amazonaws.com/photos/299026138/medium.jpeg
cv_dataset/Rudbeckia_hirta/Rudbeckia_hirta_9.jpg,Rudbeckia hirta,black-eyed Susan,62741,https://static.inaturalist.org/photos/40371833/medium.jpeg
cv_dataset/Rudbeckia_hirta/Rudbeckia_hirta_10.jpg,Rudbeckia hirta,black-eyed Susan,62741,https://inaturalist-open-data.s3.amazonaws.com/photos/202537630/medium.jpg
cv_dataset/Rudbeckia_hirta/Rudbeckia_hirta_11.jpg,Rudbeckia hirta,black-eyed Susan,62741,https://inaturalist-open-data.s3.amazonaws.com/photos/82423892/medium.jpg
cv_dataset/Anaxyrus_americanus/Anaxyrus_americanus_1.jpg,Anaxyrus americanus,American Toad,64968,https://inaturalist-open-data.s3.amazonaws.com/photos/390793367/medium.jpg
cv_dataset/Anaxyrus_americanus/Anaxyrus_americanus_2.jpg,Anaxyrus americanus,American Toad,64968,https://static.inaturalist.org/photos/394431550/medium.jpg
cv_dataset/Anaxyrus_americanus/Anaxyrus_americanus_3.jpg,Anaxyrus americanus,American Toad,64968,https://static.inaturalist.org/photos/394441315/medium.jpeg
cv_dataset/Anaxyrus_americanus/Anaxyrus_americanus_4.jpg,Anaxyrus americanus,American Toad,64968,https://inaturalist-open-data.s3.amazonaws.com/photos/389730448/medium.jpg
cv_dataset/Anaxyrus_americanus/Anaxyrus_americanus_5.jpg,Anaxyrus americanus,American Toad,64968,https://inaturalist-open-data.s3.amazonaws.com/photos/21769707/medium.jpg
cv_dataset/Anaxyrus_americanus/Anaxyrus_americanus_6.jpg,Anaxyrus americanus,American Toad,64968,https://static.inaturalist.org/photos/494731331/medium.jpeg
cv_dataset/Anaxyrus_americanus/Anaxyrus_americanus_7.jpg,Anaxyrus americanus,American Toad,64968,https://inaturalist-open-data.s3.amazonaws.com/photos/3340628/medium.jpg
cv_dataset/Anaxyrus_americanus/Anaxyrus_americanus_8.jpg,Anaxyrus americanus,American Toad,64968,https://inaturalist-open-data.s3.amazonaws.com/photos/636350012/medium.jpg
cv_dataset/Anaxyrus_americanus/Anaxyrus_americanus_9.jpg,Anaxyrus americanus,American Toad,64968,https://static.inaturalist.org/photos/494731928/medium.jpeg
cv_dataset/Anaxyrus_americanus/Anaxyrus_americanus_10.jpg,Anaxyrus americanus,American Toad,64968,https://inaturalist-open-data.s3.amazonaws.com/photos/511048117/medium.jpg
cv_dataset/Anaxyrus_americanus/Anaxyrus_americanus_11.jpg,Anaxyrus americanus,American Toad,64968,https://static.inaturalist.org/photos/390865338/medium.jpeg
cv_dataset/Anaxyrus_americanus/Anaxyrus_americanus_12.jpg,Anaxyrus americanus,American Toad,64968,https://inaturalist-open-data.s3.amazonaws.com/photos/390100088/medium.jpg
cv_dataset/Arctosa_littoralis/Arctosa_littoralis_1.jpg,Arctosa littoralis,Shoreline Wolf Spider,67712,https://inaturalist-open-data.s3.amazonaws.com/photos/5096234/medium.jpg
cv_dataset/Arctosa_littoralis/Arctosa_littoralis_2.jpg,Arctosa littoralis,Shoreline Wolf Spider,67712,https://inaturalist-open-data.s3.amazonaws.com/photos/570587301/medium.jpg
cv_dataset/Arctosa_littoralis/Arctosa_littoralis_3.jpg,Arctosa littoralis,Shoreline Wolf Spider,67712,https://inaturalist-open-data.s3.amazonaws.com/photos/287237590/medium.jpg
cv_dataset/Arctosa_littoralis/Arctosa_littoralis_4.jpg,Arctosa littoralis,Shoreline Wolf Spider,67712,https://inaturalist-open-data.s3.amazonaws.com/photos/579974383/medium.jpg
cv_dataset/Arctosa_littoralis/Arctosa_littoralis_5.jpg,Arctosa littoralis,Shoreline Wolf Spider,67712,https://inaturalist-open-data.s3.amazonaws.com/photos/280075751/medium.jpg
cv_dataset/Arctosa_littoralis/Arctosa_littoralis_6.jpg,Arctosa littoralis,Shoreline Wolf Spider,67712,https://static.inaturalist.org/photos/561519886/medium.jpg
cv_dataset/Arctosa_littoralis/Arctosa_littoralis_7.jpg,Arctosa littoralis,Shoreline Wolf Spider,67712,https://static.inaturalist.org/photos/536120598/medium.jpg
cv_dataset/Arctosa_littoralis/Arctosa_littoralis_8.jpg,Arctosa littoralis,Shoreline Wolf Spider,67712,https://inaturalist-open-data.s3.amazonaws.com/photos/9551557/medium.jpg
cv_dataset/Arctosa_littoralis/Arctosa_littoralis_9.jpg,Arctosa littoralis,Shoreline Wolf Spider,67712,https://static.inaturalist.org/photos/204552220/medium.jpeg
cv_dataset/Arctosa_littoralis/Arctosa_littoralis_10.jpg,Arctosa littoralis,Shoreline Wolf Spider,67712,https://inaturalist-open-data.s3.amazonaws.com/photos/5071506/medium.jpeg
cv_dataset/Arctosa_littoralis/Arctosa_littoralis_11.jpg,Arctosa littoralis,Shoreline Wolf Spider,67712,https://inaturalist-open-data.s3.amazonaws.com/photos/575946213/medium.jpg
cv_dataset/Rubus_trivialis/Rubus_trivialis_1.jpg,Rubus trivialis,southern dewberry,69714,https://inaturalist-open-data.s3.amazonaws.com/photos/277916232/medium.jpg
cv_dataset/Rubus_trivialis/Rubus_trivialis_2.jpg,Rubus trivialis,southern dewberry,69714,https://inaturalist-open-data.s3.amazonaws.com/photos/507892009/medium.jpg
cv_dataset/Rubus_trivialis/Rubus_trivialis_3.jpg,Rubus trivialis,southern dewberry,69714,https://inaturalist-open-data.s3.amazonaws.com/photos/387937997/medium.jpg
cv_dataset/Rubus_trivialis/Rubus_trivialis_4.jpg,Rubus trivialis,southern dewberry,69714,https://static.inaturalist.org/photos/66381608/medium.jpg
cv_dataset/Rubus_trivialis/Rubus_trivialis_5.jpg,Rubus trivialis,southern dewberry,69714,https://inaturalist-open-data.s3.amazonaws.com/photos/212621326/medium.jpeg
cv_dataset/Rubus_trivialis/Rubus_trivialis_6.jpg,Rubus trivialis,southern dewberry,69714,https://static.inaturalist.org/photos/66383026/medium.jpg
cv_dataset/Rubus_trivialis/Rubus_trivialis_7.jpg,Rubus trivialis,southern dewberry,69714,https://inaturalist-open-data.s3.amazonaws.com/photos/364093659/medium.jpg
cv_dataset/Rubus_trivialis/Rubus_trivialis_8.jpg,Rubus trivialis,southern dewberry,69714,https://inaturalist-open-data.s3.amazonaws.com/photos/212623075/medium.jpeg
cv_dataset/Rubus_trivialis/Rubus_trivialis_9.jpg,Rubus trivialis,southern dewberry,69714,https://inaturalist-open-data.s3.amazonaws.com/photos/212139354/medium.jpg
cv_dataset/Rubus_trivialis/Rubus_trivialis_10.jpg,Rubus trivialis,southern dewberry,69714,https://static.inaturalist.org/photos/471893555/medium.jpeg
cv_dataset/Rubus_trivialis/Rubus_trivialis_11.jpg,Rubus trivialis,southern dewberry,69714,https://inaturalist-open-data.s3.amazonaws.com/photos/212138449/medium.jpg
cv_dataset/Sceliphron_caementarium/Sceliphron_caementarium_1.jpg,Sceliphron caementarium,Yellow-legged Mud-dauber Wasp,121821,https://static.inaturalist.org/photos/292392524/medium.jpeg
cv_dataset/Sceliphron_caementarium/Sceliphron_caementarium_2.jpg,Sceliphron caementarium,Yellow-legged Mud-dauber Wasp,121821,https://static.inaturalist.org/photos/206305133/medium.jpeg
cv_dataset/Sceliphron_caementarium/Sceliphron_caementarium_3.jpg,Sceliphron caementarium,Yellow-legged Mud-dauber Wasp,121821,https://inaturalist-open-data.s3.amazonaws.com/photos/292392156/medium.jpg
cv_dataset/Sceliphron_caementarium/Sceliphron_caementarium_4.jpg,Sceliphron caementarium,Yellow-legged Mud-dauber Wasp,121821,https://inaturalist-open-data.s3.amazonaws.com/photos/212353933/medium.jpg
cv_dataset/Sceliphron_caementarium/Sceliphron_caementarium_5.jpg,Sceliphron caementarium,Yellow-legged Mud-dauber Wasp,121821,https://inaturalist-open-data.s3.amazonaws.com/photos/292390572/medium.jpg
cv_dataset/Sceliphron_caementarium/Sceliphron_caementarium_6.jpg,Sceliphron caementarium,Yellow-legged Mud-dauber Wasp,121821,https://inaturalist-open-data.s3.amazonaws.com/photos/40481467/medium.jpeg
cv_dataset/Sceliphron_caementarium/Sceliphron_caementarium_7.jpg,Sceliphron caementarium,Yellow-legged Mud-dauber Wasp,121821,https://static.inaturalist.org/photos/202507122/medium.jpg
cv_dataset/Sceliphron_caementarium/Sceliphron_caementarium_8.jpg,Sceliphron caementarium,Yellow-legged Mud-dauber Wasp,121821,https://inaturalist-open-data.s3.amazonaws.com/photos/505777521/medium.jpg
cv_dataset/Sceliphron_caementarium/Sceliphron_caementarium_9.jpg,Sceliphron caementarium,Yellow-legged Mud-dauber Wasp,121821,https://inaturalist-open-data.s3.amazonaws.com/photos/206306493/medium.jpg
cv_dataset/Sceliphron_caementarium/Sceliphron_caementarium_10.jpg,Sceliphron caementarium,Yellow-legged Mud-dauber Wasp,121821,https://inaturalist-open-data.s3.amazonaws.com/photos/74630795/medium.jpg
cv_dataset/Sceliphron_caementarium/Sceliphron_caementarium_11.jpg,Sceliphron caementarium,Yellow-legged Mud-dauber Wasp,121821,https://inaturalist-open-data.s3.amazonaws.com/photos/505813273/medium.jpg
cv_dataset/Strophostyles_helvola/Strophostyles_helvola_1.jpg,Strophostyles helvola,trailing fuzzy-bean,204420,https://inaturalist-open-data.s3.amazonaws.com/photos/418175068/medium.jpeg
cv_dataset/Strophostyles_helvola/Strophostyles_helvola_2.jpg,Strophostyles helvola,trailing fuzzy-bean,204420,https://inaturalist-open-data.s3.amazonaws.com/photos/212621411/medium.jpeg
cv_dataset/Strophostyles_helvola/Strophostyles_helvola_3.jpg,Strophostyles helvola,trailing fuzzy-bean,204420,https://inaturalist-open-data.s3.amazonaws.com/photos/233023811/medium.jpg
cv_dataset/Strophostyles_helvola/Strophostyles_helvola_4.jpg,Strophostyles helvola,trailing fuzzy-bean,204420,https://inaturalist-open-data.s3.amazonaws.com/photos/5068862/medium.jpg
cv_dataset/Strophostyles_helvola/Strophostyles_helvola_5.jpg,Strophostyles helvola,trailing fuzzy-bean,204420,https://inaturalist-open-data.s3.amazonaws.com/photos/323061789/medium.jpg
cv_dataset/Strophostyles_helvola/Strophostyles_helvola_6.jpg,Strophostyles helvola,trailing fuzzy-bean,204420,https://static.inaturalist.org/photos/320217985/medium.jpeg
cv_dataset/Strophostyles_helvola/Strophostyles_helvola_7.jpg,Strophostyles helvola,trailing fuzzy-bean,204420,https://inaturalist-open-data.s3.amazonaws.com/photos/10173418/medium.jpg
cv_dataset/Strophostyles_helvola/Strophostyles_helvola_8.jpg,Strophostyles helvola,trailing fuzzy-bean,204420,https://inaturalist-open-data.s3.amazonaws.com/photos/299033751/medium.jpeg
cv_dataset/Strophostyles_helvola/Strophostyles_helvola_9.jpg,Strophostyles helvola,trailing fuzzy-bean,204420,https://inaturalist-open-data.s3.amazonaws.com/photos/5076361/medium.jpg
cv_dataset/Strophostyles_helvola/Strophostyles_helvola_10.jpg,Strophostyles helvola,trailing fuzzy-bean,204420,https://inaturalist-open-data.s3.amazonaws.com/photos/418177628/medium.jpeg
cv_dataset/Strophostyles_helvola/Strophostyles_helvola_11.jpg,Strophostyles helvola,trailing fuzzy-bean,204420,https://inaturalist-open-data.s3.amazonaws.com/photos/31503195/medium.jpeg
cv_dataset/Schinia_mitis/Schinia_mitis_1.jpg,Schinia mitis,Unknown,230545,https://inaturalist-open-data.s3.amazonaws.com/photos/135779938/medium.jpg
cv_dataset/Schinia_mitis/Schinia_mitis_2.jpg,Schinia mitis,Unknown,230545,https://inaturalist-open-data.s3.amazonaws.com/photos/135779877/medium.jpg
cv_dataset/Schinia_mitis/Schinia_mitis_3.jpg,Schinia mitis,Unknown,230545,https://inaturalist-open-data.s3.amazonaws.com/photos/75052830/medium.jpg
cv_dataset/Schinia_mitis/Schinia_mitis_4.jpg,Schinia mitis,Unknown,230545,https://inaturalist-open-data.s3.amazonaws.com/photos/132617930/medium.jpg
cv_dataset/Schinia_mitis/Schinia_mitis_5.jpg,Schinia mitis,Unknown,230545,https://inaturalist-open-data.s3.amazonaws.com/photos/75298464/medium.jpeg
cv_dataset/Schinia_mitis/Schinia_mitis_6.jpg,Schinia mitis,Unknown,230545,https://inaturalist-open-data.s3.amazonaws.com/photos/132352447/medium.jpg
cv_dataset/Schinia_mitis/Schinia_mitis_7.jpg,Schinia mitis,Unknown,230545,https://inaturalist-open-data.s3.amazonaws.com/photos/74647146/medium.jpg
cv_dataset/Schinia_mitis/Schinia_mitis_8.jpg,Schinia mitis,Unknown,230545,https://inaturalist-open-data.s3.amazonaws.com/photos/75298528/medium.jpeg
cv_dataset/Schinia_mitis/Schinia_mitis_9.jpg,Schinia mitis,Unknown,230545,https://inaturalist-open-data.s3.amazonaws.com/photos/74647092/medium.jpg
cv_dataset/Schinia_mitis/Schinia_mitis_10.jpg,Schinia mitis,Unknown,230545,https://inaturalist-open-data.s3.amazonaws.com/photos/74647215/medium.jpg
cv_dataset/Schinia_mitis/Schinia_mitis_11.jpg,Schinia mitis,Unknown,230545,https://inaturalist-open-data.s3.amazonaws.com/photos/74600296/medium.jpg
cv_dataset/Coragyps_atratus/Coragyps_atratus_1.jpg,Coragyps atratus,Black Vulture,4765,https://inaturalist-open-data.s3.amazonaws.com/photos/638277113/medium.jpg
cv_dataset/Coragyps_atratus/Coragyps_atratus_2.jpg,Coragyps atratus,Black Vulture,4765,https://inaturalist-open-data.s3.amazonaws.com/photos/203958485/medium.jpg
cv_dataset/Coragyps_atratus/Coragyps_atratus_3.jpg,Coragyps atratus,Black Vulture,4765,https://static.inaturalist.org/photos/99889321/medium.jpeg
cv_dataset/Coragyps_atratus/Coragyps_atratus_4.jpg,Coragyps atratus,Black Vulture,4765,https://inaturalist-open-data.s3.amazonaws.com/photos/8116204/medium.jpeg
cv_dataset/Coragyps_atratus/Coragyps_atratus_5.jpg,Coragyps atratus,Black Vulture,4765,https://inaturalist-open-data.s3.amazonaws.com/photos/203959204/medium.jpg
cv_dataset/Coragyps_atratus/Coragyps_atratus_6.jpg,Coragyps atratus,Black Vulture,4765,https://inaturalist-open-data.s3.amazonaws.com/photos/11772101/medium.jpeg
cv_dataset/Coragyps_atratus/Coragyps_atratus_7.jpg,Coragyps atratus,Black Vulture,4765,https://static.inaturalist.org/photos/501217983/medium.jpg
cv_dataset/Coragyps_atratus/Coragyps_atratus_8.jpg,Coragyps atratus,Black Vulture,4765,https://static.inaturalist.org/photos/206303307/medium.jpg
cv_dataset/Coragyps_atratus/Coragyps_atratus_9.jpg,Coragyps atratus,Black Vulture,4765,https://inaturalist-open-data.s3.amazonaws.com/photos/504382293/medium.jpeg
cv_dataset/Coragyps_atratus/Coragyps_atratus_10.jpg,Coragyps atratus,Black Vulture,4765,https://inaturalist-open-data.s3.amazonaws.com/photos/281727752/medium.jpg
cv_dataset/Opheodrys_aestivus/Opheodrys_aestivus_1.jpg,Opheodrys aestivus,Rough Greensnake,29200,https://inaturalist-open-data.s3.amazonaws.com/photos/505799244/medium.jpg
cv_dataset/Opheodrys_aestivus/Opheodrys_aestivus_2.jpg,Opheodrys aestivus,Rough Greensnake,29200,https://inaturalist-open-data.s3.amazonaws.com/photos/388338155/medium.jpg
cv_dataset/Opheodrys_aestivus/Opheodrys_aestivus_3.jpg,Opheodrys aestivus,Rough Greensnake,29200,https://inaturalist-open-data.s3.amazonaws.com/photos/283466567/medium.jpg
cv_dataset/Opheodrys_aestivus/Opheodrys_aestivus_4.jpg,Opheodrys aestivus,Rough Greensnake,29200,https://inaturalist-open-data.s3.amazonaws.com/photos/532782154/medium.jpg
cv_dataset/Opheodrys_aestivus/Opheodrys_aestivus_5.jpg,Opheodrys aestivus,Rough Greensnake,29200,https://static.inaturalist.org/photos/394441201/medium.jpeg
cv_dataset/Opheodrys_aestivus/Opheodrys_aestivus_6.jpg,Opheodrys aestivus,Rough Greensnake,29200,https://static.inaturalist.org/photos/82581983/medium.jpg
cv_dataset/Opheodrys_aestivus/Opheodrys_aestivus_7.jpg,Opheodrys aestivus,Rough Greensnake,29200,https://inaturalist-open-data.s3.amazonaws.com/photos/507521021/medium.jpg
cv_dataset/Opheodrys_aestivus/Opheodrys_aestivus_8.jpg,Opheodrys aestivus,Rough Greensnake,29200,https://inaturalist-open-data.s3.amazonaws.com/photos/157356497/medium.jpg
cv_dataset/Opheodrys_aestivus/Opheodrys_aestivus_9.jpg,Opheodrys aestivus,Rough Greensnake,29200,https://inaturalist-open-data.s3.amazonaws.com/photos/390092086/medium.jpg
cv_dataset/Opheodrys_aestivus/Opheodrys_aestivus_10.jpg,Opheodrys aestivus,Rough Greensnake,29200,https://static.inaturalist.org/photos/394431284/medium.jpg
cv_dataset/Passiflora_incarnata/Passiflora_incarnata_1.jpg,Passiflora incarnata,purple passionflower,51453,https://inaturalist-open-data.s3.amazonaws.com/photos/320444761/medium.jpg
cv_dataset/Passiflora_incarnata/Passiflora_incarnata_2.jpg,Passiflora incarnata,purple passionflower,51453,https://inaturalist-open-data.s3.amazonaws.com/photos/579529308/medium.jpg
cv_dataset/Passiflora_incarnata/Passiflora_incarnata_3.jpg,Passiflora incarnata,purple passionflower,51453,https://inaturalist-open-data.s3.amazonaws.com/photos/415965559/medium.jpeg
cv_dataset/Passiflora_incarnata/Passiflora_incarnata_4.jpg,Passiflora incarnata,purple passionflower,51453,https://inaturalist-open-data.s3.amazonaws.com/photos/10173464/medium.jpg
cv_dataset/Passiflora_incarnata/Passiflora_incarnata_5.jpg,Passiflora incarnata,purple passionflower,51453,https://inaturalist-open-data.s3.amazonaws.com/photos/508121813/medium.jpg
cv_dataset/Passiflora_incarnata/Passiflora_incarnata_6.jpg,Passiflora incarnata,purple passionflower,51453,https://static.inaturalist.org/photos/320209831/medium.jpeg
cv_dataset/Passiflora_incarnata/Passiflora_incarnata_7.jpg,Passiflora incarnata,purple passionflower,51453,https://inaturalist-open-data.s3.amazonaws.com/photos/204768099/medium.jpg
cv_dataset/Passiflora_incarnata/Passiflora_incarnata_8.jpg,Passiflora incarnata,purple passionflower,51453,https://static.inaturalist.org/photos/387960005/medium.jpeg
cv_dataset/Passiflora_incarnata/Passiflora_incarnata_9.jpg,Passiflora incarnata,purple passionflower,51453,https://static.inaturalist.org/photos/21562377/medium.jpeg
cv_dataset/Passiflora_incarnata/Passiflora_incarnata_10.jpg,Passiflora incarnata,purple passionflower,51453,https://inaturalist-open-data.s3.amazonaws.com/photos/157667281/medium.jpeg
